smiles,num_targets,target_1_Prothrombin,target_3_Voltage-gated inwardly rectify,target_2_Cannabinoid receptor 1
Cc1ccc(C)c(CNC(=O)[C@@H]2CCCN2C(=O)C(N)C(c2ccccc2)c2ccccc2)c1,2,1.0,0.0,0.0
O=C(CCc1ccc2[nH]c(-c3ccc(Cl)s3)nc2c1)Nc1ccc(N2CCOCC2=O)cc1F,2,0.0,0.0,0.0
Oc1ccc2c(Cc3ccc(CN4CCCC4)c(Br)c3)c(-c3ccc(OCCN4CCCC4)cc3)sc2c1,5,0.0,0.0,0.0
N[C@@H](C(=O)N1CCC[C@H]1C(=O)NC[C@H]1CC[C@H](N)CC1)C(c1ccccc1)c1ccccc1,2,1.0,0.0,0.0
c1ccc(COc2ccc(CCNc3ccncc3)cc2)cc1,3,0.0,1.0,0.0
Oc1ccc2c(Cc3ccc(CN4CCCC4)c(O)c3)c(-c3ccc(OCCN4CCCC4)cc3)sc2c1,3,1.0,0.0,0.0
N#Cc1cc(Cc2c(-c3ccc(OCCN4CCCC4)cc3)sc3cc(O)ccc23)ccc1CN1CCCC1,3,1.0,0.0,0.0
N=C(N)c1ccc(CNC(=O)[C@@H]2CCC=C2C(=O)NC2CCCCC2)cc1,2,0.0,0.0,0.0
CCC[C@@H](NC(=O)Nc1ccc(Cl)cc1)C(=O)Nc1ccc(N2CCOCC2=O)cc1,2,0.0,0.0,0.0
Oc1ccc2c(Cc3ccc(CN4CCCC4)cc3)c(-c3ccc(OCCN4CCCC4)cc3)sc2c1,3,1.0,0.0,0.0
N=C(N)c1ccc(CNC(=O)C2CCC=C2C(=O)Nc2ccccc2)cc1,2,0.0,0.0,0.0
NC(C(=O)N1CCC[C@H]1C(=O)NCc1cc(Cl)ccc1Cl)C(c1ccccc1)c1ccccc1,2,1.0,0.0,0.0
Cc1cc(Cc2c(-c3ccc(OCCN4CCCC4)cc3)sc3cc(O)ccc23)ccc1CN1CCCC1,3,1.0,0.0,0.0
COc1cc(Cc2c(-c3ccc(OCCN4CCCC4)cc3)sc3cc(O)ccc23)ccc1CN1CCCC1,5,0.0,0.0,0.0
NCc1cc(Cc2c(-c3ccc(OCCN4CCCC4)cc3)sc3cc(O)ccc23)ccc1CN1CCCC1,3,1.0,0.0,0.0
NC(C(=O)N1CCC[C@H]1C(=O)NCc1ccccc1)C(c1ccccc1)c1ccccc1,2,1.0,0.0,0.0
CCc1nc2cc(OC3CCN(C(C)=N)CC3)ccc2n1Cc1ccc2ccc(C(=N)N)cc2c1,2,0.0,0.0,0.0
CN[C@H](Cc1ccccc1)C(=O)N1CCC[C@H]1C(=O)N[C@H](C=O)CCCNC(=N)N,20,1.0,0.0,0.0
COc1cc(Cc2c(-c3ccc(OCCN4CCCC4)cc3)sc3ccccc23)ccc1CN1CCCC1,3,0.0,0.0,0.0
N=C(N)c1ccc(CNC(=O)C2CCC=C2C(=O)NCc2ccccc2)cc1,2,0.0,0.0,0.0
N=C(N)c1ccc(CNC(=O)[C@@H]2CCN2C(=O)[C@H](NCC(=O)O)C2CCCCC2)cc1,19,0.0,0.0,0.0
N=C(N)NCCCNC(=O)[C@@H]1CCCCN1C(=O)[C@@H](CC1CCCCC1)NCC(=O)O,6,1.0,0.0,0.0
N=C(N)N1CCCC(C[C@@H](NS(=O)(=O)Cc2ccccc2)C(=O)NCC(=O)N[C@H]2CCCN(C(=N)N)C2O)C1.O=C(O)C(F)(F)F,2,0.0,0.0,0.0
CC(C)=CC(=O)C[C@H]1C(=O)O[C@H]2C[C@]3(C)C4=CC[C@@H]5[C@](C)(CC[C@H]6OC(=O)[C@@]56C)[C@H]4CC[C@@]3(C)[C@@H]21,2,1.0,0.0,0.0
N=C(N)N1CCCC(C[C@@H](NS(=O)(=O)Cc2ccccc2C(=O)O)C(=O)NCC(=O)N[C@H]2CCCN(C(=N)N)C2O)C1.O=C(O)C(F)(F)F,2,1.0,0.0,0.0
COC(=O)c1ccccc1CS(=O)(=O)N[C@H](CC1CCCN(C(=N)N)C1)C(=O)NCC(=O)N[C@H]1CCCN(C(=N)N)C1O.O=C(O)C(F)(F)F,2,0.0,0.0,0.0
CC(C)C[C@H](NC(=O)[C@H](Cc1ccccc1)NC(=O)c1cnccn1)B(O)O,5,0.0,0.0,0.0
N=C(N)c1ccc(C[C@@H](NC(=O)CNS(=O)(=O)c2ccc3ccccc3c2)C(=O)N2CCCCC2)cc1,9,1.0,0.0,0.0
O=S(=O)(Nc1cccc(OCCNc2ccncc2)c1)c1ccccc1,4,1.0,0.0,0.0
CCCC(NC(=O)[C@@H]1[C@H]2CCC[C@H]2CN1C(=O)[C@@H](NC(=O)[C@@H](NC(=O)c1cnccn1)C(C)C)C(C)C)C(=O)C(=O)NC1CC1,2,0.0,0.0,0.0
N=C(N)c1ccc(CNC(=O)Cn2c(-c3ccccc3)c(Cl)nc(NCc3ccccc3)c2=O)cc1,2,0.0,0.0,0.0
CC(C)Nc1nc(Cl)c(-c2cc(N)cc(C(=O)O)c2)n(CC(=O)NCc2ccc(C(=N)N)cc2)c1=O,3,0.0,0.0,0.0
COc1cc(C)c(S(=O)(=O)N[C@@H](CC(=O)OC(C)(C)C)C(=O)NC(Cc2ccc3c(N)nccc3c2)C(=O)N2CCCCC2)c(C)c1C,2,1.0,0.0,0.0
N=C(N)c1ccc(O)c(CN2CC[C@H](NS(=O)(=O)c3cc4ncccc4s3)C2=O)c1,2,0.0,0.0,0.0
N=C(N)c1ccc(CNC(=O)Cn2c(-c3ccccc3)c(Cl)nc(NCCc3ccccc3)c2=O)cc1,3,1.0,0.0,0.0
COC(=O)C(Cc1cccc(C(=N)N)c1)C(C)NC(=O)c1ccc(-c2cccc(CN)c2)cc1,2,0.0,0.0,0.0
CC(=O)N[C@H](Cc1ccccc1)C(=O)N1CCC[C@H]1C(=O)N[C@@H](CCCN=C(N)N)B(O)O,6,1.0,0.0,0.0
CC(=N)N1CC[C@H](Oc2ccc([C@H](Cc3ccc4ccc(C(=N)N)cc4c3)C(=O)O)cc2)C1,10,0.0,0.0,0.0
CC(=O)N[C@H](Cc1ccccc1)C(=O)N1CCC[C@H]1C(=O)N[C@H]1CCCN(C(=N)N)C1O.Cl,2,1.0,0.0,0.0
Cc1cc(OCCCCN=C(N)N)cc(OS(=O)(=O)c2ccccc2Cl)c1,3,1.0,0.0,0.0
CN1CCN=C1c1ccc(C(=O)N2CCN(S(=O)(=O)c3cc4ccc(Cl)cc4s3)CC2CC(=O)N2CCOCC2)cc1,2,1.0,1.0,0.0
C[C@H](NC(=O)[C@@H](CO)NS(=O)(=O)Cc1ccccc1)C(=O)NCc1ccc(C(=N)N)cc1,2,1.0,0.0,0.0
Cc1ccc(NC(=O)c2sc3ccccc3c2Cl)c(C(=O)Nc2ccc(F)cc2)c1,2,0.0,0.0,0.0
CC(C)(C)CC(=O)N[C@H](Cc1ccccc1)C(=O)N1CCC[C@H]1C(=O)N[C@@H](CCCNC(=N)N)C(=O)c1nc2ccccc2o1.O=C(O)C(F)(F)F,2,1.0,0.0,0.0
N=C(N)N1CCCC(C[C@H](NC(=O)CN2C(=O)CN(CCCc3ccc([N+](=O)[O-])cc3)C(=O)[C@H]2Cc2ccccc2)C(=O)c2nccs2)C1,2,0.0,0.0,0.0
CSCc1nc(Cc2ccccc2)n(CC(=O)N[C@@H](CCCCN)B2O[C@@H]3C[C@@H]4C[C@@H](C4(C)C)[C@]3(C)O2)n1,2,0.0,0.0,0.0
Nc1ncc2c(n1)CCC(CNC(=O)[C@@H]1CCCN1C(=O)[C@H](N)Cc1ccc(Cl)c(Cl)c1)C2,2,0.0,0.0,0.0
COc1ccc(CCCN2CC(=O)N(CC(=O)N[C@@H](CC3CCCN(C(=N)N)C3)C(=O)c3nccs3)[C@H](Cc3ccccc3)C2=O)cc1,2,0.0,0.0,0.0
Nc1ncc2c(n1)CCC(CNC(=O)[C@@H]1CCCN1C(=O)[C@@H](CC1CCCCC1)NS(=O)(=O)Cc1ccccc1)C2,2,0.0,0.0,0.0
N=C(N)N1CCCC(C[C@H](NC(=O)CN2C(=O)CN(CCCc3ccccc3)C(=O)[C@H]2Cc2ccc3ccccc3c2)C(=O)c2nccs2)C1,2,1.0,0.0,0.0
N=C(N)N1CCCC(C[C@H](NC(=O)CN2C(=O)CN(CCCc3ccccc3)C(=O)[C@H]2Cc2ccc(Cl)c(Cl)c2)C(=O)c2nccs2)C1,2,1.0,0.0,0.0
Cc1nc(Cc2ccccc2)n(CC(=O)N[C@@H](CCCCN)B2O[C@@H]3C[C@@H]4C[C@@H](C4(C)C)[C@]3(C)O2)n1,2,0.0,0.0,0.0
Cc1cc(OCCN(C)c2ccncc2)cc(OS(=O)(=O)c2ccccc2Cl)c1,2,1.0,0.0,0.0
Cc1ccc(CCCN2CC(=O)N(CC(=O)N[C@@H](CC3CCCN(C(=N)N)C3)C(=O)c3nccs3)[C@H](Cc3ccccc3)C2=O)cc1,2,0.0,0.0,0.0
CC1(C)[C@@H]2C[C@H]3OB([C@H](CCCCN)NC(=O)Cn4nc(CC#N)nc4Cc4ccccc4)O[C@@]3(C)[C@H]1C2,2,1.0,0.0,0.0
N=C(N)N1CCCC(C[C@H](NC(=O)CN2C(=O)CN(CCc3ccccc3)C(=O)[C@H]2Cc2ccccc2)C(=O)c2nccs2)C1,2,0.0,0.0,0.0
N=C(N)N1CCCC(C[C@H](NC(=O)CN2C(=O)CN(CCCc3ccccc3)C(=O)[C@H]2Cc2cccc(Cl)c2)C(=O)c2nccs2)C1,2,1.0,0.0,0.0
N=C(N)N1CCCC(C[C@H](NC(=O)CN2C(=O)CN(CCCc3ccc(Cl)c(Cl)c3)C(=O)[C@H]2Cc2ccccc2)C(=O)c2nccs2)C1,2,0.0,0.0,0.0
N=C(N)N1CCCC(C[C@H](NC(=O)CN2C(=O)CN(CCCc3ccc(Cl)cc3)C(=O)[C@H]2Cc2ccccc2)C(=O)c2nccs2)C1,2,0.0,0.0,0.0
N=C(N)N1CCCC(C[C@H](NC(=O)CN2C(=O)CN(CCCc3ccc(O)cc3)C(=O)[C@H]2Cc2ccccc2)C(=O)c2nccs2)C1,2,0.0,0.0,0.0
N=C(N)N1CCCC(C[C@H](NC(=O)CN2C(=O)CN(CCCc3ccccc3)C(=O)[C@H]2Cc2ccccc2)C(=O)N2CCCC2)C1,2,1.0,0.0,0.0
N=C(N)NCCC[C@H](NC(=O)CN1C(=O)CN(CCCc2ccccc2)C(=O)[C@H]1Cc1ccccc1)C(N)=O,2,0.0,0.0,0.0
CN1CCc2nc(C(=O)N3CCN(S(=O)(=O)c4ccc5cc(Cl)ccc5c4)CC3)sc2C1,2,0.0,0.0,0.0
N=C(N)N1CCCC(C[C@H](NC(=O)CN2C(=O)CN(Cc3ccccc3)C(=O)[C@H]2Cc2ccccc2)C(=O)c2nccs2)C1,2,0.0,0.0,0.0
N=C(N)N1CCCC(C[C@H](NC(=O)CN2C(=O)CN(CCCc3ccccc3)C(=O)[C@H]2Cc2ccccc2Cl)C(=O)c2nccs2)C1,2,1.0,0.0,0.0
C[C@]12CC[C@@H](CCCc3ccccc3)C(=O)N1[C@H](C(=O)NC(CCCN=C(N)N)C(=O)c1nccs1)CS2.Cl,2,1.0,0.0,0.0
NC(N)=NCCCCNC(=O)[C@@H]1CCCN1C(=O)[C@H](N)Cc1ccccc1,3,0.0,0.0,0.0
N=C(N)N1CCCC(C[C@H](NC(=O)CN2C(=O)CN(CCCc3ccccc3)C(=O)[C@H]2Cc2ccccc2)C(=O)c2nc3ccccc3s2)C1,2,1.0,0.0,0.0
CC(C)(C)OC(=O)N[C@@H](C(=O)N1CCC[C@H]1C(=O)NCC1CCc2n[nH]cc2C1)C(c1ccccc1)c1ccccc1,2,0.0,0.0,0.0
CN(CC(=O)N[C@@H](CCCCN)B(O)O)C(=O)CCc1ccccc1,2,1.0,0.0,0.0
N=C(N)N1CCCC(C[C@H](NC(=O)CN2C(=O)CN(Cc3ccccc3)C(=O)[C@@H]2Cc2ccc3ccccc3c2)C(=O)c2nccs2)C1,2,1.0,0.0,0.0
N=C(N)NCCC[C@H](NC(=O)CN1C(=O)CN(CCCc2ccccc2)C(=O)[C@H]1Cc1ccccc1)C(=O)c1nccs1,3,0.0,0.0,0.0
N=C(N)N1CCC[C@@H](C[C@H](NC(=O)CN2C(=O)CN(CCCc3ccccc3)C(=O)[C@H]2Cc2ccccc2)C(=O)c2nccs2)C1,4,1.0,0.0,0.0
CC(C)c1ccc(CCCN2CC(=O)N(CC(=O)N[C@@H](CC3CCCN(C(=N)N)C3)C(=O)c3nccs3)[C@H](Cc3ccccc3)C2=O)cc1,2,0.0,0.0,0.0
Nc1ncc2c(n1)CCC(NC(=O)[C@@H]1CCCN1C(=O)[C@@H](CC1CCCCC1)NS(=O)(=O)Cc1ccccc1)C2,2,0.0,0.0,0.0
N=C(N)N1CCCC(C[C@H](NC(=O)CN2C(=O)CN(CCCc3ccccc3)C(=O)[C@H]2C(c2ccccc2)c2ccccc2)C(=O)c2nccs2)C1,2,0.0,0.0,0.0
CCCCN1CC(=O)N(CC(=O)N[C@@H](CC2CCCN(C(=N)N)C2)C(=O)c2nccs2)[C@H](Cc2ccccc2)C1=O,2,1.0,0.0,0.0
N=C(N)NCCC[C@H](NC(=O)CN1C(=O)CN(CCCc2ccccc2)C(=O)[C@H]1Cc1ccccc1)C(=O)O,2,0.0,0.0,0.0
CC1(C)CNc2c(cccc2S(=O)(=O)N[C@@H](CCCN=C(N)N)C(=O)N2CCC(CCF)CC2)C1,2,1.0,0.0,0.0
CC(C)(C)OC(=O)N[C@H](Cc1ccc(Cl)c(Cl)c1)C(=O)N1CCC[C@H]1C(=O)NCC1CCc2nc(N)ncc2C1,2,0.0,0.0,0.0
N=C(N)N1CCCC(C[C@H](NC(=O)CN2C(=O)CN(CCCc3ccccc3)C(=O)[C@H]2Cc2ccc(Cl)cc2)C(=O)c2nccs2)C1,2,0.0,0.0,0.0
CNC(=O)[C@H](CC1CCCN(C(=N)N)C1)NC(=O)CN1C(=O)CN(CCCc2ccccc2)C(=O)[C@H]1Cc1ccccc1,2,1.0,0.0,0.0
CN1CCc2nc(C(=O)N3CCN(S(=O)(=O)c4ccc5cc(Cl)ccc5c4)CC3C(N)=O)sc2C1,2,0.0,0.0,0.0
O=C(c1nc2c(s1)CNCC2)N1CCN(S(=O)(=O)c2ccc3cc(Cl)ccc3c2)CC1,2,0.0,0.0,0.0
C[C@@H]1C(=O)N(CCCc2ccccc2)CC(=O)N1CC(=O)N[C@@H](C[C@@H]1CCCN(C(=N)N)C1)C(=O)c1nccs1,3,1.0,0.0,0.0
CC1(C)[C@@H]2C[C@H]3OB([C@H](CCCCN)NC(=O)Cn4nc(COCc5ccccc5)nc4Cc4ccccc4)O[C@@]3(C)[C@H]1C2,2,0.0,0.0,0.0
N=C(N)N1CCCC(C[C@H](NC(=O)CN2C(=O)CN(CCCc3ccccc3)C(=O)[C@H]2Cc2ccccc2)C(=O)N2CCCCC2)C1,2,1.0,0.0,0.0
N=C(N)N1CCC[C@H](NC(=O)CN2CCC[C@H](NS(=O)(=O)Cc3ccccc3)C2=O)C1O,6,1.0,0.0,0.0
CC1(C)CNc2c(cccc2S(=O)(=O)N[C@@H](Cc2nc3ccccc3s2)C(=O)N2CCC(CCF)CC2)C1,2,1.0,0.0,0.0
N=C(N)c1cccc(-n2cccc2C(=O)Nc2ccc(-c3ccccc3S(N)(=O)=O)cc2)c1.O=C(O)C(F)(F)F,2,1.0,0.0,0.0
CC(=N)N1CCC(Oc2ccc3c(nc(C)n3Cc3ccc4ccc(C(=N)N)cc4c3)c2[N+](=O)[O-])CC1,2,0.0,0.0,0.0
N=C(N)NCCC[C@H](NC(=O)[C@H](Cc1cccc(F)c1)NC(=O)[C@@H](Cc1ccccc1)NS(=O)(=O)Cc1ccccc1)C(=O)c1nccs1,2,0.0,0.0,0.0
NC(N)=NCCCC(NC(=O)[C@@H]1CC[C@H]2CN(C(=O)[C@@H](N)Cc3ccc(O)cc3)CC(=O)N21)C(=O)c1nccs1,2,1.0,0.0,0.0
CC[C@@H](C)[C@H](NC(=O)[C@@H](Cc1ccccc1)NS(=O)(=O)Cc1ccccc1)C(=O)N[C@@H](CCCN=C(N)N)C(=O)c1nccs1,2,0.0,0.0,0.0
N=C(N)c1ccc(/C=C2/CCCC/C(=C/c3ccc(C(=N)N)cc3)C2=O)cc1,4,1.0,0.0,0.0
N=C(N)c1cccc(-c2nocc2C(=O)Nc2ccc(-c3ccccc3S(N)(=O)=O)cc2)c1.O=C(O)C(F)(F)F,2,0.0,0.0,0.0
N#CC[C@H](NC(=O)[C@@H](Cc1ccccc1)NS(=O)(=O)Cc1ccccc1)C(=O)N[C@@H](CCCNC(=N)N)C(=O)c1nccs1,2,0.0,0.0,0.0
N#Cc1ccc(C[C@H](NC(=O)[C@@H](Cc2ccccc2)NS(=O)(=O)Cc2ccccc2)C(=O)N[C@@H](CCCNC(=N)N)C(=O)c2nccs2)cc1,2,0.0,0.0,0.0
N=C(N)NCCC[C@H](NC(=O)[C@H](Cc1cccnc1)NC(=O)[C@@H](Cc1ccccc1)NS(=O)(=O)Cc1ccccc1)C(=O)c1nccs1,3,0.0,0.0,0.0
Cc1cccc(C[C@H](NC(=O)[C@@H](Cc2ccccc2)NS(=O)(=O)Cc2ccccc2)C(=O)N[C@@H](CCCN=C(N)N)C(=O)c2nccs2)c1,2,0.0,0.0,0.0
N=C(N)NCCC[C@H](NC(=O)[C@H](Cc1cccc(Cl)c1)NC(=O)[C@@H](Cc1ccccc1)NS(=O)(=O)Cc1ccccc1)C(=O)c1nccs1,2,0.0,0.0,0.0
NC(N)=NCCCC(NC(=O)[C@@H]1CC[C@H]2CN(C(=O)[C@@H](N)Cc3c[nH]c4ccccc34)CC(=O)N21)C(=O)c1nccs1,2,1.0,0.0,0.0
N=C(N)c1ccc(/C=C2\CCCC/C(=C\c3ccc(C(=N)N)cc3)C2=O)cc1,3,1.0,0.0,0.0
N=C(N)c1ccc(/C=C2/CCCC/C(=C\c3ccc(C(=N)N)cc3)C2=O)cc1,2,1.0,0.0,0.0
N=C(N)NCCC[C@H](NC(=O)[C@H](CC(N)=O)NC(=O)[C@@H](Cc1ccccc1)NS(=O)(=O)Cc1ccccc1)C(=O)c1nccs1,3,0.0,0.0,0.0
N=C(N)NCCC[C@H](NC(=O)[C@H](Cc1ccccc1F)NC(=O)[C@@H](Cc1ccccc1)NS(=O)(=O)Cc1ccccc1)C(=O)c1nccs1,3,0.0,0.0,0.0
N=C(N)c1cccc(-n2nccc2C(=O)Nc2ccc(-c3ccccc3S(N)(=O)=O)cc2)c1.O=C(O)C(F)(F)F,2,1.0,0.0,0.0
N=C(N)c1cccc(/C=C2\CCCC/C(=C\c3cccc(C(=N)N)c3)C2=O)c1,2,0.0,0.0,0.0
Cc1nc(N)ccc1CNC(=O)Cn1c(C)ccc(NS(=O)(=O)Cc2ccccc2)c1=O,8,1.0,0.0,0.0
N=C(N)NCCC[C@H](NC(=O)[C@H](CO)NC(=O)[C@@H](Cc1ccccc1)NS(=O)(=O)Cc1ccccc1)C(=O)c1nccs1,2,1.0,0.0,0.0
N=C(N)NCCC[C@H](NC(=O)[C@H](Cc1ccc(F)c(F)c1)NC(=O)[C@@H](Cc1ccccc1)NS(=O)(=O)Cc1ccccc1)C(=O)c1nccs1,2,0.0,0.0,0.0
Cc1nc(N)ccc1CNC(=O)Cn1c(C)cnc(NCCc2ccccc2)c1=O,14,0.0,0.0,0.0
N=C(N)c1cccc(/C=C2/CCCC/C(=C/c3cccc(C(=N)N)c3)C2=O)c1,2,0.0,0.0,0.0
Cc1cc(C(=O)Nc2ccc(-c3ccccc3S(N)(=O)=O)cc2)n(-c2cccc(CN)c2)n1,3,0.0,0.0,0.0
N=C(N)NCCCC(NC(=O)[C@@H]1CC[C@H]2CN(C(=O)[C@@H](O)c3ccccc3)CC(=O)N21)C(=O)c1nccs1,2,1.0,0.0,0.0
N=C(N)NCCC[C@H](NC(=O)[C@H](Cc1cccc(C(F)(F)F)c1)NC(=O)[C@@H](Cc1ccccc1)NS(=O)(=O)Cc1ccccc1)C(=O)c1nccs1,2,0.0,0.0,0.0
CS(=O)(=O)c1ccccc1-c1ccc(NC(=O)c2cc(C(F)(F)F)nn2-c2cccc(CN)c2)c(F)c1.Cl,3,0.0,0.0,0.0
N=C(N)c1cccc(/C=C2/CCCC/C(=C\c3cccc(C(=N)N)c3)C2=O)c1,2,1.0,0.0,0.0
Cc1cc(C(=O)Nc2ccc(-c3ccccc3S(N)(=O)=O)cc2)n(-c2cccc(C(=N)N)c2)n1.O=C(O)C(F)(F)F,2,1.0,0.0,0.0
N=C(N)NCCC[C@H](NC(=O)[C@H](Cc1ccccc1)NC(=O)[C@@H](Cc1ccccc1)NS(=O)(=O)Cc1ccccc1)C(=O)c1nccs1,3,0.0,0.0,0.0
Cc1ccccc1C[C@H](NC(=O)[C@@H](Cc1ccccc1)NS(=O)(=O)Cc1ccccc1)C(=O)N[C@@H](CCCN=C(N)N)C(=O)c1nccs1,2,0.0,0.0,0.0
Cn1c(=O)c(Cc2ccc(C(=N)N)cc2)nc2cc(C3(C(=O)N4CCCC4C(=O)NCC(=O)O)CC3)ccc21,2,1.0,0.0,0.0
CCOC(=O)C(C)(C)c1ccc2c(C)cc(Oc3ccc(C(=N)N)cc3)nc2c1,2,1.0,0.0,0.0
CCOC(=O)C1(c2ccc3c(C)cc(Oc4ccc(C(=N)N)cc4)nc3c2)CCCC1,3,1.0,0.0,0.0
N=C(N)NCCC[C@H](NC(=O)CN1CCN(S(=O)(=O)Cc2ccccc2)[C@@H](CCCNC(=N)N)C1=O)C(=O)c1nccs1,2,0.0,0.0,0.0
CC1(C)CNc2c(cccc2S(=O)(=O)NC(Cc2nc3ccccc3s2)C(=O)N2CCC(CCF)CC2)C1,2,1.0,0.0,0.0
COC(=O)C[C@H]1C(=O)N(CC(=O)N[C@@H](CCCNC(=N)N)C(=O)c2nccs2)CCN1S(=O)(=O)Cc1ccccc1,2,1.0,0.0,0.0
N=C(N)NCCC[C@H](NC(=O)CN1CCN(S(=O)(=O)Cc2ccccc2)[C@@H](Cc2ccccc2)C1=O)C(=O)c1nccs1,2,0.0,0.0,0.0
N=C(N)NCCC[C@H](NC(=O)CN1CCN[C@@H](CCCNC(=N)N)C1=O)C(=O)c1nccs1,2,0.0,0.0,0.0
N=C(N)NCCC[C@H](NC(=O)CN1CCN(S(=O)(=O)Cc2ccccc2)[C@H](Cc2ccccc2)C1=O)C(=O)c1nccs1,2,1.0,0.0,0.0
N=C(N)NCc1ccc(C2CC/C(=C/I)OC2=O)cc1,3,0.0,0.0,0.0
C/C(=C(\F)C(=O)Nc1ccc(-c2ccccc2S(N)(=O)=O)cc1)c1cccc(C(=N)N)c1,2,0.0,1.0,0.0
Cn1c(=O)c(Cc2ccc(C(=N)N)cc2)nc2cc(C3(C(=O)N4CCCC4)CC3)ccc21,3,1.0,0.0,0.0
COC(=O)C[C@@H]1C(=O)N(CC(=O)N[C@@H](CCCNC(=N)N)C(=O)c2nccs2)CCN1S(=O)(=O)Cc1ccccc1,2,0.0,0.0,0.0
CC1CNc2c(cccc2S(=O)(=O)N[C@@H](Cc2nc3ccccc3s2)C(=O)N2CCC(CCO)CC2)C1,2,1.0,0.0,0.0
C=C1CCC(c2ccc(CNC(=N)N)cc2)C(=O)O1,7,0.0,0.0,0.0
Cn1c(=O)c(Cc2ccc(C(=N)N)cc2)nc2cc(C3(N(C(=O)CC(=O)O)C4CCCC4)CC3)ccc21,2,1.0,0.0,0.0
N=C(N)NCCC[C@H](NC(=O)CN1CCN(S(=O)(=O)Cc2ccccc2)[C@H](CCCNC(=N)N)C1=O)C(=O)c1nccs1,2,0.0,0.0,0.0
CC(C)Nc1ccc(-c2cc(N)cc(N)c2)n(CC(=O)NCc2ccc(C(=N)N)cc2)c1=O,2,0.0,0.0,0.0
N=C(N)c1ccc2[nH]c(-c3cccc(-c4ccccc4)c3O)cc2c1,2,1.0,0.0,0.0
NC1CCC(CNC(=O)[C@@H]2CCCN2C(=O)[C@H](N)C(C2CCCCC2)C2CCCCC2)CC1,2,1.0,0.0,0.0
Cc1cc(Br)c(O)c(-c2cc3cc(C(=N)N)ccc3[nH]2)c1,2,1.0,0.0,0.0
Nc1ccncc1,4,0.0,0.0,0.0
Cc1cc(-c2ccccc2)c(O)c(-c2cc3cc(C(=N)N)ccc3[nH]2)c1,2,0.0,0.0,0.0
Cc1cc(-c2ccccc2S(=O)(=O)NC(C)(C)C)ccc1C(=O)N[C@@H](CCCN=C(N)N)B1O[C@@H]2CC3CC(C3(C)C)[C@]2(C)O1,2,1.0,0.0,0.0
Cl.Cl.N=C(N)NCCCNC(=O)[C@@H]1CCCCN1C(=O)[C@@H](CC1CCCCC1)NCC(=O)O,2,1.0,0.0,0.0
COC(=O)c1ccccc1CS(=O)(=O)N[C@H]1CCCCN(CC(=O)N[C@H]2CCCC(C(=N)N)C2O)C1=O,2,0.0,0.0,0.0
NC1CCC(CNC(=O)[C@@H]2CCCN2C(=O)[C@H](N)C(c2ccccc2)c2ccccc2)CC1,3,1.0,0.0,0.0
N=C(N)c1ccc2[nH]c(-c3ccccc3O)nc2c1,2,0.0,0.0,0.0
CN(c1cccc(OCCNc2ccncc2)c1)S(=O)(=O)c1ccccc1,3,1.0,0.0,0.0
N=C(N)c1ccc2[nH]c(-c3ccccc3O)cc2c1,3,0.0,0.0,0.0
N=C(N)Nc1ccc(C(=O)Oc2ccc3cc(C(=N)N)ccc3c2)cc1,4,0.0,0.0,0.0
N=C(N)C1CCC[C@H](NC(=O)CN2CCC[C@H](NS(=O)(=O)Cc3ccccc3)C2=O)C1O,2,1.0,0.0,0.0
N=C(N)C1CCC[C@H](NC(=O)CN2CCCC[C@H](NS(=O)(=O)Cc3ccccc3)C2=O)C1O,2,0.0,0.0,0.0
CC(=N)N1CCC(Oc2ccc(N(Cc3ccc4ccc(C(=N)N)cc4c3)S(=O)(=O)CC(=O)O)cc2)CC1,5,0.0,0.0,0.0
N=C(N)c1ccccc1,10,0.0,0.0,0.0
O=S(=O)(Nc1cccc(OCCNc2ccncc2)c1)c1ccc(Cl)cc1,2,1.0,0.0,0.0
CN(C)C(=O)c1cccc(Oc2nc(Oc3cc(C(=N)N)ccc3O)c(F)c(N(C)CC(=O)O)c2F)c1,2,0.0,0.0,0.0
Nc1cc(C2=NOC(Cn3cccn3)(C(=O)Nc3ccc(-c4ccccc4S(N)(=O)=O)cn3)C2)ccc1Cl,3,0.0,0.0,0.0
NC(=O)NCC1(C(=O)Nc2ccc(-c3ccccc3S(N)(=O)=O)cn2)CC(c2ccc(Cl)c(N)c2)=NO1,3,0.0,0.0,0.0
CS(=O)(=O)NCC1(C(=O)Nc2ccc(-c3ccccc3S(N)(=O)=O)cn2)CC(c2ccc(Cl)c(N)c2)=NO1,3,0.0,0.0,0.0
CC1CNc2c(cccc2S(=O)(=O)N[C@@H](CCCNC(=N)N)C(=O)N2CC[C@@H](C)C[C@@H]2C(=O)O)C1,27,1.0,0.0,0.0
NCCCC[C@H](NC(=O)[C@@H]1CCCN1C(=O)CC(c1ccccc1)c1ccccc1)C(=O)c1nccs1,2,1.0,0.0,0.0
CC(C)OC(=O)C(=O)[C@H](CCCCN)NC(=O)[C@@H]1CCCN1C(=O)[C@@H](CC1CCCCC1)NCC(=O)O,2,1.0,0.0,0.0
N=C(N)NCCC[C@H](NC(=O)[C@@H]1CC[C@H]2CN(C(=O)CCc3ccccc3)CC(=O)N21)C(=O)c1nccs1,6,1.0,0.0,0.0
O=C(NCc1ccccc1)N1CCN(C(=O)O[C@H]2CCC[C@@H](OC(=O)N3CCN(C(=O)NCc4ccccc4)CC3)CCC2)CC1,2,0.0,0.0,0.0
CC(C)(C)OC(=O)N[C@H](Cc1ccccc1)C(=O)N1CCC[C@H]1C(=O)N[C@H](C=O)CCCN=C(N)N,2,1.0,0.0,0.0
Cn1c(C(=O)[C@H](CCCNC(=N)N)NC(=O)[C@@H]2CC[C@H]3CN(C(=O)CCc4ccccc4)CC(=O)N32)nc2ccccc21,2,1.0,0.0,0.0
CC(C)(C)OC(=O)N[C@@H](C(=O)N1CCC[C@H]1C(=O)N[C@H](C=O)CCCN=C(N)N)c1ccc(F)cc1,2,1.0,0.0,0.0
Cn1ccnc1C(=O)[C@H](CCCNC(=N)N)NC(=O)[C@@H]1CC[C@H]2CN(C(=O)CCc3ccccc3)CC(=O)N21,2,0.0,0.0,0.0
CC(C)(C)OC(=O)N[C@@H](C(=O)N1CCC[C@H]1C(=O)N[C@H](C=O)CCCN=C(N)N)c1ccccc1,2,1.0,0.0,0.0
NCCCC[C@H](NC(=O)[C@@H]1CCCN1C(=O)[C@H](N)Cc1ccccc1)C(=O)c1nccs1,3,1.0,0.0,0.0
Nc1cc(C2=NOC(Cn3cnnn3)(C(=O)Nc3ccc(-c4ccccc4S(N)(=O)=O)cn3)C2)ccc1Cl,3,0.0,0.0,0.0
N=C(N)NCCC[C@H](NC(=O)[C@@H]1CC[C@H]2CN(C(=O)CCc3ccccc3)CC(=O)N21)C(=O)c1ccccn1,2,1.0,0.0,0.0
CC(C)(C)OC(=O)N[C@@H](C(=O)N1CCC[C@H]1C(=O)N[C@H](C=O)CCCN=C(N)N)c1ccc(O)cc1,2,1.0,0.0,0.0
NCCCC[C@H](NC(=O)[C@@H]1CCCN1C(=O)[C@H](N)CC1CCCCC1)C(=O)c1nccs1,2,1.0,0.0,0.0
CC[C@H](C)[C@H](NC(=O)[C@H]1CCCN1C(=O)[C@H](CCC(=O)O)NC(=O)[C@@H](Cc1ccc(O)cc1)NC(=O)CCC(=O)O)C(=O)N1CCC[C@@H]1C(=O)N[C@@H](CCC(=O)O)C(=O)N[C@H](CCC(=O)O)C(=O)N[C@@H](C)C(=O)N[C@H](CC1CCCCC1)C(=O)N[C@@H](CCC(=O)O)C(=O)O,2,1.0,0.0,0.0
CCS(=O)(=O)N[C@H](CC1CCCCC1)C(=O)N1CCC[C@H]1C(=O)N[C@@H](CCCCN)C(=O)c1nccs1,2,1.0,0.0,0.0
Cl.NCCCC[C@H](NC(=O)[C@@H]1CCCN1C(=O)CCc1ccccc1)B(O)O,2,1.0,0.0,0.0
N=C(N)Nc1ccc(CNC(=O)N2CCN(C(=O)O[C@H]3CCC[C@@H](OC(=O)N4CCN(C(=O)NCc5ccc(NC(=N)N)cc5)CC4)CCC3)CC2)cc1,2,0.0,0.0,0.0
NC(N)=NCCC[C@@H](C=O)NC(=O)[C@@H]1CCCN1C(=O)[C@H](N)c1ccccc1,2,1.0,0.0,0.0
N=C(N)NCCC[C@H](NC(=O)[C@@H]1CC[C@H]2CN(C(=O)CCc3ccccc3)CC(=O)N21)C(=O)c1nc2ccccc2s1,2,0.0,0.0,0.0
CC(=N)N1CCC(Oc2ccc(N(Cc3ccc4ccc(C(=N)N)cc4c3)S(C)(=O)=O)cc2)CC1,2,0.0,0.0,0.0
Cc1cnc(NCCc2ccccn2)c(=O)n1CC(=O)NCc1ccc2[nH]ccc2c1,2,1.0,0.0,0.0
CC(C)(C)OC(=O)N[C@@H](C(=O)N1CCC[C@H]1C(=O)N[C@H](C=O)CCCN=C(N)N)C1CCCCC1,2,1.0,0.0,0.0
NCCCC[C@H](NC(=O)[C@@H]1CCCN1C(=O)[C@@H](CC1CCCCC1)NCC(=O)O)C(=O)C(=O)O,2,0.0,0.0,0.0
Cc1c(F)c(Oc2cccc(C(=N)N)c2)nc(Oc2cccc(C(=O)N(C)C)c2)c1F,3,0.0,0.0,0.0
Cc1cnc(NCCc2ccccc2)c(=O)n1CC(=O)NCc1ccc2[nH]ccc2c1,2,1.0,0.0,0.0
CN[C@@H](C(=O)N1CCC[C@H]1C(=O)N[C@H](C=O)CCCN=C(N)N)c1ccccc1,3,1.0,0.0,0.0
NCCCC[C@H](NC(=O)[C@@H]1CCCN1C(=O)[C@@H](CC1CCCCC1)NCC(=O)O)C(=O)c1ncco1,2,1.0,0.0,0.0
CN1CCN=C1c1cccc(Oc2nc(Oc3cc(C(=N)N)ccc3O)c(F)c(N(C)CC(=O)O)c2F)c1,2,0.0,0.0,0.0
Cc1cnc(NCCc2ccccc2)c(=O)n1CC(=O)NCc1ccc2[nH]cnc2c1,2,0.0,0.0,0.0
N=C(N)Nc1ccc(CNC(=O)N2CCN(C(=O)O[C@H]3CCC[C@@H](OC(=O)N4CCN(C(=O)NCc5ccccc5)CC4)CCC3)CC2)cc1,2,0.0,0.0,0.0
N=C(N)c1cccc(C2=NOC(Cn3cnnn3)(C(=O)Nc3ccc(-c4ccccc4S(N)(=O)=O)cn3)C2)c1,2,1.0,0.0,0.0
NCCCC[C@H](NC(=O)[C@@H]1CCCN1C(=O)[C@@H](CC1CCCCC1)NCC(=O)O)C(=O)c1nccs1,3,1.0,0.0,0.0
Cc1cnc(NCCc2ccccn2)c(=O)n1CC(=O)NCc1cc2cc[nH]c2cn1,2,1.0,0.0,0.0
N=C(N)NCCC[C@@H]1NC(=O)[C@@H]2CCCN2C(=O)[C@@H](NC=O)CNC(=O)/C=C/[C@H](Cc2ccc(O)cc2)NC(=O)[C@@H](Cc2ccccc2)NC(=O)C1=O,4,1.0,0.0,0.0
Cc1cnc(NCCc2ccccc2)c(=O)n1CC(=O)NCc1cc2cc[nH]c2cn1,2,1.0,0.0,0.0
N=C(N)NCc1ccc(C2CC/C(=C\I)OC2=O)cc1,4,0.0,0.0,0.0
CCNC(=O)COc1ccc(Cl)cc1CNC(=O)Cn1c(C)ccc(NS(=O)(=O)Cc2ccccc2)c1=O,2,1.0,0.0,0.0
N=C(N)NCCC[C@H](NC(=O)[C@@H]1CC[C@@H]2CC[C@@](N)(Cc3ccccc3)C(=O)N21)C(=O)c1nc2ccccc2s1,3,1.0,0.0,0.0
N=C(N)Nc1ccc(C2CC/C(=C\I)OC2=O)cc1,10,0.0,0.0,0.0
N=C(N)NCCC[C@H](NC(=O)[C@@H]1CC[C@@H]2CC[C@](N)(Cc3ccccc3)C(=O)N21)C(=O)c1nc2ccccc2s1,3,1.0,0.0,0.0
CC1CCN(C(=O)C(Cc2cccc(C(=N)N)c2)NS(=O)(=O)c2ccc3ccccc3c2)CC1,2,1.0,0.0,0.0
N[C@@H](C(=O)N1CCC[C@H]1C(=O)NCc1cc(Cl)ccc1Cl)C1CCCCC1,2,1.0,0.0,0.0
O=C(c1ccc(OCCN2CCCC2)cc1)c1c(-c2ccc(OCCN3CCCC3)cc2)sc2ccccc12,3,0.0,0.0,0.0
N=C(N)NCCC[C@H](NC(=O)[C@@H]1CCN2CC[C@@](N)(Cc3ccccc3)C(=O)N12)C(=O)C(=O)NCCc1ccccc1,3,1.0,0.0,0.0
CCNC(=O)COc1ccc(Cl)cc1CNC(=O)[C@@H]1CCCN1C(=O)[C@H](N)C1CCCCC1,2,1.0,0.0,0.0
Cc1ccc(NS(=O)(=O)Cc2ccccc2)c(=O)n1CC(=O)NCc1cccc(Cl)c1,3,1.0,0.0,0.0
NCCCC[C@H](NC(=O)[C@@H]1CCN2CC[C@@](N)(Cc3ccccc3)C(=O)N12)C(=O)C(=O)NC1CCCCC1,2,0.0,0.0,0.0
c1ccc2c(Cc3ccc(OCCN4CCCC4)cc3)c(-c3ccc(OCCN4CCCC4)cc3)sc2c1,7,0.0,0.0,0.0
Nc1ccc(CNC(=O)[C@@H]2CCCN2C(=O)[C@H](N)C(c2ccccc2)c2ccccc2)cn1,2,1.0,0.0,0.0
N=C(N)NCCC[C@H](NC(=O)[C@@H]1CCN2CC[C@@](N)(Cc3ccccc3)C(=O)N12)C(=O)c1nccs1,3,1.0,0.0,0.0
CN[C@H](Cc1ccccc1)C(=O)N1CCC[C@H]1C(=O)NC[C@H]1CC[C@H](N)CC1,6,1.0,0.0,0.0
CC(=O)N[C@H](Cc1ccccc1)C(=O)N1CCC[C@H]1C(=O)N[C@@H](CCCN=C(N)N)B(O)O.Cl,3,1.0,0.0,0.0
N=C(N)N1CCC[C@H](NC(=O)CN2CCCC[C@H](NS(=O)(=O)Cc3ccccc3)C2=O)C1O,2,0.0,0.0,0.0
COCCC[C@@H](NC(=O)[C@@H]1CCCN1C(=O)[C@@H](Cc1ccccc1)NC(=O)OCc1ccccc1)B1O[C@@H]2CC3CC(C3(C)C)[C@]2(C)O1,7,1.0,0.0,0.0
CC1(C)C2CC1[C@]1(C)OB(C(CCC3OCCO3)NC(=O)[C@@H]3CCCN3C(=O)[C@H](Cc3ccccc3)NC(=O)OCc3ccccc3)O[C@@H]1C2,2,0.0,0.0,0.0
CN(C(=O)[C@H](Cc1ccc(C(=N)NN)cc1)NS(=O)(=O)c1ccc2ccccc2c1)C1CCCC1,6,1.0,0.0,0.0
CCC(C)(C)C(NC(=O)[C@@H]1CCCN1C(=O)[C@@H](NC(=O)OCc1ccccc1)C(c1ccccc1)c1ccccc1)B1O[C@@H]2CC3CC(C3(C)C)[C@]2(C)O1,4,1.0,0.0,0.0
CC1(C)C2CC1[C@]1(C)OB(C(CCCBr)NC(=O)[C@@H]3CCCN3C(=O)[C@H](Cc3ccccc3)NC(=O)OCc3ccccc3)O[C@@H]1C2,3,0.0,0.0,0.0
CC1(C)C2CC1[C@]1(C)OB(C(Cc3ccccc3)NC(=O)[C@@H]3CCCN3C(=O)[C@@H](NC(=O)OCc3ccccc3)C(c3ccccc3)c3ccccc3)O[C@@H]1C2,4,1.0,0.0,0.0
Cc1nc(N)ccc1CNC(=O)Cn1c(C)cnc(NCC(C)(C)c2ccccc2)c1=O,2,1.0,0.0,0.0
Br.CC1(C)C2CC1[C@]1(C)OB(C(CCC/C(S)=N/N)NC(=O)[C@@H]3CCCN3C(=O)[C@H](Cc3ccccc3)NC(=O)OCc3ccccc3)O[C@@H]1C2,4,0.0,0.0,0.0
CN(C(=O)[C@H](Cc1ccc(CN)cc1)NS(=O)(=O)c1ccc2ccccc2c1)C1CCCC1,3,1.0,0.0,0.0
COCCCC(NC(=O)[C@@H]1CCCN1C(=O)[C@@H](NC(=O)OCc1ccccc1)C(c1ccccc1)c1ccccc1)B1O[C@@H]2CC3CC(C3(C)C)[C@]2(C)O1,4,0.0,0.0,0.0
Cc1nc(N)ccc1CNC(=O)Cn1c(C)cnc(NCCc2ccccn2)c1=O,2,1.0,0.0,0.0
Cc1nc(N)ccc1CNC(=O)Cn1c(C)cnc(NCC(F)(F)c2ccccc2)c1=O,3,1.0,0.0,0.0
CCCCCC(NC(=O)[C@@H]1CCCN1C(=O)[C@H](Cc1ccccc1)NC(=O)OCc1ccccc1)B1O[C@@H]2CC3CC(C3(C)C)[C@]2(C)O1,6,1.0,0.0,0.0
Cc1nc(N)ccc1CNC(=O)Cn1c(C)cnc(NCC(F)(F)c2ccccn2)c1=O,4,1.0,0.0,0.0
CCC(C)(C)C(NC(=O)[C@@H]1CCCN1C(=O)[C@H](Cc1ccccc1)NC(=O)OCc1ccccc1)B1O[C@@H]2CC3CC(C3(C)C)[C@]2(C)O1,4,1.0,0.0,0.0
CN(C(=O)[C@H](Cc1ccc(C(=N)N)cc1)NS(=O)(=O)c1ccc2ccccc2c1)C1CCCC1,3,1.0,0.0,0.0
CCCCCC(NC(=O)[C@@H]1CCCN1C(=O)[C@@H](NC(=O)OCc1ccccc1)C(c1ccccc1)c1ccccc1)B1O[C@@H]2CC3CC(C3(C)C)[C@]2(C)O1,3,1.0,0.0,0.0
NC(N)=NCCC[C@H](NC(=O)[C@@H]1CCCN1C(=O)[C@@H](N)Cc1ccccc1)C(=O)O,2,0.0,0.0,0.0
O=C(Cn1c(Cl)cnc(NCC(F)(F)c2ccccn2)c1=O)NCc1ncccc1F,5,1.0,0.0,0.0
Cc1cnc(NCC(F)(F)c2ccccn2)c(=O)n1CC(=O)NCc1ncccc1F,3,1.0,0.0,0.0
CCC(C)(C)C(NC(=O)[C@@H]1CCCN1C(=O)[C@H](Cc1ccc2ccccc2c1)NC(=O)OCc1ccccc1)B1O[C@@H]2CC3CC(C3(C)C)[C@]2(C)O1,3,1.0,0.0,0.0
N#Cc1cnc(NCC(F)(F)c2ccccn2)c(=O)n1CC(=O)NCc1ncccc1F,3,1.0,0.0,0.0
CC1(C)C2CC1[C@]1(C)OB(C(Cc3ccccc3)NC(=O)[C@@H]3CCCN3C(=O)[C@H](Cc3ccccc3)NC(=O)OCc3ccccc3)O[C@@H]1C2,4,1.0,0.0,0.0
CCCc1ccc(S(=O)(=O)N[C@@H](Cc2ccc(CN)cc2)C(=O)N(C)C2CCCC2)cc1,2,1.0,0.0,0.0
CCCCCCCCC(NC(=O)[C@@H]1CCCN1C(=O)[C@H](Cc1ccccc1)NC(=O)OCc1ccccc1)B1O[C@@H]2CC3CC(C3(C)C)[C@]2(C)O1,2,0.0,0.0,0.0
O=C1COc2ccc(Cl)cc2CNC(=O)[C@@H]2CCCN2C(=O)[C@@H](C2CCCCC2)NC(=O)CN1,2,1.0,0.0,0.0
O=C1COc2ccc(Cl)cc2CNC(=O)[C@@H]2CCCN2C(=O)[C@@H](C2CCCCC2)NC(=O)CCCN1,2,1.0,0.0,0.0
Cc1cc(C(=O)Nc2ccc(-c3ccccc3S(N)(=O)=O)cc2)n(-c2cccc(C(=N)N)c2)n1,4,1.0,0.0,0.0
NC1CCC(CNC(=O)[C@@H]2CCCN2C(=O)[C@@H](Cc2ccccc2)NS(=O)(=O)Cc2ccccc2)CC1,2,1.0,0.0,0.0
N=C(N)c1cccc(C2=NOC(Cn3cnnn3)(C(=O)Nc3ccc(-c4ccccc4S(N)(=O)=O)cc3)C2)c1,2,1.0,0.0,0.0
O=C1COc2ccc(Cl)cc2CNC(=O)[C@@H]2CCCN2C(=O)[C@@H](C2CCCCC2)NC(=O)CCCCN1,2,1.0,0.0,0.0
C[C@H](CS)C(=O)N1CCC[C@H]1C(=O)O,6,1.0,0.0,0.0
N=C(N)c1cccc(NC(=O)NC2CCN(Cc3ccccc3)CC2)c1,2,0.0,0.0,0.0
O=C(Cn1c(Cl)cnc(NCC(F)(F)c2cccc[n+]2[O-])c1=O)NCc1ncccc1F,2,1.0,0.0,0.0
CCCN(Cc1ccoc1)C(=O)c1cc(C)cc(OCC2(CON=C(N)N)CC2)c1,4,1.0,0.0,0.0
O=C(Cn1c(Cl)cnc(NCC(F)(F)c2cccc[n+]2[O-])c1=O)NCc1ncccc1Cl,2,1.0,0.0,0.0
COc1ccc(-n2nc(C)cc2C(=O)Nc2ccc(-c3ccccc3S(N)(=O)=O)cc2)cc1,2,0.0,0.0,0.0
Cc1cc(C(=O)Nc2ccc(-c3ccccc3S(N)(=O)=O)cc2)n(-c2ccccc2)n1,2,0.0,0.0,0.0
O=C(Cn1c(Cl)cnc(NCC(F)(F)c2cccc[n+]2[O-])c1=O)NCc1ccccc1F,3,1.0,0.0,0.0
Nc1ccc(C[C@H](NS(=O)(=O)c2cnccc2N[C@@H](Cc2ccccc2)CN2CCOCC2)C(=O)N2CCC(CCF)CC2)cc1,3,1.0,0.0,0.0
N=C(N)N1CCCCC1,5,0.0,0.0,0.0
COc1ccc(C[C@@H](CO)Nc2ccncc2S(=O)(=O)N[C@@H](Cc2ccc(N)cc2)C(=O)N2CCC(CCF)CC2)cc1,3,1.0,0.0,0.0
Nc1ccc(C[C@H](NS(=O)(=O)c2cnccc2N[C@H](COCCO)Cc2ccccc2)C(=O)N2CCC(CCF)CC2)cc1,3,1.0,0.0,0.0
O=C([C@H](Cc1ccccc1)NS(=O)(=O)c1cnccc1N[C@H](CO)Cc1ccccc1)N1CCC(CCF)CC1,2,1.0,0.0,0.0
Cc1ccc(NS(=O)(=O)Cc2ccccc2)c(=O)n1CC(=O)NCC1CCN(C(=N)N)CC1,3,1.0,0.0,0.0
Nc1ccc(C[C@H](NS(=O)(=O)c2cnccc2N[C@@H](Cc2ccccc2)CN2CCC(O)CC2)C(=O)N2CCC(CCF)CC2)cc1,2,1.0,0.0,0.0
C=C1CC(c2ccc(NC(=N)N)cc2)CC(=O)O1,3,0.0,0.0,0.0
CCC1CCN(C(=O)[C@H](Cc2ccc(N)cc2)NS(=O)(=O)c2cnccc2N[C@H](CO)Cc2ccccc2)CC1,2,1.0,0.0,0.0
Cc1ccc(NCCc2ccccc2)c(=O)n1CC(=O)NC[C@H]1CC[C@H](N)CC1,2,1.0,0.0,0.0
Nc1ccc(C[C@H](NS(=O)(=O)c2cnccc2N[C@H](CO)Cc2ccccc2)C(=O)N2CCC(CCF)CC2)cc1,3,1.0,0.0,0.0
CN(C)C[C@H](Cc1ccccc1)Nc1ccncc1S(=O)(=O)N[C@@H](Cc1ccc(N)cc1)C(=O)N1CCC(CCF)CC1,2,1.0,0.0,0.0
N=C(N)Nc1ccc(C2CC(=O)O/C(=C/I)C2)cc1,3,0.0,0.0,0.0
C=C1CCC(c2ccc(NC(=N)N)cc2)C(=O)O1,3,0.0,0.0,0.0
Cc1nc(N)ccc1CNC(=O)Cn1cccc(NS(=O)(=O)Cc2ccccc2)c1=O,2,1.0,0.0,0.0
Cc1cc(NS(=O)(=O)c2ccccc2)cc(OCCNc2ccncc2)c1,3,1.0,0.0,0.0
C(=C/c1ccc(Cc2c(-c3ccc(OCCN4CCCC4)cc3)sc3ccccc23)cc1)\CN1CCCC1,2,0.0,0.0,0.0
CCCS(=O)(=O)Nc1ccc(C)n(CC(=O)NCC2CCc3nc(N)sc3C2)c1=O,2,0.0,0.0,0.0
CCOC(=O)N1CCN(C(=O)[C@H](Cc2cccc(C(=N)N)c2)NS(=O)(=O)c2c(C(C)C)cc(C(C)C)cc2C(C)C)CC1,3,1.0,0.0,0.0
N=C(N)c1ccc2c(c1)C(CC(=O)Nc1ccc(-c3ccccc3S(N)(=O)=O)cc1)CN2,2,0.0,0.0,0.0
Cc1ccc(NS(=O)(=O)Cc2ccccc2)c(=O)n1CC(=O)NCC1CCc2n[nH]cc2C1,2,1.0,0.0,0.0
N=C(N)c1ccc2[nH]c(-c3cc(CC(=O)O)cc(-c4cccc([N+](=O)[O-])c4)c3O)cc2c1,2,0.0,0.0,0.0
N=C(N)c1ccc2[nH]cc(CC(=O)Nc3ccc(-c4ccccc4S(N)(=O)=O)cc3)c2c1,2,1.0,0.0,0.0
CC[C@H](NC(=O)[C@@H](NC(=O)[C@H](C)NC(=O)[C@H](CCCCN)NC(=O)c1cc(O)ccc1O)[C@@H](C)CC)C(=O)O,2,0.0,0.0,0.0
N=C(N)NCCC[C@H](NC(=O)[C@@H]1CCN2CC[C@@](N)(Cc3ccccc3)CN12)C(=O)C(=O)NCCc1ccc(Cl)cc1,2,0.0,0.0,0.0
NCCCC[C@H](NC(=O)[C@@H]1CCN2CC[C@@](N)(Cc3ccccc3)CN12)C(=O)C(=O)NCc1ccccc1,2,0.0,0.0,0.0
N=C(N)NCCC[C@H](NC(=O)[C@@H]1CCN2CC[C@@](N)(Cc3ccccc3)CN12)C(=O)C(=O)NCc1ccccc1,2,0.0,0.0,0.0
CCCCCOC(=O)Nc1nc(=O)n([C@@H]2O[C@H](C)[C@@H](O)[C@H]2O)cc1F,3,0.0,0.0,0.0
CN1CCN=C1c1cccc(Oc2cc(C(=O)O)cc(Oc3cc(C(=N)N)ccc3O)n2)c1,2,1.0,0.0,0.0
N=C(N)NCCC[C@@H](CCl)NC(=O)[C@@H]1CCN2CC[C@@](N)(Cc3ccccc3)CN12,2,0.0,0.0,0.0
N=C(N)NCCC[C@H](NC(=O)[C@@H]1CCC2CC[C@@](N)(Cc3ccccc3)CN21)C(=O)c1nc2ccccc2s1,4,0.0,0.0,0.0
N=C(N)c1cccc(Oc2nc(Oc3cccc(C(=N)N)c3)c(F)cc2F)c1,2,0.0,0.0,0.0
CCC(NC(=O)[C@@H](NC(=O)[C@@H]1CCCN1C(=O)[C@H](CCCCN)NC(=O)c1cc(O)ccc1O)[C@@H](C)CC)C(=O)O,3,0.0,0.0,0.0
N=C(N)NCCC[C@H](NC(=O)[C@@H]1CCN2CC[C@@](N)(Cc3ccccc3)CN12)C(=O)C(=O)NCCc1ccccc1,2,0.0,0.0,0.0
CC[C@H](NC(=O)[C@@H](NC(=O)[C@@H]1CCCN1C(=O)[C@H](CCCN=C(N)N)NC(=O)c1cc(O)ccc1O)[C@@H](C)CC)C(=O)O,3,0.0,0.0,0.0
COc1ccc2ccc(S(=O)(=O)N[C@H]3CCN(Cc4cc(C(=N)N)ccc4O)C3=O)cc2c1,2,1.0,0.0,0.0
COc1ccc(CCNC(=O)C(=O)[C@H](CCCN=C(N)N)NC(=O)[C@@H]2CCN3CC[C@@](N)(Cc4ccccc4)CN23)cc1,2,0.0,0.0,0.0
N=C(N)NCCC[C@H](NC(=O)[C@@H]1CCCN1C(=O)[C@H](N)Cc1ccccc1)C(=O)CCl,2,0.0,0.0,0.0
Cc1c(F)c(Oc2ccccc2)nc(Oc2cccc(C(=N)N)c2)c1F,2,0.0,0.0,0.0
Cc1c(F)c(Oc2cccc(C(=N)N)c2)nc(Oc2cccc(N(C)C)c2)c1F,2,0.0,0.0,0.0
NC(N)=NCCC[C@@H](CCl)NC(=O)[C@@H]1CCCN1C(=O)[C@H](N)Cc1ccccc1,2,0.0,0.0,0.0
N=C(N)c1ccc(O)c(Oc2cc(C(=O)O)cc(Oc3cccc(C4=NCCN4)c3)n2)c1,2,0.0,0.0,0.0
CC[C@H](NC(=O)[C@@H](NC(=O)[C@@H](NC(=O)[C@H](CCCCN)NC(=O)c1cc(O)ccc1O)[C@@H](C)CC)[C@@H](C)CC)C(=O)O,2,0.0,0.0,0.0
COc1ccc(C(=N)N)cc1Oc1nc(Oc2cccc(C(=O)N(C)C)c2)c(F)c(C)c1F,2,0.0,0.0,0.0
CC[C@H](NC(=O)[C@H](Cc1ccccc1)NC(=O)[C@@H](NC(=O)[C@H](CCCCN)NC(=O)c1cc(O)ccc1O)[C@@H](C)CC)C(=O)O,2,0.0,0.0,0.0
N=C(N)N1CCC[C@H](C(=O)NC[C@@H]2CCCN2C(=O)[C@H](CO)NS(=O)(=O)c2ccc3ccccc3c2)C1,5,1.0,0.0,0.0
N=C(N)NCCC[C@H](NC(=O)[C@@H]1CCN2CC[C@@](N)(Cc3ccccc3)CN12)C(=O)c1nc2ccccc2s1,2,0.0,0.0,0.0
N=C(N)c1ccc(O)c(Oc2cc(C(=O)O)cc(Oc3cccc(-n4ccnc4)c3)n2)c1,2,0.0,0.0,0.0
N[C@H]1CC[C@H](CNC(=O)[C@@H]2CCCN2C(=O)C2(O)c3ccccc3-c3ccccc32)CC1,4,1.0,0.0,0.0
N=C(N)NCCC[C@H](NC(=O)[C@@H]1CCN2CC[C@@](N)(Cc3ccccc3)CN12)C(=O)c1nccs1,2,0.0,0.0,0.0
N=C(N)c1cccc(Oc2cccc(Oc3cccc(C(=N)N)c3)n2)c1,2,0.0,0.0,0.0
N=C(N)c1ccc(Oc2nc(Oc3ccc(C(=N)N)cc3)c(Cl)cc2Cl)cc1,2,0.0,0.0,0.0
N=C(N)c1cccc(Oc2nc(Oc3cccc(C(=N)N)c3)c(Cl)cc2Cl)c1,2,0.0,0.0,0.0
CN(C)C(=O)c1cccc(Oc2cc(C(=O)O)cc(Oc3cc(C(=N)N)ccc3O)n2)c1,2,1.0,0.0,0.0
N=C(N)c1cccc(Oc2cc(C(=O)O)cc(Oc3cccc(C(=N)N)c3)n2)c1,3,0.0,0.0,0.0
Cn1ccnc1-c1cccc(Oc2cc(C(=O)O)cc(Oc3cc(C(=N)N)ccc3O)n2)c1,2,1.0,0.0,0.0
N=C(N)c1ccc(Oc2cccc(Oc3ccc(C(=N)N)cc3)n2)cc1,3,1.0,0.0,0.0
Cc1c(F)c(Oc2cccc(C(=N)N)c2)nc(Oc2cccc(C(=N)N)c2)c1F,3,0.0,0.0,0.0
Cc1c(F)c(Oc2cccc(C(=O)N(C)C)c2)nc(Oc2cc(C(=N)N)ccc2N)c1F,2,0.0,0.0,0.0
N=C(N)N1CCC[C@@H](CNC(=O)C[C@H](NS(=O)(=O)c2ccc3ccccc3c2)C(=O)N(CC(=O)O)C2CC2)C1,2,1.0,0.0,0.0
Cc1c(F)c(Oc2cccc(C(=O)N(C)C)c2)nc(Oc2cc(C(=N)N)ccc2O)c1F,2,0.0,0.0,0.0
Cc1c(F)c(Oc2cccc(C(=N)N)c2)nc(Oc2cccc(C(N)=O)c2)c1F,2,0.0,0.0,0.0
CC(=N)N1CCC(Oc2ccc(NC/C=C/c3cccc(C(=N)N)c3)cc2C(F)(F)F)CC1,3,0.0,0.0,0.0
CCOC(=O)CCC(=O)N(C/C=C/c1cccc(C(=N)N)c1)c1ccc(OC2CCN(C(C)=N)CC2)c(C(F)(F)F)c1,3,0.0,0.0,0.0
CC(=N)N1CCC(Oc2ccc(NC/C=C/c3cccc(C(=N)N)c3)cc2)CC1,3,0.0,0.0,0.0
CC(=N)N1CCC(Oc2ccc(N(C/C=C/c3cccc(C(=N)N)c3)C(=O)c3ccc(C(=O)O)c(C(=O)O)c3)cc2C(F)(F)F)CC1,3,0.0,0.0,0.0
CN1CCC(Oc2ccc(NC/C=C/c3cc(C(=N)N)ccc3O)cc2C(F)(F)F)CC1,3,0.0,0.0,0.0
CCOC(=O)c1cc(NC/C=C/c2cccc(C(=N)N)c2)ccc1OC1CCN(C(C)=N)CC1,3,0.0,0.0,0.0
N=C(N)c1ccc(O)c(/C=C/CN(C(=O)CCC(=O)O)c2ccc(OC3CCN(CC(=O)O)CC3)c(C(F)(F)F)c2)c1,3,0.0,0.0,0.0
CC(=N)N1CCC(Oc2ccc(N(C/C=C/c3cc(C(=N)N)ccc3O)C(=O)CCC(=O)O)cc2C(F)(F)F)CC1,3,0.0,0.0,0.0
CCOC(=O)CCC(=O)N(C/C=C/c1cc(C(=N)N)ccc1O)c1ccc(OC2CCN(C(C)=N)CC2)c(C(F)(F)F)c1,3,0.0,0.0,0.0
C[C@H](NC(=O)[C@@H](CO)NC(=O)OCc1ccccc1)C(=O)NC(Cc1ccc(NC(=N)N)cc1)P(=O)(Oc1ccccc1)Oc1ccccc1,2,0.0,0.0,0.0
CC(=O)N1CCC(Oc2ccc(N(C/C=C/c3cc(C(=N)N)ccc3O)C(=O)CCC(=O)O)cc2C(F)(F)F)CC1,3,0.0,0.0,0.0
CC(=N)N1CCC(Oc2ccc(NC/C=C/c3cc(C(=N)N)ccc3O)cc2C(F)(F)F)CC1,3,0.0,0.0,0.0
N=C(N)NC(=O)c1nc(Cl)c(N)nc1N,10,0.0,0.0,0.0
C[C@H](NC(=O)[C@@H](CO)NC(=O)OCc1ccccc1)C(=O)NC(CCCCN=C(N)N)P(=O)(Oc1ccccc1)Oc1ccccc1,2,0.0,0.0,0.0
CS(=O)(=O)N1CCC(Oc2ccc(NC/C=C/c3cc(C(=N)N)ccc3O)cc2C(F)(F)F)CC1,3,0.0,0.0,0.0
CC(=N)N1CCC(Oc2ccc(N(C/C=C/c3cccc(C(=N)N)c3)C(=O)CCC(=O)O)cc2C(F)(F)F)CC1,3,0.0,0.0,0.0
N=C(N)c1ccc(O)c(/C=C/CNc2ccc(OC3CCN(C(N)=O)CC3)c(C(F)(F)F)c2)c1,3,0.0,0.0,0.0
CC(=N)N1CCC(Oc2ccc(NC/C=C/c3cccc(C(=N)N)c3)cc2F)CC1,3,0.0,0.0,0.0
CC(=O)N1CCC(Oc2ccc(NC/C=C/c3cc(C(=N)N)ccc3O)cc2C(F)(F)F)CC1,3,0.0,0.0,0.0
CN1CCC(Oc2ccc(N(C/C=C/c3cc(C(=N)N)ccc3O)C(=O)CCC(=O)O)cc2C(F)(F)F)CC1,3,0.0,0.0,0.0
C[C@H](NC(=O)[C@@H](CO)NC(=O)OCc1ccccc1)C(=O)NC(CCN=C(N)N)P(=O)(Oc1ccccc1)Oc1ccccc1,2,0.0,0.0,0.0
C[C@H](NC(=O)[C@@H](CO)NC(=O)OCc1ccccc1)C(=O)NC(CCCN=C(N)N)P(=O)(Oc1ccccc1)Oc1ccccc1,2,1.0,0.0,0.0
Cc1cc(OCCCON=C(N)N)cc(OS(=O)(=O)c2ccccc2S(C)(=O)=O)c1,2,0.0,0.0,0.0
CNc1ccc(C#CC[C@H](NS(=O)(=O)c2ccc3c(c2)CCCC3)C(=O)N(C)C2CCCC2)cc1,2,1.0,0.0,0.0
C[C@H](NC(=O)CNC(=O)Nc1ccc(C(=N)N)cc1)c1cccc(Br)c1,2,0.0,0.0,0.0
COC(=O)[C@H](Cc1cccc(C(=N)N)c1)[C@@H](C)NC(=O)c1ccc(-c2ccccc2)cc1,2,0.0,0.0,0.0
N[C@H]1CC[C@H](C(NC(=O)[C@@H]2CC[C@H]3CN(S(=O)(=O)Cc4ccccc4)CC(=O)N32)C(=O)C(=O)O)CC1,2,0.0,0.0,0.0
COc1cccc([C@H](C)NC(=O)CNC(=O)Nc2ccc(C(=N)N)cc2)c1,2,0.0,0.0,0.0
CC(C)C[C@H](NC(=O)[C@H](Cc1ccccc1)NC(=O)CCCN=C(N)N)C(=O)N[C@@H](CC1CCCCC1)[C@@H](O)c1nccs1,3,0.0,0.0,0.0
O=c1oc(Cl)c(Cl)c2ccccc12,2,0.0,0.0,0.0
CCCCOC(=O)C(=O)C(NC(=O)[C@@H]1CC[C@H]2CN(S(=O)(=O)Cc3ccccc3)CC(=O)N21)[C@H]1CC[C@H](N)CC1,2,0.0,0.0,0.0
CNC(=O)C(=O)C(NC(=O)[C@@H]1CC[C@H]2CN(S(=O)(=O)Cc3ccccc3)CC(=O)N21)[C@H]1CC[C@H](N)CC1,2,0.0,0.0,0.0
N[C@H]1CC[C@H](C(NC(=O)[C@@H]2CC[C@H]3CN(S(=O)(=O)Cc4ccccc4)CC(=O)N32)C(=O)c2nc3ccccc3s2)CC1,2,0.0,0.0,0.0
Cc1nc(C(=O)C(NC(=O)[C@@H]2CC[C@H]3CN(S(=O)(=O)Cc4ccccc4)CC(=O)N32)[C@H]2CC[C@H](N)CC2)sc1C(=O)O,2,0.0,0.0,0.0
N[C@H]1CC[C@H](C(NC(=O)[C@@H]2CC[C@H]3CN(S(=O)(=O)Cc4ccccc4)CC(=O)N32)C(=O)c2nccs2)CC1,2,0.0,0.0,0.0
N[C@H]1CC[C@H](C(NC(=O)[C@@H]2CC[C@H]3CN(S(=O)(=O)Cc4ccccc4)CC(=O)N32)C(=O)C(=O)NCC(=O)O)CC1,2,0.0,0.0,0.0
COC(=O)[C@H](Cc1cccc(C(=N)N)c1)[C@@H](/C=C/c1ccccc1)NC(=O)c1ccc(-c2ccccc2)cc1,2,0.0,0.0,0.0
C[C@H](NC(=O)CNC(=O)Nc1ccc(C(=N)N)cc1)c1ccccc1,2,0.0,0.0,0.0
N[C@H]1CC[C@H](C(NC(=O)[C@@H]2CC[C@H]3CN(S(=O)(=O)Cc4ccccc4)CC(=O)N32)C(=O)c2nnnn2CC(=O)O)CC1,2,0.0,0.0,0.0
N=C(N)c1ccc(NC(=O)NCC(=O)NCc2ccc(Cl)c(Cl)c2)cc1,2,0.0,0.0,0.0
CCSC(=O)C(=O)C(NC(=O)[C@@H]1CC[C@H]2CN(S(=O)(=O)Cc3ccccc3)CC(=O)N21)[C@H]1CC[C@H](N)CC1,2,0.0,0.0,0.0
CNC(=O)C(=O)[C@@H](NC(=O)[C@@H]1CCCN1C(=O)[C@@H](Cc1ccccc1)NC)[C@H]1CC[C@H](N)CC1,3,1.0,0.0,0.0
COC(=O)[C@H](Cc1cccc(C(=N)N)c1)[C@@H](C)NC(=O)c1ccc(-c2cccc(CN)c2)cc1,2,0.0,0.0,0.0
Cn1nnnc1C(=O)C(NC(=O)[C@@H]1CC[C@H]2CN(S(=O)(=O)Cc3ccccc3)CC(=O)N21)[C@H]1CC[C@H](N)CC1,2,0.0,0.0,0.0
N=C(N)c1cccc(CN2CCN(S(=O)(=O)c3cc4ccc(Cl)cc4s3)CC2=O)c1,2,0.0,0.0,0.0
CC(C)(C)OC(=O)NC(C(=O)N1CCC[C@H]1C(=O)N[C@H](C=O)CCCN=C(N)N)c1cccc2ccccc12,2,1.0,0.0,0.0
O=C1CN(S(=O)(=O)c2cc3ccc(Cl)cc3s2)CCN1Cc1cc2cnccc2n1CCO,2,0.0,0.0,0.0
Cl.N=C(N)c1ccc(CNC(=O)C2CC[C@H]3CC[C@@](O)(Cc4ccccc4)C(=O)N23)cc1,2,1.0,0.0,0.0
Cc1cc(C)cc(CNC(=O)c2cc3c(O)cccc3n2Cc2cccc(C(=N)N)c2)c1,2,1.0,0.0,0.0
O=C(Oc1cccc(Cl)n1)c1cc2cc(CCl)ccc2oc1=O,2,1.0,0.0,0.0
C[N+](C)(C)c1ccc(CNC(=O)c2cc3cc(O)ccc3n2Cc2cccc(C(=N)N)c2)cc1.O=C([O-])C(F)(F)F,2,0.0,0.0,0.0
Cc1ccc(NS(=O)(=O)Cc2ccccc2)c(=O)n1CC(=O)NCc1ccc2[nH]ncc2c1,2,0.0,0.0,0.0
O=S(=O)([O-])OC[C@@H]1O[C@H](O[C@H]2O[C@@H](COS(=O)(=O)[O-])[C@@H](O[C@@H]3O[C@@H](COS(=O)(=O)[O-])[C@@H](OS(=O)(=O)[O-])[C@H](OS(=O)(=O)[O-])[C@@H]3O[C@H]3O[C@@H](COS(=O)(=O)[O-])[C@H](OS(=O)(=O)[O-])[C@H](OS(=O)(=O)[O-])[C@@H]3OS(=O)(=O)[O-])[C@H](OS(=O)(=O)[O-])[C@@H]2OS(=O)(=O)[O-])[C@@H](OS(=O)(=O)[O-])[C@@H](OS(=O)(=O)[O-])[C@H]1OS(=O)(=O)[O-].[Na+].[Na+].[Na+].[Na+].[Na+].[Na+].[Na+].[Na+].[Na+].[Na+].[Na+].[Na+].[Na+].[Na+],3,0.0,0.0,0.0
CCCC(CCC)C(=O)N[C@@H](CC(=O)OC)C(=O)N1CCC[C@H]1C(=O)N[C@H](C=O)CC1CCCN(C(=N)N)C1,2,1.0,0.0,0.0
O=C(Oc1cccnc1)c1cc2cc(CCl)ccc2oc1=O,2,0.0,0.0,0.0
O=C(Oc1cncc(Cl)c1)c1cc2cc(CCl)ccc2oc1=O,2,0.0,0.0,0.0
N=C(N)N1CCCC(C[C@@H](C=O)NC(=O)CN2CCCC[C@H](NS(=O)(=O)Cc3ccccc3)C2=O)C1,2,1.0,0.0,0.0
O=C(Oc1ccccn1)c1cc2cc(CCl)ccc2oc1=O,2,0.0,0.0,0.0
N=C(N)NS(=O)(=O)c1ccc(N)cc1,2,0.0,0.0,0.0
O=S(=O)([O-])OC[C@@H]1O[C@@H](O[C@H]2O[C@@H](COS(=O)(=O)[O-])[C@@H](O[C@@H]3O[C@@H](CO[C@H]4O[C@@H](COS(=O)(=O)[O-])[C@H](OS(=O)(=O)[O-])[C@H](OS(=O)(=O)[O-])[C@@H]4OS(=O)(=O)[O-])[C@@H](OS(=O)(=O)[O-])[C@H](OS(=O)(=O)[O-])[C@@H]3OS(=O)(=O)[O-])[C@H](OS(=O)(=O)[O-])[C@@H]2OS(=O)(=O)[O-])[C@@H](OS(=O)(=O)[O-])[C@@H](OS(=O)(=O)[O-])[C@H]1OS(=O)(=O)[O-].[Na+].[Na+].[Na+].[Na+].[Na+].[Na+].[Na+].[Na+].[Na+].[Na+].[Na+].[Na+].[Na+].[Na+],2,0.0,0.0,0.0
Cc1cccc(OC(=O)c2cc3cc(CCl)ccc3oc2=O)n1,2,0.0,0.0,0.0
O=C(Oc1ccccc1)c1cc2cc(CCl)ccc2oc1=O,3,0.0,0.0,0.0
NC1CCC(CNC(=O)[C@@H]2CCCN2C(=O)CC(c2cccnc2)c2ccc3c(c2)OCO3)CC1.O=C(O)C(F)(F)F,3,1.0,0.0,0.0
O=C(Nc1ccc(Cl)cc1)c1cc(Cl)ccc1NC(=O)c1sc2ccccc2c1Cl,2,0.0,0.0,0.0
NC1CCC(CNC(=O)[C@@H]2CCCN2C(=O)CC(c2ccccc2)c2cccnc2)CC1.O=C(O)C(F)(F)F,3,0.0,0.0,0.0
NC1CCC(CNC(=O)[C@@H]2CCCN2C(=O)CC(c2ccccc2)C2CCCCC2)CC1.O=C(O)C(F)(F)F,2,1.0,0.0,0.0
Cl.NC1CCC(CNC(=O)[C@@H]2CCCN2C(=O)CC(C2CCCCC2)C2CCCCC2)CC1,2,0.0,0.0,0.0
NC1CCC(CNC(=O)[C@@H]2CCCN2C(=O)CC(c2ccccc2)c2ccncc2)CC1.O=C(O)C(F)(F)F,3,1.0,0.0,0.0
Cl.NC1CCC(CNC(=O)[C@@H]2CCCN2C(=O)CC2c3ccccc3C=Cc3ccccc32)CC1,2,0.0,0.0,0.0
NC1CCC(CNC(=O)[C@@H]2CCCN2C(=O)CC(c2ccccc2)c2ccccn2)CC1.O=C(O)C(F)(F)F,3,0.0,0.0,0.0
N=C(N)N1CCC[C@H](NC(=O)Cn2cccc(NS(=O)(=O)Cc3ccccc3)c2=O)C1O,2,1.0,0.0,0.0
NC1CCC(CNC(=O)[C@@H]2CCCN2C(=O)CC(c2ccccc2)c2ccccc2)CC1.O=C(O)C(F)(F)F,2,0.0,0.0,0.0
COc1cc(Cc2c(-c3ccc(NC(=O)CN4CCS(=O)(=O)CC4)cc3)sc3cc(O)ccc23)ccc1CN1CCCC1,2,1.0,0.0,0.0
CS(=O)(=O)N[C@@H](C(=O)N1CCC[C@H]1C(=O)NCc1ccc(C(=N)N)cc1)C(c1ccccc1)c1ccccc1,2,0.0,0.0,0.0
COc1cc(Cc2c(-c3ccc(OCCN4CCCC4)cc3)sc3ccccc23)ccc1OCCN1CCCC1,2,0.0,0.0,0.0
COc1cc(Cc2c(-c3ccc(CCN)cc3)sc3cc(O)ccc23)ccc1CN1CCCC1,2,1.0,0.0,0.0
COc1cc(Cc2c(-c3ccc(OCCN)cc3)sc3cc(O)ccc23)ccc1CN1CCCC1,2,1.0,0.0,0.0
COc1cc(Cc2c(-c3ccc(NC(=O)CN(C)C)cc3)sc3cc(O)ccc23)ccc1CN1CCCC1,2,1.0,0.0,0.0
COc1cc(Cc2c(-c3ccc(OCCN4CCCC4)nc3)sc3cc(O)ccc23)ccc1CN1CCCC1,3,0.0,0.0,0.0
CCCc1cc(Cc2c(-c3ccc(OCCN4CCCC4)cc3)sc3ccccc23)ccc1OCCN1CCCC1,2,0.0,0.0,0.0
COc1cc(Cc2c(-c3ccc(OCCN4CCCC4CO)cc3)sc3cc(O)ccc23)ccc1CN1CCCC1,2,1.0,0.0,0.0
COc1cc(Cc2c(-c3ccc(NC(=O)CN)cc3)sc3cc(O)ccc23)ccc1CN1CCCC1,2,1.0,0.0,0.0
COc1cc(Cc2c(-c3ccc(CCN4CCCC4)cc3)sc3cc(O)ccc23)ccc1CN1CCCC1,2,1.0,0.0,0.0
Cc1cc(Cc2c(-c3ccc(OCCN4CCCC4)cc3)sc3ccccc23)ccc1OCCN1CCCC1,2,0.0,0.0,0.0
CCCCc1cc(Cc2c(-c3ccc(OCCN4CCCC4)cc3)sc3ccccc23)ccc1OCCN1CCCC1,2,0.0,0.0,0.0
c1ccc2c(Cc3ccc(CN4CCCC4)cc3)c(-c3ccc(OCCN4CCCC4)cc3)sc2c1,2,0.0,0.0,0.0
COc1cc(Cc2c(-c3ccc(OCC(N)CO)cc3)sc3cc(O)ccc23)ccc1CN1CCCC1,2,1.0,0.0,0.0
Brc1cc(OCCN2CCCC2)ccc1Cc1c(-c2ccc(OCCN3CCCC3)cc2)sc2ccccc12,2,0.0,0.0,0.0
O=[N+]([O-])c1cc(Cc2c(-c3ccc(OCCN4CCCC4)cc3)sc3ccccc23)ccc1OCCN1CCCC1,2,0.0,0.0,0.0
Nc1cc(Cc2c(-c3ccc(OCCN4CCCC4)cc3)sc3ccccc23)ccc1OCCN1CCCC1,2,0.0,0.0,0.0
c1ccc2c(Cc3ccc(OCCCN4CCCC4)cc3)c(-c3ccc(OCCN4CCCC4)cc3)sc2c1,2,0.0,0.0,0.0
N=C(N)c1ccc(CNC(=O)N2CCN(C(=O)O[C@H]3CCC[C@@H](OC(=O)N4CCN(C(=O)NCc5ccc(C(=N)N)cc5)CC4)CCC3)CC2)cc1,2,0.0,0.0,0.0
c1ccc2c(Cc3ccc(CCN4CCCC4)cc3)c(-c3ccc(OCCN4CCCC4)cc3)sc2c1,2,0.0,0.0,0.0
N=C(N)c1ccc2cc(C(=O)Nc3ccccc3)ccc2c1,4,0.0,0.0,0.0
Brc1cc(Cc2c(-c3ccc(OCCN4CCCC4)cc3)sc3ccccc23)ccc1OCCN1CCCC1,2,0.0,0.0,0.0
CCc1cc(Cc2c(-c3ccc(OCCN4CCCC4)cc3)sc3ccccc23)ccc1OCCN1CCCC1,2,0.0,0.0,0.0
Oc1cc(Cc2c(-c3ccc(OCCN4CCCC4)cc3)sc3ccccc23)ccc1OCCN1CCCC1,2,0.0,0.0,0.0
CC(=O)N[C@H](CC1CCCCC1)C(=O)N1CCC[C@H]1C(=O)N[C@@H](CCCN=C(N)N)C(=O)Cc1ccccc1,2,1.0,0.0,0.0
NC(N)=NCCC[C@H](NC(=O)[C@@H]1CCCN1C(=O)[C@H](N)CC1CCCCC1)C(=O)C[n+]1ccccc1,2,1.0,0.0,0.0
Cc1ccc(NS(=O)(=O)Cc2ccccc2)c(=O)n1CC(=O)NC[C@H]1CC[C@H](N)CC1,3,1.0,0.0,0.0
CC(=O)N[C@H](Cc1ccccc1)C(=O)N1CCC[C@H]1C(=O)N[C@@H](CCCN=C(N)N)C(=O)C[n+]1ccccc1,2,1.0,0.0,0.0
O=C(c1ccc(OCCN2CCCC2)nc1)c1c(-c2ccc(OCCN3CCCC3)cc2)sc2ccccc12,3,0.0,0.0,0.0
Oc1ccc2c(Cc3ccc(OCCN4CCCC4)nc3)c(-c3ccc(OCCN4CCCC4)cc3)sc2c1,3,0.0,0.0,0.0
CC(=O)[C@H](CCCN=C(N)N)NC(=O)[C@@H]1CCCN1C(=O)[C@H](N)CC1CCCCC1,2,1.0,0.0,0.0
CC(=O)N[C@H](CC1CCCCC1)C(=O)N1CCC[C@H]1C(=O)N[C@@H](CCCN=C(N)N)C(=O)C[n+]1ccccc1,2,1.0,0.0,0.0
NC(N)=NCCC[C@H](NC(=O)[C@@H]1CCCN1C(=O)[C@H](N)CC1CCCCC1)C(=O)Cc1ccccc1,2,1.0,0.0,0.0
N=C(N)CCCCC1C(=O)O[C@H]2Cc3ccccc3[C@H]12,2,1.0,0.0,0.0
N=C(N)CCCCC1C(=O)O[C@H]2Cc3ccc(-c4ccc(O)cc4)cc3[C@H]12,2,1.0,0.0,0.0
N=C(N)N1CCC([C@H](NC(=O)[C@@H]2CC[C@H]3CN(C(=O)CCc4ccccc4)CC(=O)N32)C(=O)c2nccs2)CC1,2,1.0,0.0,0.0
NC(N)=NCCC[C@@H](C=O)NC(=O)[C@@H]1CCCN1C(=O)[C@H](N)Cc1ccccc1,3,1.0,0.0,0.0
N=C(N)c1ccc(CNC(=O)[C@@H]2CCCN2C(=O)[C@H](N)Cc2ccccc2)cc1,5,0.0,0.0,0.0
N=C(N)N1CCCC(C[C@H](NC(=O)[C@@H]2CC[C@H]3CN(C(=O)CCc4ccccc4)CC(=O)N32)C(=O)c2nccs2)C1,3,1.0,0.0,0.0
CS(=O)(=O)N[C@H](Cc1ccccc1)C(=O)N1CCC[C@H]1C(=O)NCC1CCN(C(=N)N)CC1,2,1.0,0.0,0.0
N=C(N)NCCCCNC(=O)[C@@H]1CCCN1C(=O)[C@H](CO)NS(=O)(=O)c1ccc2ccccc2c1,2,0.0,0.0,0.0
N=C(N)c1ccc(CNC(=O)[C@@H]2CC[C@H]3CC[C@@](O)(Cc4ccccc4)C(=O)N32)cc1,2,1.0,0.0,0.0
CO[C@H]1C[C@@](O)(Cc2ccccc2)C(=O)N2[C@H](C(=O)NCc3ccc(C(=N)N)cc3)CC[C@@H]12.Cl,2,1.0,0.0,0.0
Cn1c(Cc2ccc(C(=N)N)cc2)nc2cc(NS(=O)(=O)c3ccccc3)ccc21,2,0.0,0.0,0.0
C[C@]1(O)CC[C@@H]2CC[C@@H](C(=O)NCc3ccc(C(=N)N)cc3)N2C1=O.Cl,2,1.0,0.0,0.0
N/C(=N\O)N1CCC(CNC(=O)[C@@H]2CCCN2C(=O)[C@@H](Cc2ccccc2)NS(=O)(=O)Cc2ccccc2)CC1,4,1.0,0.0,0.0
N=C(N)N1CCCC(C[C@H](NC(=O)CN2CC(=O)N(CCCc3ccccc3)CC2=O)C(=O)c2nccs2)C1,2,1.0,0.0,0.0
Cc1cc(OCC2CCN(C(=N)N)CC2)cc(OS(=O)(=O)c2ccccc2Cl)c1,3,1.0,0.0,0.0
O=C(c1ccc(OCCN2CCCCC2)cc1)c1c(-c2ccc(OCCN3CCCC3)cc2)sc2ccccc12,2,0.0,0.0,0.0
NC1CCC(CNC(=O)[C@@H]2CCCN2C(=O)C2COc3ccccc3O2)CC1,2,1.0,0.0,0.0
N=C(N)N1CCCC(C[C@H](NC(=O)CN2C(=O)CN(CCCc3ccccc3)C(=O)[C@@H]2Cc2ccc3ccccc3c2)C(=O)c2nccs2)C1,2,1.0,0.0,0.0
COC(=O)N[C@@H](C(=O)N1CCC[C@H]1C(=O)NCC#Cc1c[nH]cn1)C(c1ccccc1)c1ccccc1,2,1.0,0.0,0.0
C=C(c1ccc(OCCN2CCCC2)cc1)c1c(-c2ccc(OCCN3CCCC3)cc2)sc2ccccc12,2,0.0,0.0,0.0
COc1ccc(C[C@H]2C(=O)N(CCCc3ccccc3)CC(=O)N2CC(=O)N[C@@H](CC2CCCN(C(=N)N)C2)C(=O)c2nccs2)cc1,2,1.0,0.0,0.0
CC(C)C[C@H]1C(=O)N(CCCc2ccccc2)CC(=O)N1CC(=O)N[C@@H](CC1CCCN(C(=N)N)C1)C(=O)c1nccs1,2,1.0,0.0,0.0
COC(=O)CC1(C(=O)Nc2ccc(-c3ccccc3S(N)(=O)=O)cc2)CC(c2cccc(C(=N)N)c2)=NO1.O=C(O)C(F)(F)F,5,0.0,0.0,0.0
COc1ccc2ccc(S(=O)(=O)N(C)[C@H]3CCN(Cc4cccc(C(=N)N)c4)C3=O)cc2c1,2,0.0,0.0,0.0
N=C(N)N1CCCC(C[C@H](NC(=O)CN2C(=O)CN(CCCc3ccccc3)C(=O)[C@@H]2Cc2cccnc2)C(=O)c2nccs2)C1,2,0.0,0.0,0.0
COC(=O)CC1(C(=O)Nc2ncc(-c3ccccc3S(N)(=O)=O)cn2)CC(c2cccc(C(=N)N)c2)=NO1.O=C(O)C(F)(F)F,5,0.0,0.0,0.0
NC1CCC(CNC(=O)[C@@H]2CCCN2C(=O)[C@@H](N)C2CCCCC2)CC1,2,1.0,0.0,0.0
N[C@@H](C(=O)N1CCC[C@H]1C(=O)NCC#Cc1c[nH]cn1)C(c1ccccc1)c1ccccc1,2,1.0,0.0,0.0
CCCC[C@H]1C(=O)N(CCCc2ccccc2)CC(=O)N1CC(=O)N[C@@H](CC1CCCN(C(=N)N)C1)C(=O)c1nccs1,2,1.0,0.0,0.0
O=C(c1ccc(CCCN2CCCC2)cc1)c1c(-c2ccc(OCCN3CCCC3)cc2)sc2ccccc12,2,0.0,0.0,0.0
COc1ccc2ccc(S(=O)(=O)N[C@H]3CCN(Cc4cccc(C(=N)N)c4)C3=O)cc2c1,3,0.0,0.0,0.0
CN1CC(=O)N(CC(=O)N[C@@H](CC2CCCN(C(=N)N)C2)C(=O)c2nccs2)[C@@H](Cc2ccc3ccccc3c2)C1=O,2,1.0,0.0,0.0
N=C(N)N1CCCC(C[C@H](NC(=O)CN2C(=O)CN(CCCc3ccccc3)C(=O)[C@@H]2CC2CCCCC2)C(=O)c2nccs2)C1,2,1.0,0.0,0.0
N=C(N)N1CCCC(C[C@H](NC(=O)CN2C(=O)CN(CCCc3ccccc3)C(=O)C2C(c2ccccc2)c2ccccc2)C(=O)c2nccs2)C1,2,0.0,0.0,0.0
N=C(N)N1CCCC(C[C@H](NC(=O)CN2C(=O)CN(CCCc3ccccc3)C(=O)[C@@H]2Cc2ccc(Cl)cc2)C(=O)c2nccs2)C1,2,1.0,0.0,0.0
N=C(N)N1CCC[C@@H](C[C@H](NC(=O)CN2C(=O)CN(CCCc3ccccc3)C(=O)[C@@H]2Cc2ccccc2)C(=O)c2nccs2)C1,3,1.0,0.0,0.0
COC(=O)CC1(C(=O)Nc2ccc(-c3ccccc3S(N)(=O)=O)cn2)CC(c2cccc(C(=N)N)c2)=NO1.O=C(O)C(F)(F)F,5,0.0,0.0,0.0
NC1CCC(CNC(=O)[C@@H]2CCCN2C(=O)C(Cc2ccc(O)cc2)c2ccccc2)CC1,2,1.0,0.0,0.0
N=C(N)N1CCCC(C[C@H](NC(=O)CN2C(=O)CN(CCCc3ccccc3)C(=O)[C@@H]2CCc2ccccc2)C(=O)c2nccs2)C1,2,1.0,0.0,0.0
CCS(=O)(=O)N[C@H](CC1CCCCC1)C(=O)N1CCC[C@H]1C(=O)N[C@@H](CC1CCNCC1)C(=O)c1nccs1,2,1.0,0.0,0.0
N=C(N)c1cccc(CN2CC[C@H](NS(=O)(=O)c3ccc(-c4ccccc4)cc3)C2=O)c1,2,0.0,0.0,0.0
CC(C)[C@H]1C(=O)N(CCCc2ccccc2)CC(=O)N1CC(=O)N[C@@H](CC1CCCN(C(=N)N)C1)C(=O)c1nccs1,2,0.0,0.0,0.0
CCC(C)[C@H]1C(=O)N(CCCc2ccccc2)CC(=O)N1CC(=O)N[C@@H](CC1CCCN(C(=N)N)C1)C(=O)c1nccs1,2,1.0,0.0,0.0
C[C@H]1C(=O)N(CCCc2ccccc2)CC(=O)N1CC(=O)N[C@@H](C[C@@H]1CCCN(C(=N)N)C1)C(=O)c1nccs1,3,1.0,0.0,0.0
COc1ccc2ccc(S(=O)(=O)N(C)[C@H]3CCN(Cc4csc(C(=N)N)c4)C3=O)cc2c1,3,0.0,0.0,0.0
COc1cc(C(O)C(=O)N2CCC[C@H]2C(=O)NCC2CCC(N)CC2)ccc1O,2,1.0,0.0,0.0
CN(Cc1ccccc1)C(=O)[C@H]1CCCC[C@@H]1C(=O)N[C@@H](C=O)CCCN=C(N)N,2,0.0,0.0,0.0
COC(=O)CC1(C(=O)Nc2ccc(C(=N)N)cc2)CC(c2cccc(C(=N)N)c2)=NO1,2,0.0,0.0,0.0
CN(Cc1ccccc1)C(=O)C1CCCCC1C(=O)N[C@@H](C=O)CCCN=C(N)N,2,0.0,0.0,0.0
CNC(Cc1ccccc1)C(=O)N[C@@H]1CCCC[C@H]1C(=O)N[C@@H](C=O)CCCN=C(N)N,2,0.0,0.0,0.0
CN(CCc1cccc2ccccc12)C(=O)[C@H]1CCCC[C@H]1C(=O)N[C@@H](C=O)CCCN=C(N)N,2,0.0,0.0,0.0
CN(Cc1ccccc1)C(=O)[C@@H]1CCCC[C@H]1C(=O)N[C@@H](C=O)CCCN=C(N)N,2,0.0,0.0,0.0
Cn1c(COc2ccc(C(=N)N)cc2)nc2cc(N(CC(=O)O)S(=O)(=O)c3cccc4cccnc34)ccc21,2,1.0,0.0,0.0
Cn1c(CNc2ccc(C(=N)N)cc2)nc2cc(C(=O)N(CCC(=O)O)c3ccccc3)ccc21,2,1.0,0.0,0.0
N=C(N)NCCCC(C=O)NC(=O)C1CCCN1C(=O)N[C@H](Cc1ccccc1)C(=O)O,2,1.0,0.0,0.0
Cn1c(CNc2ccc(C(=N)N)cc2)nc2cc(N(CC(=O)O)S(=O)(=O)c3cccc4cccnc34)ccc21,2,1.0,0.0,0.0
CN(CCc1ccccc1)C(=O)[C@@H]1CCCC[C@H]1C(=O)N[C@@H](C=O)CCCN=C(N)N,2,0.0,0.0,0.0
CN(CCc1ccccc1)C(=O)C1CCCCC1C(=O)N[C@@H](C=O)CCCN=C(N)N,2,0.0,0.0,0.0
CNC(Cc1ccccc1)C(=O)N[C@H]1CCCC[C@H]1C(=O)N[C@@H](C=O)CCCN=C(N)N,2,0.0,0.0,0.0
CCC1CCN(C(=O)[C@H](Cc2ccc(N)cc2)NS(=O)(=O)c2cnccc2N[C@H](COCCO)Cc2ccccc2)CC1,2,1.0,0.0,0.0
CN(C)C[C@H](Cc1ccccc1)Nc1ccncc1S(=O)(=O)N[C@@H](Cc1ccccc1)C(=O)N1CCC(CCF)CC1,2,1.0,0.0,0.0
CNC(Cc1ccccc1)C(=O)N[C@@H]1CCCC[C@@H]1C(=O)N[C@@H](C=O)CCCN=C(N)N,2,0.0,0.0,0.0
CN(CCC1CCCCC1)C(=O)[C@H]1CCCC[C@H]1C(=O)N[C@@H](C=O)CCCN=C(N)N,2,0.0,0.0,0.0
CNC(C(=O)N[C@H]1CCCC[C@H]1C(=O)N[C@@H](C=O)CCCN=C(N)N)c1ccccc1,2,0.0,0.0,0.0
N=C(N)NCCCC(C=O)NC(=O)C1CCCN1C(=O)C(=O)CCc1ccccc1,2,1.0,0.0,0.0
CNC(Cc1ccccc1)C(=O)N[C@H]1CCCC[C@@H]1C(=O)N[C@@H](C=O)CCCN=C(N)N,2,0.0,0.0,0.0
CNC(Cc1ccc2ccccc2c1)C(=O)N[C@H]1CCCC[C@H]1C(=O)N[C@@H](C=O)CCCN=C(N)N,2,1.0,0.0,0.0
Cn1c(CNc2ccc(C(=N)N)cc2)nc2cc(C(=O)N(CCC(=O)O)c3ccccn3)ccc21,25,1.0,0.0,0.0
CN(CCc1ccccc1)C(=O)[C@H]1CCCC[C@@H]1C(=O)N[C@@H](C=O)CCCN=C(N)N,2,0.0,0.0,0.0
CN(CCc1ccccc1)C(=O)[C@@H]1CCCC[C@@H]1C(=O)N[C@@H](C=O)CCCN=C(N)N,2,0.0,0.0,0.0
Cn1c(CCc2ccc(C(=N)N)cc2)nc2cc(N(CC(=O)O)S(=O)(=O)c3cccc4cccnc34)ccc21,2,1.0,0.0,0.0
O=C(Cn1c(Cl)cnc(NCC(F)(F)c2cccc[n+]2[O-])c1=O)NCc1cc(Cl)ccc1-n1cncn1,3,0.0,0.0,0.0
O=C(Cn1c(Cl)cnc(NCC(F)(F)c2ccccn2)c1=O)NCc1cc(Cl)ccc1-n1cncn1,3,0.0,0.0,0.0
O=C(Cn1c(Cl)cnc(NCC(F)(F)c2cccc[n+]2[O-])c1=O)NCc1cc(Cl)ccc1-n1cnnn1,4,0.0,0.0,0.0
N=C(N)NCCC[C@H](NC(=O)Cn1c(Cc2ccccc2)c(Cl)nc(NCCc2ccccc2)c1=O)C(=O)c1nccs1,2,1.0,0.0,0.0
N[C@@H](C(=O)N1CCC[C@H]1C(=O)NCc1cc(Cl)ccc1Cl)C(c1ccccc1)c1ccccc1,2,1.0,0.0,0.0
N=C(N)c1ccc2cc(C(=O)Nc3ccc(CN)cc3)ccc2c1,3,0.0,0.0,0.0
N[C@H](Cc1ccccc1)C(=O)N1CCC[C@H]1C(=O)NCc1cccc(Cl)c1,3,1.0,0.0,0.0
N=C(N)c1ccc(CNC(=O)Cn2c(-c3cccc(N)c3)c(Cl)nc(NC3CCC3)c2=O)cc1,2,0.0,0.0,0.0
O=C(Cn1c(Cl)cnc(NCC(F)(F)c2ccccn2)c1=O)NCc1cc(Cl)ccc1-n1cnnn1,3,0.0,0.0,0.0
NCC(=O)N1CCC[C@H]1C(=O)N[C@@H](CCCN=C(N)N)C(=O)N1CCC[C@H]1C(=O)N[C@@H](Cc1ccc([N+](=O)[O-])cc1)C(=O)O,2,0.0,0.0,0.0
N=C(N)N1CCc2ccc(OC(C(=O)O)c3ccc(OC4CCNCC4)cc3)cc2C1,2,0.0,0.0,0.0
CCOC(=O)C(Oc1ccc2c(c1)CN(C(=N)N)CC2)c1ccc(OC2CCN(C(C)=N)CC2)cc1,2,0.0,0.0,0.0
CC1(C)CC(=O)C=C(N2CC[C@H](Oc3ccc(C(Oc4ccc5c(c4)CN(C(=N)N)CC5)C(=O)O)cc3)C2)C1,2,0.0,0.0,0.0
CCOC(=O)C(Oc1ccc2c(c1)CN(C(=N)N)CC2)c1ccc(OC2CCOCC2)cc1,2,0.0,0.0,0.0
N=C(N)Nc1ccccc1,2,0.0,0.0,0.0
COC(=O)C(CSc1ccc(Cl)cc1)n1c(=O)n2n(c1=O)C(C(=O)NC[C@H]1CC[C@H](N)CC1)C=CC2,2,1.0,0.0,0.0
CN[C@@H](C(=O)N1CCC[C@H]1C(=O)N[C@@H](CCCNC(=N)N)C(=O)c1nc2ccccc2s1)C(c1ccccc1)c1ccccc1,3,0.0,0.0,0.0
CCOC(=O)C(Oc1ccc2c(c1)CN(C(=N)N)CC2)c1ccc(OC2CCN(C(=N)CC)CC2)cc1,2,0.0,0.0,0.0
CCOC(=O)C(Oc1ccc2c(c1)CN(C(=N)N)CC2)c1ccc(O[C@H]2CCNC2)cc1,2,0.0,0.0,0.0
NCC(=O)N1CCC[C@H]1C(=O)N[C@@H](CCCN=C(N)N)C(=O)N[C@@H](Cc1ccc([N+](=O)[O-])cc1)C(=O)O,2,0.0,0.0,0.0
Cc1nc(N)ccc1CNC(=O)C1C=CCn2c(=O)n(C(CSc3ccc(Br)cc3)C(=O)O)c(=O)n21,2,0.0,0.0,0.0
Cc1nc(N)ccc1CNC(=O)C1C=CCn2c(=O)n(C(CSc3ccccc3)C(=O)O)c(=O)n21,2,1.0,0.0,0.0
N[C@H]1CC[C@H](CNC(=O)C2C=CCn3c(=O)n(C(CSC4CCCCC4)C(=O)O)c(=O)n32)CC1,2,1.0,0.0,0.0
COC(=O)C(CSc1ccc(Cl)c(Cl)c1)n1c(=O)n2n(c1=O)C(C(=O)NCc1ccc(N)nc1C)C=CC2,2,1.0,0.0,0.0
Cc1nc(N)ccc1CNC(=O)C1C=CCn2c(=O)n(C(CSc3ccc(Cl)c(Cl)c3)C(=O)O)c(=O)n21,2,1.0,0.0,0.0
N[C@H]1CC[C@H](CNC(=O)C2C=CCn3c(=O)n(C(CSc4ccccc4)C(=O)O)c(=O)n32)CC1,2,1.0,0.0,0.0
COC(=O)C(CSc1ccc(Cl)cc1)n1c(=O)n2n(c1=O)C(C(=O)NCc1ccc(N)nc1C)C=CC2,2,1.0,0.0,0.0
Cc1nc(N)ccc1CNC(=O)C1C=CCn2c(=O)n(C(CSc3ccc(Cl)cc3)C(=O)O)c(=O)n21,2,1.0,0.0,0.0
COC(=O)C(CSc1ccc(OC)cc1)n1c(=O)n2n(c1=O)C(C(=O)NC[C@H]1CC[C@H](N)CC1)C=CC2,2,1.0,0.0,0.0
COC(=O)[C@@H](O)[C@H](CCCCN)NC(=O)[C@@H]1CCCN1C(=O)[C@H](N)Cc1ccccc1,2,0.0,0.0,0.0
N=C(N)N1CCc2ccc(OC(C(=O)O)c3ccc(O[C@H]4CCN(C(=N)N)C4)cc3)cc2C1,2,0.0,0.0,0.0
N=C(N)N1CCc2ccc(OC(C(=O)O)c3ccc(OC4CCOCC4)cc3)cc2C1,2,0.0,0.0,0.0
CN[C@H](Cc1ccccc1)C(=O)N1CCC[C@H]1C(=O)N[C@@H](CCCNC(=N)N)C(=O)c1nc2ccccc2n1C,3,1.0,0.0,0.0
CCOC(=O)C(Oc1ccc2c(c1)CN(C(=N)N)CC2)c1ccc(O[C@H]2CCN(C3=CC(=O)CC(C)(C)C3)C2)cc1,2,0.0,0.0,0.0
COC(=O)C(CSc1ccc(Cl)c(Cl)c1)n1c(=O)n2n(c1=O)C(C(=O)NC[C@H]1CC[C@H](N)CC1)C=CC2,2,1.0,0.0,0.0
Cc1nc(N)ccc1CNC(=O)C1C=CCn2c(=O)n(C(CSC3CCCCC3)C(=O)O)c(=O)n21,2,1.0,0.0,0.0
COC(=O)C(CSC1CCCCC1)n1c(=O)n2n(c1=O)C(C(=O)NC[C@H]1CC[C@H](N)CC1)C=CC2,2,1.0,0.0,0.0
CCOC(=O)C(Oc1ccc2c(c1)CN(C(=N)N)CC2)c1ccc(OC2CCN(C(C)=O)CC2)cc1,2,0.0,0.0,0.0
CC(=O)N1CCC(Oc2ccc(C(Oc3ccc4c(c3)CN(C(=N)N)CC4)C(=O)O)cc2)CC1,2,0.0,0.0,0.0
COc1ccc(SCC(C(=O)O)n2c(=O)n3n(c2=O)C(C(=O)NC[C@H]2CC[C@H](N)CC2)C=CC3)cc1,2,1.0,0.0,0.0
CN[C@H](Cc1ccccc1)C(=O)N1CCC[C@H]1C(=O)N[C@@H](CCCN=C(N)N)C(=O)c1nc2ccccc2s1,9,1.0,0.0,0.0
CN[C@H](Cc1ccccc1)C(=O)N1CCC[C@H]1C(=O)N[C@@H](CCCNC(=N)N)C(=O)c1nc2ccc(C(=O)O)cc2s1,2,1.0,0.0,0.0
CN[C@H](Cc1ccccc1)C(=O)N1CCC[C@H]1C(=O)N[C@@H](CCCN=C(N)N)C(=O)c1nc2c(s1)CCCC2,3,1.0,0.0,0.0
CN[C@H](Cc1ccccc1)C(=O)N1CCC[C@H]1C(=O)N[C@@H](CCCN=C(N)N)C(=O)c1nc2ccccc2[nH]1,2,1.0,0.0,0.0
CCOC(=O)C(Oc1ccc2c(c1)CN(C(=N)N)CC2)c1ccc(O[C@H]2CCN(C(C)=N)C2)cc1,2,0.0,0.0,0.0
N[C@H]1CC[C@H](CNC(=O)C2C=CCn3c(=O)n(C(CSc4ccc(Cl)cc4)C(=O)O)c(=O)n32)CC1,2,1.0,0.0,0.0
C=CCOC(=O)N1CC[C@H](Oc2ccc(C(Oc3ccc4c(c3)CN(C(=N)N)CC4)C(=O)OCC)cc2)C1,2,0.0,0.0,0.0
CCOC(=O)C(Oc1ccc2c(c1)CN(C(=N)N)CC2)c1ccc(OC2CCN(C(=N)N)CC2)cc1,2,0.0,0.0,0.0
COC(=O)C(CSc1ccc(Br)cc1)n1c(=O)n2n(c1=O)C(C(=O)NC[C@H]1CC[C@H](N)CC1)C=CC2,2,1.0,0.0,0.0
CN[C@H](Cc1ccccc1)C(=O)N1CCC[C@H]1C(=O)N[C@@H](CCCNC(=N)N)C(=O)c1nccn1C,5,1.0,0.0,0.0
CN[C@H](CC1CCCCC1)C(=O)N1CCC[C@H]1C(=O)N[C@@H](CCCN=C(N)N)C(=O)c1nc2ccccc2s1,2,0.0,0.0,0.0
C=CCN1CC[C@H](Oc2ccc(C(Oc3ccc4c(c3)CN(C(=N)N)CC4)C(=O)OCC)cc2)C1,2,0.0,0.0,0.0
COC(=O)C(CSc1ccc(OC)cc1)n1c(=O)n2n(c1=O)C(C(=O)NCc1ccc(N)nc1C)C=CC2,2,1.0,0.0,0.0
CN[C@H](Cc1ccccc1)C(=O)N1CCC[C@H]1C(=O)N[C@@H](CCCN=C(N)N)C(=O)c1nc2ccccc2o1,3,1.0,0.0,0.0
CCOC(=O)C(Oc1ccc2c(c1)CN(C(=N)N)CC2)c1ccc(OC2CCNCC2)cc1,2,0.0,0.0,0.0
COC(=O)C(CSc1ccccc1)n1c(=O)n2n(c1=O)C(C(=O)NC[C@H]1CC[C@H](N)CC1)C=CC2,2,1.0,0.0,0.0
COC(=O)C(CSC1CCCCC1)n1c(=O)n2n(c1=O)C(C(=O)NCc1ccc(N)nc1C)C=CC2,2,1.0,0.0,0.0
CCOC(=O)C(Oc1ccc2c(c1)CN(C(=N)N)CC2)c1ccc(OC2CCN(C(=N)c3ccc(OC)cc3)CC2)cc1,2,0.0,0.0,0.0
CN[C@H](Cc1ccccc1)C(=O)N1CCC[C@H]1C(=O)N[C@@H](CCCNC(=N)N)C(=O)c1cc2ccccc2s1,3,0.0,0.0,0.0
C[C@H](NC(=O)CCC(=O)O)C(=O)N[C@@H](C)C(=O)N1CCC[C@@H]1C(=O)N[C@H](CCCN=C(N)N)C(=O)Nc1ccc([N+](=O)[O-])cc1,2,0.0,0.0,0.0
N[C@H]1CC[C@H](CNC(=O)C2C=CCn3c(=O)n(C(CSc4ccc(Br)cc4)C(=O)O)c(=O)n32)CC1,2,1.0,0.0,0.0
COc1ccc(C(=N)N2CCC(Oc3ccc(C(Oc4ccc5c(c4)CN(C(=N)N)CC5)C(=O)O)cc3)CC2)cc1,2,0.0,0.0,0.0
COC(=O)C(CSc1ccc(Br)cc1)n1c(=O)n2n(c1=O)C(C(=O)NCc1ccc(N)nc1C)C=CC2,2,1.0,0.0,0.0
COc1ccc(SCC(C(=O)O)n2c(=O)n3n(c2=O)C(C(=O)NCc2ccc(N)nc2C)C=CC3)cc1,2,1.0,0.0,0.0
CC(=N)N1CC[C@H](Oc2ccc([C@H](Cc3ccc4ccc(C(=N)N)cc4c3)C(=O)O)cc2)C1.Cl,3,0.0,0.0,0.0
COC(=O)C(O)(OC)C(CCCCN)NC(=O)[C@@H]1CCCN1C(=O)[C@H](N)Cc1ccccc1.Cl.Cl,2,1.0,0.0,0.0
N[C@H]1CC[C@H](CNC(=O)C2C=CCn3c(=O)n(C(CSc4ccc(Cl)c(Cl)c4)C(=O)O)c(=O)n32)CC1,2,1.0,0.0,0.0
C=CCOC(=O)N1CCC(Oc2ccc(C(Oc3ccc4c(c3)CN(C(=N)N)CC4)C(=O)OCC)cc2)CC1,2,0.0,0.0,0.0
N=C(N)N1CCC(Oc2ccc(C(Oc3ccc4c(c3)CN(C(=N)N)CC4)C(=O)O)cc2)CC1,2,0.0,0.0,0.0
CCOC(=O)C(Oc1ccc2c(c1)CN(C(=N)N)CC2)c1ccc(O[C@H]2CCN(C(=N)N)C2)cc1,2,0.0,0.0,0.0
CC(=N)N1CC[C@H](Oc2ccc(C(Oc3ccc4c(c3)CN(C(=N)N)CC4)C(=O)O)cc2)C1,2,0.0,0.0,0.0
N=C(N)c1ccc2[nH]c(Cc3ccccc3)cc2c1,2,1.0,0.0,0.0
CN[C@H](Cc1ccccc1)C(=O)N1CCC[C@H]1C(=O)N[C@@H](CCCN=C(N)N)C(=O)c1nccs1,5,1.0,0.0,0.0
COC(=O)C(CSc1ccccc1)n1c(=O)n2n(c1=O)C(C(=O)NCc1ccc(N)nc1C)C=CC2,2,1.0,0.0,0.0
CN[C@H](Cc1ccccc1)C(=O)N1CCC[C@H]1C(=O)N[C@@H](CCCNC(=N)N)C(=O)c1ccccn1,5,1.0,0.0,0.0
CC(=N)N1CCC(Oc2ccc(C(Oc3ccc4c(c3)CN(C(=N)N)CC4)C(=O)O)cc2)CC1,2,0.0,0.0,0.0
N=C(N)N1CCc2ccc(OC(C(=O)O)c3ccc(O[C@H]4CCNC4)cc3)cc2C1,2,0.0,0.0,0.0
NCc1ccccc1-n1nc(C(F)(F)F)cc1C(=O)Nc1ccc(-c2ccccc2S(N)(=O)=O)cc1F,2,0.0,0.0,0.0
N[C@@H](C(=O)N1CCC[C@H]1C(=O)NCc1cc(Cl)ccc1OCC(=O)NC1CC1)C1CCCCC1,2,1.0,0.0,0.0
N=C(N)c1ccc(C(NC(=O)OCc2ccccc2)P(=O)(Oc2ccccc2)Oc2ccccc2)cc1,4,0.0,0.0,0.0
CCN(CC)C(=O)CN[C@@H](C(=O)N1CCC[C@H]1C(=O)NCc1cc(Cl)ccc1Cl)C1CCCCC1,2,1.0,0.0,0.0
CC1CNc2c(cccc2S(=O)(=O)N[C@@H](CCCNC(N)N)C(=O)N2CC[C@H](C)C[C@@H]2C(=O)O)C1,3,1.0,0.0,0.0
CC(C)Nc1ccc(-c2cccc(N)c2)c(CC(=O)NCc2ccc(C(=N)N)cc2)c1F,3,1.0,0.0,0.0
CC(=O)N1CCC[C@H]1C(=O)NC(CCCN=C(N)N)C(=O)c1nc2ccccc2s1,2,0.0,0.0,0.0
N=C(N)NCCCCC(=O)c1nc2ccccc2s1,2,0.0,0.0,0.0
N=C(N)NCCCC(NC=O)C(=O)c1nc2ccccc2s1,2,0.0,0.0,0.0
N=C(N)NCCCC(NC(=O)C1CCCC1)C(=O)c1nc2ccccc2s1,3,0.0,0.0,0.0
N=C(N)NCCCC(NC(=O)[C@@H]1CCCN1)C(=O)c1nc2ccccc2s1,2,0.0,0.0,0.0
CN[C@H](Cc1ccccc1)C(=O)N[C@H](C(=O)NC(CCCN=C(N)N)C(=O)c1nc2ccccc2s1)C(C)C,3,1.0,0.0,0.0
CN[C@H](Cc1ccccc1)C(=O)N1CCCC[C@H]1C(=O)NC(CCCN=C(N)N)C(=O)c1nc2ccccc2s1,2,1.0,0.0,0.0
CN[C@H](Cc1ccccc1)C(=O)N1CCC[C@H]1C(=O)N[C@H](CCCN=C(N)N)C(=O)c1nc2ccccc2s1,3,1.0,0.0,0.0
CN[C@H](Cc1ccccc1)C(=O)N1CCC[C@H]1C(=O)N[C@@](C)(CCCN=C(N)N)C(=O)c1nc2ccccc2s1,2,0.0,0.0,0.0
CN[C@H](Cc1ccccc1)C(=O)N1CCC[C@H]1C(=O)N(C)[C@@H](CCCN=C(N)N)C(=O)c1nc2ccccc2s1,2,0.0,0.0,0.0
CN[C@H](Cc1ccccc1)C(=O)N1CCC[C@H]1C(=O)N[C@@H](CCCCNC(=N)N)C(=O)c1nc2ccccc2s1,2,0.0,0.0,0.0
CN[C@H](Cc1ccccc1)C(=O)N1CCC[C@H]1C(=O)N[C@@H](Cc1ccc(C(=N)N)cc1)C(=O)c1nc2ccccc2s1,2,0.0,0.0,0.0
CN[C@H](Cc1ccccc1)C(=O)N1CCC[C@H]1C(=O)N[C@@H](Cc1cccc(C(=N)N)c1)C(=O)c1nc2ccccc2s1,3,1.0,0.0,0.0
CN[C@H](Cc1ccccc1)C(=O)N1CCC[C@H]1C(=O)N[C@H](Cc1cccc(C(=N)N)c1)C(=O)c1nc2ccccc2s1,2,1.0,0.0,0.0
CN[C@H](Cc1ccccc1)C(=O)N1CCC[C@H]1C(=O)N[C@@H](C[C@@H]1CCCN(C(=N)N)C1)C(=O)c1nc2ccccc2s1,3,1.0,0.0,0.0
CN[C@H](Cc1ccccc1)C(=O)N1CCC[C@H]1C(=O)N[C@@H](C[C@H]1CCCN(C(=N)N)C1)C(=O)c1nc2ccccc2s1,2,1.0,0.0,0.0
CN[C@H](Cc1ccccc1)C(=O)N1CCC[C@H]1C(=O)N[C@H](C[C@H]1CCCN(C(=N)N)C1)C(=O)c1nc2ccccc2s1,2,0.0,0.0,0.0
CN[C@H](Cc1ccccc1)C(=O)N1CCC[C@H]1C(=O)N[C@@H](CCCCN)C(=O)c1nc2ccccc2s1,3,1.0,0.0,0.0
CN[C@H](Cc1ccccc1)C(=O)N1CCC[C@H]1C(=O)N[C@H](CCCCN)C(=O)c1nc2ccccc2s1,2,0.0,0.0,0.0
CNCCCC[C@H](NC(=O)[C@@H]1CCCN1C(=O)[C@@H](Cc1ccccc1)NC)C(=O)c1nc2ccccc2s1,2,0.0,0.0,0.0
CNCCCC[C@@H](NC(=O)[C@@H]1CCCN1C(=O)[C@@H](Cc1ccccc1)NC)C(=O)c1nc2ccccc2s1,2,0.0,0.0,0.0
CN[C@H](Cc1ccccc1)C(=O)N1CCC[C@H]1C(=O)N[C@H](C(=O)c1nc2ccccc2s1)[C@H]1CC[C@H](CN)CC1,2,0.0,0.0,0.0
CN[C@H](Cc1ccccc1)C(=O)N1CCC[C@H]1C(=O)N[C@@H](C(=O)c1nc2ccccc2s1)C1CCC(CN)CC1,2,0.0,0.0,0.0
CN[C@H](Cc1ccccc1)C(=O)N1CCC[C@H]1C(=O)N[C@@H](CCCOC)C(=O)c1nc2ccccc2s1,2,0.0,0.0,0.0
CCCC[C@H](NC(=O)[C@@H]1CCCN1C(=O)[C@@H](Cc1ccccc1)NC)C(=O)c1nc2ccccc2s1,2,0.0,0.0,0.0
CN[C@H](Cc1ccccc1)C(=O)N1CCC[C@H]1C(=O)N[C@@H](Cc1ccccc1)C(=O)c1nc2ccccc2s1,2,0.0,0.0,0.0
CN[C@H](Cc1ccccc1)C(=O)N1CCC[C@H]1C(=O)N[C@@H](CCCN=C(N)N)Cc1nc2ccccc2s1,2,0.0,0.0,0.0
CN[C@H](Cc1ccccc1)C(=O)N1CCC[C@H]1C(=O)N[C@H](CCCN=C(N)N)Cc1nc2ccccc2s1,2,0.0,0.0,0.0
CN[C@H](Cc1ccccc1)C(=O)N1CCC[C@H]1C(=O)N[C@@H](CCCN=C(N)N)C(O)c1nc2ccccc2s1,4,0.0,0.0,0.0
CN[C@H](Cc1ccccc1)C(=O)N1CCC[C@H]1C(=O)NC(CCCN=C(N)N)C(=O)c1cc2ccccc2s1,2,0.0,0.0,0.0
CN[C@H](Cc1ccccc1)C(=O)N1CCC[C@H]1C(=O)NC(CCCN=C(N)N)C(=O)c1nc2ccccc2[nH]1,2,1.0,0.0,0.0
CN[C@H](Cc1ccccc1)C(=O)N1CCC[C@H]1C(=O)NC(CCCN=C(N)N)C(=O)c1nc2ccccc2n1C,2,1.0,0.0,0.0
CN[C@H](Cc1ccccc1)C(=O)N1CCC[C@H]1C(=O)NC(CCCN=C(N)N)C(=O)c1nc2ccccc2o1,2,1.0,0.0,0.0
CN[C@H](Cc1ccccc1)C(=O)N1CCC[C@H]1C(=O)NC(CCCN=C(N)N)C(=O)c1nc(O)c2ccccc2n1,2,1.0,0.0,0.0
CN[C@H](Cc1ccccc1)C(=O)N1CCC[C@H]1C(=O)NC(CCCN=C(N)N)C(=O)c1nc(C(=O)O)cs1,2,1.0,0.0,0.0
CCOC(=O)c1csc(C(=O)C(CCCN=C(N)N)NC(=O)[C@@H]2CCCN2C(=O)[C@@H](Cc2ccccc2)NC)n1,2,1.0,0.0,0.0
CN[C@H](Cc1ccccc1)C(=O)N1CCC[C@H]1C(=O)NC(CCCN=C(N)N)C(=O)c1nc(C(=O)NCCc2ccccc2)cs1,2,1.0,0.0,0.0
CN[C@H](Cc1ccccc1)C(=O)N1CCC[C@H]1C(=O)NC(CCCN=C(N)N)C(=O)c1nc2c(s1)CCCC2,2,1.0,0.0,0.0
CN[C@H](Cc1ccccc1)C(=O)N1CCC[C@H]1C(=O)NC(CCCN=C(N)N)C(=O)c1nc2ccc3ccccc3c2s1,2,1.0,0.0,0.0
CN[C@H](Cc1ccccc1)C(=O)N1CCC[C@H]1C(=O)NC(CCCN=C(N)N)C(=O)c1nc2ccc(OC)cc2s1,2,1.0,0.0,0.0
CN[C@H](Cc1ccccc1)C(=O)N1CCC[C@H]1C(=O)NC(CCCN=C(N)N)C(=O)c1nc2ccc(O)cc2s1,2,1.0,0.0,0.0
CN[C@H](Cc1ccccc1)C(=O)N1CCC[C@H]1C(=O)NC(CCCN=C(N)N)C(=O)c1nc2ccc(F)cc2s1,2,1.0,0.0,0.0
CN[C@H](Cc1ccccc1)C(=O)N1CCC[C@H]1C(=O)NC(CCCN=C(N)N)C(=O)c1nc2ccc(CO)cc2s1,2,1.0,0.0,0.0
CN[C@H](Cc1ccccc1)C(=O)N1CCC[C@H]1C(=O)NC(CCCN=C(N)N)C(=O)c1nc2ccc(C(N)=O)cc2s1,2,1.0,0.0,0.0
CN[C@H](Cc1ccccc1)C(=O)N1CCC[C@H]1C(=O)NC(CCCN=C(N)N)C(=O)c1nc2ccc(C(=O)OC)cc2s1,3,1.0,0.0,0.0
CN[C@H](Cc1ccccc1)C(=O)N1CCC[C@H]1C(=O)NC(CCCN=C(N)N)C(=O)c1nc2ccc(C(=O)O)cc2s1,4,1.0,0.0,0.0
CN[C@H](Cc1ccccc1)C(=O)N1CCC[C@H]1C(=O)NC(C(=O)c1nc2ccccc2s1)C1CCC(N)CC1,2,0.0,0.0,0.0
CCS(=O)(=O)N[C@H](Cc1ccccc1)C(=O)N1CCC[C@H]1C(=O)NC(C(=O)c1nc2ccccc2s1)C1CCC(N)CC1,2,1.0,0.0,0.0
CN[C@H](Cc1ccccc1)C(=O)N1CCC[C@H]1C(=O)N[C@H](CC(=O)c1nc2ccccc2s1)[C@H]1CC[C@H](N)CC1,2,0.0,0.0,0.0
CN[C@H](Cc1ccccc1)C(=O)N1CCC[C@H]1C(=O)N[C@@H](CC(=O)c1nc2ccccc2s1)[C@H]1CC[C@H](N)CC1,2,0.0,0.0,0.0
Cc1cccc(C(C)(C)CN(CC(=O)N[C@@H](CCCN=C(N)N)C(=O)c2nc3ccccc3s2)C(=O)CCc2ccccc2)c1,2,0.0,0.0,0.0
N=C(N)NCCC[C@H](NC(=O)CN1CCCC[C@H](NS(=O)(=O)Cc2ccccc2)C1=O)C(=O)c1nc2ccccc2s1,2,1.0,0.0,0.0
CCCC(CCC)C(=O)N[C@@H](CC(=O)OC)C(=O)N1CCC[C@H]1C(=O)N[C@@H](CCCNC(=N)N)C(=O)c1nc2ccccc2s1,3,1.0,0.0,0.0
CS(=O)(=O)CC[C@H](NS(=O)(=O)Cc1ccccc1)C(=O)N1CCC[C@H]1C(=O)N[C@@H](CCCNC(=N)N)C(=O)c1nc2ccccc2s1,3,1.0,0.0,0.0
N=C(N)NCCC[C@H](NC(=O)[C@@H]1CCCN1C(=O)[C@H](CO)NS(=O)(=O)c1cccc2ccccc12)C(=O)c1nc2ccccc2s1,4,1.0,0.0,0.0
CS(=O)(=O)c1ccccc1-c1ccc(NC(=O)c2cc(C(F)(F)F)nn2-c2ccc3onc(N)c3c2)c(F)c1,2,0.0,0.0,0.0
CS(=O)(=O)c1ccccc1-c1ccc(NC(=O)c2cc(C(F)(F)F)nn2-c2cccc(CN)c2)c(F)c1,4,0.0,0.0,0.0
CN(C)Cc1nccn1-c1ccc(NC(=O)c2cc(C(F)(F)F)nn2-c2ccc3onc(N)c3c2)c(F)c1.Cl,4,1.0,0.0,0.0
NC(N)=NCCCC(NC(=O)[C@@H]1CCCN1C(=O)[C@H](N)Cc1ccccc1)C(=O)c1nc2ccccc2s1,2,1.0,0.0,0.0
CN[C@H](Cc1ccc(F)cc1)C(=O)N1CCC[C@H]1C(=O)NC(CCCN=C(N)N)C(=O)c1nc2ccccc2s1,2,1.0,0.0,0.0
CN[C@H](Cc1c(F)c(F)c(F)c(F)c1F)C(=O)N1CCC[C@H]1C(=O)NC(CCCN=C(N)N)C(=O)c1nc2ccccc2s1,2,1.0,0.0,0.0
CN[C@H](CC1CCCCC1)C(=O)N1CCC[C@H]1C(=O)NC(CCCN=C(N)N)C(=O)c1nc2ccccc2s1,3,1.0,0.0,0.0
CC(=O)N[C@H](Cc1ccccc1)C(=O)N1CCC[C@H]1C(=O)NC(CCCN=C(N)N)C(=O)c1nc2ccccc2s1,2,1.0,0.0,0.0
CCS(=O)(=O)N[C@H](Cc1ccccc1)C(=O)N1CCC[C@H]1C(=O)NC(CCCN=C(N)N)C(=O)c1nc2ccccc2s1,3,1.0,0.0,0.0
C[C@@](N)(Cc1ccccc1)C(=O)N1CCC[C@H]1C(=O)NC(CCCN=C(N)N)C(=O)c1nc2ccccc2s1,2,1.0,0.0,0.0
N=C(N)NCCCC(NC(=O)[C@@H]1CCCN1C(=O)[C@@H](CC1CCCCC1)NCC(=O)O)C(=O)c1nc2ccccc2s1,2,1.0,0.0,0.0
CN[C@@H](C(=O)N1CCC[C@H]1C(=O)NC(CCCN=C(N)N)C(=O)c1nc2ccccc2s1)C(c1ccccc1)c1ccccc1,2,1.0,0.0,0.0
N=C(N)NCCCC(NC(=O)[C@@H]1CCCN1C(=O)CC(c1ccccc1)c1ccccc1)C(=O)c1nc2ccccc2s1,3,1.0,0.0,0.0
CN[C@@H](C(=O)N1CCC[C@H]1C(=O)NC(CCCN=C(N)N)C(=O)c1nc2ccccc2s1)c1ccccc1,2,1.0,0.0,0.0
CN[C@@H](C(=O)N1CCC[C@H]1C(=O)NC(CCCN=C(N)N)C(=O)c1nc2ccccc2s1)C1CCCCC1,3,0.0,0.0,0.0
CNC1(C(=O)N2CCC[C@H]2C(=O)NC(CCCN=C(N)N)C(=O)c2nc3ccccc3s2)CCCCC1,2,1.0,0.0,0.0
CNC(C(=O)N1CCC[C@H]1C(=O)NC(CCCN=C(N)N)C(=O)c1nc2ccccc2s1)(c1ccccc1)c1ccccc1,2,1.0,0.0,0.0
N=C(N)NCCCC(NC(=O)[C@@H]1CCCN1C(=O)C(O)C1c2ccccc2-c2ccccc21)C(=O)c1nc2ccccc2s1,2,1.0,0.0,0.0
CC(C)(C)[C@@H](O)C(=O)N1CC[C@H]1C(=O)NCc1cc(Cl)ccc1CN,2,0.0,0.0,0.0
CC(C)(C1CC1)[C@@H](O)C(=O)N1CC[C@H]1C(=O)NCc1cc(Cl)ccc1CN,2,0.0,0.0,0.0
CC(C)N1CC[C@@H](NC(=O)c2cc3ccccc3n2Cc2cc(-c3ccc(Cl)s3)on2)C1,3,0.0,0.0,0.0
O=C(NC1CCN(c2ccncc2)CC1)c1cc2ccccc2n1Cc1cc(-c2ccc(Cl)s2)on1,3,0.0,0.0,0.0
O=C(c1cc2ccccc2n1Cc1cc(-c2ccc(Cl)s2)on1)N1CCC(Nc2ccncc2)CC1,3,0.0,0.0,0.0
O=C(NC1CN(c2ccncc2)C1)c1cc2ccccc2n1Cc1cc(-c2ccc(Cl)s2)on1,3,1.0,0.0,0.0
NCc1ccc(Cl)cc1CNC(=O)[C@@H]1CCCN1C(=O)CO,2,0.0,0.0,0.0
CC(C)N1CCC(NC(=O)c2cc3ccccc3n2Cc2cc3ccc(Cl)cc3s2)CC1,3,0.0,0.0,0.0
CC(C)N1CCC(NC(=O)c2cc3ccccc3n2Cc2cc(-c3ccc(Cl)s3)on2)CC1,6,0.0,0.0,0.0
CC(C)N1CCC(NC(=O)c2cc3ccccc3n2CC(=O)Nc2ccc(Cl)cc2)CC1,3,0.0,0.0,0.0
C[C@](O)(C(=O)N1CCC[C@H]1C(=O)NCc1cc(Cl)ccc1CN)c1ccccc1,2,0.0,0.0,0.0
C[C@@](O)(C(=O)N1CCC[C@H]1C(=O)NCc1cc(Cl)ccc1CN)c1ccccc1,2,0.0,0.0,0.0
NCc1ccc(Cl)cc1CNC(=O)[C@@H]1CCCN1C(=O)[C@H](O)c1ccccc1,2,0.0,0.0,0.0
NCc1ccc(Cl)cc1CNC(=O)[C@@H]1CCCN1C(=O)[C@H](O)C1CCCCC1,2,0.0,0.0,0.0
CC(C)[C@@H](O)C(=O)N1CCC[C@H]1C(=O)NCc1cc(Cl)ccc1CN,2,0.0,0.0,0.0
CC(C)N1CCC(NC(=O)c2cc3ccccc3n2CC(=O)Nc2ccc(Cl)cn2)CC1,3,0.0,0.0,0.0
CN1CCC(NC(=O)c2cc3ccccc3n2Cc2cc(-c3ccc(Cl)s3)on2)CC1,3,0.0,0.0,0.0
CC(C)(C)[C@@H](O)C(=O)N1CCC[C@H]1C(=O)NCc1cc(Cl)ccc1CN,3,1.0,0.0,0.0
CCN1CCC(NC(=O)c2cc3ccccc3n2Cc2cc(-c3ccc(Cl)s3)on2)CC1,3,0.0,0.0,0.0
CCCN1CCC(NC(=O)c2cc3ccccc3n2Cc2cc(-c3ccc(Cl)s3)on2)CC1,2,0.0,0.0,0.0
O=C(NC1CCN(C2CC2)CC1)c1cc2ccccc2n1Cc1cc(-c2ccc(Cl)s2)on1,3,0.0,0.0,0.0
NCc1ccc(Cl)cc1CNC(=O)[C@@H]1CCCN1C(=O)C1(O)c2ccccc2-c2cccnc21,2,1.0,0.0,0.0
NCc1ccc(Cl)cc1CNC(=O)[C@@H]1CCCN1C(=O)C1(O)c2ccccc2-c2ccncc21,2,1.0,0.0,0.0
NCc1ccc(Cl)cc1CNC(=O)[C@@H]1CCCN1C(=O)C1(O)c2ccccc2-c2cnccc21,2,1.0,0.0,0.0
NCc1ccc(Cl)cc1CNC(=O)[C@@H]1CCCN1C(=O)C1(O)c2ccccc2-c2ncccc21,2,1.0,0.0,0.0
NCc1ccc(Cl)cc1CNC(=O)[C@@H]1CCCN1C(=O)C1(O)c2ccccc2-c2ccc[n+]([O-])c21,2,1.0,0.0,0.0
NCc1ccc(Cl)cc1CNC(=O)[C@@H]1CCCN1C(=O)C1(O)c2ccccc2-c2cc[n+]([O-])cc21,2,1.0,0.0,0.0
NCc1ccc(Cl)cc1CNC(=O)[C@@H]1CCCN1C(=O)C1(O)c2ccccc2-c2c[n+]([O-])ccc21,2,1.0,0.0,0.0
NCc1ccc(Cl)cc1CNC(=O)[C@@H]1CCCN1C(=O)C1(O)c2ccccc2-c2c1ccc[n+]2[O-],2,1.0,0.0,0.0
NCc1ccc(Cl)cc1CNC(=O)[C@@H]1CCCN1C(=O)C1(O)c2cc(Cl)ccc2-c2ncccc21,2,1.0,0.0,0.0
Clc1cccc(Cc2nc3c(NCCC4CCCCN4)nccc3o2)c1,2,1.0,0.0,0.0
O=C(Oc1cc(Cl)ccc1Cl)c1cc2cc(CCl)ccc2oc1=O,6,0.0,0.0,0.0
O=C(Oc1cccc(Cl)c1)c1cc2cc(CCl)ccc2oc1=O,5,0.0,0.0,0.0
Cc1nc[nH]c1CNC(=O)Cn1c(C)ccc(NS(=O)(=O)Cc2ccccc2)c1=O,2,1.0,0.0,0.0
Cc1[nH]cnc1/C=C/CNC(=O)[C@@H]1CCCN1C(=O)[C@H](N)C(c1ccccc1)c1ccccc1,2,0.0,0.0,0.0
COc1cc(C)c(S(=O)(=O)NC[C@@H](O)[C@@H](N)Cc2ccccc2)c(C)c1C,2,0.0,0.0,0.0
Clc1ccc(-n2cnnn2)cc1,3,0.0,0.0,0.0
COc1ccc(S(=O)(=O)NC[C@@H](O)[C@H](Cc2ccccc2)NCc2cc(Cl)ccc2-n2cnnn2)cc1,2,1.0,0.0,0.0
N=C(N)c1ccc2[nH]c(Cc3nc4ccccc4[nH]3)nc2c1,2,0.0,0.0,0.0
N=C(N)c1ccc2[nH]c(Cc3ccccn3)nc2c1,2,0.0,0.0,0.0
N=C(N)c1ccc2[nH]c(-c3nc4ccccc4[nH]3)nc2c1,2,0.0,0.0,0.0
N=C(N)c1ccc2[nH]c(-c3ccccn3)nc2c1,2,0.0,0.0,0.0
CN(C)Cc1nccn1-c1ccc(NC(=O)c2cc(C(F)(F)F)nn2-c2ccc3onc(N)c3c2)c(F)c1,7,1.0,0.0,0.0
N=C(N)c1ccc(CNC(=O)[C@@H]2C=CCN2C(=O)[C@@H](CC2CCCCC2)NCC(=O)O)cc1,2,1.0,0.0,0.0
N=C(N)c1ccc(CNC(=O)[C@@H]2C=CCN2C(=O)[C@@H](CC2CCCCC2)NCC(=O)O)s1,2,1.0,0.0,0.0
N=C(N)c1ccc(CNC(=O)[C@@H]2C=CCN2C(=O)[C@@H](CC2CCCCC2)NCC(=O)O)cn1,2,1.0,0.0,0.0
N=C(N)c1ccc2[nH]c(-c3cccc(-c4cc(CNC(N)=O)ccc4O)c3O)nc2c1,2,0.0,0.0,0.0
CCOC(=O)N[C@@H](CCCCN)C(=O)c1noc(Cc2ccc(OCCc3ccccc3)cc2)n1,2,0.0,0.0,0.0
N=C(N)c1cccc(C[C@H](NS(=O)(=O)c2cccc(NC(=O)CCN)c2)C(=O)N2CCC(CCN)CC2)c1,2,0.0,0.0,0.0
N=C(N)NCCC1CCN(C(=O)[C@H](Cc2cccc(C(=N)N)c2)NS(=O)(=O)c2cccc(NC(=O)CCN)c2)CC1,2,0.0,0.0,0.0
CC(C)[C@@H](NCC(=O)O)C(=O)NC1(C(=O)NCc2ccc(C(=N)N)cc2)Cc2cccnc2C1,2,0.0,0.0,0.0
N=C(N)c1ccc(CNC(=O)C2(NC(=O)[C@H](NCC(=O)O)C3CCCCC3)Cc3ccccc3C2)cc1,3,0.0,0.0,0.0
Nc1noc2ccc(-n3nc(C(F)(F)F)c4c3C(=O)N(c3ccc(-c5ccccc5CN5CC[C@@H](O)C5)cc3)CC4)cc12,2,1.0,0.0,0.0
C[C@H](NC(=O)[C@@H](CO)NS(=O)(=O)Cc1ccccc1)C(=O)NC(Cc1ccc(NC(=N)N)cc1)P(=O)(Oc1ccccc1)Oc1ccccc1,2,1.0,0.0,0.0
CC(C)[C@H](NC(=O)[C@H](CCCNC(N)=O)NC(=O)N[C@H](C)c1ccc(Br)cc1)C(=O)N[C@@H](CCCNC(=N)N)C(=O)c1nccs1,2,0.0,0.0,0.0
CC(C)[C@H](NC(=O)[C@H](Cc1ccc(O)cc1)NC(=O)N[C@H](C)c1ccc(Br)cc1)C(=O)N[C@@H](CCCNC(=N)N)C(=O)c1nccs1,2,0.0,0.0,0.0
CC(C)C[C@H](NC(=O)NCc1ccc(Cl)cc1Cl)C(=O)N[C@H](C(=O)N[C@@H](CCCNC(=N)N)C(=O)c1nccs1)C(C)C,2,1.0,0.0,0.0
CC(C)C[C@H](NC(=O)NCc1ccc(Cl)c(Cl)c1)C(=O)N[C@H](C(=O)N[C@@H](CCCNC(=N)N)C(=O)c1nccs1)C(C)C,2,0.0,0.0,0.0
CC(C)CNC(=O)c1ccc(-c2ccccc2C(=O)Nc2ccc(C(=N)N)cc2)c(C(=O)O)c1,2,1.0,0.0,0.0
CN1CCN(Cc2csc(C(=O)Nc3ccc(Cl)cc3C(=O)Nc3ccc(Cl)cc3)c2Cl)CC1,2,1.0,0.0,0.0
CCNC(=O)COc1ccc(Cl)cc1OC(=O)c1cc2cc(CCl)ccc2oc1=O,4,0.0,0.0,0.0
COc1ccc(-n2nc(C(N)=O)c3c2C(=O)N(c2ccc(N4CCCCC4=O)cc2)CC3)cc1,5,0.0,0.0,0.0
N=C(N)NCCCC(NC(=O)OCc1ccccc1)P(=O)(Oc1ccccc1)Oc1ccccc1,3,0.0,0.0,0.0
N=C(N)c1ccc(CCC(NC(=O)OCc2ccccc2)P(=O)(Oc2ccccc2)Oc2ccccc2)cc1,2,0.0,0.0,0.0
N=C(N)Nc1ccc(CC(NC(=O)OCc2ccccc2)P(=O)(Oc2ccccc2)Oc2ccccc2)cc1,3,0.0,0.0,0.0
C[C@@H](C(=O)N1CCOCC1)N1CC[C@H](NS(=O)(=O)/C=C/c2ccc(Cl)s2)C1=O,2,1.0,0.0,0.0
C/C(=C\S(=O)(=O)N[C@H]1CCN([C@@H](C)C(=O)N2CCOCC2)C1=O)c1ccc(Cl)s1,2,1.0,0.0,0.0
C[C@@H](C(=O)N1CCOCC1)N1CC[C@H](NS(=O)(=O)CCc2ccc(Cl)s2)C1=O,2,1.0,0.0,0.0
CN1CCc2nc(C(=O)N[C@@H]3CCCC[C@@H]3NC(=O)c3cc4cc(Cl)ccc4[nH]3)sc2C1,2,0.0,0.0,0.0
N=C(N)NOCCNC(=O)Cc1c(Cl)ccc(NCC(F)(F)c2ccccc2)c1F,2,1.0,0.0,0.0
Cc1cccc(S(=O)(=O)Nc2ccc(C)n(CC(=O)NCCONC(=N)N)c2=O)c1,4,1.0,0.0,0.0
N#Cc1ccc(NCC(F)(F)c2ccccn2)c(F)c1CC(=O)NCCONC(=N)N,2,1.0,0.0,0.0
CC[C@@H](C)[C@@H]1NC(=O)C(=O)[C@H](CCCNC(=N)N)NC(=O)[C@@H]2CCCN2C(=O)[C@@H](NC(=O)[C@H](C)NC(=O)Cc2ccccc2)CNC(=O)/C=C/[C@H](Cc2ccc(O)cc2)NC1=O,2,1.0,0.0,0.0
O=C(Nc1ccccc1)c1cc2cc(Cl)cc(Br)c2oc1=O,2,0.0,0.0,0.0
CN1CC(C)(COc2ccc(C(=N)N)cc2)Oc2ccc(N(Cc3ccccc3)C(=O)C(=O)O)cc21,2,1.0,0.0,0.0
CCOC(=O)C(=O)N(Cc1ccccc1)c1ccc2c(c1)N(C)CC(C)(COc1ccc(C(=N)N)cc1)O2,2,1.0,0.0,0.0
CN1CC(C)(COc2ccc(C(=N)N)cc2)Oc2cc(N(Cc3ccccc3)C(=O)C(=O)O)ccc21,2,1.0,0.0,0.0
CCOC(=O)C(=O)N(Cc1ccccc1)c1ccc2c(c1)OC(C)(COc1ccc(C(=N)N)cc1)CN2C,2,1.0,0.0,0.0
CCOC(=O)CN(Cc1ccccc1)c1ccc2c(c1)N(C)CC(C)(COc1ccc(C(=N)N)cc1)O2,2,1.0,0.0,0.0
CCOC(=O)CN(Cc1ccccc1)c1ccc2c(c1)OC(C)(COc1ccc(C(=N)N)cc1)CN2C,2,1.0,0.0,0.0
Cc1cn([C@H]2C[C@H](OP(=O)(O)OC[C@H]3O[C@@H](n4cnc5c(=O)[nH]c(N)nc54)[C@H](O)[C@@H]3OP(=O)(O)OC[C@H]3O[C@@H](n4cnc5c(=O)[nH]c(N)nc54)[C@H](O)[C@@H]3OP(=O)(O)OC[C@H]3O[C@@H](n4cc(C)c(=O)[nH]c4=O)C[C@@H]3OP(=O)(O)OC[C@H]3O[C@@H](n4cc(C)c(=O)[nH]c4=O)C[C@@H]3OP(=O)(O)OC[C@H]3O[C@@H](n4cnc5c(=O)[nH]c(N)nc54)[C@H](O)[C@@H]3OP(=O)(O)OC[C@H]3O[C@@H](n4cnc5c(=O)[nH]c(N)nc54)[C@H](O)[C@@H]3O)[C@@H](COP(=O)(O)O[C@H]3[C@@H](O)[C@H](n4cnc5c(=O)[nH]c(N)nc54)O[C@@H]3COP(=O)(O)O[C@H]3C[C@H](n4cc(C)c(=O)[nH]c4=O)O[C@@H]3COP(=O)(O)O[C@H]3[C@@H](O)[C@H](n4cnc5c(=O)[nH]c(N)nc54)O[C@@H]3COP(=O)(O)O[C@H]3[C@@H](O)[C@H](n4cnc5c(=O)[nH]c(N)nc54)O[C@@H]3COP(=O)(O)O[C@H]3C[C@H](n4cc(C)c(=O)[nH]c4=O)O[C@@H]3COP(=O)(O)O[C@H]3C[C@H](n4cc(C)c(=O)[nH]c4=O)O[C@@H]3COP(=O)(O)O[C@H]3[C@@H](O)[C@H](n4cnc5c(=O)[nH]c(N)nc54)O[C@@H]3COP(=O)(O)O[C@H]3[C@@H](O)[C@H](n4cnc5c(=O)[nH]c(N)nc54)O[C@@H]3CO)O2)c(=O)[nH]c1=O,3,1.0,0.0,0.0
CO[C@H](COS(=O)(=O)[O-])C(=O)N[C@H](CC(C)C)C(=O)N1[C@H](C(=O)NCCC2=CC[N+](=C(N)N)C2)C[C@@H]2C[C@H](O)[C@@H](O)C[C@@H]21,3,1.0,0.0,0.0
COc1ccccc1C(=O)n1nc(-c2ccco2)nc1SC,2,1.0,0.0,0.0
CSc1nc(-c2ccco2)nn1C(=O)c1ccccc1,2,1.0,0.0,0.0
CSc1nc(-c2ccco2)nn1C(=O)c1ccc(C)cc1,2,1.0,0.0,0.0
COc1ccc(C(=O)n2nc(-c3ccco3)nc2SC)cc1OC,2,1.0,0.0,0.0
Cc1ccc(C(=O)n2nc(-c3ccco3)nc2N)cc1,2,1.0,0.0,0.0
COc1ccc(C(=O)n2nc(-c3ccco3)nc2N)cc1,2,1.0,0.0,0.0
Nc1nc(-c2ccco2)nn1C(=O)c1ccccc1,2,1.0,0.0,0.0
Nc1nc(-c2ccco2)nn1C(=O)c1ccc(Cl)cc1,2,0.0,0.0,0.0
COc1ccc(C(=O)n2nc(-c3ccco3)nc2N)cc1OC,2,0.0,0.0,0.0
COc1ccccc1C(=O)n1nc(-c2ccco2)nc1N,2,0.0,0.0,0.0
Nc1nc(-c2ccco2)nn1C(=O)c1ccccc1Cl,2,0.0,0.0,0.0
CN(C)C(=N)c1ccc(C(=O)Nc2ccc(Cl)cc2C(=O)Nc2ccc(Cl)cn2)cc1,4,0.0,1.0,0.0
COc1ccc(NC(=O)c2ccc(C(=N)N(C)C)cc2)c(C(=O)Nc2ccc(Cl)cn2)c1,7,1.0,0.0,0.0
CN(C)C(=N)c1ccc(C(=O)Nc2ccc(Cl)cc2C(=O)Nc2ccc(Cl)cn2)c(F)c1,3,0.0,0.0,0.0
COc1ccc(NC(=O)c2ccc(C(=N)N(C)C)cc2F)c(C(=O)Nc2ccc(Cl)cn2)c1,3,0.0,0.0,0.0
CC[C@H](CC[C@@H](C)[C@H]1CC[C@H]2[C@@H]3CC=C4C[C@@H](O)CC[C@]4(C)[C@H]3CC[C@]12C)C(C)C,15,0.0,0.0,0.0
Oc1cc(O)c2c(c1)O[C@H](c1ccc(O)c(O)c1)[C@@H](O)C2,13,0.0,0.0,0.0
N=C(N)c1ccc(CNC(=O)CN2C(=O)[C@@H](NC(=O)CCC(=O)O)CSc3ccccc32)cc1.O=C(O)C(F)(F)F,2,0.0,0.0,0.0
N=C(N)c1ccc(CNC(=O)CN2C(=O)[C@@H](NS(=O)(=O)Cc3ccccc3)CSc3ccccc32)cc1.O=C(O)C(F)(F)F,2,1.0,0.0,0.0
N=C(N)N1CC=C(CCNC(=O)[C@@H]2C[C@@H]3CC[C@@H](O)C[C@@H]3N2C(=O)[C@@H](Cc2ccccc2)NC(=O)[C@H](O)Cc2ccccc2)C1,2,1.0,0.0,0.0
COc1cc2oc(C)c(C(=O)O)c2cc1O,2,0.0,0.0,0.0
COc1cc2oc(C)c(C(=O)O)c2cc1OS(=O)(=O)O,2,0.0,0.0,0.0
COc1cc2c(C(=O)O)c(C)oc2cc1OS(=O)(=O)O,3,0.0,0.0,0.0
Cc1oc2cc(OS(=O)(=O)O)c(OS(=O)(=O)O)cc2c1C(=O)O,2,0.0,0.0,0.0
COc1cc2oc(C)c(CCC(=O)[O-])c2cc1O.[Na+],2,0.0,0.0,0.0
COc1cc2oc(C)c(CCC(=O)[O-])c2cc1OS(=O)(=O)O.[Na+],2,0.0,0.0,0.0
Cc1oc2cc(O)c(O)cc2c1C(=O)O,2,0.0,0.0,0.0
Cc1cc2cc(/N=C(/NC#N)N[C@H]3CCCCN(CC(=O)N4CCCC4)C3=O)ccc2o1,2,0.0,0.0,0.0
Cc1cc2cc(N/C(=N\C(=O)c3ccc(C(=O)N(C)C)nc3)N[C@H]3CCCCN(CC(=O)N4CCCC4)C3=O)ccc2o1,2,0.0,0.0,0.0
COC(=O)[C@@H]1CCCN1C(=O)[C@@H](Cc1ccccc1)N(C)C(=O)[C@H](C)NC(=O)[C@@H](NC(=O)C[C@H](O)[C@H](CC(C)C)NC(=O)[C@H](CC(N)=O)NC(=O)[C@H](CC(C)C)NC(=O)[C@H](OC(=O)[C@@H](OC(=O)[C@H](C(C)C)N(C)C)C(C)C)C(C)C)[C@@H](C)O,2,0.0,0.0,0.0
CO[C@H](COS(=O)(=O)[O-])C(=O)N[C@@H](C(=O)N1[C@H](C(=O)NCCC2=CC[N+](=C(N)N)C2)C[C@@H]2C[C@H](O)[C@@H](O)C[C@@H]21)[C@H](Cl)C(C)C,2,0.0,0.0,0.0
CCC(=O)N1CCC[C@H]1C(=O)NCc1cccc(Cl)c1,2,0.0,0.0,0.0
CCCC(=O)N1CCC[C@H]1C(=O)NCc1cccc(Cl)c1,2,0.0,0.0,0.0
CC(C)CC(=O)N1CCC[C@H]1C(=O)NCc1cccc(Cl)c1,2,0.0,0.0,0.0
CC(C)CCC(=O)N1CCC[C@H]1C(=O)NCc1cccc(Cl)c1,2,0.0,0.0,0.0
O=C(NCc1cccc(Cl)c1)[C@@H]1CCCN1C(=O)CC1CCCCC1,2,0.0,0.0,0.0
O=C(NCc1cccc(Cl)c1)[C@@H]1CCCN1C(=O)CCc1ccccc1,2,0.0,0.0,0.0
C[C@@H](N)C(=O)N1CCC[C@H]1C(=O)NCc1cccc(Cl)c1.Cl,2,0.0,0.0,0.0
CC[C@@H](N)C(=O)N1CCC[C@H]1C(=O)NCc1cccc(Cl)c1.Cl,2,0.0,0.0,0.0
CC(C)[C@@H](N)C(=O)N1CCC[C@H]1C(=O)NCc1cccc(Cl)c1.Cl,2,0.0,0.0,0.0
Cl.N[C@@H](C(=O)N1CCC[C@H]1C(=O)NCc1cccc(Cl)c1)C1CCCCC1,2,1.0,0.0,0.0
Cl.N[C@H](Cc1ccccc1)C(=O)N1CCC[C@H]1C(=O)NCc1cccc(Cl)c1,2,1.0,0.0,0.0
N#Cc1cnc(NCC(F)(F)c2ccccc2)c(=O)n1CC(=O)NCCONC(=N)N,2,1.0,0.0,0.0
Cc1cnc(NCC(F)(F)c2ccccc2)c(=O)n1CC(=O)NCCONC(=N)N,3,1.0,0.0,0.0
CC(C)(CC(=O)N1CCCC1)NCC(=O)N1C[C@@H](F)C[C@H]1C#N,2,0.0,0.0,0.0
CCCCCC(=O)N[C@@H](CCC(=O)O)C(=O)N[C@@H]1C(=O)N[C@@H](CCCNC(=N)N)C(=O)N[C@H]2CC[C@@H](O)N(C2=O)[C@@H](Cc2ccccc2)C(=O)N(C)[C@@H](Cc2ccc(O)cc2)C(=O)N[C@@H](C(C)C)C(=O)O[C@@H]1C,2,0.0,0.0,0.0
CCS(=O)(=O)N1C[C@H](C(=O)Nc2ccc(Cl)cn2)[C@@H](C(=O)Nc2ccc(-n3ccccc3=O)cc2F)C1,3,0.0,0.0,0.0
O=C(Nc1ccc(Cl)cn1)[C@H]1CN(CC(F)F)C[C@@H]1C(=O)Nc1ccc(-n2ccccc2=O)cc1F,3,0.0,0.0,0.0
CC(C)N1C[C@H](C(=O)Nc2ccc(Cl)cn2)[C@@H](C(=O)Nc2ccc(-n3ccccc3=O)cc2F)C1,3,0.0,0.0,0.0
COC(=O)N1C[C@H](C(=O)Nc2ccc(Cl)cn2)[C@@H](C(=O)Nc2ccc(-n3ccccc3=O)cc2F)C1,3,0.0,0.0,0.0
Cn1c(CNc2ccc(C(=N)N)cc2)nc2cc([C@@](C)(NCC(=O)O)C(=O)N3CCCC3)ccc21,3,1.0,0.0,0.0
CC(C)C[C@@H]1NC(=O)[C@@H](C2CCCCC2)NC(=O)CCCCCc2[nH]c3ccc(Cl)cc3c2CNC1=O,2,0.0,0.0,0.0
CC(C)C[C@@H]1NC(=O)[C@@H](C2CCCCC2)NS(=O)(=O)CC/C=C/Cc2[nH]c3ccc(Cl)cc3c2CNC1=O,2,0.0,0.0,0.0
O=C1COc2ccc(Cl)cc2CNC(=O)[C@@H]2CCCN2C(=O)[C@@H](C2CCCCC2)NC(=O)CCN1,2,1.0,0.0,0.0
Oc1ccc2c(c1)CCN(CCCCc1ccccc1)CC2O,2,0.0,0.0,0.0
COc1ccccc1C(=O)n1nc(-c2cccnc2)nc1N,2,1.0,0.0,0.0
O=c1oc(-c2ccccc2[N+](=O)[O-])nc2ccccc12,4,0.0,0.0,0.0
CCC(=O)n1nc(-c2cccnc2)nc1NCc1ccc(F)cc1,2,1.0,0.0,0.0
COC(=O)c1n[nH]c(NC(=O)c2ccc(Cl)cc2)n1,2,0.0,0.0,0.0
COC(=O)c1n[nH]c(NC(=O)c2ccccc2Cl)n1,2,0.0,0.0,0.0
COc1ccccc1C(=O)n1nc(-c2cccnc2)nc1NCc1ccccc1,4,0.0,0.0,0.0
Cc1cc(=O)oc2cc(OC(=O)c3ccco3)ccc12,4,0.0,0.0,0.0
COc1ccc(-c2cc(=O)c3c(O)cc(O[C@@H]4O[C@H](CO[C@@H]5O[C@@H](C)[C@H](OS(=O)(=O)O)[C@@H](OS(=O)(=O)O)[C@H]5OS(=O)(=O)O)[C@@H](OS(=O)(=O)O)[C@H](OS(=O)(=O)O)[C@H]4OS(=O)(=O)O)cc3o2)cc1O,2,0.0,0.0,0.0
COc1ccc([C@@H]2CC(=O)c3c(O)cc(O[C@@H]4O[C@H](CO[C@@H]5O[C@@H](C)[C@H](OS(=O)(=O)O)[C@@H](OS(=O)(=O)O)[C@H]5OS(=O)(=O)O)[C@@H](OS(=O)(=O)O)[C@H](OS(=O)(=O)O)[C@H]4OS(=O)(=O)O)cc3O2)cc1O,2,0.0,0.0,0.0
C[C@H]1O[C@@H](OC[C@@H]2O[C@H](Oc3c(-c4ccc(OCCOS(=O)(=O)O)c(OCCOS(=O)(=O)O)c4)oc4cc(OCCOS(=O)(=O)O)cc(O)c4c3=O)[C@@H](OS(=O)(=O)O)[C@H](OS(=O)(=O)O)[C@H]2OS(=O)(=O)O)[C@@H](OS(=O)(=O)O)[C@@H](OS(=O)(=O)O)[C@@H]1OS(=O)(=O)O,2,0.0,0.0,0.0
C[C@H]1O[C@@H](OC[C@@H]2O[C@H](Oc3c(-c4ccc(OS(=O)(=O)O)c(OS(=O)(=O)O)c4)oc4cc(OS(=O)(=O)O)cc(OS(=O)(=O)O)c4c3=O)[C@@H](OS(=O)(=O)O)[C@H](OS(=O)(=O)O)[C@H]2OS(=O)(=O)O)[C@@H](OS(=O)(=O)O)[C@@H](OS(=O)(=O)O)[C@@H]1OS(=O)(=O)O,2,0.0,0.0,0.0
C[C@@H](O)[C@H](NC(=O)[C@@H](N)Cc1ccc(O)cc1)C(=O)N[C@@H](CCCCNC(=N)N)C(=O)Cc1ccccc1,2,0.0,0.0,0.0
CC(=O)N[C@@H](Cc1ccc(O)cc1)C(=O)N[C@H](C(=O)N[C@@H](CCCCNC(=N)N)C(=O)Cc1ccccc1)[C@@H](C)O,2,0.0,0.0,0.0
CC(C)C[C@H](NC(=O)[C@H](Cc1ccccc1)NS(=O)(=O)Cc1ccccc1)C(=O)N[C@@H](CCCCNC(=N)N)C(=O)Cc1ccccc1,2,0.0,0.0,0.0
N=C(N)NCCCC[C@H](NC(=O)[C@H](Cc1ccccc1)NC(=O)[C@@H](N)Cc1ccccc1)C(=O)Cc1ccccc1,2,0.0,0.0,0.0
CC(=O)N[C@@H](Cc1ccccc1)C(=O)N[C@@H](Cc1ccccc1)C(=O)N[C@@H](CCCCNC(=N)N)C(=O)Cc1ccccc1,2,0.0,0.0,0.0
N=C(N)NCCCC[C@H](NC(=O)[C@H](Cc1ccccc1)NC(=O)[C@H](Cc1ccccc1)NS(=O)(=O)Cc1ccccc1)C(=O)Cc1ccccc1,2,0.0,0.0,0.0
N=C(N)NCCCC[C@H](NC(=O)[C@H](Cc1ccccc1)NC(=O)[C@@H](Cc1ccccc1)NS(=O)(=O)Cc1ccccc1)C(=O)Cc1ccccc1,2,0.0,0.0,0.0
N=C(N)NCCCC[C@H](NC(=O)[C@H](Cc1ccccc1)NC(=O)[C@H](Cc1ccccc1)NC(=O)OCc1ccccc1)C(=O)Cc1ccccc1,2,0.0,0.0,0.0
N=C(N)NCCCC[C@H](NC(=O)[C@H](Cc1ccccc1)NC(=O)[C@@H](Cc1ccccc1)NC(=O)OCc1ccccc1)C(=O)Cc1ccccc1,2,0.0,0.0,0.0
CCOC(=O)CN(Cc1cccc(F)c1)c1ccc2c(c1)N(C)CC(C)(COc1ccc(C(=N)N)cc1)O2,2,1.0,0.0,0.0
CCOC(=O)CN(Cc1ccc(F)cc1)c1ccc2c(c1)N(C)CC(C)(COc1ccc(C(=N)N)cc1)O2,2,1.0,0.0,0.0
CCOC(=O)CN(Cc1ccc(F)c(F)c1)c1ccc2c(c1)N(C)CC(C)(COc1ccc(C(=N)N)cc1)O2,2,1.0,0.0,0.0
CCOC(=O)CN(Cc1cc(F)cc(F)c1)c1ccc2c(c1)N(C)CC(C)(COc1ccc(C(=N)N)cc1)O2,2,1.0,0.0,0.0
CCOC(=O)C(=O)N(Cc1cccc(F)c1)c1ccc2c(c1)N(C)CC(C)(COc1ccc(C(=N)N)cc1)O2,2,1.0,0.0,0.0
CCOC(=O)C(=O)N(Cc1ccc(F)cc1)c1ccc2c(c1)N(C)CC(C)(COc1ccc(C(=N)N)cc1)O2,2,1.0,0.0,0.0
CCOC(=O)C(=O)N(Cc1ccc(F)c(F)c1)c1ccc2c(c1)N(C)CC(C)(COc1ccc(C(=N)N)cc1)O2,2,1.0,0.0,0.0
CCOC(=O)C(=O)N(Cc1cc(F)cc(F)c1)c1ccc2c(c1)N(C)CC(C)(COc1ccc(C(=N)N)cc1)O2,2,1.0,0.0,0.0
CCOC(=O)CN(Cc1cccc(F)c1)c1ccc2c(c1)OC(C)(COc1ccc(C(=N)N)cc1)CN2C,2,1.0,0.0,0.0
CCOC(=O)CN(Cc1ccc(F)cc1)c1ccc2c(c1)OC(C)(COc1ccc(C(=N)N)cc1)CN2C,2,1.0,0.0,0.0
CCOC(=O)CN(Cc1ccc(F)c(F)c1)c1ccc2c(c1)OC(C)(COc1ccc(C(=N)N)cc1)CN2C,2,1.0,0.0,0.0
CCOC(=O)CN(Cc1cc(F)cc(F)c1)c1ccc2c(c1)OC(C)(COc1ccc(C(=N)N)cc1)CN2C,2,1.0,0.0,0.0
CCOC(=O)c1c(C)oc2cc(OC)c(OS(=O)(=O)[O-])cc12.[Na+],2,0.0,0.0,0.0
COC(=O)c1c(C)oc2cc(OC)c(OS(=O)(=O)[O-])cc12.[Na+],2,0.0,0.0,0.0
COc1cc2oc(C)c(C(=O)OC(C)(C)C)c2cc1OS(=O)(=O)[O-].[Na+],2,0.0,0.0,0.0
COCCOC(=O)c1c(C)oc2cc(OC)c(OS(=O)(=O)[O-])cc12.[Na+],2,0.0,0.0,0.0
CCOC(=O)c1c(C)oc2cc(OCC)c(OS(=O)(=O)[O-])cc12.[Na+],2,0.0,0.0,0.0
CCOC(=O)c1c(C)oc2cc(OC(C)C)c(OS(=O)(=O)[O-])cc12.[Na+],2,0.0,0.0,0.0
CCOC(=O)c1c(C)oc2cc(OCOC)c(OS(=O)(=O)[O-])cc12.[Na+],2,0.0,0.0,0.0
CCOC(=O)c1c(C)oc2cc(OC(=O)N3CCOCC3)c(OS(=O)(=O)[O-])cc12.[Na+],2,0.0,0.0,0.0
CCOC(=O)c1c(C)oc2cc(OC(=O)c3ccc(OC)cc3)c(OS(=O)(=O)[O-])cc12.[Na+],4,0.0,0.0,0.0
C=CCOC(=O)c1c(C)oc2cc(OC)c(OS(=O)(=O)[O-])cc12.[Na+],2,0.0,0.0,0.0
COc1cc2oc(C)c(C(=O)N3CCOCC3)c2cc1OS(=O)(=O)[O-].[Na+],2,0.0,0.0,0.0
COc1cc2oc(C)c(C(=O)N3CCCCC3)c2cc1OS(=O)(=O)[O-].[Na+],2,0.0,0.0,0.0
CCOC(=O)c1c(CN2CCOCC2)oc2cc(OC)c(OS(=O)(=O)[O-])cc12.[Na+],2,0.0,0.0,0.0
CCOC(=O)c1c(C)oc2cc(OC)c(OCc3oc4cc(OC)c(OS(=O)(=O)[O-])cc4c3C(=O)OCC)cc12.[Na+],5,0.0,0.0,0.0
COC(=O)c1c(C)oc2cc(OC)c(OCc3oc4cc(OC)c(OS(=O)(=O)[O-])cc4c3C(=O)OC)cc12.[Na+],2,0.0,0.0,0.0
COc1cc2oc(C)c(C(=O)OC(C)(C)C)c2cc1OCc1oc2cc(OC)c(OS(=O)(=O)[O-])cc2c1C(=O)OC(C)(C)C.[Na+],2,0.0,0.0,0.0
COCCOC(=O)c1c(C)oc2cc(OC)c(OCc3oc4cc(OC)c(OS(=O)(=O)[O-])cc4c3C(=O)OCCOC)cc12.[Na+],2,0.0,0.0,0.0
CCOC(=O)c1c(C)oc2cc(OCC)c(OCc3oc4cc(OCC)c(OS(=O)(=O)[O-])cc4c3C(=O)OCC)cc12.[Na+],2,0.0,0.0,0.0
CCOC(=O)c1c(C)oc2cc(OC(C)C)c(OCc3oc4cc(OC(C)C)c(OS(=O)(=O)[O-])cc4c3C(=O)OCC)cc12.[Na+],2,0.0,0.0,0.0
CCOC(=O)c1c(COc2cc3c(C(=O)OCC)c(CN4CCOCC4)oc3cc2OC)oc2cc(OC)c(OS(=O)(=O)[O-])cc12.[Na+],2,0.0,0.0,0.0
COc1cc2oc(C)c(C(=O)O)c2cc1OCc1oc2cc(OC)c(OS(=O)(=O)[O-])cc2c1C(=O)O.[Na+],2,0.0,0.0,0.0
CCOC(=O)c1c(C)oc2cc(OCc3oc4cc(OC)c(OS(=O)(=O)[O-])cc4c3C(=O)OCC)c(OS(=O)(=O)[O-])cc12.[Na+].[Na+],2,0.0,0.0,0.0
CCOC(=O)c1c(C)oc2cc(OC)c(OCc3oc4cc(OS(=O)(=O)[O-])c(OS(=O)(=O)[O-])cc4c3C(=O)OCC)cc12.[Na+].[Na+],2,0.0,0.0,0.0
CCOC(=O)c1c(C)oc2cc(OCc3oc4cc(OC)c(OS(=O)(=O)[O-])cc4c3C(=O)OCC)c(OC)cc12.[Na+],2,0.0,0.0,0.0
O=S(=O)(/C=C/c1cccc(Cl)c1)Nc1cccc(OCc2cn(Cc3cc4ccccc4s3)nn2)c1,3,0.0,0.0,0.0
O=[N+]([O-])c1cccc(/C=C/S(=O)(=O)Nc2cccc(OCc3cn(Cc4cc5ccccc5s4)nn3)c2)c1,2,0.0,0.0,0.0
O=S(=O)(/C=C/c1cccc(C(F)(F)F)c1)Nc1cccc(OCc2cn(Cc3cc4ccccc4s3)nn2)c1,2,0.0,0.0,0.0
Nc1cccc(/C=C/S(=O)(=O)Nc2cccc(OCc3cn(Cc4cc5ccccc5s4)nn3)c2)c1,2,0.0,0.0,0.0
O=S(=O)(/C=C/c1cccc(F)c1)Nc1cccc(OCc2cn(Cc3cc4ccccc4s3)nn2)c1,2,0.0,0.0,0.0
O=[N+]([O-])c1cccc(/C=C/S(=O)(=O)Nc2cccc(OCc3cn(Cc4cc5ccccc5[nH]4)nn3)c2)c1,2,0.0,0.0,0.0
O=[N+]([O-])c1cccc(/C=C/S(=O)(=O)Nc2cccc(OCc3cn(Cc4nc5ccccc5s4)nn3)c2)c1,2,0.0,0.0,0.0
O=S(=O)(/C=C/c1cccc(Cl)c1)Nc1cccc(OCc2cn(Cc3nc4ccccc4s3)nn2)c1,2,0.0,0.0,0.0
Cc1cccc(/C=C/S(=O)(=O)Nc2cccc(-c3nnn(Cc4cccc(Cl)c4)n3)c2)c1,2,0.0,0.0,0.0
O=S(=O)(/C=C/c1cccc(Cl)c1)Nc1cccc(OCc2cn(Cc3cc4ccccc4[nH]3)nn2)c1,2,0.0,0.0,0.0
O=S(=O)(/C=C/c1cccc(Cl)c1)Nc1cccc(OCc2cn(Cc3ccsc3Br)nn2)c1,2,0.0,0.0,0.0
O=S(=O)(/C=C/c1cccc(Cl)c1)Nc1cccc(OCc2cn(Cc3ccccc3)nn2)c1,2,0.0,0.0,0.0
O=S(=O)(/C=C/c1cccc(Cl)c1)Nc1cccc(OCc2cn(Cc3ccsc3)nn2)c1,2,0.0,0.0,0.0
O=S(=O)(/C=C/c1cccc(Cl)c1)Nc1cccc(OCc2cn(Cc3cccc(Cl)c3)nn2)c1,2,0.0,0.0,0.0
O=S(=O)(/C=C/c1cccc(C(F)(F)F)c1)Nc1cccc(OCc2cn(Cc3cccnc3)nn2)c1,2,0.0,0.0,0.0
O=[N+]([O-])c1cccc(/C=C/S(=O)(=O)Nc2cccc(OCc3cn(Cc4cccnc4)nn3)c2)c1,2,0.0,0.0,0.0
O=S(=O)(/C=C/c1cccc(F)c1)Nc1cccc(OCc2cn(Cc3cccnc3)nn2)c1,2,0.0,0.0,0.0
O=S(=O)(/C=C/c1cccc(Cl)c1)Nc1cccc(OCc2cn(Cc3cccnc3)nn2)c1,2,0.0,0.0,0.0
CC(C)c1ccc(/C=C(\C#N)C(=O)NCC2CCCO2)cc1,2,0.0,0.0,0.0
N#C/C(=C\c1ccc(O)cc1)C(N)=O,2,0.0,0.0,0.0
N#C/C(=C\c1ccc(N2CCOCC2)o1)C(=O)NC1CC1,2,0.0,0.0,0.0
N=C(N)c1ccc(/C=C2/N=C(c3ccccc3)OC2=O)cc1,2,0.0,0.0,0.0
CN1CC(C)(COc2ccc(C(=N)N)cc2)Oc2ccc(N(CC(=O)O)Cc3ccc(F)c(F)c3)cc21,2,1.0,0.0,0.0
N=C(N)c1ccc(CNC(=O)[C@@H]2CCC(=O)NCc3cccc(c3)CNC(=O)CC[C@@H](NS(=O)(=O)Cc3ccccc3)C(=O)N2)cc1,5,0.0,0.0,0.0
N=C(N)c1ccc(CNC(=O)[C@@H]2Cc3ccc(cc3)CNC(=O)Cc3ccc(cc3)CC(=O)NCc3ccc(cc3)C[C@@H](NS(=O)(=O)Cc3ccccc3)C(=O)N2)cc1,5,0.0,0.0,0.0
N=C(N)c1ccc(CNC(=O)[C@@H]2Cc3ccc(cc3)CNC(=O)CN3CCN(CC3)CC(=O)NCc3ccc(cc3)C[C@@H](NS(=O)(=O)Cc3ccccc3)C(=O)N2)cc1,5,0.0,0.0,0.0
N=C(N)c1ccc(CNC(=O)[C@@H]2Cc3cccc(c3)CNC(=O)Cc3ccc(cc3)CC(=O)NCc3cccc(c3)C[C@@H](NS(=O)(=O)Cc3ccccc3)C(=O)N2)cc1,5,0.0,0.0,0.0
N=C(N)c1ccc(CNC(=O)[C@@H]2Cc3cccc(c3)CNC(=O)CN3CCN(CC3)CC(=O)NCc3cccc(c3)C[C@@H](NS(=O)(=O)Cc3ccccc3)C(=O)N2)cc1,5,0.0,0.0,0.0
N=C(N)c1ccc(CNC(=O)[C@@H]2Cc3cccc(c3)CNC(=O)Cc3cccc(c3)CC(=O)NCc3cccc(c3)C[C@@H](NS(=O)(=O)Cc3ccccc3)C(=O)N2)cc1,5,0.0,0.0,0.0
N=C(N)c1ccc(CNC(=O)[C@@H]2Cc3ccc(cc3)OCCCCOc3ccc(cc3)C[C@@H](NS(=O)(=O)Cc3ccccc3)C(=O)N2)cc1,5,0.0,0.0,0.0
N=C(N)c1ccc(CNC(=O)[C@@H]2Cc3cn(nn3)Cc3cccc(c3)Cn3cc(nn3)C[C@@H](NS(=O)(=O)Cc3ccccc3)C(=O)N2)cc1,5,0.0,0.0,0.0
N=C(N)c1ccc(CNC(=O)[C@@H]2Cc3cn(nn3)Cc3cccc(n3)Cn3cc(nn3)C[C@@H](NS(=O)(=O)Cc3ccccc3)C(=O)N2)cc1,5,0.0,0.0,0.0
N=C(N)Nc1nc2ccc(O)cc2s1,2,0.0,0.0,0.0
CCOC(=O)Cn1/c(=N\C(=N)N)sc2cc(O)ccc21,2,0.0,0.0,0.0
CCNC(=O)Cn1/c(=N\C(=N)N)sc2cc(O)ccc21,2,0.0,0.0,0.0
N=C(N)Nc1nc2cc(Cl)c(O)cc2s1,2,0.0,0.0,0.0
N=C(N)Nc1nc2cc(Cl)ccc2s1,2,0.0,0.0,0.0
N=C(N)Nc1nc2cccc(Cl)c2s1,2,0.0,0.0,0.0
Cc1cc(O)cc2sc(NC(=N)N)nc12,2,0.0,0.0,0.0
Cl.Cl.N=C(N)c1ccc(N)cc1,2,0.0,0.0,0.0
NCc1ccc(Cl)cc1CNC(=O)[C@@H]1CCCN1C(=O)CNS(=O)(=O)Cc1ccccc1,6,0.0,0.0,0.0
O=c1c2ccc(O[C@@H]3O[C@H](COS(=O)(=O)O)[C@@H](OS(=O)(=O)O)[C@H](OS(=O)(=O)O)[C@H]3OS(=O)(=O)O)cc2oc2cc(O[C@@H]3O[C@H](COS(=O)(=O)O)[C@@H](OS(=O)(=O)O)[C@H](OS(=O)(=O)O)[C@H]3OS(=O)(=O)O)ccc12,2,0.0,0.0,0.0
O=c1c2cc(OS(=O)(=O)O)c(OS(=O)(=O)O)cc2oc2cc(OS(=O)(=O)O)c([C@@H]3O[C@H](COS(=O)(=O)O)[C@@H](OS(=O)(=O)O)[C@H](OS(=O)(=O)O)[C@H]3OS(=O)(=O)O)c(O)c12,2,0.0,0.0,0.0
Cl.NCCc1ccc(S(=O)(=O)F)cc1,2,0.0,0.0,0.0
N=C(N)c1ccc(CNC(=O)[C@@H]2Cc3ccc(cc3)NC(=O)CCN3CCN(CCC(=O)Nc4ccc(cc4)C[C@@H](NS(=O)(=O)Cc4ccccc4)C(=O)N2)CC3)cc1.O=C(O)C(F)(F)F,2,0.0,0.0,0.0
N=C(N)c1ccc(CNC(=O)[C@@H]2Cc3ccc(cc3)NC(=O)CN3CCN(CC3)CC(=O)Nc3ccc(cc3)C[C@@H](NS(=O)(=O)Cc3ccccc3)C(=O)N2)cc1.O=C(O)C(F)(F)F,2,0.0,0.0,0.0
N#Cc1c(SCC(=O)c2cccc(OS(=O)(=O)O)c2OS(=O)(=O)O)nc([N+](=O)[O-])c(C#N)c1-c1ccc(OCc2ccccc2)cc1,2,0.0,0.0,0.0
C[C@@H]1O[C@@H]1P(=O)(O)O,2,0.0,0.0,0.0
CCCCCCOC(=O)NC(=N)c1ccc(NCc2nc3cc(C(=O)N(CCC(=O)OCC)c4ccccn4)ccc3n2C)cc1,4,1.0,0.0,0.0
CCCCS(=O)(=O)N[C@@H](Cc1ccc(OCCCCC2CCNCC2)cc1)C(=O)O,2,0.0,0.0,0.0
O=C(NC[C@H]1CN(c2ccc(N3CCOCC3=O)cc2)C(=O)O1)c1ccc(Cl)s1,7,0.0,0.0,0.0
CCOC(=O)c1c(C)oc2cc(OC)c(OCc3oc4cc(OC)c(OCc5oc6cc(OC)c(OS(=O)(=O)[O-])cc6c5C(=O)OCC)cc4c3C(=O)OCC)cc12.[Na+],4,1.0,0.0,0.0
N=C(N)c1ccc(CNC(=O)[C@@H]2CCCN2C(=O)[C@@H](NCC(=O)O)C(c2ccccc2)c2ccccc2)s1,7,1.0,0.0,0.0
COc1cc(C2Oc3cc([C@H]4Oc5cc(O)cc(O)c5C(=O)[C@@H]4O)ccc3OC2CO)ccc1O,15,0.0,0.0,0.0
O=c1c(O)c(-c2ccc(O)c(O)c2)oc2cc(O)cc(O)c12,23,0.0,0.0,0.0
OC[C@H]1O[C@@H](Oc2cc3c(O[C@@H]4O[C@H](CO)[C@@H](O)[C@H](O)[C@H]4O)cc(O)cc3[o+]c2-c2ccc(O)c(O)c2)[C@H](O)[C@@H](O)[C@@H]1O,9,0.0,0.0,0.0
Oc1cc(O)c2c(c1)O[C@H](c1ccc(O)c(O)c1)[C@H](O)C2,9,0.0,0.0,0.0
Oc1cc(O)c2cc(O)c(-c3ccc(O)c(O)c3)[o+]c2c1,20,1.0,0.0,0.0
O=c1c(-c2ccc(O)cc2)coc2cc(O)cc(O)c12,5,0.0,0.0,0.0
COc1ccc([C@@H]2CC(=O)c3c(O)cc(O)cc3O2)cc1O,2,0.0,0.0,0.0
Oc1ccc(/C=C/c2cc(O)cc(O)c2)cc1,5,0.0,0.0,0.0
COc1cc(/C=C/C(=O)O)ccc1O,5,0.0,0.0,0.0
O=C(O)/C=C/c1ccc(O)c(O)c1,2,0.0,0.0,0.0
CCCC[C@H](NC(=O)[C@H](CCCCN)NC(=O)[C@H](CCCNC(=N)N)NC(=O)c1ccc(/C=C(\C#N)C(=O)NC2CC2)cc1)C(N)=O,3,0.0,0.0,0.0
CCCC[C@H](NC(=O)[C@H](CCCCN)NC(=O)[C@H](CCCNC(=N)N)NC(=O)c1ccccc1)C(N)=O,2,0.0,0.0,0.0
CCCC[C@H](NC(=O)[C@H](CCCCN)NC(=O)[C@H](CCCNC(=N)N)NC(=O)c1ccc(/C=C2\SC(=O)N(C3CCCC3)C2=O)cc1)C(N)=O,2,0.0,0.0,0.0
CCCC(NC(=O)C1N(C(=O)[C@@H](NC(=O)[C@@H](NC(=O)c2cnccn2)C2CCCCC2)C(C)(C)C)CC12CCCCC2)C(=O)C(=O)NC1CC1,2,0.0,0.0,0.0
CCC[C@H](NC(=O)[C@@H]1[C@H]2CCC[C@H]2CN1C(=O)[C@@H](NC(=O)[C@@H](NC(=O)c1cnccn1)C1CCCCC1)C(C)(C)C)C(=O)C(=O)NC1CC1,3,0.0,0.0,0.0
CC[C@@H]1C[C@]1(NC(=O)[C@@H]1C[C@@H]2CN1C(=O)[C@H](C(C)(C)C)NC(=O)OCC(C)(C)CCCCc1cccc3c1CN(C3)C(=O)O2)C(=O)NS(=O)(=O)C1CC1,3,0.0,0.0,0.0
CC(C)(C)NC(=O)N[C@H](C(=O)N1C[C@H]2[C@@H]([C@H]1C(=O)NC(CC1CCC1)C(=O)C(N)=O)C2(C)C)C(C)(C)C,3,0.0,0.0,0.0
Cc1c(N2CCCC2=O)cccc1S(=O)(=O)N[C@@H](CNC(=O)c1ccc(Cl)s1)C(=O)N1CCN(C)CC1.Cl,3,1.0,0.0,0.0
Cn1c(CNc2ccc(C(=N)N)cc2)nc2cc(C3(C(=O)N4CCCC4)CC3)ccc21,2,1.0,0.0,0.0
CC(C)(C)C(=O)Oc1ccc(S(=O)(=O)Nc2ccccc2C(=O)NCC(=O)O)cc1,3,0.0,0.0,0.0
CC[C@H](C)[C@@H]1NC(=O)[C@H](NC(=O)N[C@@H](CCCNC(=N)N)C(=O)O)CCCCNC(=O)[C@H](Cc2ccccc2)NC(=O)[C@H](C)N(C)C(=O)[C@H](CCc2ccc(O)cc2)NC1=O,2,1.0,0.0,0.0
C=C1C(=O)N(C)CC(O)N1C(=O)/C=C/C=C\CC(C)C,2,0.0,0.0,0.0
N=C(N)c1ccc(CNC(=O)C(Cc2ccc(CN)cc2)NC(=O)[C@@H](CC2CCCCC2)NCC(=O)O)cc1,2,0.0,0.0,0.0
N#Cc1ccc(CC(NC(=O)[C@@H](CC2CCCCC2)NCC(=O)O)C(=O)NCc2ccc(C(=N)N)cc2)cc1,2,0.0,0.0,0.0
N=C(N)c1ccc(CNC(=O)[C@H](Cc2ccc(N)cc2)NC(=O)[C@@H](CC2CCCCC2)NCC(=O)O)cc1,2,1.0,0.0,0.0
N=C(N)c1ccc(CNC(=O)[C@H](Cc2ccc(O)cc2)NC(=O)[C@@H](CC2CCCCC2)NCC(=O)O)cc1,2,0.0,0.0,0.0
N=C(N)c1ccc(CNC(=O)[C@H](Cc2ccc3ccccc3c2)NC(=O)[C@@H](CC2CCCCC2)NCC(=O)O)cc1,2,0.0,0.0,0.0
N=C(N)c1ccc(CNC(=O)[C@H](Cc2cccc3ccccc23)NC(=O)[C@@H](CC2CCCCC2)NCC(=O)O)cc1,2,0.0,0.0,0.0
N=C(N)c1ccc(CNC(=O)[C@H](Cc2ccccc2)NC(=O)[C@@H](CC2CCCCC2)NCC(=O)O)cc1,2,0.0,0.0,0.0
N=C(N)c1ccc(CNC(=O)C(CCC2CCNCC2)NC(=O)[C@H](N)CC2CCCCC2)cc1,2,0.0,0.0,0.0
N=C(N)c1ccc(CNC(=O)C(CCC2CCNCC2)NC(=O)[C@@H](CC2CCCCC2)NCC(=O)O)cc1,2,0.0,0.0,0.0
N=C(N)c1ccc(CNC(=O)C(CC2CCNCC2)NC(=O)[C@@H](CC2CCCCC2)NCC(=O)O)cc1,2,0.0,0.0,0.0
N=C(N)c1ccc(CNC(=O)[C@@H](NC(=O)[C@@H](CC2CCCCC2)NCC(=O)O)C2CCNCC2)cc1,2,0.0,0.0,0.0
N=C(N)c1ccc(CNC(=O)[C@H](CC2CCCN2)NC(=O)[C@@H](CC2CCCCC2)NCC(=O)O)cc1,2,0.0,0.0,0.0
N=C(N)NCCC[C@H](NC(=O)[C@@H](CC1CCCCC1)NCCC(=O)O)C(=O)NCc1ccc(C(=N)N)cc1,2,0.0,0.0,0.0
N=C(N)NCCC[C@H](NC(=O)[C@H](N)C1CCCCC1)C(=O)NCc1ccc(C(=N)N)cc1,2,0.0,0.0,0.0
N=C(N)NCCC[C@H](NC(=O)[C@@H](CC1CCCCC1)NCC(=O)O)C(=O)NCc1ccc(C(=N)N)cc1,2,0.0,0.0,0.0
Cl.N=C(N)c1ccccc1.O,2,0.0,0.0,0.0
N=C(N)c1cccc(-c2ccccc2)c1,2,0.0,0.0,0.0
Cc1ccc(C(=N)N)cc1C,2,0.0,0.0,0.0
Cc1cc(C)cc(C(=N)N)c1,2,0.0,0.0,0.0
N=C(N)c1cccc(OCCCOc2ccccc2)c1,2,0.0,0.0,0.0
Cc1nc2ccc(OCc3nc4ccc(OS(=O)(=O)[O-])cc4s3)cc2s1.[Na+],2,0.0,0.0,0.0
COc1cc2occ(C(=O)OC(C)(C)C)c2cc1OCc1nc2ccc(OS(=O)(=O)[O-])cc2s1.[Na+],4,0.0,0.0,0.0
CCOC(=O)c1c(COc2cc3c(C(=O)OCC)c(Cc4ccccc4)oc3cc2OC)[nH]c2ccc(OS(=O)(=O)[O-])cc12.[Na+],2,0.0,0.0,0.0
CCOC(=O)c1c(C)[nH]c2ccc(OCc3c(C(=O)OCC)c4cc(OS(=O)(=O)[O-])ccc4n3C(=O)OC(C)(C)C)cc12.[Na+],2,0.0,0.0,0.0
CCOC(=O)c1c(COc2cc3c(C(=O)OCC)c(COc4cc5c(C(=O)OCC)c(C)oc5cc4OC)oc3cc2OC)[nH]c2ccc(OS(=O)(=O)[O-])cc12.[Na+],2,0.0,0.0,0.0
N=C(N)NCCC[C@H](NC(=O)c1ccccc1)C(=O)N[C@@H](CCCCN)C(=O)NCC(N)=O,2,0.0,0.0,0.0
N=C(N)NCCC[C@H](NC(=O)c1ccccc1)C(=O)N[C@@H](CCCCN)C(=O)N[C@H](C(N)=O)c1ccccc1,2,0.0,0.0,0.0
NC[C@H]1CC[C@H](C(=O)N[C@@H](Cc2ccccc2)c2cc(-c3ccc4c(N)n[nH]c4c3)ccn2)CC1,2,0.0,0.0,0.0
COc1cc(-c2noc3ncn(-c4ccc(N5CCOCC5=O)cc4)c(=O)c23)ccc1OC(C)=O,2,0.0,0.0,0.0
COc1ccc(-c2noc3ncn(-c4ccc(C(=O)Nc5ccccn5)cc4)c(=O)c23)cc1,2,0.0,0.0,0.0
CCn1c(CNc2ccc(C(=N)N)cc2F)nc2cc(C(=O)N(CCC(=O)O)c3ccccn3)ccc21,3,1.0,0.0,0.0
Cn1c(CNc2ccc(C(=N)N)cc2)nc2cc(C(=O)N(CCC(=O)O)c3ccccc3F)ccc21,2,1.0,0.0,0.0
CCn1c(CNc2ccc(C(=N)N)cc2F)nc2cc(C(=O)N(CCC(=O)O)c3ccc(Cl)cc3)ccc21,2,1.0,0.0,0.0
CCn1c(CNc2ccc(C(=N)N)cc2F)nc2cc(C(=O)N(CCC(=O)O)c3ccc(F)cc3)ccc21,2,1.0,0.0,0.0
CCn1c(CNc2ccc(C(=N)N)cc2F)nc2cc(C(=O)N(CCC(=O)O)c3ccc(OC)cc3)ccc21,2,1.0,0.0,0.0
CCn1c(CNc2ccc(C(=N)N)cc2F)nc2cc(C(=O)N(CCC(=O)O)c3cccc(F)c3)ccc21,3,1.0,0.0,0.0
CCn1c(CNc2ccc(C(=N)N)cc2F)nc2cc(C(=O)N(CCC(=O)O)c3cccc(OC)c3)ccc21,3,1.0,0.0,0.0
CCn1c(CNc2ccc(C(=N)N)cc2F)nc2cc(C(=O)N(CCC(=O)O)c3ccccc3F)ccc21,3,1.0,0.0,0.0
CCn1c(CNc2ccc(C(=N)N)cc2F)nc2cc(C(=O)N(CCC(=O)O)c3ccccc3OC)ccc21,2,1.0,0.0,0.0
CCn1c(CNc2ccc(C(=N)N)cc2F)nc2cc(C(=O)N(CCC(=O)O)c3ccccc3C)ccc21,3,1.0,0.0,0.0
CCn1c(CNc2ccc(C(=N)N)cc2F)nc2cc(C(=O)N(CCC(=O)O)c3ccccc3)ccc21,3,1.0,0.0,0.0
Cn1c(CNc2ccc(C(=N)N)cc2F)nc2cc(C(=O)N(CCC(=O)O)c3ccccn3)ccc21,2,1.0,0.0,0.0
Cn1c(CNc2ccc(C(=N)N)cc2F)nc2cc(C(=O)N(CCC(=O)O)c3ccc(F)cc3)ccc21,2,1.0,0.0,0.0
COc1ccc(N(CCC(=O)O)C(=O)c2ccc3c(c2)nc(CNc2ccc(C(=N)N)cc2F)n3C)cc1,2,1.0,0.0,0.0
Cn1c(CNc2ccc(C(=N)N)cc2F)nc2cc(C(=O)N(CCC(=O)O)c3cccc(F)c3)ccc21,2,1.0,0.0,0.0
COc1cccc(N(CCC(=O)O)C(=O)c2ccc3c(c2)nc(CNc2ccc(C(=N)N)cc2F)n3C)c1,2,1.0,0.0,0.0
Cn1c(CNc2ccc(C(=N)N)cc2F)nc2cc(C(=O)N(CCC(=O)O)c3ccccc3F)ccc21,2,1.0,0.0,0.0
Cc1ccccc1N(CCC(=O)O)C(=O)c1ccc2c(c1)nc(CNc1ccc(C(=N)N)cc1F)n2C,2,1.0,0.0,0.0
Cn1c(CNc2ccc(C(=N)N)cc2F)nc2cc(C(=O)N(CCC(=O)O)c3ccccc3)ccc21,2,1.0,0.0,0.0
CC(=O)O.N=C(N)c1ccc(CNC(=O)[C@@H]2CCCN2C(=O)CCc2ccccc2)cc1,2,1.0,0.0,0.0
N=C(N)NCCC[C@H](NC(=O)c1ccc(/C=C2\SC(=O)N(C3CCC3)C2=O)cc1)C(=O)N[C@@H](CCCCN)C(=O)N[C@H](C(N)=O)c1ccccc1,2,0.0,0.0,0.0
CN1C(=O)c2ccc(OC(=O)CCc3ccc(N)nc3)cc2C1=O.Cl,3,0.0,0.0,0.0
CCOP(=O)(CCc1ccc(N)nc1)Oc1ccc2c(c1)C(=O)N(C)C2=O.Cl,2,0.0,0.0,0.0
N[C@@H](Cc1ccccc1)C(=O)N1CCC[C@H]1C(=O)NCc1cc(Cl)ccc1Cl,2,1.0,0.0,0.0
CC[C@@H](N)C(=O)N1CCC[C@H]1C(=O)NCc1ccc(C(=N)N)cc1,3,1.0,0.0,0.0
N=C(N)c1ccc(CNC(=O)CNC(=O)[C@@H](Cc2ccccc2)NS(=O)(=O)Cc2ccccc2)cc1,2,1.0,0.0,0.0
COc1ccc(C(=O)Nc2ccccn2)cc1,3,0.0,0.0,0.0
NC(=O)c1ccc(Cl)s1,3,0.0,0.0,0.0
N=C(N)c1ccc(C2C3C(=O)N(Cc4ccc(F)cc4)C(=O)C3C3CCCN32)cc1,2,1.0,0.0,0.0
N=C(N)c1ccc(C2C3C(=O)N(Cc4ccccc4)C(=O)C3C3CCCN32)cc1,2,1.0,0.0,0.0
N=C(N)NCCC[C@H](NC(=O)c1ccc(C(F)(F)F)cc1)C(=O)N[C@@H](CCCCN)C(=O)N[C@H](C(N)=O)c1ccccc1,2,0.0,0.0,0.0
N=C(N)c1ccc(C[C@H](NC(=O)c2ccc(C(F)(F)F)cc2)C(=O)N[C@@H](CCCCN)C(=O)N[C@H](C(N)=O)c2ccccc2)cc1,2,0.0,0.0,0.0
N=C(N)c1cccc(C[C@H](NC(=O)c2ccc(C(F)(F)F)cc2)C(=O)N[C@@H](CCCCN)C(=O)N[C@H](C(N)=O)c2ccccc2)c1,2,0.0,0.0,0.0
N=C(N)Nc1ccc(C[C@H](NC(=O)c2ccc(C(F)(F)F)cc2)C(=O)N[C@@H](CCCCN)C(=O)N[C@H](C(N)=O)c2ccccc2)cc1,2,0.0,0.0,0.0
N=C(N)NCCC[C@H](NC(=O)CCc1ccccc1)C(=O)N[C@@H](CCCCN)C(=O)N[C@H](C(N)=O)c1ccccc1,2,0.0,0.0,0.0
N=C(N)c1ccc(C[C@H](NC(=O)CCc2ccccc2)C(=O)N[C@@H](CCCCN)C(=O)N[C@H](C(N)=O)c2ccccc2)cc1,2,0.0,0.0,0.0
N=C(N)c1cccc(C[C@H](NC(=O)CCc2ccccc2)C(=O)N[C@@H](CCCCN)C(=O)N[C@H](C(N)=O)c2ccccc2)c1,2,0.0,0.0,0.0
N=C(N)Nc1ccc(C[C@H](NC(=O)CCc2ccccc2)C(=O)N[C@@H](CCCCN)C(=O)N[C@H](C(N)=O)c2ccccc2)cc1,2,0.0,0.0,0.0
N=C(N)c1ccc(CNC(=O)[C@@H]2Cc3cn(nn3)Cc3ccc(cc3)Cn3cc(nn3)C[C@@H](NS(=O)(=O)Cc3ccccc3)C(=O)N2)cc1,4,0.0,0.0,0.0
N=C(N)c1ccc(CNC(=O)[C@@H]2Cc3cccc(c3)CNC(=O)Cc3ccccc3CC(=O)NCc3cccc(c3)C[C@@H](NS(=O)(=O)Cc3ccccc3)C(=O)N2)cc1,4,0.0,0.0,0.0
O=C1CN2CCN(CC2)CC(=O)Nc2ccc(cc2)C[C@@H](NS(=O)(=O)Cc2ccccc2)C(=O)N[C@H](C(=O)O)Cc2ccc(cc2)N1,4,0.0,0.0,0.0
N=C(N)c1ccc(CNC(=O)[C@@H]2Cc3ccc(cc3)CNC(=O)Cc3cccc(c3)CC(=O)NCc3ccc(cc3)C[C@@H](NS(=O)(=O)Cc3ccccc3)C(=O)N2)cc1,4,0.0,0.0,0.0
N=C(N)c1ccc(CNC(=O)[C@@H]2Cc3ccc(cc3)OC/C=C\COc3ccc(cc3)C[C@@H](NS(=O)(=O)Cc3ccccc3)C(=O)N2)cc1,4,0.0,0.0,0.0
N=C(N)c1ccc(CNC(=O)[C@@H]2CCCCNC(=O)c3cccc(c3)C(=O)NCCCC[C@@H](NS(=O)(=O)Cc3ccccc3)C(=O)N2)cc1,4,0.0,0.0,0.0
N=C(N)NCCC[C@H](NC(=O)c1ccccc1)C(=O)N[C@@H](CCCCN)C(=O)N[C@@H](C(N)=O)c1ccc(OCc2ccccc2)cc1,4,0.0,0.0,0.0
CCCCNC(=O)c1ccn2c(NCc3ccc(NC(=N)N)cc3)cnc2c1,2,0.0,0.0,0.0
CCOC(=O)c1ccc(OC(=O)CCCCCNC(=N)N)cc1,2,1.0,0.0,0.0
Cn1c(CNc2ccc(C(=N)N)cc2)nc2cc(C(=O)N(CCC(=O)O)c3ccccc3C(F)(F)F)ccc21,2,1.0,0.0,0.0
Cn1c(CNc2ccc(C(=N)N)cc2)nc2cc(C(=O)N(CCC(=O)O)c3ccc(F)c(F)c3)ccc21,2,1.0,0.0,0.0
CCn1c(CNc2ccc(C(=N)N)cc2)nc2cc(C(=O)N(CCC(=O)O)c3ccccc3F)ccc21,2,1.0,0.0,0.0
CCn1c(CNc2ccc(C(=N)N)cc2F)nc2cc(C(=O)N(CCC(=O)O)c3cc(C)ccn3)ccc21,4,1.0,0.0,0.0
Cc1ccnc(N(CCC(=O)O)C(=O)c2ccc3c(c2)nc(CNc2ccc(C(=N)N)cc2F)n3C)c1,3,1.0,0.0,0.0
CC1CN(CC2CCN(Cc3ccccc3)CC2)C(=O)N(c2cccc(C(=N)N)c2)C1,2,0.0,0.0,0.0
CCn1c(CNc2ccc(C(=N)N)cc2F)nc2cc(C(=O)N(CCC(=O)O)c3cccc(C)c3)ccc21,3,1.0,0.0,0.0
CCn1c(CNc2ccc(C(=N)N)cc2F)nc2cc(C(=O)N(CCC(=O)O)c3cccc(C)c3C)ccc21,3,1.0,0.0,0.0
CCn1c(CNc2ccc(C(=N)N)cc2F)nc2cc(C(=O)N(CCC(=O)O)c3ccc(C)cc3C)ccc21,3,1.0,0.0,0.0
CCn1c(CNc2ccc(C(=N)N)cc2F)nc2cc(C(=O)N(CCC(=O)O)c3cc(C)ccc3C)ccc21,3,1.0,0.0,0.0
CCn1c(CNc2ccc(C(=N)N)cc2F)nc2cc(C(=O)N(CCC(=O)O)c3c(C)cccc3C)ccc21,3,1.0,0.0,0.0
CCn1c(CNc2ccc(C(=N)N)cc2F)nc2cc(C(=O)N(CCC(=O)O)c3ccc(C)c(C)c3)ccc21,3,1.0,0.0,0.0
CCn1c(CNc2ccc(C(=N)N)cc2F)nc2cc(C(=O)N(CCC(=O)O)c3ccc(F)c(C)c3)ccc21,3,1.0,0.0,0.0
CCn1c(CNc2ccc(C(=N)N)cc2F)nc2cc(C(=O)N(CCC(=O)O)c3ccc(F)cc3F)ccc21,3,1.0,0.0,0.0
CCn1c(CNc2ccc(C(=N)N)cc2F)nc2cc(C(=O)N(CCC(=O)O)c3ccc(F)c(F)c3)ccc21,3,1.0,0.0,0.0
CCn1c(CNc2ccc(C(=N)N)cc2F)nc2cc(C(=O)N(CCC(=O)O)c3cccc(C)n3)ccc21,3,1.0,0.0,0.0
CCn1c(CNc2ccc(C(=N)N)cc2)nc2cc(C(=O)N(CCC(=O)O)c3ccc(C)cc3C)ccc21,2,0.0,0.0,0.0
CCn1c(CNc2ccc(C(=N)N)cc2)nc2cc(C(=O)N(CCC(=O)O)c3cccc(C)c3C)ccc21,2,0.0,0.0,0.0
CCn1c(CNc2ccc(C(=N)N)cc2)nc2cc(C(=O)N(CCC(=O)O)c3ccc(C)cc3)ccc21,2,0.0,0.0,0.0
CCn1c(CNc2ccc(C(=N)N)cc2)nc2cc(C(=O)N(CCC(=O)O)c3cccc(C)c3)ccc21,2,0.0,0.0,0.0
CCn1c(CNc2ccc(C(=N)N)cc2)nc2cc(C(=O)N(CCC(=O)O)c3ccccc3C)ccc21,2,0.0,0.0,0.0
CCn1c(CNc2ccc(C(=N)N)cc2)nc2cc(C(=O)N(CCC(=O)O)c3ccccc3)ccc21,2,0.0,0.0,0.0
CCn1c(CNc2ccc(C(=N)N)cc2)nc2cc(C(=O)N(CCC(=O)O)c3cccc(C)n3)ccc21,2,1.0,0.0,0.0
CCn1c(CNc2ccc(C(=N)N)cc2)nc2cc(C(=O)N(CCC(=O)O)c3cc(C)ccn3)ccc21,2,1.0,0.0,0.0
CCn1c(CNc2ccc(C(=N)N)cc2)nc2cc(C(=O)N(CCC(=O)O)c3ccc(F)cc3F)ccc21,2,1.0,0.0,0.0
CCn1c(CNc2ccc(C(=N)N)cc2)nc2cc(C(=O)N(CCC(=O)O)c3ccc(F)c(C)c3)ccc21,2,1.0,0.0,0.0
CCn1c(CNc2ccc(C(=N)N)cc2)nc2cc(C(=O)N(CCC(=O)O)c3c(C)cccc3C)ccc21,2,1.0,0.0,0.0
CCOc1ccc(C[C@@H](NC(=O)c2ccccc2)C(=O)N[C@@H](Cc2ccccc2)C(=O)NCc2ccc(CN)cc2)cc1,9,0.0,0.0,0.0
CS(=O)(=O)N1CCN([C@H]2C[C@@H](C(=O)Nc3ccc(C(=O)O)cc3)N(C(=O)C3CCN(C(=N)N)CC3)C2)CC1,10,0.0,0.0,0.0
CS(=O)(=O)N1CCN([C@H]2C[C@@H](C(=O)Nc3ccc(C(=O)O)cc3)N(C(=O)c3ccc(C(=N)N)cc3)C2)CC1,10,0.0,0.0,0.0
O=C(O)c1ccc(NC(=O)[C@@H]2C[C@H](N3CCOCC3)CN2C(=O)/C=C/c2cc(Cl)ccc2-n2cnnn2)cc1,10,0.0,0.0,0.0
O=C(Nc1ccccc1)[C@@H]1C[C@H](N2CCN(S(=O)(=O)c3ccccc3)CC2)CN1C(=O)/C=C/c1cc(Cl)ccc1-n1cnnn1,10,0.0,0.0,0.0
O=C(Nc1ccc2nn[nH]c2c1)[C@@H]1C[C@H](N2CCOCC2)CN1C(=O)/C=C/c1cc(Cl)ccc1-n1cnnn1,10,0.0,0.0,0.0
NC[C@H]1CC[C@H](C(=O)N2C[C@@H](N3CCN(S(=O)(=O)C4CC4)CC3)C[C@H]2C(=O)Nc2ccc(C(=O)O)cc2)CC1,10,0.0,0.0,0.0
C[C@H]1CN([C@H]2C[C@@H](C(=O)Nc3ccccc3)N(C(=O)/C=C/c3cc(Cl)ccc3-n3cnnn3)C2)CCN1S(N)(=O)=O,10,0.0,0.0,0.0
COC(=O)Nc1ccc(-c2cnc([C@@H]3C[C@H](C4CCN(S(C)(=O)=O)CC4)CN3C(=O)C3CCN(C(=N)N)CC3)[nH]2)cc1,10,0.0,0.0,0.0
COC(=O)Nc1ccc(-c2cnc([C@@H]3C[C@H](C4CCN(S(C)(=O)=O)CC4)CN3C(=O)c3ccc(C(=N)N)cc3)[nH]2)cc1,10,0.0,0.0,0.0
COC(=O)Nc1ccc(-c2[nH]c([C@@H]3C[C@H](C4CCN(S(C)(=O)=O)CC4)CN3C(=O)c3ccc(NC(=N)N)cc3)nc2Cl)cc1,10,0.0,0.0,0.0
COC(=O)Nc1ccc(-c2[nH]c([C@@H]3C[C@H](C4CCN(S(C)(=O)=O)CC4)CN3C(=O)C3CCC([C@H](C)N)CC3)nc2Cl)cc1,4,0.0,0.0,0.0
COC(=O)Nc1ccc(-c2[nH]c([C@@H]3C[C@H](C4CCN(S(C)(=O)=O)CC4)CN3C(=O)N3CCN(C(=N)N)CC3)nc2Cl)cc1,10,0.0,0.0,0.0
Cn1cc(Cl)c2c(F)c(C(=O)N3C[C@@H](C4CCN(S(C)(=O)=O)CC4)C[C@H]3C(=O)Nc3ccc(C(=O)O)cc3)ccc21,10,0.0,0.0,0.0
COC(=O)Nc1ccc(-c2[nH]c([C@@H]3C[C@H](C4CCN(S(C)(=O)=O)CC4)CN3C(=O)/C=C/c3cc(Cl)ccc3-n3cnnn3)nc2Cl)cc1,10,0.0,0.0,0.0
COC(=O)Nc1ccc(-c2[nH]c([C@@H]3C[C@H](C4CCN(S(C)(=O)=O)CC4)CN3C(=O)[C@H]3CC[C@H](CN)CC3)nc2Cl)cc1,10,0.0,0.0,0.0
COC(=O)Nc1ccc(-c2cnc([C@@H]3C[C@H](N4CCN(S(C)(=O)=O)CC4)CN3C(=O)C3CCN(C(=N)N)CC3)[nH]2)cc1,10,0.0,0.0,0.0
COC(=O)Nc1ccc(-c2[nH]c([C@@H]3C[C@H](C4CCN(S(C)(=O)=O)CC4)CN3C(=O)C3CCN(C(=N)N)CC3)nc2Cl)cc1,10,0.0,0.0,0.0
COC(=O)Nc1ccc(-c2[nH]c([C@@H]3C[C@H](N4CCN(S(C)(=O)=O)CC4)CN3C(=O)C3CCC(C(=N)N)CC3)nc2Cl)cc1,4,0.0,0.0,0.0
CS(=O)(=O)N1CCC([C@H]2C[C@@H](C(=O)Nc3ccc(C(=O)O)cc3)N(C(=O)c3ccc(C(=N)N)cc3)C2)CC1,10,0.0,0.0,0.0
NCc1ccc(Cl)cc1CNC(=O)[C@@H]1CCCN1C(=O)c1cc(C(=O)c2ccncc2)c[nH]1,2,1.0,0.0,0.0
COc1cc(C(=O)N2CC(C)(C)OCC2CO)cc2nc(NC(CF)c3cccc(Cl)c3)oc12,2,1.0,0.0,0.0
CCO[C@@H]1CC(CCO)N(C(=O)c2cc(OC)c3oc(NC(CF)c4cccc(Cl)c4)nc3c2)C1,3,1.0,0.0,0.0
Cc1cccc(N(CCC(=O)O)C(=O)c2ccc3c(c2)nc(CNc2ccc(C(=N)N)cc2F)n3C)c1,2,1.0,0.0,0.0
Cc1cccc(N(CCC(=O)O)C(=O)c2ccc3c(c2)nc(CNc2ccc(C(=N)N)cc2F)n3C)c1C,2,1.0,0.0,0.0
Cc1ccc(C)c(N(CCC(=O)O)C(=O)c2ccc3c(c2)nc(CNc2ccc(C(=N)N)cc2F)n3C)c1,2,1.0,0.0,0.0
Cc1cccc(C)c1N(CCC(=O)O)C(=O)c1ccc2c(c1)nc(CNc1ccc(C(=N)N)cc1F)n2C,2,1.0,0.0,0.0
Cc1cc(C)cc(N(CCC(=O)O)C(=O)c2ccc3c(c2)nc(CNc2ccc(C(=N)N)cc2F)n3C)c1,2,1.0,0.0,0.0
Cc1cc(N(CCC(=O)O)C(=O)c2ccc3c(c2)nc(CNc2ccc(C(=N)N)cc2F)n3C)ccc1F,2,1.0,0.0,0.0
Cn1c(CNc2ccc(C(=N)N)cc2F)nc2cc(C(=O)N(CCC(=O)O)c3ccc(F)cc3F)ccc21,2,1.0,0.0,0.0
Cn1c(CNc2ccc(C(=N)N)cc2F)nc2cc(C(=O)N(CCC(=O)O)c3ccc(F)c(F)c3)ccc21,2,1.0,0.0,0.0
Cn1c(CNc2ccc(C(=N)N)cc2F)nc2cc(C(=O)N(CCC(=O)O)c3cc(F)cc(F)c3)ccc21,2,1.0,0.0,0.0
Cc1cccc(N(CCC(=O)O)C(=O)c2ccc3c(c2)nc(CNc2ccc(C(=N)N)cc2F)n3C)n1,2,1.0,0.0,0.0
C[C@@](Cc1c[nH]c2ccccc12)(NC(=O)[C@H](Cc1c[nH]c2ccccc12)NC(=O)Cc1cccs1)C(=O)N[C@@H](CCCNC(=N)N)C(=O)N1CCC[C@H]1C(=O)N[C@@H](CCCNC(=N)N)C(=O)O,2,0.0,0.0,0.0
O=c1c(OS(=O)(=O)[O-])c(-c2ccc(OS(=O)(=O)[O-])c(OS(=O)(=O)[O-])c2)oc2cc(OS(=O)(=O)[O-])cc(OCc3ccc(COc4cc(OS(=O)(=O)[O-])cc5oc(-c6ccc(OS(=O)(=O)[O-])c(OS(=O)(=O)[O-])c6)c(OS(=O)(=O)[O-])c(=O)c45)cc3)c12.[Na+].[Na+].[Na+].[Na+].[Na+].[Na+].[Na+].[Na+],2,0.0,0.0,0.0
O=c1c(O)c(-c2ccc(O)c(O)c2)oc2cc(O)cc(OCc3ccc(COc4cc(O)cc5oc(-c6ccc(O)c(O)c6)c(O)c(=O)c45)cc3)c12,2,0.0,0.0,0.0
CCCCC1NC(=O)[C@@H]2CSSC[C@H](NC(=O)[C@H]([C@@H](C)CC)NC(=O)[C@@H]3CCCN3C(=O)[C@@H]3CCCN3C(=O)[C@H](CC(=O)O)NC(=O)[C@H](CO)NC(=O)[C@H](Cc3ccc(NC(=N)N)cc3)NC1=O)C(=O)N[C@@H](Cc1ccccc1)C(=O)N1CCC[C@H]1C(=O)N[C@@H](CC(N)=O)C(=O)NCC(=O)N[C@@H]([C@@H](C)O)C(=O)N2,2,0.0,0.0,0.0
Cc1ccc(S(=O)(=O)N[C@@H](C(=O)Nc2ccc(C(=N)N)cc2)C2CCCCC2)cc1,2,0.0,0.0,0.0
N=C(N)c1ccc(NC(=O)[C@H](NS(=O)(=O)c2ccc(F)cc2)C2CCCCC2)cc1,2,0.0,0.0,0.0
Cc1ccc(S(=O)(=O)N[C@@H](C(=O)Nc2ccc(C(=N)N)cc2)c2ccccc2)cc1,2,0.0,0.0,0.0
CC[C@H](C)[C@@H]1NC(=O)[C@@H]2CCCN2C(=O)[C@@H]2CCCN2C(=O)CNC(=O)[C@H](CO)NC(=O)[C@H](CCCCN)NC(=O)[C@H]([C@@H](C)O)NC(=O)[C@@H]2CSSC[C@H](NC1=O)C(=O)N[C@@H](Cc1ccccc1)C(=O)N1CCC[C@H]1C(=O)N[C@@H](CC(=O)O)C(=O)NCC(=O)N[C@@H](CCCNC(=N)N)C(=O)N2,2,0.0,0.0,0.0
CCOC(=O)c1c(C)oc2cc(OCCc3ccccc3)c(OCc3oc4cc(OC)c(OS(=O)(=O)[O-])cc4c3C(=O)OCC)cc12.[Na+],37,0.0,0.0,0.0
CCOC(=O)c1c(C)oc2cc(OCc3ccccc3)c(OCc3oc4cc(OCC5CCCCC5)c(OS(=O)(=O)[O-])cc4c3C(=O)OCC)cc12.[Na+],29,0.0,0.0,0.0
CCOC(=O)c1c(C)oc2cc(OCC3CCCCC3)c(OCc3oc4cc(OC)c(OS(=O)(=O)[O-])cc4c3C(=O)OCC)cc12.[Na+],3,0.0,0.0,0.0
CCOC(=O)c1c(C)oc2cc(OCc3ccccc3)c(OCc3oc4cc(OC)c(OS(=O)(=O)[O-])cc4c3C(=O)OCC)cc12.[Na+],3,0.0,0.0,0.0
CCOC(=O)c1c(C)oc2cc(OCc3ccc(OCOC)cc3)c(OCc3oc4cc(OC)c(OS(=O)(=O)[O-])cc4c3C(=O)OCC)cc12.[Na+],3,0.0,0.0,0.0
CCOC(=O)c1c(C)oc2cc(OCc3cccc(OCOC)c3)c(OCc3oc4cc(OC)c(OS(=O)(=O)[O-])cc4c3C(=O)OCC)cc12.[Na+],3,0.0,0.0,0.0
CCOC(=O)c1c(C)oc2cc(OCc3ccc(OC(C)C)cc3)c(OCc3oc4cc(OC)c(OS(=O)(=O)[O-])cc4c3C(=O)OCC)cc12.[Na+],3,0.0,0.0,0.0
CCOC(=O)c1c(C)oc2cc(OCc3cccc(OC(C)C)c3)c(OCc3oc4cc(OC)c(OS(=O)(=O)[O-])cc4c3C(=O)OCC)cc12.[Na+],3,0.0,0.0,0.0
CCOC(=O)c1c(C)oc2cc(OCC3CCCCC3)c(OCc3oc4cc(OCC5CCCCC5)c(OS(=O)(=O)[O-])cc4c3C(=O)OCC)cc12.[Na+],3,0.0,0.0,0.0
CCOC(=O)c1c(C)oc2cc(OC)c(OCc3oc4cc(OCC5CCCCC5)c(OS(=O)(=O)[O-])cc4c3C(=O)OCC)cc12.[Na+],3,0.0,0.0,0.0
CCCOC(=O)c1c(COc2cc3c(C(=O)OCc4ccccc4)c(C)oc3cc2OC)oc2cc(OC)c(OS(=O)(=O)[O-])cc12.[Na+],3,0.0,0.0,0.0
CCOC(=O)c1c(COc2cc3c(C(=O)OCCc4ccccc4)c(C)oc3cc2OC)oc2cc(OC)c(OS(=O)(=O)[O-])cc12.[Na+],3,0.0,0.0,0.0
CCOC(=O)c1c(COc2cc3c(C(=O)OCc4ccc(OCOC)cc4)c(C)oc3cc2OC)oc2cc(OC)c(OS(=O)(=O)[O-])cc12.[Na+],3,0.0,0.0,0.0
CCOC(=O)c1c(C)oc2cc(OCc3ccccc3)c(OCc3oc4cc(OC)c(OS(=O)(=O)[O-])cc4c3C(=O)OCCOS(=O)(=O)[O-])cc12.[Na+].[Na+],3,0.0,0.0,0.0
CCOC(=O)c1c(C)oc2cc(Oc3cccc(OS(=O)(=O)[O-])c3)c(OCc3oc4cc(OC)c(OS(=O)(=O)[O-])cc4c3C(=O)OCC)cc12.[Na+].[Na+],2,0.0,0.0,0.0
CCOC(=O)c1c(C)oc2cc(OS(=O)(=O)[O-])c(OCc3oc4cc(OC)c(OS(=O)(=O)[O-])cc4c3C(=O)OCC)cc12.[Na+].[Na+],2,0.0,0.0,0.0
CCOC(=O)c1c(C)oc2cc(OCc3cccc(OS(=O)(=O)[O-])c3)c(OS(=O)(=O)[O-])cc12.[Na+].[Na+],3,0.0,0.0,0.0
COC(=O)c1c(C)oc2cc(OCc3cccc(OS(=O)(=O)[O-])c3)c(OCc3cccc(S(=O)(=O)[O-])c3)cc12.[Na+].[Na+],3,0.0,0.0,0.0
CCOC(=O)c1c(C)oc2cc(OC)c(OCc3cccc(S(=O)(=O)[O-])c3)cc12.[Na+],3,0.0,0.0,0.0
CCOC(=O)c1c(C)oc2cc(OCc3ccccc3)c(OCc3cccc(S(=O)(=O)[O-])c3)cc12.[Na+],3,0.0,0.0,0.0
Cc1oc2cc(OCc3ccccc3)c(OS(=O)(=O)[O-])cc2c1C(=O)[O-].[Na+].[Na+],3,0.0,0.0,0.0
CCOC(=O)c1c(C)oc2cc(OCC3CCCCC3)c(OS(=O)(=O)[O-])cc12.[Na+],3,0.0,0.0,0.0
CCOC(=O)c1c(C)oc2cc(OCc3ccccc3)c(OS(=O)(=O)[O-])cc12.[Na+],3,0.0,0.0,0.0
CCOC(=O)c1c(C)oc2cc(OCc3cccc(OCOC)c3)c(OS(=O)(=O)[O-])cc12.[Na+],3,0.0,0.0,0.0
CCOC(=O)c1c(C)oc2cc(OCc3ccc(OC(C)C)cc3)c(OS(=O)(=O)[O-])cc12.[Na+],3,0.0,0.0,0.0
CCOC(=O)c1c(C)oc2cc(OCc3cccc(OC(C)C)c3)c(OS(=O)(=O)[O-])cc12.[Na+],3,0.0,0.0,0.0
COc1cc2oc(C)c(C(=O)OCCOS(=O)(=O)[O-])c2cc1OS(=O)(=O)[O-].[Na+].[Na+],3,0.0,0.0,0.0
COc1cc2oc(C)c(C(=O)OCc3ccccc3)c2cc1OS(=O)(=O)[O-].[Na+],3,0.0,0.0,0.0
N=C(N)NC(=O)c1nc(Cl)c(N2CCCCCC2)nc1N,2,0.0,0.0,0.0
CCOC(=O)CN[C@@H](C(=O)N1CC[C@H]1C(=O)NCc1ccc(/C(N)=N\O)cc1)C1CCCCC1,2,1.0,0.0,0.0
N=C(N)c1ccc(CNC(=O)[C@@H]2CCCN2C(=O)[C@H](N)CC2CCCCC2)cc1,5,0.0,0.0,0.0
N[C@H](CC1CCCCC1)C(=O)N1CCC[C@H]1C(=O)NCc1cc(Cl)ccc1CO,5,0.0,0.0,0.0
NCc1ccc(Cl)cc1CNC(=O)[C@@H]1CCCN1C(=O)[C@H](N)CC1CCCCC1,5,0.0,0.0,0.0
O=C(NCc1cc(Cl)ccc1CO)[C@@H]1CCCN1C(=O)CNS(=O)(=O)Cc1ccccc1,5,0.0,0.0,0.0
N=C(N)NCCC[C@H](NS(=O)(=O)Cc1ccccc1)C(=O)N1CCC[C@H]1C(=O)NCc1cc(Cl)ccc1CN,5,0.0,0.0,0.0
N=C(N)NCCC[C@@H](NS(=O)(=O)Cc1ccccc1)C(=O)N1CCC[C@H]1C(=O)NCc1cc(Cl)ccc1CN,5,0.0,0.0,0.0
CC(C)[C@H](NC(=O)c1ccc(Br)cc1)C(=O)N1CCC[C@H]1C(=O)N[C@@H](CCCNC(=N)N)C(=O)CF,3,0.0,0.0,0.0
CC(C)[C@H](NC(=O)c1ccc(Br)cc1)C(=O)N[C@@H](CO)C(=O)N[C@@H](CCCNC(=N)N)C(=O)CF,3,0.0,0.0,0.0
CC(C)[C@H](NC(=O)c1ccc(Br)cc1)C(=O)N1CCCC[C@H]1C(=O)N[C@@H](CCCNC(=N)N)C(=O)CF,3,0.0,0.0,0.0
N[C@@H](C(=O)N1CCC[C@H]1C(=O)NCc1ccncc1)C(c1ccccc1)c1ccccc1.O=C(O)C(F)(F)F.O=C(O)C(F)(F)F,8,0.0,0.0,0.0
Nc1ccc(CNC(=O)[C@@H]2CCCN2C(=O)[C@H](N)Cc2ccccc2)cn1.O=C(O)C(F)(F)F.O=C(O)C(F)(F)F,6,1.0,0.0,0.0
Nc1cc(CNC(=O)[C@@H]2CCCN2C(=O)[C@H](N)Cc2ccccc2)ccn1.O=C(O)C(F)(F)F.O=C(O)C(F)(F)F,6,1.0,0.0,0.0
Nc1cc(CNC(=O)[C@@H]2CCCN2C(=O)[C@H](N)Cc2ccccc2)cc(N)n1.O=C(O)C(F)(F)F.O=C(O)C(F)(F)F,6,1.0,0.0,0.0
N=C(N)Nc1ccc(NC(=O)Oc2ccc(N)cc2)cc1,2,0.0,0.0,0.0
CN(C)C(=O)COC(=O)Cc1ccc(OC(=O)c2ccc(NC(=N)N)cc2)cc1,6,0.0,0.0,0.0
N=C(N)Nc1ccc(OC(=O)c2ccc(NC(=N)N)cc2)cc1,2,0.0,0.0,0.0
N=C(N)Nc1ccc(OC(=O)c2ccc(N)cc2)cc1,2,0.0,0.0,0.0
N=C(N)Nc1ccc(C(=O)Oc2ccc(N)cc2)cc1,2,1.0,0.0,0.0
N=C(N)Nc1ccc(C(=O)Oc2ccc(CN)cc2)cc1,2,1.0,0.0,0.0
O=c1c(OS(=O)(=O)[O-])c(-c2ccc(OS(=O)(=O)[O-])c(OS(=O)(=O)[O-])c2)oc2cc(OS(=O)(=O)[O-])cc(OCc3cn(CCCCCCCCn4c(-c5ccc(OS(=O)(=O)[O-])cc5)nc5ccccc5c4=O)nn3)c12.[Na+].[Na+].[Na+].[Na+].[Na+],2,0.0,0.0,0.0
CC[C@H](C)[C@@H]1NC(=O)[C@@H]2CCCN2C(=O)[C@@H]2CCCN2C(=O)[C@H]([C@@H](C)CC)NC(=O)[C@H](CO)NC(=O)[C@H](CCCCN)NC(=O)[C@H](Cc2ccc(O)cc2)NC(=O)[C@@H]2CSSC[C@H](NC1=O)C(=O)N[C@@H](Cc1ccccc1)C(=O)N1CCC[C@H]1C(=O)N[C@@H](CC(=O)O)C(=O)NCC(=O)N[C@@H](CCCNC(=N)N)C(=O)N2,2,0.0,0.0,0.0
O=C(NNC(=S)Nc1ccc(Cl)c(Cl)c1)c1ccccc1O,4,0.0,0.0,0.0
Oc1cccc(CCc2ccc(Oc3cc(CCc4cccc(O)c4)ccc3O)cc2)c1,2,0.0,0.0,0.0
CCCCCC(=O)N[C@H](C(=O)NCc1ccccc1)c1ccc(OCc2ccccc2)cc1,2,0.0,0.0,0.0
CCCCCC(=O)N[C@H](C(=O)NCc1ccc(NC(N)=O)cc1)c1ccc(OCc2ccccc2)cc1,2,0.0,0.0,0.0
CCCCCC(=O)N[C@H](C(=O)NCc1ccc(C(=O)NN)cc1)c1ccc(OCc2ccccc2)cc1,2,0.0,0.0,0.0
O=C(c1ccc2c(ccn2-c2ccc(F)cc2)c1)N1CC(N2CCN(C(=O)c3nccs3)CC2)C1,3,0.0,0.0,0.0
N[C@@H](Cc1cc(I)c(Oc2ccc(O)c(I)c2)c(I)c1)C(=O)O,10,1.0,0.0,0.0
Nc1nc(-c2ccccn2)nn1C(=O)c1ccc(NC(=O)c2ccccc2)cc1,3,0.0,0.0,0.0
Nc1nc(-c2ccccn2)nn1C(=O)C1CCOCC1,2,0.0,0.0,0.0
Nc1nc(-c2ccccn2)nn1C(=O)C1CCCCC1,2,0.0,0.0,0.0
Nc1nc(-c2ccccn2)nn1C(=O)/C=C/c1ccccc1,2,0.0,0.0,0.0
Nc1nc(-c2ccccn2)nn1C(=O)CNC(=O)c1ccccc1,2,0.0,0.0,0.0
Nc1nc(-c2ccccn2)nn1C(=O)Cc1ccccc1I,3,0.0,0.0,0.0
Nc1nc(-c2ccccn2)nn1C(=O)Cc1ccccc1,2,1.0,0.0,0.0
Nc1nc(-c2ccccn2)nn1C(=O)c1ccco1,2,0.0,0.0,0.0
Nc1nc(-c2ccccn2)nn1C(=O)c1ccc(NC(=O)C(F)(F)F)cc1,2,0.0,0.0,0.0
Nc1nc(-c2ccccn2)nn1C(=O)[C@H]1CCCc2ccccc21,3,1.0,0.0,0.0
Nc1nc(-c2ccccn2)nn1C(=O)c1ccc2ccccc2c1,3,1.0,0.0,0.0
Nc1nc(-c2ccccn2)nn1C(=O)c1cccc2ccccc12,4,1.0,0.0,0.0
Nc1nc(-c2ccccn2)nn1C(=O)c1cccnc1,2,1.0,0.0,0.0
Nc1nc(-c2ccccn2)nn1C(=O)c1ccc(F)cc1,2,1.0,0.0,0.0
Nc1nc(-c2ccccn2)nn1C(=O)c1ccc(Br)cc1,2,1.0,0.0,0.0
Nc1nc(-c2ccccn2)nn1C(=O)c1ccc([N+](=O)[O-])cc1,2,0.0,0.0,0.0
Nc1nc(-c2ccccn2)nn1C(=O)c1ccccc1[N+](=O)[O-],2,0.0,0.0,0.0
Nc1nc(-c2ccccn2)nn1C(=O)c1ccc(C(F)(F)F)cc1,2,0.0,0.0,0.0
CCc1ccc(C(=O)n2nc(-c3ccccn3)nc2N)cc1,2,1.0,0.0,0.0
COc1ccc(C(=O)n2nc(-c3ccccn3)nc2N)cc1,2,1.0,0.0,0.0
Cc1ccc(C(=O)n2nc(-c3ccccn3)nc2N)cc1C,2,1.0,0.0,0.0
Cc1cccc(C(=O)n2nc(-c3ccccn3)nc2N)c1,2,1.0,0.0,0.0
O=C(Nc1nc(-c2ccccn2)n[nH]1)c1ccccc1,2,1.0,0.0,0.0
COc1cccc2[nH]c(C(=O)N[C@@H](CC(C)C)C(=O)N[C@@H](C[C@@H]3CCNC3=O)C(=O)CO)cc12,2,0.0,0.0,0.0
N=C(N)N1CCC(CNC(=O)[C@@H]2CCCN2C(=O)[C@H](N)Cc2ccccc2)CC1,2,0.0,0.0,0.0
NCc1ccc(CNC(=O)[C@@H]2CCCN2C(=O)[C@H](N)Cc2ccccc2)cc1,2,0.0,0.0,0.0
CC(=O)N[C@H]1[C@H](O[C@@H]([C@H](O[C@@H]2O[C@@H](C)[C@@H](OS(=O)(=O)[O-])[C@@H](OS(=O)(=O)O)[C@@H]2O)[C@@H](O)CO)[C@H](O)C(=O)[O-])O[C@H](COS(=O)(=O)[O-])[C@H](OS(=O)(=O)[O-])[C@@H]1O[C@@H]1OC(C(=O)[O-])=C[C@H](O[C@@H]2O[C@@H](C)[C@@H](OS(=O)(=O)[O-])[C@@H](OS(=O)(=O)O)[C@@H]2O)[C@H]1O.[Na+].[Na+].[Na+].[Na+].[Na+].[Na+],3,0.0,0.0,0.0
CC(=O)N[C@H]1[C@H](O[C@@H]([C@H](O[C@@H]2O[C@@H](C)[C@@H](OS(=O)(=O)[O-])[C@@H](OS(=O)(=O)O)[C@@H]2O)[C@@H](O)CO)[C@H](O)C(=O)[O-])O[C@@H](COS(=O)(=O)[O-])[C@H](OS(=O)(=O)[O-])[C@@H]1O[C@@H]1O[C@H](C(=O)[O-])[C@@H](O[C@@H]2O[C@H](COS(=O)(=O)[O-])[C@H](OS(=O)(=O)[O-])[C@H](O[C@@H]3OC(C(=O)[O-])=C[C@H](O[C@@H]4O[C@@H](C)[C@@H](OS(=O)(=O)[O-])[C@@H](S(=O)(=O)O)[C@@H]4O)[C@H]3O)[C@H]2NC(C)=O)[C@H](O[C@@H]2O[C@@H](C)[C@@H](OS(=O)(=O)[O-])[C@@H](OS(=O)(=O)O)[C@@H]2O)[C@@H]1O.[Na+].[Na+].[Na+].[Na+].[Na+].[Na+].[Na+].[Na+].[Na+].[Na+],3,0.0,0.0,0.0
CC(=O)N[C@H]1[C@H](O[C@@H]([C@H](O[C@@H]2O[C@@H](C)[C@@H](OS(=O)(=O)[O-])[C@@H](O)[C@@H]2OS(=O)(=O)O)[C@@H](O)CO)[C@H](O)C(=O)[O-])O[C@H](COS(=O)(=O)[O-])[C@H](OS(=O)(=O)[O-])[C@@H]1O[C@@H]1O[C@H](C(=O)[O-])[C@@H](O[C@@H]2O[C@H](COS(=O)(=O)[O-])[C@H](OS(=O)(=O)[O-])[C@H](O[C@@H]3O[C@H](C(=O)[O-])[C@@H](O[C@@H]4O[C@H](COS(=O)(=O)[O-])[C@H](OS(=O)(=O)[O-])[C@H](O[C@@H]5OC(C(=O)[O-])=C[C@H](O[C@@H]6O[C@@H](C)[C@@H](OS(=O)(=O)[O-])[C@@H](OS(=O)(=O)O)[C@@H]6O)[C@H]5O)[C@H]4NC(C)=O)[C@H](O[C@@H]4O[C@@H](C)[C@@H](OS(=O)(=O)[O-])[C@@H](O)[C@@H]4OS(=O)(=O)O)[C@H]3O)[C@H]2NC(C)=O)[C@H](O[C@@H]2O[C@@H](C)[C@@H](OS(=O)(=O)[O-])[C@@H](O)[C@@H]2OS(=O)(=O)O)[C@H]1O.[Na+].[Na+].[Na+].[Na+].[Na+].[Na+].[Na+].[Na+].[Na+].[Na+].[Na+].[Na+].[Na+].[Na+],3,0.0,0.0,0.0
CC(=O)N[C@H]1[C@H](O[C@@H]([C@H](O[C@@H]2O[C@@H](C)[C@@H](OS(=O)(=O)[O-])[C@@H](OS(=O)(=O)O)[C@@H]2O)[C@@H](O)CO)[C@H](O)C(=O)[O-])O[C@H](COS(=O)(=O)[O-])[C@H](OS(=O)(=O)[O-])[C@@H]1O[C@@H]1O[C@H](C(=O)[O-])[C@@H](O[C@@H]2O[C@H](COS(=O)(=O)[O-])[C@H](OS(=O)(=O)[O-])[C@H](O[C@@H]3O[C@H](C(=O)[O-])[C@@H](O[C@@H]4O[C@H](COS(=O)(=O)[O-])[C@H](OS(=O)(=O)[O-])[C@H](O[C@@H]5O[C@H](C(=O)[O-])[C@@H](O[C@@H]6O[C@H](COS(=O)(=O)[O-])[C@H](OS(=O)(=O)[O-])[C@H](O[C@@H]7OC(C(=O)[O-])=C[C@H](O[C@@H]8O[C@@H](C)[C@@H](OS(=O)(=O)[O-])[C@@H](OS(=O)(=O)O)[C@@H]8O)[C@H]7O)[C@H]6NC(C)=O)[C@H](O[C@@H]6O[C@@H](C)[C@@H](OS(=O)(=O)[O-])[C@@H](OS(=O)(=O)O)[C@@H]6O)[C@H]5O)[C@H]4NC(C)=O)[C@H](O[C@@H]4O[C@@H](C)[C@@H](OS(=O)(=O)[O-])[C@@H](OS(=O)(=O)O)[C@@H]4O)[C@H]3O)[C@H]2NC(C)=O)[C@H](O[C@@H]2O[C@@H](C)[C@@H](OS(=O)(=O)[O-])[C@@H](OS(=O)(=O)O)[C@@H]2O)[C@H]1O.[Na+].[Na+].[Na+].[Na+].[Na+].[Na+].[Na+].[Na+].[Na+].[Na+].[Na+].[Na+].[Na+].[Na+].[Na+].[Na+].[Na+].[Na+],3,0.0,0.0,0.0
CC(=O)N[C@H]1[C@H](O[C@@H]([C@H](O[C@@H]2O[C@@H](C)[C@@H](OS(=O)(=O)[O-])[C@@H](OS(=O)(=O)O)[C@@H]2O)[C@@H](O)CO)[C@H](O)C(=O)[O-])O[C@H](COS(=O)(=O)[O-])[C@H](OS(=O)(=O)[O-])[C@@H]1O[C@@H]1O[C@H](C(=O)[O-])[C@@H](O[C@@H]2O[C@H](COS(=O)(=O)[O-])[C@H](OS(=O)(=O)[O-])[C@H](O[C@@H]3O[C@H](C(=O)[O-])[C@@H](O[C@@H]4O[C@H](COS(=O)(=O)[O-])[C@H](OS(=O)(=O)[O-])[C@H](O[C@@H]5O[C@H](C(=O)[O-])[C@@H](O[C@@H]6O[C@H](COS(=O)(=O)[O-])[C@H](OS(=O)(=O)[O-])[C@H](O[C@@H]7O[C@H](C(=O)[O-])[C@@H](O[C@@H]8O[C@H](COS(=O)(=O)[O-])[C@H](OS(=O)(=O)[O-])[C@H](O[C@@H]9OC(C(=O)[O-])=C[C@H](O[C@@H]%10O[C@@H](C)[C@@H](OS(=O)(=O)[O-])[C@@H](OS(=O)(=O)O)[C@@H]%10O)[C@H]9O)[C@H]8NC(C)=O)[C@H](O[C@@H]8O[C@@H](C)[C@@H](OS(=O)(=O)[O-])[C@@H](OS(=O)(=O)O)[C@@H]8O)[C@H]7O)[C@H]6NC(C)=O)[C@H](O[C@@H]6O[C@@H](C)[C@@H](OS(=O)(=O)[O-])[C@@H](OS(=O)(=O)O)[C@@H]6O)[C@H]5O)[C@H]4NC(C)=O)[C@H](O[C@@H]4O[C@@H](C)[C@@H](OS(=O)(=O)[O-])[C@@H](OS(=O)(=O)O)[C@@H]4O)[C@H]3O)[C@H]2NC(C)=O)[C@H](O[C@@H]2O[C@@H](C)[C@@H](OS(=O)(=O)[O-])[C@@H](OS(=O)(=O)O)[C@@H]2O)[C@H]1O.[Na+].[Na+].[Na+].[Na+].[Na+].[Na+].[Na+].[Na+].[Na+].[Na+].[Na+].[Na+].[Na+].[Na+].[Na+].[Na+].[Na+].[Na+].[Na+].[Na+].[Na+].[Na+],3,0.0,0.0,0.0
CC(=O)N[C@H]1[C@H](O[C@@H]([C@H](O[C@@H]2O[C@@H](C)[C@@H](OS(=O)(=O)[O-])[C@@H](OS(=O)(=O)O)[C@@H]2O)[C@@H](O)CO)[C@H](O)C(=O)[O-])O[C@H](COS(=O)(=O)[O-])[C@H](OS(=O)(=O)[O-])[C@@H]1O[C@@H]1O[C@H](C(=O)[O-])[C@@H](O[C@@H]2O[C@H](COS(=O)(=O)[O-])[C@H](OS(=O)(=O)[O-])[C@H](O[C@@H]3O[C@H](C(=O)[O-])[C@@H](O[C@@H]4O[C@H](COS(=O)(=O)[O-])[C@H](OS(=O)(=O)[O-])[C@H](O[C@@H]5O[C@H](C(=O)[O-])[C@@H](O[C@@H]6O[C@H](COS(=O)(=O)[O-])[C@H](OS(=O)(=O)[O-])[C@H](O[C@@H]7O[C@H](C(=O)[O-])[C@@H](O[C@@H]8O[C@H](COS(=O)(=O)[O-])[C@H](OS(=O)(=O)[O-])[C@H](O[C@@H]9O[C@H](C(=O)[O-])[C@@H](O[C@@H]%10O[C@H](COS(=O)(=O)[O-])[C@H](OS(=O)(=O)[O-])[C@H](O[C@@H]%11OC(C(=O)[O-])=C[C@H](O[C@@H]%12O[C@@H](C)[C@@H](OS(=O)(=O)[O-])[C@@H](OS(=O)(=O)O)[C@@H]%12O)[C@H]%11O)[C@H]%10NC(C)=O)[C@H](O[C@@H]%10O[C@@H](C)[C@@H](OS(=O)(=O)[O-])[C@@H](OS(=O)(=O)O)[C@@H]%10O)[C@H]9O)[C@H]8NC(C)=O)[C@H](O[C@@H]8O[C@@H](C)[C@@H](OS(=O)(=O)[O-])[C@@H](OS(=O)(=O)O)[C@@H]8O)[C@H]7O)[C@H]6NC(C)=O)[C@H](O[C@@H]6O[C@@H](C)[C@@H](OS(=O)(=O)[O-])[C@@H](OS(=O)(=O)O)[C@@H]6O)[C@H]5O)[C@H]4NC(C)=O)[C@H](O[C@@H]4O[C@@H](C)[C@@H](OS(=O)(=O)[O-])[C@@H](OS(=O)(=O)O)[C@@H]4O)[C@H]3O)[C@H]2NC(C)=O)[C@H](O[C@@H]2O[C@@H](C)[C@@H](OS(=O)(=O)[O-])[C@@H](OS(=O)(=O)O)[C@@H]2O)[C@H]1O.[Na+].[Na+].[Na+].[Na+].[Na+].[Na+].[Na+].[Na+].[Na+].[Na+].[Na+].[Na+].[Na+].[Na+].[Na+].[Na+].[Na+].[Na+].[Na+].[Na+].[Na+].[Na+].[Na+].[Na+].[Na+].[Na+],3,0.0,0.0,0.0
CC(=O)N[C@H]1[C@H](O[C@@H]([C@H](O[C@@H]2O[C@@H](C)[C@@H](OS(=O)(=O)[O-])[C@@H](OS(=O)(=O)O)[C@@H]2O)[C@@H](O)CO)[C@H](O)C(=O)[O-])O[C@H](COS(=O)(=O)[O-])[C@H](OS(=O)(=O)[O-])[C@@H]1O[C@@H]1O[C@H](C(=O)[O-])[C@@H](O[C@@H]2O[C@H](COS(=O)(=O)[O-])[C@H](OS(=O)(=O)[O-])[C@H](O[C@@H]3O[C@H](C(=O)[O-])[C@@H](O[C@@H]4O[C@H](COS(=O)(=O)[O-])[C@H](OS(=O)(=O)[O-])[C@H](O[C@@H]5O[C@H](C(=O)[O-])[C@@H](O[C@@H]6O[C@H](COS(=O)(=O)[O-])[C@H](OS(=O)(=O)[O-])[C@H](O[C@@H]7O[C@H](C(=O)[O-])[C@@H](O[C@@H]8O[C@H](COS(=O)(=O)[O-])[C@H](OS(=O)(=O)[O-])[C@H](O[C@@H]9O[C@H](C(=O)[O-])[C@@H](O[C@@H]%10O[C@H](COS(=O)(=O)[O-])[C@H](OS(=O)(=O)[O-])[C@H](O[C@@H]%11O[C@H](C(=O)[O-])[C@@H](O[C@@H]%12O[C@H](COS(=O)(=O)[O-])[C@H](OS(=O)(=O)[O-])[C@H](O[C@@H]%13OC(C(=O)O)=C[C@H](O[C@@H]%14O[C@@H](C)[C@@H](OS(=O)(=O)[O-])[C@@H](OS(=O)(=O)O)[C@@H]%14O)[C@H]%13O)[C@H]%12NC(C)=O)[C@H](O[C@@H]%12O[C@@H](C)[C@@H](OS(=O)(=O)[O-])[C@@H](OS(=O)(=O)O)[C@@H]%12O)[C@H]%11O)[C@H]%10NC(C)=O)[C@H](O[C@@H]%10O[C@@H](C)[C@@H](OS(=O)(=O)[O-])[C@@H](OS(=O)(=O)O)[C@@H]%10O)[C@H]9O)[C@H]8NC(C)=O)[C@H](O[C@@H]8O[C@@H](C)[C@@H](OS(=O)(=O)[O-])[C@@H](OS(=O)(=O)O)[C@@H]8O)[C@H]7O)[C@H]6NC(C)=O)[C@H](O[C@@H]6O[C@@H](C)[C@@H](OS(=O)(=O)[O-])[C@@H](OS(=O)(=O)O)[C@@H]6O)[C@H]5O)[C@H]4NC(C)=O)[C@H](O[C@@H]4O[C@@H](C)[C@@H](OS(=O)(=O)[O-])[C@@H](OS(=O)(=O)O)[C@@H]4O)[C@H]3O)[C@H]2NC(C)=O)[C@H](O[C@@H]2O[C@@H](C)[C@@H](OS(=O)(=O)[O-])[C@@H](OS(=O)(=O)O)[C@@H]2O)[C@H]1O.[Na+].[Na+].[Na+].[Na+].[Na+].[Na+].[Na+].[Na+].[Na+].[Na+].[Na+].[Na+].[Na+].[Na+].[Na+].[Na+].[Na+].[Na+].[Na+].[Na+].[Na+].[Na+].[Na+].[Na+].[Na+].[Na+].[Na+].[Na+].[Na+],3,0.0,0.0,0.0
CC(=O)N[C@H]1[C@H](O[C@H]2[C@H](O[C@@H]3O[C@@H](C)[C@@H](OS(=O)(=O)[O-])[C@@H](OS(=O)(=O)O)[C@@H]3O)[C@@H](O)[C@H](O[C@@H]3[C@@H](NC(C)=O)[C@H](O[C@H]4[C@H](O[C@@H]5O[C@@H](C)[C@@H](OS(=O)(=O)[O-])[C@@H](OS(=O)(=O)O)[C@@H]5O)[C@@H](O)[C@H](O[C@@H]5[C@@H](NC(C)=O)[C@H](O[C@H]6[C@H](O[C@@H]7O[C@@H](C)[C@@H](OS(=O)(=O)[O-])[C@@H](OS(=O)(=O)O)[C@@H]7O)[C@@H](O)[C@H](O[C@@H]7[C@@H](NC(C)=O)[C@H](O[C@H]8[C@H](O[C@@H]9O[C@@H](C)[C@@H](OS(=O)(=O)[O-])[C@@H](OS(=O)(=O)O)[C@@H]9O)[C@@H](O)[C@H](O[C@@H]9[C@@H](NC(C)=O)[C@H](O[C@@H]([C@H](O[C@@H]%10O[C@@H](C)[C@@H](OS(=O)(=O)[O-])[C@@H](OS(=O)(=O)O)[C@@H]%10O)[C@@H](O)CO)[C@H](O)C(=O)O)O[C@H](COS(=O)(=O)[O-])[C@@H]9OS(=O)(=O)[O-])O[C@@H]8C(=O)O)O[C@H](COS(=O)(=O)[O-])[C@@H]7OS(=O)(=O)[O-])O[C@@H]6C(=O)[O-])O[C@H](COS(=O)(=O)[O-])[C@@H]5OS(=O)(=O)[O-])O[C@@H]4C(=O)[O-])O[C@H](COS(=O)(=O)[O-])[C@@H]3OS(=O)(=O)[O-])O[C@@H]2C(=O)[O-])O[C@H](COS(=O)(=O)[O-])[C@H](OS(=O)(=O)[O-])[C@@H]1O[C@@H]1O[C@H](C(=O)[O-])[C@@H](O[C@@H]2O[C@H](COS(=O)(=O)[O-])[C@H](OS(=O)(=O)[O-])[C@H](O[C@@H]3O[C@H](C(=O)[O-])[C@@H](O[C@@H]4O[C@H](COS(=O)(=O)[O-])[C@H](OS(=O)(=O)[O-])[C@H](O[C@@H]5O[C@H](C(=O)O)[C@@H](O[C@@H]6O[C@H](COS(=O)(=O)[O-])[C@H](OS(=O)(=O)[O-])[C@H](O[C@@H]7OC(C(=O)O)=C[C@H](O[C@@H]8O[C@@H](C)[C@@H](OS(=O)(=O)[O-])[C@@H](OS(=O)(=O)O)[C@@H]8O)[C@H]7O)[C@H]6NC(C)=O)[C@H](O[C@@H]6O[C@@H](C)[C@@H](OS(=O)(=O)[O-])[C@@H](OS(=O)(=O)O)[C@@H]6O)[C@H]5O)[C@H]4NC(C)=O)[C@H](O[C@@H]4O[C@@H](C)[C@@H](OS(=O)(=O)[O-])[C@@H](OS(=O)(=O)O)[C@@H]4O)[C@H]3O)[C@H]2NC(C)=O)[C@H](O[C@@H]2O[C@@H](C)[C@@H](OS(=O)(=O)[O-])[C@@H](OS(=O)(=O)O)[C@@H]2O)[C@H]1O.[Na+].[Na+].[Na+].[Na+].[Na+].[Na+].[Na+].[Na+].[Na+].[Na+].[Na+].[Na+].[Na+].[Na+].[Na+].[Na+].[Na+].[Na+].[Na+].[Na+].[Na+].[Na+].[Na+].[Na+].[Na+].[Na+].[Na+].[Na+].[Na+].[Na+],3,0.0,0.0,0.0
CC(=O)N[C@H]1[C@H](O[C@@H]([C@H](O[C@@H]2O[C@@H](C)[C@@H](OS(=O)(=O)[O-])[C@@H](OS(=O)(=O)O)[C@@H]2O)[C@@H](O)CO)[C@H](O)C(=O)[O-])O[C@H](COS(=O)(=O)[O-])[C@H](OS(=O)(=O)[O-])[C@@H]1O[C@@H]1O[C@H](C(=O)[O-])[C@@H](O[C@@H]2O[C@H](COS(=O)(=O)[O-])[C@H](OS(=O)(=O)[O-])[C@H](O[C@@H]3O[C@H](C(=O)[O-])[C@@H](O[C@@H]4O[C@H](COS(=O)(=O)[O-])[C@H](OS(=O)(=O)[O-])[C@H](O[C@@H]5O[C@H](C(=O)[O-])[C@@H](O[C@@H]6O[C@H](COS(=O)(=O)[O-])[C@H](OS(=O)(=O)[O-])[C@H](O[C@@H]7O[C@H](C(=O)[O-])[C@@H](O[C@@H]8O[C@H](COS(=O)(=O)[O-])[C@H](OS(=O)(=O)[O-])[C@H](O[C@@H]9O[C@H](C(=O)[O-])[C@@H](O[C@@H]%10O[C@H](COS(=O)(=O)[O-])[C@H](OS(=O)(=O)[O-])[C@H](O[C@@H]%11O[C@H](C(=O)[O-])[C@@H](O[C@@H]%12O[C@H](COS(=O)(=O)[O-])[C@H](OS(=O)(=O)[O-])[C@H](O[C@@H]%13O[C@H](C(=O)[O-])[C@@H](O[C@@H]%14O[C@H](COS(=O)(=O)[O-])[C@H](OS(=O)(=O)[O-])[C@H](O[C@@H]%15O[C@H](C(=O)[O-])[C@@H](O[C@@H]%16O[C@H](COS(=O)(=O)[O-])[C@H](OS(=O)(=O)[O-])[C@H](O[C@@H]%17OC(C(=O)O)=C[C@H](O[C@@H]%18O[C@@H](C)[C@@H](OS(=O)(=O)[O-])[C@@H](OS(=O)(=O)O)[C@@H]%18O)[C@H]%17O)[C@H]%16NC(C)=O)[C@H](O[C@@H]%16O[C@@H](C)[C@@H](OS(=O)(=O)[O-])[C@@H](OS(=O)(=O)O)[C@@H]%16O)[C@H]%15O)[C@H]%14NC(C)=O)[C@H](O[C@@H]%14O[C@@H](C)[C@@H](OS(=O)(=O)[O-])[C@@H](OS(=O)(=O)O)[C@@H]%14O)[C@H]%13O)[C@H]%12NC(C)=O)[C@H](O[C@@H]%12O[C@@H](C)[C@@H](OS(=O)(=O)[O-])[C@@H](OS(=O)(=O)O)[C@@H]%12O)[C@H]%11O)[C@H]%10NC(C)=O)[C@H](O[C@@H]%10O[C@@H](C)[C@@H](OS(=O)(=O)[O-])[C@@H](OS(=O)(=O)O)[C@@H]%10O)[C@H]9O)[C@H]8NC(C)=O)[C@H](O[C@@H]8O[C@@H](C)[C@@H](OS(=O)(=O)[O-])[C@@H](OS(=O)(=O)O)[C@@H]8O)[C@H]7O)[C@H]6NC(C)=O)[C@H](O[C@@H]6O[C@@H](C)[C@@H](OS(=O)(=O)[O-])[C@@H](OS(=O)(=O)O)[C@@H]6O)[C@H]5O)[C@H]4NC(C)=O)[C@H](O[C@@H]4O[C@@H](C)[C@@H](OS(=O)(=O)[O-])[C@@H](OS(=O)(=O)O)[C@@H]4O)[C@H]3O)[C@H]2NC(C)=O)[C@H](O[C@@H]2O[C@@H](C)[C@@H](OS(=O)(=O)[O-])[C@@H](OS(=O)(=O)O)[C@@H]2O)[C@H]1O.[Na+].[Na+].[Na+].[Na+].[Na+].[Na+].[Na+].[Na+].[Na+].[Na+].[Na+].[Na+].[Na+].[Na+].[Na+].[Na+].[Na+].[Na+].[Na+].[Na+].[Na+].[Na+].[Na+].[Na+].[Na+].[Na+].[Na+].[Na+].[Na+].[Na+].[Na+].[Na+].[Na+].[Na+].[Na+].[Na+].[Na+],3,0.0,0.0,0.0
CC(=O)N[C@H]1[C@H](O[C@H]2[C@H](O[C@@H]3O[C@@H](C)[C@@H](OS(=O)(=O)[O-])[C@@H](O)[C@@H]3OS(=O)(=O)O)[C@@H](O)[C@H](O[C@H]3[C@@H](NC(C)=O)[C@H](O[C@H]4[C@H](O[C@@H]5O[C@@H](C)[C@@H](OS(=O)(=O)[O-])[C@@H](O)[C@@H]5OS(=O)(=O)O)[C@@H](O)[C@H](O[C@H]5[C@@H](NC(C)=O)[C@H](O[C@H]6[C@H](O[C@@H]7O[C@@H](C)[C@@H](OS(=O)(=O)[O-])[C@@H](O)[C@@H]7OS(=O)(=O)O)[C@@H](O)[C@H](O[C@H]7[C@@H](NC(C)=O)[C@H](O[C@H]8[C@H](O[C@@H]9O[C@@H](C)[C@@H](OS(=O)(=O)[O-])[C@@H](O)[C@@H]9OS(=O)(=O)O)[C@@H](O)[C@H](O[C@H]9[C@@H](NC(C)=O)[C@H](O[C@@H]([C@H](O[C@@H]%10O[C@@H](C)[C@@H](OS(=O)(=O)[O-])[C@@H](O)[C@@H]%10OS(=O)(=O)O)[C@@H](O)CO)[C@H](O)C(=O)[O-])O[C@H](COS(=O)(=O)[O-])[C@@H]9OS(=O)(=O)[O-])O[C@@H]8C(=O)[O-])O[C@H](COS(=O)(=O)[O-])[C@@H]7OS(=O)(=O)[O-])O[C@@H]6C(=O)[O-])O[C@H](COS(=O)(=O)[O-])[C@@H]5OS(=O)(=O)[O-])O[C@@H]4C(=O)[O-])O[C@H](COS(=O)(=O)[O-])[C@@H]3OS(=O)(=O)[O-])O[C@@H]2C(=O)[O-])O[C@H](COS(=O)(=O)[O-])[C@H](OS(=O)(=O)[O-])[C@@H]1O[C@@H]1OC(C(=O)[O-])=C[C@H](O[C@@H]2O[C@@H](C)[C@@H](OS(=O)(=O)[O-])[C@@H](O)[C@@H]2OS(=O)(=O)O)[C@H]1O.[Na+].[Na+].[Na+].[Na+].[Na+].[Na+].[Na+].[Na+].[Na+].[Na+].[Na+].[Na+].[Na+].[Na+].[Na+].[Na+].[Na+].[Na+].[Na+].[Na+].[Na+].[Na+],3,0.0,0.0,0.0
CC[C@H](CC(=O)O)n1c(=O)c2ncccc2n(Cc2cn(C)c3cc(C)cc(C)c23)c1=O,2,0.0,0.0,0.0
O=C(/C=C/c1cc(Cl)ccc1-n1cnnn1)N[C@@H](CC(=O)N1CCSCC1)C(=O)Nc1ccc(C(=O)O)cc1,2,0.0,0.0,0.0
Cc1cc(OC2CCS(=O)(=O)CC2)cc(C)c1-c1cccc(COc2ccc(CCC(=O)O)c(F)c2)c1,2,0.0,0.0,0.0
Cn1cnc(Cn2c(=O)[nH]/c(=N\c3cc4cn(C)nc4cc3Cl)n(Cc3cc(F)c(F)cc3F)c2=O)n1,2,0.0,0.0,0.0
CC(=O)C1=C(C)N(c2cccc(C(F)(F)F)c2)C(=O)N[C@@H]1c1ccc(C#N)nc1,2,0.0,0.0,0.0
COCc1nn(Cc2ccc(Cn3cc(F)ccc3=O)cc2)cc1C(=O)NCc1nccc(OC)c1F,7,0.0,0.0,0.0
COc1ccnc(CNC(=O)c2cn(Cc3ccc(Cn4ccccc4=O)cc3)nc2C(F)(F)F)c1F,4,0.0,0.0,0.0
CC[C@H](C)[C@@H]1NC(=O)[C@@H]2CSSC[C@H](NC(=O)[C@H](CCCNC(=N)N)NC(=O)CNC(=O)CN)C(=O)N[C@@H](Cc3ccccc3)C(=O)N[C@@H](CCCNC(=N)N)C(=O)N[C@@H]([C@@H](C)CC)C(=O)N[C@@H](CC(C)C)C(=O)N[C@@H](CCCCN)C(=O)N[C@@H](CCCCN)C(=O)N[C@@H]3CSSC[C@H](NC1=O)C(=O)N[C@@H](CCCNC(=N)N)C(=O)NCC(=O)N[C@@H](CC(N)=O)C(=O)NCC(=O)N[C@@H](Cc1ccc(O)cc1)C(=O)N[C@H](C(=O)NCC(=O)N[C@@H](CO)C(=O)O)CSSC[C@H](NC(=O)[C@H](CC(=O)O)NC(=O)[C@H](CO)NC(=O)[C@H](CC(=O)O)NC(=O)[C@H](CCCNC(=N)N)NC(=O)[C@H](CCCNC(=N)N)NC3=O)C(=O)N1CCC[C@H]1C(=O)NCC(=O)N[C@@H](C)C(=O)N2,2,0.0,0.0,0.0
CC[C@H](C)[C@@H]1NC(=O)[C@H](CCCNC(=N)N)NC(=O)[C@H](Cc2ccccc2)NC(=O)[C@@H](NC(=O)[C@H](CCCNC(=N)N)NC(=O)CNC(=O)CN)CSSC[C@@H]2NC(=O)[C@H](C)NC(=O)CNC(=O)[C@@H]3CCCN3C(=O)[C@@H]3CSSC[C@@H](C(=O)NCC(=O)N[C@@H](CO)C(=O)O)NC(=O)[C@H](Cc4ccc(O)cc4)NC(=O)CNC(=O)[C@H](CC(N)=O)NC(=O)CNC(=O)[C@H](CCCNC(=N)N)NC(=O)[C@H](CSSC[C@@H](NC(=O)[C@H](CCCCN)NC(=O)[C@H](CCCCN)NC(=O)CNC1=O)C(=O)N[C@@H](CCCNC(=N)N)C(=O)N[C@@H](CCCNC(=N)N)C(=O)N[C@@H](CC(=O)O)C(=O)N[C@@H](CO)C(=O)N[C@@H](CC(=O)O)C(=O)N3)NC(=O)[C@H]([C@@H](C)CC)NC2=O,2,0.0,0.0,0.0
COCc1c(C(C)C)nc(C(C)C)c(/C=C/[C@@H](O)C[C@@H](O)CC(=O)O)c1-c1ccc(F)cc1,5,0.0,0.0,0.0
CN(C)CCC=C1c2ccccc2COc2ccccc21,9,0.0,0.0,0.0
CN(C)CCC(c1ccc(Br)cc1)c1ccccn1,4,0.0,1.0,0.0
CN(C)CCC=C1c2ccccc2CCc2ccccc21,15,0.0,0.0,0.0
CN(C)CCCC1(c2ccc(F)cc2)OCc2cc(C#N)ccc21,13,0.0,1.0,0.0
CN(C)CC[C@@H](c1ccc(Br)cc1)c1ccccn1,2,0.0,0.0,0.0
C[N+](C)(C)C[C@H](O)CC(=O)[O-],5,0.0,0.0,0.0
CN(C)CCCN1c2ccccc2CCc2ccc(Cl)cc21,6,0.0,0.0,0.0
CCCCc1oc2ccc(NS(C)(=O)=O)cc2c1C(=O)c1ccc(OCCCN(CCCC)CCCC)cc1,3,0.0,1.0,0.0
C[C@]12CC[C@@H]3c4ccc(O)cc4CC[C@H]3[C@@H]1CCC2=O,5,0.0,0.0,0.0
C[C@]12CC[C@@H]3c4ccc(O)cc4CC[C@H]3[C@@H]1CC[C@@H]2O,8,0.0,0.0,0.0
C[C@]12CC[C@@H]3c4ccc(O)cc4CC[C@H]3[C@@H]1C[C@@H](O)[C@@H]2O,5,0.0,0.0,0.0
CC(C)(S)[C@@H](N)C(=O)O,5,0.0,0.0,0.0
C[C@@H]1CC[C@H]2[C@@H](C)C(=O)O[C@@H]3O[C@@]4(C)CC[C@@H]1[C@]32OO4,5,0.0,0.0,0.0
CNC(=O)Oc1ccc2c(c1)[C@]1(C)CCN(C)[C@@H]1N2C,7,0.0,0.0,0.0
CN1CCN(CCCN2c3ccccc3Sc3ccc(S(=O)(=O)N(C)C)cc32)CC1,3,0.0,0.0,0.0
CN(CC1(C)CCCO1)S(=O)(=O)c1ccc(Cl)c(S(N)(=O)=O)c1,3,0.0,0.0,0.0
CC1(C)O[C@@H]2C[C@H]3[C@@H]4C[C@H](F)C5=CC(=O)CC[C@]5(C)[C@H]4[C@@H](O)C[C@]3(C)[C@]2(C(=O)CO)O1,5,0.0,0.0,0.0
C[C@]12C=CC(=O)C=C1CC[C@H]1[C@@H]3C[C@@H](O)[C@](O)(C(=O)CO)[C@@]3(C)C[C@H](O)[C@@]12F,5,0.0,0.0,0.0
CC1(C)O[C@@H]2C[C@H]3[C@@H]4CCC5=CC(=O)CC[C@]5(C)[C@@]4(F)[C@@H](O)C[C@]3(C)[C@]2(C(=O)CCl)O1,5,0.0,0.0,0.0
CC1(C)O[C@@H]2C[C@H]3[C@@H]4C[C@H](F)C5=CC(=O)C=C[C@]5(C)[C@@]4(F)[C@@H](O)C[C@]3(C)[C@]2(C(=O)CO)O1,5,0.0,0.0,0.0
C[N+](C)(C)CCOP(=O)(O)OP(=O)([O-])OC[C@H]1O[C@@H](n2ccc(N)nc2=O)[C@H](O)[C@@H]1O,3,0.0,0.0,0.0
CN(C)CCN(Cc1ccccc1)c1ccccn1,2,0.0,0.0,0.0
CN(C)CCN(Cc1cccs1)c1ccccn1,5,0.0,0.0,0.0
O=C(Cc1ccc(-c2ccccc2)cc1)Nc1ccccn1,3,0.0,0.0,0.0
O=C(O)P(=O)(O)O,5,0.0,0.0,0.0
Nc1cccc2c1CN(C1CCC(=O)NC1=O)C2=O,2,0.0,0.0,0.0
Cc1cccc(CN2CCN(C(c3ccccc3)c3ccc(Cl)cc3)CC2)c1,4,0.0,0.0,0.0
CS(=O)(=O)c1ccc(C2=C(c3ccccc3)C(=O)OC2)cc1,15,0.0,0.0,0.0
CS(=O)(=O)c1ccc([C@@H](O)[C@@H](CO)NC(=O)C(Cl)Cl)cc1,7,0.0,0.0,0.0
CS(=O)(=O)c1ccc(C(=O)Nc2ccc(Cl)c(-c3ccccn3)c2)c(Cl)c1,2,0.0,0.0,0.0
CS(=O)(=O)c1cc(F)cc2c3c(n(Cc4ccc(Cl)cc4)c12)[C@@H](CC(=O)O)CC3,3,0.0,0.0,0.0
CCCCCCCCCCCCCCCC(=O)NCCO,6,0.0,0.0,0.0
N=C(N)c1ccc(OCCCCCOc2ccc(C(=N)N)cc2)cc1,5,0.0,0.0,0.0
CN(C)[C@@H]1C(O)=C(C(N)=O)C(=O)[C@@]2(O)C(O)=C3C(=O)c4c(O)ccc(Cl)c4[C@@](C)(O)[C@H]3C[C@@H]12,5,0.0,0.0,0.0
CN(C)C(=N)NC(=N)N,8,0.0,0.0,0.0
CNC(=C[N+](=O)[O-])NCCSCc1ccc(CN(C)C)o1,6,0.0,0.0,0.0
CN(CCOc1ccc(NS(C)(=O)=O)cc1)CCc1ccc(NS(C)(=O)=O)cc1,20,0.0,1.0,0.0
Sc1ncnc2nc[nH]c12,5,0.0,0.0,0.0
CC(C)(Oc1ccc(Cl)cc1)C(=O)O,5,0.0,0.0,0.0
CC(C)Oc1ccc2c(=O)c(-c3ccccc3)coc2c1,6,0.0,0.0,0.0
C=CCc1ccccc1OCC(O)CNC(C)C,3,0.0,0.0,0.0
O=C(O)CN(CCN(CC(=O)O)CC(=O)O)CC(=O)O,4,0.0,0.0,0.0
O=C(O)COc1ccc(C(=O)c2cccs2)c(Cl)c1Cl,5,0.0,0.0,0.0
O=C(O)COCCN1CCN(C(c2ccccc2)c2ccc(Cl)cc2)CC1,10,0.0,0.0,0.0
CCCCNc1ccc(C(=O)OCCN(C)C)cc1,9,0.0,0.0,0.0
Oc1c(Cl)cc(Cl)cc1Sc1cc(Cl)cc(Cl)c1O,6,0.0,0.0,0.0
Oc1c(Cl)cc(Cl)c(Cl)c1Cc1c(O)c(Cl)cc(Cl)c1Cl,5,0.0,0.0,0.0
Cc1nnc(C(C)C)n1[C@H]1C[C@H]2CC[C@@H](C1)N2CC[C@H](NC(=O)C1CCC(F)(F)CC1)c1ccccc1,6,0.0,0.0,0.0
O=C(N[C@H](CO)[C@H](O)c1ccc([N+](=O)[O-])cc1)C(Cl)Cl,5,0.0,0.0,0.0
O=C(OCC(O)CO)c1ccccc1Nc1ccnc2cc(Cl)ccc12,3,0.0,0.0,0.0
O=C(O)CO,5,0.0,0.0,0.0
COc1ccc2[nH]c([S+]([O-])Cc3ncc(C)c(OC)c3C)nc2c1,5,0.0,0.0,0.0
C=CC(=O)N1CCC[C@@H](n2nc(-c3ccc(Oc4ccccc4)cc3)c3c(N)ncnc32)C1,2,0.0,0.0,0.0
CN(C)c1ccc(C(=C2C=CC(=[N+](C)C)C=C2)c2ccc(N(C)C)cc2)cc1.[Cl-],6,0.0,0.0,0.0
COc1ccc(CCN2CCC(Nc3nc4ccccc4n3Cc3ccc(F)cc3)CC2)cc1,28,0.0,1.0,0.0
NS(=O)(=O)c1cc(C(=O)O)c(NCc2ccco2)cc1Cl,9,0.0,0.0,0.0
C#CCN(C)Cc1ccccc1,3,0.0,0.0,0.0
CC(C)COC(=O)OCN1C(=O)CN(CCN2CC(=O)N(COC(=O)OCC(C)C)C(=O)C2)CC1=O,2,0.0,0.0,0.0
CC(C)C(=O)Nc1ccc([N+](=O)[O-])c(C(F)(F)F)c1,6,0.0,0.0,0.0
CC(C)NCC(O)COc1cccc2ccccc12,8,0.0,0.0,0.0
CC(C)NC(=N)NC(=N)Nc1ccc(Cl)c(Cl)c1,3,0.0,0.0,0.0
CCOc1cc(N)c(Cl)cc1C(=O)NCC1CN(Cc2ccc(F)cc2)CCO1,7,0.0,0.0,0.0
COc1cc(Nc2c(C#N)cnc3cc(OCCCN4CCN(C)CC4)c(OC)cc23)c(Cl)cc1Cl,3,0.0,0.0,0.0
COc1cc2nccc(Oc3ccc(NC(=O)C4(C(=O)Nc5ccc(F)cc5)CC4)cc3)c2cc1OC,3,0.0,0.0,0.0
O=C(Cc1cccs1)N[C@@H]1C(=O)N2C(C(=O)[O-])=C(C[n+]3ccccc3)CS[C@H]12,3,0.0,0.0,0.0
O=C(O)c1cn(C2CC2)c2cc(N3CCNCC3)c(F)cc2c1=O,16,0.0,0.0,0.0
CN1CCC(=C2c3ccccc3C=Cc3ccccc32)CC1,5,0.0,0.0,0.0
CN1CCCCC1CCN1c2ccccc2Sc2ccc([S+](C)[O-])cc21,7,0.0,1.0,0.0
C[n+]1ccccc1C=NO,3,0.0,0.0,0.0
C[N+]1(C)CCC(OC(=O)C(O)(c2ccccc2)C2CCCC2)C1.[Br-],3,0.0,0.0,0.0
CN1CCC[C@H]1c1cccnc1,12,0.0,0.0,0.0
CN1CCC[C@@H]1CCO[C@](C)(c1ccccc1)c1ccc(Cl)cc1,6,0.0,1.0,0.0
O=c1[nH]cc(F)c(=O)[nH]1,5,0.0,0.0,0.0
Oc1ncnc2[nH]ncc12,8,0.0,0.0,0.0
O=c1[nH]c(=O)n(C2CCCO2)cc1F,5,0.0,0.0,0.0
NC(=O)c1cnccn1,9,0.0,0.0,0.0
CN/C(=N\CCSCc1nc[nH]c1C)NC#N,7,0.0,0.0,0.0
OCCN1CCN(CCCN2c3ccccc3C=Cc3ccccc32)CC1,3,0.0,0.0,0.0
CC1=NN(c2ccccc2)C(=O)C1,5,0.0,0.0,0.0
Cc1cc(C2CCCCC2)n(O)c(=O)c1,5,0.0,0.0,0.0
CNC1(c2ccccc2Cl)CCCCC1=O,5,0.0,0.0,0.0
O=C1CCc2ccc(OCCCCN3CCN(c4cccc(Cl)c4Cl)CC3)cc2N1,9,0.0,1.0,0.0
O=C1CC[C@@]2(O)[C@H]3Cc4ccc(O)c5c4[C@@]2(CCN3CC2CC2)[C@H]1O5,5,0.0,0.0,0.0
C[C@H](C(=O)O)c1cccc(C(=O)c2ccccc2)c1,5,0.0,0.0,0.0
C[C@H](Nc1ncnc2nc[nH]c12)c1cc2cccc(Cl)c2c(=O)n1-c1ccccc1,3,0.0,0.0,0.0
Cc1nnc(C(=O)NC(C)(C)c2nc(C(=O)NCc3ccc(F)cc3)c(O)c(=O)n2C)o1,2,0.0,0.0,0.0
CCOc1ccc(NC(C)=O)cc1,5,0.0,0.0,0.0
OC[C@H]1NC[C@H](O)[C@@H](O)[C@H]1O,2,0.0,0.0,0.0
OC[C@H]1O[C@@H]2O[C@H]3[C@H](O)[C@@H](O)[C@@H](O[C@H]4[C@H](O)[C@@H](O)[C@@H](O[C@H]5[C@H](O)[C@@H](O)[C@@H](O[C@H]6[C@H](O)[C@@H](O)[C@@H](O[C@H]7[C@H](O)[C@@H](O)[C@@H](O[C@H]8[C@H](O)[C@@H](O)[C@@H](O[C@H]1[C@H](O)[C@H]2O)O[C@@H]8CO)O[C@@H]7CO)O[C@@H]6CO)O[C@@H]5CO)O[C@@H]4CO)O[C@@H]3CO,5,0.0,0.0,0.0
O=c1[nH]c(=O)n([C@H]2C[C@H](O)[C@@H](CO)O2)cc1F,5,0.0,0.0,0.0
OC[C@H]1O[C@@](CO)(O[C@H]2O[C@H](CO)[C@@H](O)[C@H](O)[C@H]2O)[C@@H](O)[C@@H]1O,3,0.0,0.0,0.0
C#C[C@]1(OC(C)=O)CC[C@H]2[C@@H]3CCC4=C[C@@H](OC(C)=O)CC[C@@H]4[C@H]3CC[C@@]21C,5,0.0,0.0,0.0
C#C[C@]1(OC(C)=O)CC[C@H]2[C@@H]3CCC4=CC(=O)CC[C@@H]4[C@H]3CC[C@@]21C,5,0.0,0.0,0.0
C#C[C@]1(O)CC[C@H]2[C@@H]3CCC4=CC(=O)CC[C@]4(C)[C@H]3CC[C@@]21C,5,0.0,0.0,0.0
C#C[C@]1(O)CC[C@H]2[C@@H]3CCc4cc(O)ccc4[C@H]3CC[C@@]21C,6,0.0,0.0,0.0
CC[C@@]1(O)C[C@H](O[C@H]2C[C@H](N(C)C)[C@H](O[C@H]3C[C@H](O)[C@H](O[C@H]4CCC(=O)[C@H](C)O4)[C@H](C)O3)[C@H](C)O2)c2c(cc3c(c2O)C(=O)c2c(O)cccc2C3=O)[C@H]1C(=O)OC,5,0.0,0.0,0.0
O=C(NCC1CCCCN1)c1cc(OCC(F)(F)F)ccc1OCC(F)(F)F,7,0.0,0.0,0.0
CN(C)c1cc(CNCC(C)(C)C)c(O)c2c1C[C@H]1C[C@H]3[C@H](N(C)C)C(O)=C(C(N)=O)C(=O)[C@@]3(O)C(O)=C1C2=O,3,0.0,0.0,0.0
Cc1nc2n(c(=O)c1CCN1CCC(c3noc4cc(F)ccc34)CC1)CCCC2,21,0.0,1.0,0.0
CO[C@@]12[C@H](COC(N)=O)C3=C(C(=O)C(C)=C(N)C3=O)N1C[C@@H]1N[C@@H]12,5,0.0,0.0,0.0
COc1c2occc2cc2ccc(=O)oc12,5,0.0,0.0,0.0
CNC[C@H](O)c1cccc(O)c1,5,0.0,0.0,0.0
CN(C)C(=O)C(CCN1CCC(O)(c2ccc(Cl)cc2)CC1)(c1ccccc1)c1ccccc1,5,0.0,0.0,0.0
Cc1ccc(Cl)c(Nc2ccccc2C(=O)O)c1Cl,5,0.0,0.0,0.0
Cc1cccc(Nc2ccccc2C(=O)O)c1C,6,0.0,0.0,0.0
O=C(OCc1ccccc1)c1ccccc1,3,0.0,0.0,0.0
O=C(O)Cc1ccccc1Nc1c(Cl)cccc1Cl,9,0.0,0.0,0.0
O=C(O)Cc1ccccc1Oc1ccc(Cl)cc1Cl,4,0.0,0.0,0.0
OC(CCN1CCCCC1)(c1ccccc1)C1CCCCC1,5,0.0,0.0,0.0
O=C(/C=C\n1cnc(-c2cc(C(F)(F)F)cc(C(F)(F)F)c2)n1)NNc1cnccn1,3,0.0,0.0,0.0
CC(CN1c2ccccc2Sc2ccccc21)N(C)C,8,0.0,0.0,0.0
CC(C)n1c(/C=C/C(O)CC(O)CC(=O)O)c(-c2ccc(F)cc2)c2ccccc21,9,0.0,0.0,0.0
Cc1c(C)c2c(c(C)c1O)CCC(C)(COc1ccc(CC3SC(=O)NC3=O)cc1)O2,8,0.0,0.0,0.0
Cc1ccn(-c2cc(Cl)ccc2[C@@H](Oc2cc(-c3ccc(C[C@H](N)C(=O)O)cc3)nc(N)n2)C(F)(F)F)n1,2,0.0,0.0,0.0
Cc1cc(O)cc(C)c1Cl,5,0.0,0.0,0.0
CC(C)C[C@H](NC(=O)[C@@H](O)[C@H](N)Cc1ccccc1)C(=O)O,7,0.0,0.0,0.0
Cc1c(F)c(N2CCNC(C)C2)cc2c1c(=O)c(C(=O)O)cn2C1CC1,15,0.0,0.0,0.0
Cc1cnc(C(=O)NCCc2ccc(S(=O)(=O)NC(=O)NC3CCCCC3)cc2)cn1,10,0.0,0.0,0.0
N=C(N)NCCN1CCCCCCC1,5,0.0,0.0,0.0
N=C(N)N/N=C/c1c(Cl)cccc1Cl,5,0.0,0.0,0.0
NC(=O)c1cccnc1,5,0.0,0.0,0.0
OC(CCCN1CCCCC1)(c1ccccc1)c1ccccc1,5,0.0,0.0,0.0
O=C(CCCN1CC=C(n2c(=O)[nH]c3ccccc32)CC1)c1ccc(F)cc1,13,0.0,1.0,0.0
C#Cc1cccc(Nc2ncnc3cc(OCCOC)c(OCCOC)cc23)c1,3,0.0,0.0,0.0
O=C(Oc1ccccc1C(=O)O)c1ccccc1O,5,0.0,0.0,0.0
O=C(Nc1nc(-c2cc(Cl)cs2)c(N2CCN(C3CCCCC3)CC2)s1)c1cnc(N2CCC(C(=O)O)CC2)c(Cl)c1,3,0.0,0.0,0.0
COCC1=C(C(=O)OC(C)OC(=O)OC(C)C)N2C(=O)[C@@H](NC(=O)/C(=N\OC)c3csc(N)n3)[C@H]2SC1,3,0.0,0.0,0.0
COCCCN1CCC(NC(=O)c2cc(Cl)c(N)c3c2OCC3)CC1,3,0.0,0.0,0.0
COC(=O)Nc1nc2cc(C(=O)c3ccc(F)cc3)ccc2[nH]1,5,0.0,0.0,0.0
CO/N=C1\CN(c2nc3c(cc2F)c(=O)c(C(=O)O)cn3C2CC2)CC1CN,2,0.0,0.0,0.0
COc1cccc2c1C(=O)c1c(O)c3c(c(O)c1C2=O)C[C@@](O)(C(=O)CO)C[C@@H]3O[C@H]1C[C@H](N)[C@@H](O)[C@H](C)O1,5,0.0,0.0,0.0
COc1cccc2c1C(=O)c1c(O)c3c(c(O)c1C2=O)C[C@@](O)(C(=O)CO)C[C@@H]3O[C@H]1C[C@H](N)[C@H](O)[C@H](C)O1,8,0.0,0.0,0.0
NC12CC3CC(CC(C3)C1)C2,6,0.0,0.0,0.0
Nc1c2c(nc3ccccc13)CCCC2,9,0.0,0.0,0.0
Nc1ccc(/N=N/c2ccccc2)c(N)n1,3,0.0,0.0,0.0
Nc1ccn([C@@H]2CS[C@H](CO)O2)c(=O)n1,9,0.0,0.0,0.0
Nc1nc2ccc(OC(F)(F)F)cc2s1,7,0.0,0.0,0.0
Nc1nc(O)c2ncn(CCC(CO)CO)c2n1,5,0.0,0.0,0.0
Nc1nc2c(ncn2COCCO)c(=O)[nH]1,9,0.0,0.0,0.0
Nc1nc2[nH]cnc2c(=S)[nH]1,5,0.0,0.0,0.0
O=C(c1ccc(F)cc1)C1CCN(CCn2c(=O)[nH]c3ccccc3c2=O)CC1,3,0.0,0.0,0.0
CCCCCCCCNC(C)C(O)c1ccc(SC(C)C)cc1,5,0.0,0.0,0.0
CC(C)(C)c1ccc(C(O)CCCN2CCC(C(O)(c3ccccc3)c3ccccc3)CC2)cc1,33,0.0,0.0,0.0
CC(CCc1ccccc1)NCC(O)c1ccc(O)c(C(N)=O)c1,5,0.0,0.0,0.0
C[C@@H]1CN(c2c(F)c(N)c3c(=O)c(C(=O)O)cn(C4CC4)c3c2F)C[C@H](C)N1,18,0.0,0.0,0.0
C[C@H]1O[C@@H](O[C@H]2[C@@H](O)C[C@H](O[C@H]3[C@@H](O)C[C@H](O[C@H]4CC[C@@]5(C)[C@H](CC[C@@H]6[C@@H]5CC[C@]5(C)[C@@H](C7=CC(=O)OC7)CC[C@]65O)C4)O[C@@H]3C)O[C@@H]2C)C[C@H](O)[C@@H]1O,5,0.0,0.0,0.0
C[C@H]1O[C@@H](n2cc(F)c(=O)[nH]c2=O)[C@H](O)[C@@H]1O,5,0.0,0.0,0.0
CCC1=C[C@@H]2CN(C1)Cc1c([nH]c3ccccc13)[C@@](C(=O)OC)(c1cc3c(cc1OC)N(C)[C@H]1[C@@](O)(C(=O)OC)[C@H](OC(C)=O)[C@]4(CC)C=CCN5CC[C@]31[C@@H]54)C2,5,0.0,0.0,0.0
Oc1ccc(OCc2ccccc2)cc1,5,0.0,0.0,0.0
O=C1CCC(N2C(=O)c3ccccc3C2=O)C(=O)N1,8,0.0,0.0,0.0
Clc1cc(Cl)c(OCC#CI)cc1Cl,5,0.0,0.0,0.0
CC[C@H]1[C@@H](O)[C@@H]2[C@H](CC[C@]3(C)[C@@H]([C@H](C)CCC(=O)O)CC[C@@H]23)[C@@]2(C)CC[C@@H](O)C[C@@H]12,3,0.0,0.0,0.0
CC[C@H]1CN2CCc3cc(OC)c(OC)cc3[C@@H]2C[C@@H]1C[C@H]1NCCc2cc(OC)c(OC)cc21,7,0.0,0.0,0.0
CC[C@H]1OC(=O)[C@H](C)[C@@H](O[C@H]2C[C@@](C)(OC)[C@@H](O)[C@H](C)O2)[C@H](C)[C@@H](O[C@@H]2O[C@H](C)C[C@H](N(C)C)[C@H]2O)[C@](C)(OC)C[C@@H](C)C(=O)[C@H](C)[C@@H](O)[C@]1(C)O,12,0.0,0.0,0.0
CC[C@H]1OC(=O)[C@H](C)[C@@H](O[C@H]2C[C@@](C)(OC)[C@@H](O)[C@H](C)O2)[C@H](C)[C@@H](O[C@@H]2O[C@H](C)C[C@H](N(C)C)[C@H]2O)[C@](C)(O)C[C@@H](C)CN(C)[C@H](C)[C@@H](O)[C@]1(C)O,9,0.0,0.0,0.0
CC[C@H]1OC(=O)[C@H](C)[C@@H](O[C@H]2C[C@@](C)(OC)[C@@H](O)[C@H](C)O2)[C@H](C)[C@@H](O[C@@H]2O[C@H](C)C[C@H](N(C)C)[C@H]2O)[C@](C)(O)C[C@@H](C)C(=O)[C@H](C)[C@@H](O)[C@]1(C)O,17,0.0,0.0,0.0
CC[C@H]1OC(=O)[C@H](C)C(=O)[C@H](C)[C@@H](O[C@@H]2O[C@H](C)C[C@H](N(C)C)[C@H]2O)[C@](C)(OC)C[C@@H](C)C(=O)[C@H](C)[C@H]2N(CCCCn3cnc(-c4cccnc4)c3)C(=O)O[C@]12C,2,0.0,0.0,0.0
CC/C(=C(/CC)c1ccc(O)cc1)c1ccc(O)cc1,7,0.0,0.0,0.0
CC1=C(/C=C/C(C)=C/C=C/C(C)=C\C(=O)O)C(C)(C)CCC1,6,0.0,0.0,0.0
CC1=C(/C=C/C(C)=C/C=C/C(C)=C/C(=O)O)C(C)(C)CCC1,5,0.0,0.0,0.0
CCOc1ccc(Cc2cc([C@@H]3O[C@H](CO)[C@@H](O)[C@H](O)[C@H]3O)ccc2Cl)cc1,2,0.0,0.0,0.0
CC(C)c1nc(CN(C)C(=O)N[C@H](C(=O)N[C@@H](Cc2ccccc2)C[C@H](O)[C@H](Cc2ccccc2)NC(=O)OCc2cncs2)C(C)C)cs1,9,0.0,0.0,0.0
CC(C)(C)N1CCC(c2ccccc2)(c2ccccc2)CC1,2,0.0,1.0,0.0
C#C[C@]1(O)CC[C@H]2[C@@H]3CCC4=CCCC[C@@H]4[C@H]3C(=C)C[C@@]21CC,2,0.0,0.0,0.0
C#C[C@]1(O)CC[C@H]2[C@@H]3CCC4=CC(=O)CC[C@@H]4[C@H]3C(=C)C[C@@]21CC,3,0.0,0.0,0.0
CCc1ccc(CCOc2ccc(CC3SC(=O)NC3=O)cc2)nc1,6,0.0,0.0,0.0
CCC1=C(C)CN(C(=O)NCCc2ccc(S(=O)(=O)NC(=O)N[C@H]3CC[C@H](C)CC3)cc2)C1=O,5,0.0,0.0,0.0
CC[C@]12CCCN3CCc4c(n(c5ccccc45)[C@@](O)(C(=O)OC)C1)[C@@H]32,2,0.0,0.0,0.0
NC1=NCC2c3ccccc3Cc3ccccc3N12,4,0.0,0.0,0.0
Nc1nc(N)c2nc(-c3ccccc3)c(N)nc2n1,11,0.0,0.0,0.0
O=c1[nH]c2ccccc2n1C1CCN(CCCC(c2ccc(F)cc2)c2ccc(F)cc2)CC1,19,0.0,0.0,0.0
CCOC(=O)C1=C(COCCN)NC(C)=C(C(=O)OC)C1c1ccccc1Cl,8,0.0,0.0,0.0
CC#C[C@]1(O)CC[C@H]2[C@@H]3CCC4=CC(=O)CCC4=C3[C@@H](c3ccc(N(C)C)cc3)C[C@@]21C,6,0.0,0.0,0.0
CCCC1O[C@@H]2C[C@H]3[C@@H]4CCC5=CC(=O)C=C[C@]5(C)[C@H]4[C@@H](O)C[C@]3(C)[C@]2(C(=O)CO)O1,6,0.0,0.0,0.0
CC(C)Cc1ccc(C(C)C(=O)O)cc1,9,0.0,0.0,0.0
CN(Cc1cc(Br)cc(Br)c1N)C1CCCCC1,5,0.0,0.0,0.0
CO[C@H]1C[C@@H]2CC[C@@H](C)[C@@](O)(O2)C(=O)C(=O)N2CCCC[C@H]2C(=O)O[C@H]([C@H](C)C[C@@H]2CC[C@@H](O)[C@H](OC)C2)CC(=O)[C@H](C)/C=C(\C)[C@@H](O)[C@@H](OC)C(=O)[C@H](C)C[C@H](C)/C=C/C=C/C=C/1C,8,0.0,0.0,0.0
CO[C@H]1/C=C/O[C@@]2(C)Oc3c(C)c(O)c4c(c3C2=O)C2=NC3(CCN(CC(C)C)CC3)NC2=C(NC(=O)/C(C)=C\C=C\[C@H](C)[C@H](O)[C@@H](C)[C@@H](O)[C@@H](C)[C@H](OC(C)=O)[C@@H]1C)C4=O,5,0.0,0.0,0.0
C[C@]1(Cn2ccnn2)[C@H](C(=O)O)N2C(=O)C[C@H]2S1(=O)=O,5,0.0,0.0,0.0
Cc1c(-c2ccccc2)oc2c(C(=O)OCCN3CCCCC3)cccc2c1=O,5,0.0,0.0,0.0
CC1(C)O[C@@H]2[C@@H](CO[C@@]3(COS(N)(=O)=O)OC(C)(C)O[C@@H]23)O1,5,0.0,0.0,0.0
CC1=C(C(=O)O)N2C(=O)[C@@H](NC(=O)[C@H](N)c3ccc(O)cc3)[C@H]2SC1,3,0.0,0.0,0.0
NCC1(CC(=O)O)CCCCC1,9,0.0,0.0,0.0
COc1ccccc1OCC(O)CO,8,0.0,0.0,0.0
CC(=O)Oc1ccc(C(c2ccc(OC(C)=O)cc2)c2ccccn2)cc1,5,0.0,0.0,0.0
CC(=O)Oc1ccccc1C(=O)Nc1ncc([N+](=O)[O-])s1,3,0.0,0.0,0.0
CC(=O)Oc1ccccc1C(=O)O,9,0.0,0.0,0.0
CC(=O)O[C@]1(C(C)=O)CC[C@H]2[C@@H]3C=C(C)C4=CC(=O)CC[C@]4(C)[C@H]3CC[C@@]21C,5,0.0,0.0,0.0
CC(=O)O[C@]1(C(C)=O)CC[C@H]2[C@@H]3C=C(C)C4=CC(=O)CC[C@@H]4[C@H]3CC[C@@]21C,3,0.0,0.0,0.0
CC(=O)O[C@]1(C(C)=O)CC[C@H]2[C@@H]3C=C(Cl)C4=CC(=O)CC[C@]4(C)[C@H]3CC[C@@]21C,5,0.0,0.0,0.0
CC(=O)O[C@]1(C(C)=O)CC[C@H]2[C@@H]3C[C@H](C)C4=CC(=O)CC[C@]4(C)[C@H]3CC[C@@]21C,5,0.0,0.0,0.0
CC(=O)O[C@]1(C(C)=O)CC[C@H]2[C@@H]3C=C(Cl)C4=CC(=O)[C@@H]5C[C@@H]5[C@]4(C)[C@H]3CC[C@@]21C,6,0.0,0.0,0.0
CC(=O)OC[C@H]1O[C@@H](n2ncc(=O)[nH]c2=O)[C@H](OC(C)=O)[C@@H]1OC(C)=O,5,0.0,0.0,0.0
CCn1cc(C(=O)O)c(=O)c2cc(F)c(N3CCNCC3)nc21,7,0.0,0.0,0.0
CCN(CC)CCCC(C)Nc1c2ccc(Cl)cc2nc2ccc(OC)cc12,5,0.0,0.0,0.0
CC[N+](CC)(CC)CCOc1cccc(OCC[N+](CC)(CC)CC)c1OCC[N+](CC)(CC)CC,2,0.0,0.0,0.0
CCN(CC)CC#CCOC(=O)C(O)(c1ccccc1)C1CCCCC1,5,0.0,0.0,0.0
NCC(=O)O,5,0.0,0.0,0.0
N[C@@H](Cc1ccc(N(CCCl)CCCl)cc1)C(=O)O,6,0.0,0.0,0.0
N[C@@H](Cc1ccc(O)c(O)c1)C(=O)O,6,0.0,0.0,0.0
N[C@@H](CCC(=O)O)C(=O)O,2,0.0,0.0,0.0
COc1cc2nc(N3CCN(C(=O)C4CCCO4)CC3)nc(N)c2cc1OC,9,0.0,0.0,0.0
COc1cc2nc(N3CCN(C(=O)c4ccco4)CC3)nc(N)c2cc1OC,10,0.0,0.0,0.0
COc1cc2nc(N3CCN(C(=O)C4COc5ccccc5O4)CC3)nc(N)c2cc1OC,9,0.0,0.0,0.0
COc1ccc2cc([C@H](C)C(=O)O)ccc2c1,8,0.0,0.0,0.0
COc1ccc2[nH]cc(CCNC(C)=O)c2c1,8,0.0,0.0,0.0
O=C(/C=C/c1cccc(S(=O)(=O)Nc2ccccc2)c1)NO,6,0.0,0.0,0.0
O=NN(CCCl)C(=O)NC1CCCCC1,5,0.0,0.0,0.0
O=NN(CCCl)C(=O)NCCCl,5,0.0,0.0,0.0
CN1[C@@H]2CC[C@H]1C[C@@H](OC(=O)C(CO)c1ccccc1)C2,5,0.0,0.0,0.0
COCC(=O)O[C@]1(CCN(C)CCCc2nc3ccccc3[nH]2)CCc2cc(F)ccc2[C@@H]1C(C)C,17,0.0,0.0,0.0
CO[C@H]1/C=C/O[C@@]2(C)Oc3c(C)c(O)c4c(O)c(c(/C=N/N5CCN(C6CCCC6)CC5)c(O)c4c3C2=O)NC(=O)/C(C)=C\C=C\[C@H](C)[C@H](O)[C@@H](C)[C@@H](O)[C@@H](C)[C@H](OC(C)=O)[C@@H]1C,5,0.0,0.0,0.0
Oc1c(I)cc(Cl)c2cccnc12,4,0.0,0.0,0.0
Oc1c(I)cc(I)c2cccnc12,5,0.0,0.0,0.0
COC(=O)C1=C(C)NC(C)=C(C(=O)OC)C1c1ccccc1[N+](=O)[O-],12,0.0,0.0,0.0
CC1(C)NC(=O)N(c2ccc([N+](=O)[O-])c(C(F)(F)F)c2)C1=O,2,0.0,0.0,0.0
Cc1c(O)cccc1C(=O)N[C@@H](CSc1ccccc1)[C@H](O)CN1C[C@H]2CCCC[C@H]2C[C@H]1C(=O)NC(C)(C)C,5,0.0,0.0,0.0
COc1ccc2c3c1O[C@H]1C[C@@H](O)C=C[C@@]31CCN(C)C2,5,0.0,0.0,0.0
Cc1c2oc3c(C)ccc(C(=O)N[C@@H]4C(=O)N[C@H](C(C)C)C(=O)N5CCC[C@H]5C(=O)N(C)CC(=O)N(C)[C@@H](C(C)C)C(=O)O[C@@H]4C)c3nc-2c(C(=O)N[C@@H]2C(=O)N[C@H](C(C)C)C(=O)N3CCC[C@H]3C(=O)N(C)CC(=O)N(C)[C@@H](C(C)C)C(=O)O[C@@H]2C)c(N)c1=O,5,0.0,0.0,0.0
C=C1CC[C@H](O)C/C1=C/C=C1\CCC[C@]2(C)[C@@H]([C@H](C)/C=C/[C@H](C)C(C)C)CC[C@@H]12,5,0.0,0.0,0.0
Cc1cccc(C)c1OCC(=O)N[C@@H](Cc1ccccc1)[C@@H](O)C[C@H](Cc1ccccc1)NC(=O)[C@H](C(C)C)N1CCCNC1=O,5,0.0,0.0,0.0
CCCCCCCCCCC[C@@H](C[C@@H]1OC(=O)[C@H]1CCCCCC)OC(=O)[C@H](CC(C)C)NC=O,3,0.0,0.0,0.0
NC[C@H]1CC[C@H](C(=O)Oc2ccc(CCC(=O)O)cc2)CC1,3,0.0,0.0,0.0
CC(Cc1ccc(O)cc1)NCC(O)c1cc(O)cc(O)c1,5,0.0,0.0,0.0
CC[C@]1(O)C[C@@H]2CN(CCc3c([nH]c4ccccc34)[C@@](C(=O)OC)(c3cc4c(cc3OC)N(C)[C@H]3[C@@](O)(C(=O)OC)[C@H](OC(C)=O)[C@]5(CC)C=CCN6CC[C@]43[C@@H]65)C2)C1,6,0.0,0.0,0.0
CC[C@]1(O)C[C@H]2CN(CCc3c([nH]c4ccccc34)[C@@](C(=O)OC)(c3cc4c(cc3OC)N(C=O)[C@H]3[C@@](O)(C(=O)OC)[C@H](OC(C)=O)[C@]5(CC)C=CCN6CC[C@]43[C@@H]65)C2)C1,5,0.0,0.0,0.0
CCc1cccc2c3c([nH]c12)C(CC)(CC(=O)O)OCC3,6,0.0,0.0,0.0
N/N=c1/cc2c(n[nH]1)CCN(C(=O)c1ccccc1)C2,3,0.0,0.0,0.0
NNc1nncc2ccccc12,5,0.0,0.0,0.0
NNCCc1ccccc1,5,0.0,0.0,0.0
NS(=O)(=O)c1cc2c(cc1Cl)NC(C(Cl)Cl)NS2(=O)=O,5,0.0,0.0,0.0
NS(=O)(=O)c1cc2c(cc1Cl)NC(CC1CCCC1)NS2(=O)=O,3,0.0,0.0,0.0
O=C(O)CCCc1ccc(N(CCCl)CCCl)cc1,6,0.0,0.0,0.0
O=C(O)CCCCC1CCSS1,5,0.0,0.0,0.0
C[C@]1(COc2ccc(N3CCC(Oc4ccc(OC(F)(F)F)cc4)CC3)cc2)Cn2cc([N+](=O)[O-])nc2O1,2,0.0,0.0,0.0
CC(C)(CO)[C@@H](O)C(=O)NCCC(=O)[O-].CC(C)(CO)[C@@H](O)C(=O)NCCC(=O)[O-].[Ca+2],3,0.0,0.0,0.0
CCCc1nc2c(C)cc(-c3nc4ccccc4n3C)cc2n1Cc1ccc(-c2ccccc2C(=O)O)cc1,5,0.0,0.0,0.0
CC(C(=O)O)c1cccc(Oc2ccccc2)c1,5,0.0,0.0,0.0
CC(C(=O)O)c1ccc(N2CC=CC2)c(Cl)c1,4,0.0,0.0,0.0
CC(C(=O)O)c1ccc(-c2ccccc2)c(F)c1,6,0.0,0.0,0.0
CCC(=O)O[C@]1(C(=O)SCF)[C@H](C)C[C@H]2[C@@H]3C[C@H](F)C4=CC(=O)C=C[C@]4(C)[C@@]3(F)[C@@H](O)C[C@@]21C,4,0.0,0.0,0.0
CCC(=O)OCC(=O)[C@@]1(OC(=O)CC)[C@@H](C)C[C@H]2[C@@H]3CCC4=CC(=O)C=C[C@]4(C)[C@@]3(Cl)[C@@H](O)C[C@@]21C,4,0.0,0.0,0.0
CCC(=O)O[C@H]1[C@H](O[C@@H]2[C@@H](C)[C@H](O[C@H]3C[C@@](C)(OC)[C@@H](O)[C@H](C)O3)[C@@H](C)C(=O)O[C@H](CC)[C@@](C)(O)[C@H](O)[C@@H](C)C(=O)[C@H](C)C[C@@]2(C)O)O[C@H](C)C[C@@H]1N(C)C,5,0.0,0.0,0.0
CCC(=O)O[C@@H](O[P@](=O)(CCCCc1ccccc1)CC(=O)N1C[C@H](C2CCCCC2)C[C@H]1C(=O)O)C(C)C,3,0.0,0.0,0.0
O=C1[C@@H]2[C@H]3CC[C@H](C3)[C@@H]2C(=O)N1C[C@@H]1CCCC[C@H]1CN1CCN(c2nsc3ccccc23)CC1,3,0.0,0.0,0.0
CC(=O)Nc1ccc(O)cc1,8,0.0,0.0,0.0
CC(=O)/N=c1/sc(S(N)(=O)=O)nn1C,2,0.0,0.0,0.0
CCCN(CCC)C(=O)Cc1c(-c2ccc(Cl)cc2)nc2ccc(Cl)cn12,3,0.0,0.0,0.0
Cc1ccc(O)c([C@H](CCN(C(C)C)C(C)C)c2ccccc2)c1,6,0.0,1.0,0.0
O=S1(=O)CCN(CN2CCS(=O)(=O)NC2)CN1,3,0.0,0.0,0.0
NCCCC[C@H](N[C@@H](CCc1ccccc1)C(=O)O)C(=O)N1CCC[C@H]1C(=O)O,8,0.0,0.0,0.0
NCC(CC(=O)O)c1ccc(Cl)cc1,9,0.0,0.0,0.0
NCCCC(O)(P(=O)(O)O)P(=O)(O)O,7,0.0,0.0,0.0
COCCCOc1ccnc(C[S+]([O-])c2nc3ccccc3[nH]2)c1C,6,0.0,0.0,0.0
CN1CCCC(CN2c3ccccc3Sc3ccccc32)C1,5,0.0,0.0,0.0
CCN[C@@H]1C[C@H](N)[C@@H](O[C@H]2OC(CN)=CC[C@H]2N)[C@H](O)[C@H]1O[C@H]1OC[C@](C)(O)[C@H](NC)[C@H]1O,5,0.0,0.0,0.0
Cc1cn([C@H]2C=C[C@@H](CO)O2)c(=O)[nH]c1=O,9,0.0,0.0,0.0
Cc1cn([C@H]2C[C@H](N=[N+]=[N-])[C@@H](CO)O2)c(=O)[nH]c1=O,7,0.0,0.0,0.0
CCOC(=O)Oc1ccc(CCNC(=O)[C@H](CCSC)NC(C)=O)cc1OC(=O)OCC,3,0.0,0.0,0.0
CC(O)(CS(=O)(=O)c1ccc(F)cc1)C(=O)Nc1ccc(C#N)c(C(F)(F)F)c1,6,0.0,0.0,0.0
CC1COc2c(N3CCN(C)CC3)c(F)cc3c(=O)c(C(=O)O)cn1c23,10,0.0,0.0,0.0
COC(=O)c1ccc(O)cc1,5,0.0,0.0,0.0
c1ccc2[nH]c(-c3cscn3)nc2c1,5,0.0,0.0,0.0
c1ccc(C2(c3ccccc3)CC2C2=NCCN2)cc1,2,0.0,0.0,0.0
CO/N=C(\C(=O)N[C@@H]1C(=O)N2C(C(=O)[O-])=C(C[n+]3cccc4c3CCC4)CS[C@H]12)c1csc(N)n1,3,0.0,0.0,0.0
CO/N=C(\C(=O)N[C@@H]1C(=O)N2C(C(=O)OC(C)OC(C)=O)=C(COC(N)=O)CS[C@H]12)c1ccco1,3,0.0,0.0,0.0
CO/N=C(\C(=O)N[C@@H]1C(=O)N2C(C(=O)OCOC(=O)C(C)(C)C)=C(C)CS[C@H]12)c1csc(N)n1,3,0.0,0.0,0.0
O=C(O)c1cc(=O)c2c(OCC(O)COc3cccc4oc(C(=O)O)cc(=O)c34)cccc2o1,5,0.0,0.0,0.0
CCCC(CCC)C(=O)O,7,0.0,0.0,0.0
C=C1CC[C@H](O)C/C1=C/C=C1\CCC[C@]2(C)[C@@H]([C@H](C)CCCC(C)C)CC[C@@H]12,5,0.0,0.0,0.0
CC(=O)c1c(C)c2cnc(Nc3ccc(N4CCNCC4)cn3)nc2n(C2CCCC2)c1=O,4,0.0,0.0,0.0
COC(=O)[C@@H]1[C@H]2C[C@H]3c4[nH]c5ccccc5c4CCN3C[C@@H]2CC[C@@H]1O,9,0.0,0.0,0.0
COC(=O)[C@H]1[C@H]2C[C@@H]3c4[nH]c5cc(OC)ccc5c4CCN3C[C@H]2C[C@@H](OC(=O)c2cc(OC)c(OC)c(OC)c2)[C@@H]1OC,8,0.0,0.0,0.0
C=CCN1C[C@H](C(=O)N(CCCN(C)C)C(=O)NCC)C[C@@H]2c3cccc4[nH]cc(c34)C[C@H]21,3,0.0,0.0,0.0
Oc1cccc2cccnc12,5,0.0,0.0,0.0
Oc1ccccc1,5,0.0,0.0,0.0
Cc1ccccc1N1CCN(CCc2nnc3n2CCCC3)CC1,5,0.0,0.0,0.0
CC(C)(C)CC(C)(C)c1ccc(OCCOCC[N+](C)(C)Cc2ccccc2)cc1,3,0.0,0.0,0.0
CCCCCCCC/C=C\CCCCCCCC(=O)O,2,0.0,0.0,0.0
CC(=O)OCC[N+](C)(C)C,5,0.0,0.0,0.0
CC(=O)OCC(=O)[C@@]12OC(C)(C)O[C@@H]1C[C@H]1[C@@H]3C[C@H](F)C4=CC(=O)C=C[C@]4(C)[C@@]3(F)[C@@H](O)C[C@@]12C,5,0.0,0.0,0.0
CC(=O)OCC(=O)[C@@]1(O)CC[C@H]2[C@@H]3CCC4=CC(=O)CC[C@]4(C)[C@H]3C(=O)C[C@@]21C,7,0.0,0.0,0.0
CC(=O)OCC(=O)[C@@]1(OC(C)=O)[C@@H](C)C[C@H]2[C@@H]3C[C@H](F)C4=CC(=O)C=C[C@]4(C)[C@@]3(F)[C@@H](O)C[C@@]21C,5,0.0,0.0,0.0
CC(=O)O[C@H]1C(=O)[C@@]2(C)[C@H]([C@H](OC(=O)c3ccccc3)[C@]3(O)C[C@H](OC(=O)[C@H](O)[C@@H](NC(=O)c4ccccc4)c4ccccc4)C(C)=C1C3(C)C)[C@]1(OC(C)=O)CO[C@@H]1C[C@@H]2O,8,0.0,0.0,0.0
OCc1ccccc1,5,0.0,0.0,0.0
CN1CCN(C2=Nc3ccccc3Oc3ccc(Cl)cc32)CC1,5,0.0,0.0,0.0
CN1CCN(C2=Nc3ccccc3Sc3ccc(Cl)cc32)CC1,2,0.0,0.0,0.0
CN1CCN(C2=Nc3cc(Cl)ccc3Nc3ccccc32)CC1,25,0.0,1.0,0.0
CN1CCN(C(c2ccccc2)c2ccccc2)CC1,5,0.0,0.0,0.0
COc1cc(NC(C)CCCN)c2ncccc2c1,5,0.0,0.0,0.0
COc1cc(NS(=O)(=O)c2ccc(N)cc2)nc(OC)n1,5,0.0,0.0,0.0
CCN(CC)C(=O)N[C@H]1C=C2c3cccc4[nH]cc(c34)C[C@H]2N(C)C1,5,0.0,0.0,0.0
CCN(CC)C(=S)SSC(=S)N(CC)CC,6,0.0,0.0,0.0
Cc1cc(C)c(NC(=O)CN(CC(=O)O)CC(=O)O)c(C)c1Br,3,0.0,0.0,0.0
O=C1Cc2cc(CCN3CCN(c4nsc5ccccc45)CC3)c(Cl)cc2N1,14,0.0,1.0,0.0
COc1ccc2c(c1)c(CC(=O)O)c(C)n2C(=O)c1ccc(Cl)cc1,10,0.0,0.0,0.0
CNC(=O)c1ccc(N2C(=S)N(c3ccc(C#N)c(C(F)(F)F)c3)C(=O)C2(C)C)cc1F,2,0.0,0.0,0.0
CN(C)CCOC1=Cc2ccccc2Sc2ccc(Cl)cc21,3,0.0,0.0,0.0
CN(C)CCOC(c1ccccc1)c1ccccc1,13,0.0,0.0,0.0
COc1ccccc1N1CCN(CC(O)COc2cccc3ccccc23)CC1,3,0.0,0.0,0.0
COc1cc([C@@H]2c3cc4c(cc3[C@H](O)[C@H]3COC(=O)[C@H]23)OCO4)cc(OC)c1OC,5,0.0,0.0,0.0
COc1cc(C(=O)NCc2ccc(OCCN(C)C)cc2)cc(OC)c1OC,3,0.0,0.0,0.0
O=C1O[C@H]([C@@H](O)CO)C(O)=C1O,5,0.0,0.0,0.0
OC[C@@H](O)[C@@H](O)[C@H](O)[C@H](O)CO,5,0.0,0.0,0.0
O=C(O)CCn1c2c(c3ccccc31)C[C@H](NS(=O)(=O)c1ccc(F)cc1)CC2,2,0.0,0.0,0.0
O=C(O)CC(O)(CC(=O)O)C(=O)O,5,0.0,0.0,0.0
O=C(O[C@@H]1C[C@@H]2C[C@H]3C[C@H](C1)N2CC3=O)c1c[nH]c2ccccc12,7,0.0,0.0,0.0
CN1CCN2c3ccccc3Cc3ccccc3C2C1,9,0.0,0.0,0.0
Cn1ccnc1S,5,0.0,0.0,0.0
O=c1[nH]c(=O)n([C@H]2C[C@H](O)[C@@H](CO)O2)cc1I,5,0.0,0.0,0.0
Cc1ccc(C(=O)C(C)CN2CCCCC2)cc1,5,0.0,0.0,0.0
CC(C)N1CCN(c2ccc(OCC3COC(Cn4cncn4)(c4ccc(Cl)cc4Cl)O3)cc2)CC1,5,0.0,0.0,0.0
COc1ncnc(NS(=O)(=O)c2ccc(N)cc2)c1OC,5,0.0,0.0,0.0
COc1cc(C(C)=O)ccc1OCCCN1CCC(c2noc3cc(F)ccc23)CC1,3,0.0,0.0,0.0
Cc1[nH]c(=O)c(C#N)cc1-c1ccncc1,7,0.0,0.0,0.0
CCCCCNC(=N)N/N=C/c1c[nH]c2ccc(OC)cc12,5,0.0,0.0,0.0
CN1C(C(=O)Nc2ccccn2)=C(O)c2ccccc2S1(=O)=O,6,0.0,0.0,0.0
Cc1ccc(C(=O)c2ccc(CC(=O)O)n2C)cc1,5,0.0,0.0,0.0
Cc1ccccc1C(OCCN(C)C)c1ccccc1,6,0.0,0.0,0.0
OCCOCCN1CCN(C2=Nc3ccccc3Sc3ccccc32)CC1,9,0.0,0.0,0.0
CCOC(=O)[C@H](CCc1ccccc1)N[C@H]1CCc2ccccc2N(CC(=O)O)C1=O,9,0.0,0.0,0.0
CCOC(=O)[C@H](CCc1ccccc1)N[C@@H](C)C(=O)N1Cc2ccccc2C[C@H]1C(=O)O,9,0.0,0.0,0.0
O=[N+]([O-])O[C@@H]1CO[C@H]2[C@@H]1OC[C@@H]2O,2,0.0,0.0,0.0
O=P1(N(CCCl)CCCl)NCCCO1,5,0.0,0.0,0.0
CCCC(=O)Nc1ncnc2c1ncn2[C@@H]1O[C@@H]2COP(=O)(O)O[C@H]2[C@H]1OC(=O)CCC,4,0.0,0.0,0.0
CC(C)(C(=O)O)c1ccc(C(O)CCCN2CCC(C(O)(c3ccccc3)c3ccccc3)CC2)cc1,17,0.0,0.0,0.0
C[C@](N)(Cc1ccc(O)cc1)C(=O)O,5,0.0,0.0,0.0
CCC(C)(C)C(=O)O[C@H]1C[C@@H](C)C=C2C=C[C@H](C)[C@H](CC[C@@H]3C[C@@H](O)CC(=O)O3)[C@H]21,8,0.0,0.0,0.0
CN1C[C@H](CNC(=O)OCc2ccccc2)C[C@@H]2c3cccc4c3c(cn4C)C[C@H]21,6,0.0,0.0,0.0
NC(=O)N[C@@H](CCC(=O)O)C(=O)O,3,0.0,0.0,0.0
NC(=O)NO,5,0.0,0.0,0.0
CCOc1ccccc1OCC1CNCCO1,5,0.0,0.0,0.0
Cc1ccc(C)c(OCCCC(C)(C)C(=O)O)c1,8,0.0,0.0,0.0
CC(C)(C)NC[C@H](O)COc1cccc2c1CCCC2=O,5,0.0,0.0,0.0
CC(C)(C)NCC(O)COc1ccccc1C#N,3,0.0,0.0,0.0
CC(C)(C)NC(=O)[C@@H]1CN(Cc2cccnc2)CCN1C[C@@H](O)C[C@@H](Cc1ccccc1)C(=O)N[C@H]1c2ccccc2C[C@H]1O.O,5,0.0,0.0,0.0
CC(C)(C)NC(=O)[C@H]1CC[C@H]2[C@@H]3CC[C@H]4NC(=O)C=C[C@]4(C)[C@H]3CC[C@]12C,7,0.0,0.0,0.0
O=[N+]([O-])c1ccc(O)c2ncccc12,3,0.0,0.0,0.0
O=C(Cn1ccnc1[N+](=O)[O-])NCc1ccccc1,3,0.0,0.0,0.0
O=[N+]([O-])c1cn2c(n1)OC[C@@H](OCc1ccc(OC(F)(F)F)cc1)C2,3,0.0,0.0,0.0
COc1ccc(CCN(C)CCCC(C#N)(c2ccc(OC)c(OC)c2)C(C)C)cc1OC,18,0.0,1.0,0.0
COc1ccc(CN(CCN(C)C)c2ccccn2)cc1,7,0.0,0.0,0.0
COc1ccc(C(=O)c2ccccc2)c(O)c1,4,0.0,0.0,0.0
CC1(C)[C@H](C(=O)O)N2C(=O)C[C@H]2S1(=O)=O,5,0.0,0.0,0.0
C[C@H]1O[C@H](O[C@H]2[C@H](O)[C@@H](O)[C@@H](O[C@H]3[C@H](O)[C@@H](O)C(O)O[C@@H]3CO)O[C@@H]2CO)[C@H](O)[C@@H](O)[C@@H]1N[C@H]1C=C(CO)[C@@H](O)[C@H](O)[C@H]1O,9,0.0,0.0,0.0
C[C@@H]1C[C@H]2[C@@H]3CCC4=CC(=O)C=C[C@]4(C)[C@@]3(F)[C@@H](O)C[C@]2(C)[C@H]1C(=O)CO,5,0.0,0.0,0.0
C[C@@H]1C[C@H]2[C@@H]3C[C@H](F)C4=CC(=O)C=C[C@]4(C)[C@@]3(F)[C@@H](O)C[C@]2(C)[C@@]1(OC(=O)c1ccco1)C(=O)SCF,5,0.0,0.0,0.0
C[C@@H]1C[C@H]2[C@@H]3CCC4=CC(=O)C=C[C@]4(C)C3=CC[C@]2(C)[C@H]1C(=O)CN1CCN(c2cc(N3CCCC3)nc(N3CCCC3)n2)CC1,5,0.0,0.0,0.0
C[C@H]1C[C@H]2[C@@H]3CCC4=CC(=O)C=C[C@]4(C)[C@@]3(F)[C@@H](O)C[C@]2(C)[C@@]1(O)C(=O)CO,5,0.0,0.0,0.0
CC(C)C[C@H]1C(=O)N2CCC[C@H]2[C@]2(O)O[C@](NC(=O)[C@@H]3C=C4c5cccc6[nH]c(Br)c(c56)C[C@H]4N(C)C3)(C(C)C)C(=O)N12,8,0.0,0.0,0.0
Cc1oc(=O)oc1CN1CCN(c2cc3c(cc2F)c(=O)c(C(=O)O)c2n3C(C)S2)CC1,3,0.0,0.0,0.0
Cc1onc(-c2ccccc2)c1-c1ccc(S(N)(=O)=O)cc1,9,0.0,0.0,0.0
Cc1onc(-c2ccccc2Cl)c1C(=O)N[C@@H]1C(=O)N2[C@@H]1SC(C)(C)[C@@H]2C(=O)O,5,0.0,0.0,0.0
O=C(CCCN1CCC(O)(c2ccc(Cl)cc2)CC1)c1ccc(F)cc1,27,0.0,1.0,0.0
CCCCOc1ccc(OCCCN2CCOCC2)cc1,5,0.0,0.0,0.0
CCN1CCCC1CNC(=O)c1cc(S(N)(=O)=O)ccc1OC,6,0.0,0.0,0.0
CC[C@@H](C(N)=O)N1CCCC1=O,3,0.0,0.0,0.0
Fc1ccc(C(c2ccc(F)cc2)N2CCN(C/C=C/c3ccccc3)CC2)cc1,5,0.0,1.0,0.0
C[C@@H]1O[C@@H](O[C@H]2C[C@@H](O)[C@]3(CO)[C@H]4[C@H](O)C[C@]5(C)[C@@H](C6=CC(=O)OC6)CC[C@]5(O)[C@@H]4CC[C@]3(O)C2)[C@H](O)[C@H](O)[C@H]1O,5,0.0,0.0,0.0
C[C@@H](c1ncncc1F)[C@](O)(Cn1cncn1)c1ccc(F)cc1F,2,0.0,0.0,0.0
C[C@H](CCC(=O)O)[C@H]1CC[C@H]2[C@@H]3[C@H](O)C[C@@H]4C[C@H](O)CC[C@]4(C)[C@H]3C[C@H](O)[C@]12C,5,0.0,0.0,0.0
O=C(O)c1ccccc1,5,0.0,0.0,0.0
Clc1ccc(CO/N=C(\Cn2ccnc2)c2ccc(Cl)cc2Cl)c(Cl)c1,5,0.0,0.0,0.0
Clc1ccc2c(c1)CCc1cccnc1C2=C1CCNCC1,8,0.0,0.0,0.0
CN1[C@@H]2C[C@@H](OC(=O)[C@H](CO)c3ccccc3)C[C@H]1[C@@H]1O[C@@H]12,2,0.0,0.0,0.0
CN1C(=O)N(C)C2C1N(C)C(=O)N2C,3,0.0,0.0,0.0
COC1=C(OC)C(=O)C(C/C=C(\C)CC/C=C(\C)CC/C=C(\C)CC/C=C(\C)CC/C=C(\C)CC/C=C(\C)CC/C=C(\C)CC/C=C(\C)CC/C=C(\C)CCC=C(C)C)=C(C)C1=O,3,0.0,0.0,0.0
O=C(Nc1ccccc1)OCC(CN1CCCCC1)OC(=O)Nc1ccccc1,5,0.0,0.0,0.0
CCc1cc2c(cc1N1CCC(N3CCOCC3)CC1)C(C)(C)c1[nH]c3cc(C#N)ccc3c1C2=O,3,0.0,0.0,0.0
C(=C/c1ccccc1)\CN1CCN(C(c2ccccc2)c2ccccc2)CC1,7,0.0,0.0,0.0
Cn1c(=O)c2c(ncn2CC(O)CO)n(C)c1=O,5,0.0,0.0,0.0
Cn1c(=O)c2nc[nH]c2n(C)c1=O.O,8,0.0,0.0,0.0
CC(O)(P(=O)(O)O)P(=O)(O)O,5,0.0,0.0,0.0
COc1ccc(OC)c(C(O)CNC(=O)CN)c1,5,0.0,0.0,0.0
Nc1ccc(S(N)(=O)=O)cc1,5,0.0,0.0,0.0
Nc1c(CC(=O)O)cccc1C(=O)c1ccc(Br)cc1,5,0.0,0.0,0.0
CO[C@@]1(NC(=O)CSCC#N)C(=O)N2C(C(=O)O)=C(CSc3nnnn3C)CS[C@@H]21,7,0.0,0.0,0.0
COc1cc2c(cc1OC)C(=O)C(CC1CCN(Cc3ccccc3)CC1)C2,6,0.0,0.0,0.0
COc1ccc(C(=O)Nc2ccccc2CCC2CCCCN2C)cc1,4,0.0,0.0,0.0
c1ccc(CN(CC2=NCCN2)c2ccccc2)cc1,3,0.0,0.0,0.0
CS(=O)(=O)Nc1ccc([N+](=O)[O-])cc1Oc1ccccc1,7,0.0,0.0,0.0
CC(=O)[C@H]1CC[C@H]2[C@@H]3CCC4=CC(=O)CC[C@]4(C)[C@H]3CC[C@]12C,7,0.0,0.0,0.0
CC(O)CO,5,0.0,0.0,0.0
O=c1oc2cc(OCCCCn3cc(COc4ccc(-c5oc(=O)c6c(Cl)cc(Cl)cc6c5-c5ccccc5)cc4)nn3)ccc2c(-c2ccccc2)c1-c1ccc(OS(=O)(=O)O)cc1,2,0.0,0.0,0.0
CC(C)(O)CNC(=O)N1C(=O)N(c2cccc(C(F)(F)F)c2)C2=C(C(=O)CC2)[C@H]1c1ccc(C#N)cc1,4,0.0,0.0,0.0
CC(C)[C@H](NC(=O)[C@H](Cc1cscn1)NC(=O)CCc1ccccc1)C(=O)N[C@@H](CCCNC(=N)N)C(=O)c1nc2ccccc2s1,2,0.0,0.0,0.0
CCC(C)(C)CC[C@H](NC(=O)N1CCOCC1)C(=O)NC1(C#N)CCN(C)CC1,3,0.0,0.0,0.0
CN1CCC(C#N)(NC(=O)[C@@H](NC(=O)N2CCOCC2)C(C)(C)C)CC1,3,0.0,0.0,0.0
CC(C)(O)CNC(=O)N1C(=O)N(c2cccc(C(F)(F)F)c2)C2=C(C(=O)CC2)[C@@H]1c1ccc(C#N)cc1,3,0.0,0.0,0.0
Cc1cc(C(=O)NCc2ccc(CN)cc2)c(C)n1Cc1csc(-c2ccccc2)n1,3,0.0,0.0,0.0
Cc1cc(CN)ccc1CNC(=O)c1cc(C)n(Cc2csc(-c3ccccc3)n2)c1C,3,0.0,0.0,0.0
NCc1ccc(CNC(=O)c2cn(Cc3csc(-c4ccccc4)n3)nc2C(F)(F)F)cc1,3,0.0,0.0,0.0
NCc1ccc(CNC(=O)c2cn(Cc3ccccc3)nc2-c2ccccc2)cc1,3,0.0,0.0,0.0
COc1cc(OCc2csc(C(F)(F)F)n2)c2cc(-c3cn4nc(OC)sc4n3)oc2c1,3,0.0,0.0,0.0
COc1cc(OCc2csc(-c3ccccc3)n2)c2cc(-c3cn4nc(OC)sc4n3)oc2c1,3,0.0,0.0,0.0
COCCOCc1nc(COc2cc(OC)cc3oc(-c4cn5nc(OC)sc5n4)cc23)cs1,3,0.0,0.0,0.0
COc1cc(OCc2nnc(-c3ccccc3)s2)c2cc(-c3cn4nc(OC)sc4n3)oc2c1,3,0.0,0.0,0.0
COc1cc(OCc2cn(-c3ccccc3)nn2)c2cc(-c3cn4nc(OC)sc4n3)oc2c1,3,0.0,0.0,0.0
COc1cc(OCc2cnnn2-c2ccccc2)c2cc(-c3cn4nc(OC)sc4n3)oc2c1,3,0.0,0.0,0.0
COc1ccc(-c2nc(COc3cc(OC)cc4oc(-c5cn6nc(OC)sc6n5)cc34)cs2)cc1,3,0.0,0.0,0.0
COc1cc(OCc2csc(-c3ccncc3)n2)c2cc(-c3cn4nc(OC)sc4n3)oc2c1,6,0.0,0.0,0.0
COc1cc(OCc2csc(-c3cc(C)on3)n2)c2cc(-c3cn4nc(OC)sc4n3)oc2c1,3,0.0,0.0,0.0
COc1cc(OCc2cscn2)c2cc(-c3cn4nc(OC)sc4n3)oc2c1,3,0.0,0.0,0.0
COc1cc(OCc2csc(-c3ccc(C(=O)N(C)C)cc3)n2)c2cc(-c3cn4nc(OC)sc4n3)oc2c1,3,0.0,0.0,0.0
COCCN(C)C(=O)c1ccc(-c2nc(COc3cc(OC)cc4oc(-c5cn6nc(OC)sc6n5)cc34)cs2)cc1,3,0.0,0.0,0.0
CCc1sc(-c2ccc(C(=O)N(C)C)cc2)nc1COc1cc(OC)cc2oc(-c3cn4nc(OC)sc4n3)cc12,3,0.0,0.0,0.0
COc1cc(OCc2nc(-c3ccc(C(=O)N(C)CC#N)cc3)sc2C)c2cc(-c3cn4nc(OC)sc4n3)oc2c1,3,0.0,0.0,0.0
COc1cc(OCc2csc(N3CCCOCC3)n2)c2cc(-c3cn4nc(OC)sc4n3)oc2c1,3,0.0,0.0,0.0
COc1cc(OCc2csc(-c3ccnc(F)c3)n2)c2cc(-c3cn4nc(OC)sc4n3)oc2c1,3,0.0,0.0,0.0
COc1cc(OCc2csc(-c3ccc(F)nc3)n2)c2cc(-c3cn4nc(OC)sc4n3)oc2c1,3,0.0,0.0,0.0
COc1cc(OCc2csc(-c3ccc(C)nc3)n2)c2cc(-c3cn4nc(OC)sc4n3)oc2c1,3,0.0,0.0,0.0
COc1cc(OCc2nc(-c3cccc(CO)c3)sc2C)c2cc(-c3cn4nc(OC)sc4n3)oc2c1,3,0.0,0.0,0.0
COc1cc(OCc2csc(-c3ccc(Cl)nc3)n2)c2cc(-c3cn4nc(OC)sc4n3)oc2c1,3,0.0,0.0,0.0
COc1cc(OCc2csc(-c3ccc(S(C)(=O)=O)cc3)n2)c2cc(-c3cn4nc(OC)sc4n3)oc2c1,3,0.0,0.0,0.0
COc1cc(OCc2nc(N)sc2C)c2cc(-c3cn4nc(OC)sc4n3)oc2c1,3,0.0,0.0,0.0
COc1cc(OCc2nc(N3CC4CCC(C3)O4)sc2C)c2cc(-c3cn4nc(OC)sc4n3)oc2c1,3,0.0,0.0,0.0
COc1cc(OCc2nc(N3CCOCC3)sc2C)c2cc(-c3cn4nc(OC)sc4n3)oc2c1,3,0.0,0.0,0.0
COc1cc(OCc2csc(N3CCC4(CC3)OCCO4)n2)c2cc(-c3cn4nc(OC)sc4n3)oc2c1,3,0.0,0.0,0.0
COc1cc(OCc2csc(C3CCC(F)(F)CC3)n2)c2cc(-c3cn4nc(OC)sc4n3)oc2c1,3,0.0,0.0,0.0
COc1cc(OCc2csc(C3(O)CCOCC3)n2)c2cc(-c3cn4nc(OC)sc4n3)oc2c1,3,0.0,0.0,0.0
COc1cc(OCc2csc(C3(O)CC(C)OC(C)C3)n2)c2cc(-c3cn4nc(OC)sc4n3)oc2c1,3,0.0,0.0,0.0
COc1cc(OCc2nc(C3(F)CCOCC3)sc2C)c2cc(-c3cn4nc(OC)sc4n3)oc2c1,3,0.0,0.0,0.0
COc1cc(OCc2csc(C3(O)CCC4(CC3)OCCO4)n2)c2cc(-c3cn4nc(OC)sc4n3)oc2c1,3,0.0,0.0,0.0
COc1cc(OCc2nc(C3(O)CCOCC3)sc2C(F)(F)F)c2cc(-c3cn4nc(OC)sc4n3)oc2c1,3,0.0,0.0,0.0
COc1cc(OCc2csc(C(O)(c3ccccc3)C(F)(F)F)n2)c2cc(-c3cn4nc(OC)sc4n3)oc2c1,3,0.0,0.0,0.0
CCC(F)(c1nc(COc2cc(OC)cc3oc(-c4cn5nc(OC)sc5n4)cc23)cs1)C(F)(F)F,3,0.0,0.0,0.0
CCC(F)(CC)c1nc(COc2cc(OC)cc3oc(-c4cn5nc(OC)sc5n4)cc23)cs1,3,0.0,0.0,0.0
COc1cc(OCc2csc(C(O)(c3ccc(Cl)cc3)C(F)(F)F)n2)c2cc(-c3cn4nc(OC)sc4n3)oc2c1,3,0.0,0.0,0.0
COc1cc(OCc2csc(C3(O)CCC(C(=O)N4CCCC4)CC3)n2)c2cc(-c3cn4nc(OC)sc4n3)oc2c1,3,0.0,0.0,0.0
COc1cc(OCc2csc(C3(O)CCC(C(=O)N(C)CC#N)CC3)n2)c2cc(-c3cn4nc(OC)sc4n3)oc2c1,3,0.0,0.0,0.0
COc1cc(OCc2csc(C3(c4ccc(C(=O)N(C)C)cc4)CCOCC3)n2)c2cc(-c3cn4nc(OC)sc4n3)oc2c1,3,0.0,0.0,0.0
COc1cc(OCc2csc(-c3ccccc3)n2)c2cc(-c3cn4nc([C@H](C)F)sc4n3)oc2c1,3,0.0,0.0,0.0
COc1cc(OCc2csc(-c3ccccc3)n2)c2nc(-c3cn4nc(SC)sc4n3)oc2c1,3,0.0,0.0,0.0
CC(F)(F)c1nn2cc(-c3cc4c(OCc5csc(-c6ccccc6)n5)nccc4o3)nc2s1,3,0.0,0.0,0.0
COc1cc(OCc2csc(Br)n2)c2cc(-c3cn4nc(C)ccc4n3)oc2c1,3,0.0,0.0,0.0
COc1cc(OCc2csc(-c3ccc(Cl)cc3)n2)c2cc(-c3cn4nc(C)ccc4n3)oc2c1,3,0.0,0.0,0.0
COc1cc(OCc2csc(-c3ccc4c(c3)OCO4)n2)c2cc(-c3cn4nc(C)ccc4n3)oc2c1,3,0.0,0.0,0.0
COc1cc(OCc2csc(N3CCN(CCO)CC3)n2)c2cc(-c3cn4nc(C)ccc4n3)oc2c1,3,0.0,0.0,0.0
COc1cc(OCc2csc(NCCN3CCOCC3)n2)c2cc(-c3cn4nc(C)ccc4n3)oc2c1,3,0.0,0.0,0.0
COc1cc(OCc2csc(NCc3cccnc3)n2)c2cc(-c3cn4nc(C)ccc4n3)oc2c1,3,0.0,0.0,0.0
COc1cc(OCc2csc(N(C)CCO)n2)c2cc(-c3cn4nc(C)ccc4n3)oc2c1,3,0.0,0.0,0.0
COc1cc(OCc2csc(NCCCN3CCCC3=O)n2)c2cc(-c3cn4nc(C)ccc4n3)oc2c1,3,0.0,0.0,0.0
COc1cc(OCc2csc(NCC3CCCO3)n2)c2cc(-c3cn4nc(C)ccc4n3)oc2c1,3,0.0,0.0,0.0
COc1cc(OCc2csc(N3CCC3)n2)c2cc(-c3cn4nc(C)ccc4n3)oc2c1,3,0.0,0.0,0.0
COc1cc(OCc2csc(Nc3ccc4[nH]ccc4c3)n2)c2cc(-c3cn4nc(C)ccc4n3)oc2c1,3,0.0,0.0,0.0
COc1cc(OCc2csc(Nc3cc(C)cc(C)n3)n2)c2cc(-c3cn4nc(C)ccc4n3)oc2c1,3,0.0,0.0,0.0
COc1cc(OCc2csc(Nc3cc(F)ccc3F)n2)c2cc(-c3cn4nc(C)ccc4n3)oc2c1,3,0.0,0.0,0.0
COc1cc(OCc2csc(Nc3cc(C)ccc3F)n2)c2cc(-c3cn4nc(C)ccc4n3)oc2c1,3,0.0,0.0,0.0
COc1cc(OCc2csc(N3CCN(c4cccc(Cl)c4)CC3)n2)c2cc(-c3cn4nc(C)ccc4n3)oc2c1,3,0.0,0.0,0.0
COc1cc(OCc2csc(N3CCC(N4CCOCC4)CC3)n2)c2cc(-c3cn4nc(C)ccc4n3)oc2c1,3,0.0,0.0,0.0
COc1cc(OCc2csc(N3CCC[C@@H]3C)n2)c2cc(-c3cn4nc(C)ccc4n3)oc2c1,3,0.0,0.0,0.0
COc1cc(OCc2csc(N3CCC[C@H]3C)n2)c2cc(-c3cn4nc(C)ccc4n3)oc2c1,3,0.0,0.0,0.0
COc1cc(OCc2csc(N3CCN(C)C(C)C3)n2)c2cc(-c3cn4nc(C)ccc4n3)oc2c1,3,0.0,0.0,0.0
COc1cc(OCc2csc(N(C)C)n2)c2cc(-c3cn4nc(C)ccc4n3)oc2c1,3,0.0,0.0,0.0
COc1cc(OCc2csc(Nc3ccc4scnc4c3)n2)c2cc(-c3cn4nc(C)ccc4n3)oc2c1,3,0.0,0.0,0.0
COc1cc(OCc2csc(Nc3ccc(F)c(C)n3)n2)c2cc(-c3cn4nc(C)ccc4n3)oc2c1,3,0.0,0.0,0.0
COc1cc(OCc2csc(N3CCN(c4ccc(C)cn4)CC3)n2)c2cc(-c3cn4nc(C)ccc4n3)oc2c1,3,0.0,0.0,0.0
COc1cc(OCc2csc(-c3ccc(C(=O)N(C)CC#N)cc3)n2)c2cc(-c3cn4nc(OC)sc4n3)oc2c1,3,0.0,0.0,0.0
COc1cc(OCc2csc(-c3ccc(C(=O)N4CCCC4)cc3)n2)c2cc(-c3cn4nc(OC)sc4n3)oc2c1,3,0.0,0.0,0.0
COc1cc(OCc2csc(-c3ccc(C(=O)NCC(F)(F)F)cc3)n2)c2cc(-c3cn4nc(OC)sc4n3)oc2c1,3,0.0,0.0,0.0
COc1cc(OCc2csc(-c3ccc(C(=O)N(C)CCC#N)cc3)n2)c2cc(-c3cn4nc(OC)sc4n3)oc2c1,3,0.0,0.0,0.0
O=C(Nc1ccc(N2CCOCC2=O)cc1O)OCc1ccccc1,3,0.0,0.0,0.0
O=C(NC[C@@H]1OC(=O)N2c3ccc(N4CCCCC4=O)cc3OC[C@@H]12)c1ccc(Cl)s1,3,0.0,0.0,0.0
O=C(NC[C@@H]1OC(=O)N2c3ccc(N4CCCNC4=O)cc3OC[C@@H]12)c1ccc(Cl)s1,3,0.0,0.0,0.0
O=C(NC[C@@H]1OC(=O)N2c3ccc(-n4ccccc4=O)cc3OC[C@@H]12)c1ccc(Cl)s1,3,0.0,0.0,0.0
COC[C@H]1CCCN1c1ccc2c(c1)OC[C@H]1[C@H](CNC(=O)c3ccc(Cl)s3)OC(=O)N21,3,0.0,0.0,0.0
COC(=O)Nc1ccc(-c2[nH]c([C@@H]3C[C@H](C4CCN(S(C)(=O)=O)CC4)CN3C(=O)[C@H]3CC[C@H]([C@H](C)N)CC3)nc2Cl)cc1,6,0.0,0.0,0.0
COC(=O)Nc1ccc(-c2[nH]c([C@@H]3C[C@H](N4CCN(S(C)(=O)=O)CC4)CN3C(=O)C3CCN(C(=N)N)CC3)nc2Cl)cc1,6,0.0,0.0,0.0
COc1ccc(F)c(CNC(=O)c2cn(Cc3ccc(Cn4ccccc4=O)cc3)nc2N)c1F,3,0.0,0.0,0.0
COCc1nn(Cc2ccc(Cn3ccccc3=O)cc2)cc1C(=O)NCc1cc(OC)ccc1C#N,3,0.0,0.0,0.0
COCc1nn(Cc2ccc(Cn3ccccc3=O)cc2)cc1C(=O)NCc1c(-n2cnnn2)ccc(OC)c1F,3,0.0,0.0,0.0
COCc1nn(Cc2ccc(Cn3ccccc3=O)cc2)cc1C(=O)NCc1cc(OC)ccc1-n1cnnn1,3,0.0,0.0,0.0
COCc1nn(Cc2ccc(Cn3ccccc3=O)cc2)cc1C(=O)NCc1c(C(N)=O)ccc(OC)c1F,3,0.0,0.0,0.0
COCc1nn(Cc2ccc(Cn3cc(F)ccc3=O)cc2)cc1C(=O)NCc1c(C#N)ccc(OC)c1F,3,0.0,0.0,0.0
COCc1nn(Cc2ccc(Cn3ccccc3=O)cc2)cc1C(=O)NCc1cc(Cl)ccc1-n1cnnn1,3,0.0,0.0,0.0
COCc1nn(Cc2ccc(Cn3ccccc3=O)cc2)cc1C(=O)NCc1ccccc1-n1cnnn1,3,0.0,0.0,0.0
COCc1nn(Cc2cnc(N3CCCC3)nc2)cc1C(=O)NCc1c(-n2cnnn2)ccc(OC)c1F,3,0.0,0.0,0.0
CN1CCc2nn(C(=O)C3CCCc4[nH]c(Cl)cc43)c(N)c2C1,3,0.0,0.0,0.0
CCc1cc2c([nH]1)CCCC2C(=O)n1nc2c(c1N)CN(C(=O)OCc1ccccc1)CC2,3,0.0,0.0,0.0
CCc1cc2c([nH]1)CCCC2C(=O)n1nc2c(c1N)CNCC2,3,0.0,0.0,0.0
Cc1cc2c(C(=O)n3nc4c(c3N)CCN(C(=O)OC(C)(C)C)C4)cccc2[nH]1,3,0.0,0.0,0.0
Cc1cc2c(C(=O)n3nc4c(c3N)CCNC4)cccc2[nH]1,3,0.0,0.0,0.0
Cc1ccc2c(c1)C(C(=O)n1nc3c(c1N)CCN(S(C)(=O)=O)C3)CCN2,3,0.0,0.0,0.0
CS(=O)(=O)N1CCc2c(nn(C(=O)C3CCNc4ccc(Cl)cc43)c2N)C1,3,0.0,0.0,0.0
CS(=O)(=O)N1CCc2c(N)nn(C(=O)C3CCNc4ccc(Cl)cc43)c2C1,3,0.0,0.0,0.0
CS(=O)(=O)N1CCc2c(nn(C(=O)C3CCNc4ccc(F)cc43)c2N)C1,3,0.0,0.0,0.0
CS(=O)(=O)N1CCc2c(nn(C(=O)[C@H]3CCNc4ccc(F)cc43)c2N)C1,3,0.0,0.0,0.0
CCN1CCc2c(nn(C(=O)C3CCNc4ccccc43)c2N)C1,3,0.0,0.0,0.0
CCN1CCc2c(N)nn(C(=O)C3CCNc4ccccc43)c2C1,3,0.0,0.0,0.0
CS(=O)(=O)N1CCc2c(nn(C(=O)C3CCNc4ccc(C(F)(F)F)cc43)c2N)C1,3,0.0,0.0,0.0
CS(=O)(=O)N1CCc2c(N)nn(C(=O)C3CCNc4ccc(C(F)(F)F)cc43)c2C1,3,0.0,0.0,0.0
Cn1cc2c(c1)C(C(=O)n1nc3c(c1N)CCN(S(C)(=O)=O)C3)CCC2,3,0.0,0.0,0.0
Nc1c2c(nn1C(=O)C1CCNc3ccc(F)cc31)CN(c1ccccc1)CC2,3,0.0,0.0,0.0
CCc1ccc2c(c1)C(C(=O)n1nc3c(c1N)CCN(S(C)(=O)=O)C3)CCN2,3,0.0,0.0,0.0
Cc1cccc2c1NCCC2C(=O)n1nc2c(c1N)CCN(S(C)(=O)=O)C2,3,0.0,0.0,0.0
Cc1cccc2c1NCC[C@@H]2C(=O)n1nc2c(c1N)CCN(S(C)(=O)=O)C2,3,0.0,0.0,0.0
CS(=O)(=O)N1CCc2c(nn(C(=O)C3CCNc4c(F)cccc43)c2N)C1,3,0.0,0.0,0.0
CC1(C)CC(C(=O)n2nc3c(c2N)CCN(S(C)(=O)=O)C3)c2ccccc2N1,3,0.0,0.0,0.0
CS(=O)(=O)N1CCc2c(nn(C(=O)C3CCNc4ncccc43)c2N)C1,3,0.0,0.0,0.0
CC(C)c1ccc2c(c1)C(C(=O)n1nc3c(c1N)CCN(S(C)(=O)=O)C3)CCN2,3,0.0,0.0,0.0
CS(=O)(=O)N1CCc2c(nn(C(=O)C3CCNc4ccc(-c5ccccc5)cc43)c2N)C1,3,0.0,0.0,0.0
Cc1cc(F)cc2c1NCCC2C(=O)n1nc2c(c1N)CCN(S(C)(=O)=O)C2,3,0.0,0.0,0.0
Cc1cc(F)cc2c1NCC[C@@H]2C(=O)n1nc2c(c1N)CCN(S(C)(=O)=O)C2,3,0.0,0.0,0.0
CCc1cc(C)c2c(c1)C(C(=O)n1nc3c(c1N)CCN(S(C)(=O)=O)C3)CCN2,3,0.0,0.0,0.0
CS(=O)(=O)N1CCc2c(nn(C(=O)C3CCNc4c(Cl)cccc43)c2N)C1,3,0.0,0.0,0.0
CS(=O)(=O)N1CCc2c(nn(C(=O)[C@H]3CCNc4c(Cl)cccc43)c2N)C1,3,0.0,0.0,0.0
COc1cccc2c1NCCC2C(=O)n1nc2c(c1N)CCN(S(C)(=O)=O)C2,3,0.0,0.0,0.0
COc1cccc2c1NCC[C@@H]2C(=O)n1nc2c(c1N)CCN(S(C)(=O)=O)C2,3,0.0,0.0,0.0
CS(=O)(=O)N1CCc2c(N)nn(C(=O)C3CCNc4c3cccc4C(F)(F)F)c2C1,3,0.0,0.0,0.0
CCc1cc(C)c2c(c1)[C@@H](C(=O)n1nc3c(c1N)CCN(S(C)(=O)=O)C3)CCN2,3,0.0,0.0,0.0
Nc1c2c(nn1C(=O)C1CCNc3ccc(F)cc31)CCOC2,3,0.0,0.0,0.0
Cc1cc(F)cc2c1NCC[C@@H]2C(=O)n1nc2c(c1N)CCOC2,3,0.0,0.0,0.0
Cc1cc2c(C(=O)n3nc4c(c3N)CN(C)CC4)cccc2[nH]1,3,0.0,0.0,0.0
COC(=O)N1CCc2nn(C(=O)C3CCNc4ccccc43)c(N)c2C1,3,0.0,0.0,0.0
CNC(=O)N1CCc2nn(C(=O)C3CCNc4ccccc43)c(N)c2C1,3,0.0,0.0,0.0
CNC(=O)N1CCc2c(c(N)nn2C(=O)C2CCNc3ccccc32)C1,3,0.0,0.0,0.0
CS(=O)(=O)N1CCc2nn(C(=O)C3CCNc4ccccc43)c(N)c2C1,3,0.0,0.0,0.0
CCN1CCc2nn(C(=O)C3CCNc4ccccc43)c(N)c2C1,3,0.0,0.0,0.0
CCN1CCc2c(c(N)nn2C(=O)C2CCNc3ccccc32)C1,3,0.0,0.0,0.0
CC(=O)N1CCc2nn(C(=O)C3CCNc4ccccc43)c(N)c2C1,3,0.0,0.0,0.0
CN1CCc2nn(C(=O)C3CCCc4[nH]ccc43)c(N)c2C1,3,0.0,0.0,0.0
CN1CCc2c(c(N)nn2C(=O)C2CCCc3[nH]ccc32)C1,3,0.0,0.0,0.0
CC(=O)N1CCc2c(nn(C(=O)c3cccc4[nH]c(C)cc34)c2N)C1,3,0.0,0.0,0.0
Cc1cc2c(C(=O)n3nc4c(c3N)CCN(S(C)(=O)=O)C4)cccc2[nH]1,3,0.0,0.0,0.0
CS(=O)(=O)N1CCc2c(nn(C(=O)C3CCNc4ccccc43)c2N)C1,3,0.0,0.0,0.0
CS(=O)(=O)N1CCc2c(N)nn(C(=O)C3CCNc4ccccc43)c2C1,3,0.0,0.0,0.0
Nc1c2c(nn1C(=O)C1CCNc3ccccc31)CN(S(=O)(=O)c1ccccc1)CC2,3,0.0,0.0,0.0
Nc1nn(C(=O)C2CCNc3ccccc32)c2c1CCN(S(=O)(=O)c1ccccc1)C2,3,0.0,0.0,0.0
CC(=O)N1CCc2c(nn(C(=O)C3CCNc4ccccc43)c2N)C1,3,0.0,0.0,0.0
CC(=O)N1CCc2c(N)nn(C(=O)C3CCNc4ccccc43)c2C1,3,0.0,0.0,0.0
Nc1c2c(nn1C(=O)C1CCNc3ccccc31)CN(C(=O)c1ccccc1)CC2,3,0.0,0.0,0.0
Nc1nn(C(=O)C2CCNc3ccccc32)c2c1CCN(C(=O)c1ccccc1)C2,3,0.0,0.0,0.0
CNS(=O)(=O)N1CCc2c(nn(C(=O)C3CCNc4ccccc43)c2N)C1,3,0.0,0.0,0.0
CNS(=O)(=O)N1CCc2c(N)nn(C(=O)C3CCNc4ccccc43)c2C1,3,0.0,0.0,0.0
CNC(=O)N1CCc2c(N)nn(C(=O)C3CCNc4ccccc43)c2C1,3,0.0,0.0,0.0
COC(=O)N1CCc2c(nn(C(=O)C3CCNc4ccccc43)c2N)C1,3,0.0,0.0,0.0
Nc1c2c(nn1C(=O)C1CCNc3ccccc31)CN(C(=O)OCc1ccccc1)CC2,3,0.0,0.0,0.0
Nc1nn(C(=O)C2CCNc3ccccc32)c2c1CCN(C(=O)OCc1ccccc1)C2,3,0.0,0.0,0.0
Nc1c2c(nn1C(=O)C1CCNc3ccccc31)CNCC2,3,0.0,0.0,0.0
CCC(=O)N1CCc2c(nn(C(=O)C3CCNc4ccccc43)c2N)C1,3,0.0,0.0,0.0
CCC(=O)N1CCc2c(N)nn(C(=O)C3CCNc4ccccc43)c2C1,3,0.0,0.0,0.0
CC(C)C(=O)N1CCc2c(nn(C(=O)C3CCNc4ccccc43)c2N)C1,3,0.0,0.0,0.0
CN(C)C(=O)N1CCc2c(nn(C(=O)C3CCNc4ccccc43)c2N)C1,3,0.0,0.0,0.0
CCS(=O)(=O)N1CCc2c(nn(C(=O)C3CCNc4ccccc43)c2N)C1,3,0.0,0.0,0.0
CCS(=O)(=O)N1CCc2c(N)nn(C(=O)C3CCNc4ccccc43)c2C1,3,0.0,0.0,0.0
CC(C)S(=O)(=O)N1CCc2c(nn(C(=O)C3CCNc4ccccc43)c2N)C1,3,0.0,0.0,0.0
CC(C)S(=O)(=O)N1CCc2c(N)nn(C(=O)C3CCNc4ccccc43)c2C1,3,0.0,0.0,0.0
CN(C)S(=O)(=O)N1CCc2c(nn(C(=O)C3CCNc4ccccc43)c2N)C1,3,0.0,0.0,0.0
CS(=O)(=O)N1CCc2c(nn(C(=O)[C@H]3CCCc4[nH]c(Cl)cc43)c2N)C1,3,0.0,0.0,0.0
CS(=O)(=O)N1CCc2c(nn(C(=O)[C@H]3CCNc4ccccc43)c2N)C1,3,0.0,0.0,0.0
CC(C)S(=O)(=O)N1CCc2c(nn(C(=O)C3CCNc4ccc(F)cc43)c2N)C1,3,0.0,0.0,0.0
CC(C)(C)S(=O)(=O)N1CCc2c(nn(C(=O)C3CCNc4ccc(F)cc43)c2N)C1,3,0.0,0.0,0.0
Nc1c2c(nn1C(=O)C1CCNc3ccc(F)cc31)CN(S(=O)(=O)CF)CC2,3,0.0,0.0,0.0
Nc1c2c(nn1C(=O)C1CCNc3ccc(F)cc31)CN(S(=O)(=O)CC(F)F)CC2,3,0.0,0.0,0.0
Nc1c2c(nn1C(=O)C1CCNc3ccc(F)cc31)CN(S(=O)(=O)C1CC1)CC2,3,0.0,0.0,0.0
Nc1c2c(nn1C(=O)[C@H]1CCNc3ccc(F)cc31)CNCC2,3,0.0,0.0,0.0
CCCN1CCc2c(nn(C(=O)C3CCNc4ccc(F)cc43)c2N)C1,3,0.0,0.0,0.0
CC(C)N1CCc2c(nn(C(=O)C3CCNc4ccc(F)cc43)c2N)C1,3,0.0,0.0,0.0
CC(C)CN1CCc2c(nn(C(=O)C3CCNc4ccc(F)cc43)c2N)C1,3,0.0,0.0,0.0
Nc1c2c(nn1C(=O)C1CCNc3ccc(F)cc31)CN(S(=O)(=O)c1cccnc1)CC2,3,0.0,0.0,0.0
Nc1c2c(nn1C(=O)C1CCNc3ccc(F)cc31)CN(S(=O)(=O)C(F)F)CC2,3,0.0,0.0,0.0
CCN1CCc2c(nn(C(=O)C3CCNc4ccc(Cl)cc43)c2N)C1,3,0.0,0.0,0.0
CCN1CCc2c(nn(C(=O)C3CCNc4ccc(F)cc43)c2N)C1,3,0.0,0.0,0.0
CCN1CCc2c(nn(C(=O)[C@H]3CCNc4ccc(F)cc43)c2N)C1,3,0.0,0.0,0.0
Nc1c2c(nn1C(=O)C1CCNc3ccc(F)cc31)CN(c1ccccn1)CC2,3,0.0,0.0,0.0
CS(=O)(=O)N1CCc2c(nn(C(=O)C3CCNc4ccc(-c5ccncc5)cc43)c2N)C1,3,0.0,0.0,0.0
CS(=O)(=O)N1CCc2c(N)nn(C(=O)C3CCNc4ccc(-c5ccncc5)cc43)c2C1,3,0.0,0.0,0.0
CCN1CCc2c(nn(C(=O)[C@H]3CCNc4c(C)cc(F)cc43)c2N)C1,3,0.0,0.0,0.0
CCN1CCc2c(nn(C(=O)[C@H]3CCNc4c(C)cccc43)c2N)C1,3,0.0,0.0,0.0
Cc1cccc2c1NCC[C@@H]2C(=O)n1nc2c(c1N)CCNC2,3,0.0,0.0,0.0
Cc1cccc2c1NCCC2C(=O)n1nc2c(c1N)COCC2,3,0.0,0.0,0.0
Nc1c2c(nn1C(=O)C1CCNc3ccc(F)cc31)COCC2,3,0.0,0.0,0.0
Nc1c2c(nn1C(=O)[C@H]1CCNc3ccc(F)cc31)COCC2,3,0.0,0.0,0.0
Cc1cccc2c1NCC[C@@H]2C(=O)n1nc2c(c1N)CCOC2,3,0.0,0.0,0.0
Cc1ccccc1C1=N/C(=C\c2ccco2)C(=O)O1,3,0.0,0.0,0.0
Cc1ccc(/C=C2\N=C(c3ccccc3F)OC2=O)o1,3,0.0,0.0,0.0
COc1ccc(/C=C2\N=C(c3ccccc3OC)OC2=O)cc1OC,3,0.0,0.0,0.0
COc1ccccc1C1=N/C(=C\c2cc(OC)c(OC)c(OC)c2)C(=O)O1,3,0.0,0.0,0.0
COc1ccccc1C1=N/C(=C\c2cccs2)C(=O)O1,3,0.0,0.0,0.0
O=C1OC(/C=C/c2ccccc2)=N/C1=C\c1ccco1,3,0.0,0.0,0.0
O=C(NNC(=O)c1cc2ccccc2cc1O)c1ccco1,3,0.0,0.0,0.0
Cc1c(C(=O)Nc2ccccc2C(=O)O)cccc1[N+](=O)[O-],3,0.0,0.0,0.0
O=c1oc(-c2cccs2)nc2ccccc12,3,0.0,0.0,0.0
Cc1c(/N=C/c2ccc(OC(=O)c3ccccn3)cc2)c(=O)n(-c2ccccc2)n1C,3,0.0,0.0,0.0
Cc1cccc2c(=O)oc(-c3ccccc3Cl)nc12,3,0.0,0.0,0.0
O=c1oc(-c2ccco2)nc2scc(-c3cccs3)c12,3,0.0,0.0,0.0
O=Cc1ccc(OC(=O)c2ccco2)cc1,3,0.0,0.0,0.0
COC(=O)c1cn(C(=O)c2cc(OC)cc(OC)c2)nc1N,3,0.0,0.0,0.0
O=c1[nH]c2ccccc2c(=O)o1,3,0.0,0.0,0.0
O=C(Oc1cccc([N+](=O)[O-])c1)c1ccco1,3,0.0,0.0,0.0
O=C1NC(=S)NC(=O)C1=C/C=C/c1ccco1,3,0.0,0.0,0.0
CC(=O)Nc1ccc(OC(=O)c2ccccc2NC(=O)c2ccccc2Br)cc1,3,0.0,0.0,0.0
Cc1c(/N=C/c2ccc(OC(=O)c3ccco3)cc2)c(=O)n(-c2ccccc2)n1C,3,0.0,0.0,0.0
O=C1c2ccccc2C(=O)N1Oc1ccc(C(F)(F)F)cc1[N+](=O)[O-],3,0.0,0.0,0.0
O=C(Nc1nc[nH]n1)c1cccc(I)c1,3,0.0,0.0,0.0
O=C(O)/C=C/C=C/c1ccco1,3,0.0,0.0,0.0
Cc1ccc(S(=O)(=O)n2nc(OC(=O)c3ccco3)cc2N)cc1,3,0.0,0.0,0.0
COc1ccc(S(=O)(=O)n2nc(OC(=O)c3ccco3)cc2N)cc1,3,0.0,0.0,0.0
Cc1sc2nc(-c3ccccc3F)oc(=O)c2c1C,3,0.0,0.0,0.0
CCc1cc2c(=O)oc(-c3ccccc3C)nc2s1,3,0.0,0.0,0.0
Nc1cc(OC(=O)c2ccco2)nn1S(=O)(=O)c1ccc(F)cc1,3,0.0,0.0,0.0
N#Cc1ccc(OC(=O)c2ccc(Br)o2)cc1,3,0.0,0.0,0.0
N=C(N)c1ccc2ccccc2c1,3,0.0,0.0,0.0
C[C@@H](N)C(=O)N1CC[C@H]1C(=O)NCc1ccc(C(=N)N)cc1,3,0.0,0.0,0.0
CC(C)(N)C(=O)N1CC[C@H]1C(=O)NCc1ccc(C(=N)N)cc1,3,0.0,0.0,0.0
N=C(N)c1ccc(CNC(=O)[C@@H]2CCN2C(=O)[C@H](N)C2CC2)cc1,3,0.0,0.0,0.0
N=C(N)c1ccc(CNC(=O)[C@@H]2CCN2C(=O)C2CCCN2)cc1,3,0.0,0.0,0.0
N=C(N)NCCCNC(=O)[C@@H]1CCN1C(=O)[C@H](N)C1CCCCC1,3,0.0,0.0,0.0
CC(C)(C)[C@@H](N)C(=O)N1CC[C@H]1C(=O)NCc1ccc(C(=N)N)cc1,3,0.0,0.0,0.0
N=C(N)NCCCCNC(=O)[C@@H]1CCN1C(=O)[C@H](N)C1CCCCC1,3,0.0,0.0,0.0
C[C@H](NC(=O)[C@H](N)CCc1ccccc1)C(=O)NCc1ccc(N)nc1,3,0.0,0.0,0.0
N=C(N)c1ccc(CNC(=O)[C@@H]2CCN2C(=O)[C@H](N)C2CCCC2)cc1,3,0.0,0.0,0.0
C[C@@H](NCC(=O)O)C(=O)N1CC[C@H]1C(=O)NCc1ccc(C(=N)N)cc1,3,0.0,0.0,0.0
C[C@H](NC(=O)[C@H](N)CCc1ccccc1)C(=O)NCCCCNC(=N)N,3,0.0,0.0,0.0
N=C(N)c1ccc(CNC(=O)[C@@H]2CCN2C(=O)[C@H](N)c2ccccc2)cc1,3,0.0,0.0,0.0
C[C@H](NC(=O)[C@H]1C[C@H](c2ccccc2)CN1)C(=O)NCc1ccc(N)nc1,3,0.0,0.0,0.0
C[C@H](NC[C@H](N)CCc1ccccc1)C(=O)NCc1ccc(C(=N)N)cc1,3,0.0,0.0,0.0
C[C@H](NC(=O)[C@H](N)CCc1ccccc1)C(=O)NCc1ccc(CN)cc1,3,0.0,0.0,0.0
C[C@H](NC(=O)[C@H](N)CCc1ccccc1)C(=O)NCCc1ccc(N)nc1,3,0.0,0.0,0.0
C[C@H](NC(=O)[C@H](N)CCc1ccccc1)C(=O)NCCc1ccnc(N)c1,3,0.0,0.0,0.0
N=C(N)c1ccc(CNC(=O)[C@@H]2CCN2C(=O)[C@H](N)C2CCCCC2)cc1,3,0.0,0.0,0.0
N=C(N)c1ccc(CNC(=O)[C@@H]2CCN2C(=O)[C@@H](N)C2CCCCC2)cc1,3,0.0,0.0,0.0
N=C(N)c1ccc(CNC(=O)[C@@H]2CCN2C(=O)CNC2CCCCC2)cc1,3,0.0,0.0,0.0
N=C(N)c1ccc(CNC(=O)[C@@H]2CCN2C(=O)[C@H](O)C2CCCCC2)cc1,3,0.0,0.0,0.0
C[C@H](NC[C@H](N)CCc1ccccc1)C(=O)NCc1cccc(Cl)c1,3,0.0,0.0,0.0
CC(C)(NCC(=O)O)C(=O)N1CC[C@H]1C(=O)NCc1ccc(C(=N)N)cc1,3,0.0,0.0,0.0
N=C(N)c1ccc(CNC(=O)[C@@H]2CCN2C(=O)[C@H](N)Cc2ccccc2)cc1,3,0.0,0.0,0.0
C[C@H](NC(=O)[C@H](N)CCc1ccccc1)C(=O)NCc1ccc(C(=N)N)cc1,9,0.0,0.0,0.0
C[C@H](NC(=O)C1CC(c2ccccc2)CCN1)C(=O)NCc1ccc(N)nc1,3,0.0,0.0,0.0
N=C(N)c1ccc(CNC(=O)[C@@H]2CCN2C(=O)C2CC3CCCCC3N2)cc1,3,0.0,0.0,0.0
N=C(N)c1ccc(CNC(=O)[C@@H]2CCCN2C(=O)[C@H](N)C2CCCCC2)cc1,3,0.0,0.0,0.0
N=C(N)c1ccc(CNC(=O)[C@@H]2CCN2C(=O)[C@H](NCC(=O)O)C2CC2)cc1,3,0.0,0.0,0.0
N=C(N)c1ccc(CNC(=O)[C@@H]2CCN2C(=O)[C@H]2CCCN2CC(=O)O)cc1,3,0.0,0.0,0.0
C[C@H](NC(=O)c1cc(-c2ccccc2)c[nH]1)C(=O)NCc1ccc(C(=N)N)cc1,3,0.0,0.0,0.0
C[C@H](NC(=O)[C@H](N)CCc1ccccc1)C(=O)NCc1cc(Cl)ccc1O,3,0.0,0.0,0.0
C[C@H](NC(=O)[C@H]1C=C(c2ccccc2)CN1)C(=O)NCc1ccc(C(=N)N)cc1,3,0.0,0.0,0.0
N=C(N)c1ccc(CNC(=O)[C@@H]2CCN2C(=O)c2ccc3c(c2)CCCN3)cc1,3,0.0,0.0,0.0
N=C(N)c1ccc(CNC(=O)[C@@H]2CCN2C(=O)[C@H]2Cc3ccccc3CN2)cc1,3,0.0,0.0,0.0
C[C@H](NC(=O)[C@H](N)C1Cc2ccccc2C1)C(=O)NCc1ccc(C(=N)N)cc1,3,0.0,0.0,0.0
C[C@H](NC(=O)[C@H]1C[C@H](c2ccccc2)CN1)C(=O)NCc1ccc(C(=N)N)cc1,3,0.0,0.0,0.0
C[C@H](NC(=O)[C@H]1C[C@@H](c2ccccc2)CN1)C(=O)NCc1ccc(C(=N)N)cc1,3,0.0,0.0,0.0
N=C(N)c1ccc(CNC(=O)[C@@H]2CCN2C(=O)[C@H](N)CCc2ccccc2)cc1,3,0.0,0.0,0.0
C[C@H](NC(=O)[C@H](N)CCc1ccccc1)C(=O)NCc1ccc2c(N)n[nH]c2c1,3,0.0,0.0,0.0
C[C@H](NC(=O)[C@H](N)CCc1ccccc1)C(=O)NCc1ccc2nc(N)[nH]c2c1,3,0.0,0.0,0.0
Nc1nccc2cc(CNC(=O)[C@@H]3CCN3C(=O)[C@H](N)C3CCCCC3)ccc12,3,0.0,0.0,0.0
C[C@H](NC(=O)[C@H](N)CCCc1ccccc1)C(=O)NCc1ccc(C(=N)N)cc1,3,0.0,0.0,0.0
Cc1ccc(CC[C@@H](N)C(=O)N[C@@H](C)C(=O)NCc2ccc(C(=N)N)cc2)cc1,3,0.0,0.0,0.0
CN[C@H](CCc1ccccc1)C(=O)N[C@@H](C)C(=O)NCc1ccc(C(=N)N)cc1,3,0.0,0.0,0.0
Cc1ccccc1CC[C@@H](N)C(=O)N[C@@H](C)C(=O)NCc1ccc(C(=N)N)cc1,3,0.0,0.0,0.0
Cc1cccc(CC[C@@H](N)C(=O)N[C@@H](C)C(=O)NCc2ccc(C(=N)N)cc2)c1,3,0.0,0.0,0.0
C[C@H](NC(=O)[C@H](N)CCc1ccc(F)cc1)C(=O)NCc1ccc(C(=N)N)cc1,3,0.0,0.0,0.0
C[C@H](NC(=O)[C@H](N)CCc1cccc(F)c1)C(=O)NCc1ccc(C(=N)N)cc1,3,0.0,0.0,0.0
C[C@H](NC(=O)[C@H](N)CCc1ccccc1F)C(=O)NCc1ccc(C(=N)N)cc1,3,0.0,0.0,0.0
N=C(N)c1ccc(CNC(=O)C(CF)NC(=O)[C@H](N)CCc2ccccc2)cc1,3,0.0,0.0,0.0
N=C(N)c1ccc(CNC(=O)[C@@H]2CCCCN2C(=O)[C@H](N)C2CCCCC2)cc1,3,0.0,0.0,0.0
C[C@H](NC(=O)[C@H]1Cc2ccccc2CN1)C(=O)NCc1ccc2c(N)nccc2c1,3,0.0,0.0,0.0
N=C(N)c1ccc(CNC(=O)CNC(=O)[C@H](NCC(=O)O)C2CCCCC2)cc1,3,0.0,0.0,0.0
CC(C)(C)[C@@H](NCC(=O)O)C(=O)N1CC[C@H]1C(=O)NCc1ccc(C(=N)N)cc1,3,0.0,0.0,0.0
C[C@H](NC(=O)[C@H]1CC(c2ccccc2)=CCN1)C(=O)NCc1ccc(C(=N)N)cc1,3,0.0,0.0,0.0
C[C@H](NC(=O)[C@H]1C=C(c2ccccc2)CCN1)C(=O)NCc1ccc(C(=N)N)cc1,3,0.0,0.0,0.0
N=C(N)c1ccc(CNC(=O)[C@@H]2CCN2C(=O)[C@H](N)C2Cc3ccccc3C2)cc1,3,0.0,0.0,0.0
C[C@H](NC(=O)[C@H](N)C1Cc2ccccc2C1)C(=O)NCc1ccc2nc(N)[nH]c2c1,3,0.0,0.0,0.0
C[C@H](NC(=O)[C@H](N)CCc1ccccc1)C(=O)NCc1ccc2c(N)ncnc2c1,3,0.0,0.0,0.0
C[C@H](NC(=O)[C@H](N)Cc1c[nH]c2ccccc12)C(=O)NCc1ccc(C(=N)N)cc1,3,0.0,0.0,0.0
CNC(=N)c1ccc(CNC(=O)[C@H](C)NC(=O)[C@H](N)C2Cc3ccccc3C2)cc1,3,0.0,0.0,0.0
C[C@H](NC(=O)C1CC(c2ccccc2)CCN1)C(=O)NCc1ccc(C(=N)N)cc1,12,0.0,0.0,0.0
C[C@H](NC(=O)C1CCC(c2ccccc2)CN1)C(=O)NCc1ccc(C(=N)N)cc1,6,0.0,0.0,0.0
N=C(N)c1ccc(CNC(=O)[C@@H]2CCN2C(=O)[C@H](N)CCCc2ccccc2)cc1,3,0.0,0.0,0.0
C[C@H](NC(=O)[C@H]1C[C@H](c2ccccc2)CN1)C(=O)NCc1ccc(/C(N)=N/O)cc1,6,0.0,0.0,0.0
C[C@H](NC(=O)[C@H]1C[C@](O)(c2ccccc2)CN1)C(=O)NCc1ccc(C(=N)N)cc1,3,0.0,0.0,0.0
Cc1cccc(CC[C@@H](N)C(=O)N[C@@H](C)C(=O)NCc2ccc(C(=N)N)cc2)c1C,3,0.0,0.0,0.0
Cc1cc(C)cc(CC[C@@H](N)C(=O)N[C@@H](C)C(=O)NCc2ccc(C(=N)N)cc2)c1,3,0.0,0.0,0.0
COc1ccccc1CC[C@@H](N)C(=O)N[C@@H](C)C(=O)NCc1ccc(C(=N)N)cc1,3,0.0,0.0,0.0
COc1cccc(CC[C@@H](N)C(=O)N[C@@H](C)C(=O)NCc2ccc(C(=N)N)cc2)c1,3,0.0,0.0,0.0
COc1ccc(CC[C@@H](N)C(=O)N[C@@H](C)C(=O)NCc2ccc(C(=N)N)cc2)cc1,3,0.0,0.0,0.0
CC(=O)N[C@@H](C(=O)N1CC[C@H]1C(=O)NCc1ccc(C(=N)N)cc1)C1CCCCC1,3,0.0,0.0,0.0
C[C@H](NC(=O)[C@H](N)CCc1ccc(Cl)cc1)C(=O)NCc1ccc(C(=N)N)cc1,3,0.0,0.0,0.0
C[C@H](NC(=O)[C@H](N)CCc1cccc(Cl)c1)C(=O)NCc1ccc(C(=N)N)cc1,3,0.0,0.0,0.0
C[C@H](NC(=O)[C@H](N)CCc1ccccc1Cl)C(=O)NCc1ccc(C(=N)N)cc1,3,0.0,0.0,0.0
N=C(N)c1ccc(CNC(=O)[C@@H]2CCN2C(=O)[C@H](NCC(=O)O)C2CCCC2)cc1,3,0.0,0.0,0.0
C[C@H](NC(=O)[C@H](N)CCc1ccc(F)cc1F)C(=O)NCc1ccc(C(=N)N)cc1,3,0.0,0.0,0.0
C[C@H](NC(=O)[C@H](N)CCc1ccc(F)c(F)c1)C(=O)NCc1ccc(C(=N)N)cc1,3,0.0,0.0,0.0
C[C@H](NC(=O)[C@H](N)CCc1cc(F)ccc1F)C(=O)NCc1ccc(C(=N)N)cc1,3,0.0,0.0,0.0
C[C@H](NC(=O)[C@H](N)CCc1cc(F)cc(F)c1)C(=O)NCc1ccc(C(=N)N)cc1,3,0.0,0.0,0.0
C[C@H](NC(=O)[C@H](N)C1Cc2ccccc2C1)C(=O)NCc1ccc2c(N)nccc2c1,3,0.0,0.0,0.0
C[C@H](NC(=O)[C@H]1C[C@@H](c2ccccc2)CN1)C(=O)NCc1ccc2c(N)nccc2c1,3,0.0,0.0,0.0
C[C@H](NC(=O)[C@H]1C[C@H](c2ccccc2)CN1)C(=O)NCc1ccc2c(N)nccc2c1,3,0.0,0.0,0.0
C[C@H](NC(=O)[C@H](N)C1Cc2ccccc2C1)C(=O)NCc1ccc2nc(N)ccc2c1,3,0.0,0.0,0.0
C[C@H](NC(=O)[C@H](N)Cc1cccc2ccccc12)C(=O)NCc1ccc(C(=N)N)cc1,3,0.0,0.0,0.0
C[C@H](NC(=O)[C@H](N)Cc1ccc2ccccc2c1)C(=O)NCc1ccc(C(=N)N)cc1,3,0.0,0.0,0.0
C[C@H](NC(=O)[C@H](NCC(=O)O)C1CCCCC1)C(=O)NCc1ccc(C(=N)N)cc1,3,0.0,0.0,0.0
COC(=O)C[C@H](NC(=O)[C@H](N)C1CCCCC1)C(=O)NCc1ccc(C(=N)N)cc1,3,0.0,0.0,0.0
CN(CC(=O)NCc1ccc(C(=N)N)cc1)C(=O)[C@H](NCC(=O)O)C1CCCCC1,3,0.0,0.0,0.0
C[C@H](NC(=O)[C@H]1Cc2c([nH]c3ccccc23)CN1)C(=O)NCc1ccc(C(=N)N)cc1,3,0.0,0.0,0.0
C[C@H](NC(=O)[C@H](N)Cc1csc2ccccc12)C(=O)NCc1ccc(C(=N)N)cc1,3,0.0,0.0,0.0
N=C(N)c1ccc(CNC(=O)[C@@H]2CCN2C(=O)[C@H](NCC(=O)O)c2ccccc2)cc1,3,0.0,0.0,0.0
C[C@H](NC(=O)[C@H]1C[C@](O)(c2ccccc2)CCN1)C(=O)NCc1ccc(C(=N)N)cc1,3,0.0,0.0,0.0
N=C(N)c1ccc(CNC(=O)[C@@H]2CCN2C(=O)[C@H](NCC(N)=O)C2CCCCC2)cc1,3,0.0,0.0,0.0
Cc1c(Cl)cccc1CC[C@@H](N)C(=O)N[C@@H](C)C(=O)NCc1ccc(C(=N)N)cc1,3,0.0,0.0,0.0
N=C(N)c1ccc(CNC(=O)C2(NC(=O)[C@H](NCC(=O)O)C3CCCCC3)CC2)cc1,3,0.0,0.0,0.0
N=C(N)c1ccc(CNC(=O)[C@@H]2CCN2C(=O)CN(CC(=O)O)C2CCCCC2)cc1,3,0.0,0.0,0.0
CC[C@H](NC(=O)[C@H](NCC(=O)O)C1CCCCC1)C(=O)NCc1ccc(C(=N)N)cc1,3,0.0,0.0,0.0
C[C@@H](C(=O)NCc1ccc(C(=N)N)cc1)N(C)C(=O)[C@H](NCC(=O)O)C1CCCCC1,3,0.0,0.0,0.0
C[C@H](NC(=O)[C@@H](CCc1ccccc1)NC1CCC1)C(=O)NCc1ccc(C(=N)N)cc1,3,0.0,0.0,0.0
N=C(N)c1ccc(CNC(=O)[C@@H]2CCN2C(=O)[C@@H](Cc2ccccc2)NCC(=O)O)cc1,3,0.0,0.0,0.0
C[C@H](NC(=O)[C@@H](CCc1ccccc1)NCC(=O)O)C(=O)NCc1ccc(C(=N)N)cc1,3,0.0,0.0,0.0
COc1ccc(CC[C@@H](N)C(=O)N[C@@H](C)C(=O)NCc2ccc(C(=N)N)cc2)c(OC)c1,3,0.0,0.0,0.0
COc1cc(CC[C@@H](N)C(=O)N[C@@H](C)C(=O)NCc2ccc(C(=N)N)cc2)cc(OC)c1,3,0.0,0.0,0.0
N=C(N)c1ccc(CNC(=O)[C@@H]2CCN2C(=O)[C@H]2CC3CCCCC3N2CC(=O)O)cc1,3,0.0,0.0,0.0
N=C(N)c1ccc(CNC(=O)[C@@H]2CCN2C(=O)[C@@H](CC2CCCCC2)NCC(=O)O)cc1,3,0.0,0.0,0.0
N=C(N)c1ccc(CNC(=O)[C@@H]2CCCN2C(=O)[C@H](NCC(=O)O)C2CCCCC2)cc1,3,0.0,0.0,0.0
N=C(N)c1ccc(CNC(=O)[C@@H]2CCN2C(=O)[C@H](NCC(=O)O)C2CCCCC2)cc1O,3,0.0,0.0,0.0
CC(C)N(CC(=O)NCc1ccc(C(=N)N)cc1)C(=O)[C@H](NCC(=O)O)C1CCCCC1,3,0.0,0.0,0.0
C[C@H](NC(=O)[C@H](N)CCc1cc(Cl)cc(Cl)c1)C(=O)NCc1ccc(C(=N)N)cc1,3,0.0,0.0,0.0
C[C@H](NC(=O)[C@H](N)CCc1ccc(C(F)(F)F)cc1)C(=O)NCc1ccc(C(=N)N)cc1,3,0.0,0.0,0.0
C[C@H](NC(=O)[C@H](N)CCc1cccc(C(F)(F)F)c1)C(=O)NCc1ccc(C(=N)N)cc1,3,0.0,0.0,0.0
N=C(N)c1ccc(CNC(=O)[C@@H]2CCN2C(=O)[C@H]2Cc3ccccc3CN2CC(=O)O)cc1,3,0.0,0.0,0.0
C[C@H](NC(=O)[C@@H](CCc1ccccc1)NC1CCCC1)C(=O)NCc1ccc(C(=N)N)cc1,3,0.0,0.0,0.0
C[C@H](NC(=O)[C@H](NCC(=O)O)C1Cc2ccccc2C1)C(=O)NCc1ccc(C(=N)N)cc1,3,0.0,0.0,0.0
N=C(N)c1ccc(CNC(=O)[C@@H]2CCN2C(=O)[C@@H](CCc2ccccc2)NCC(=O)O)cc1,3,0.0,0.0,0.0
CCCCCN[C@H](CCc1ccccc1)C(=O)N[C@@H](C)C(=O)NCc1ccc(C(=N)N)cc1,3,0.0,0.0,0.0
C[C@H](NC(=O)[C@@H](CCc1ccccc1)NCC(C)(C)C)C(=O)NCc1ccc(C(=N)N)cc1,3,0.0,0.0,0.0
N=C(N)c1ccc(CNC(=O)[C@@H]2CCCCN2C(=O)[C@H](NCC(=O)O)C2CCCCC2)cc1,3,0.0,0.0,0.0
C[C@H](NC(=O)[C@@H](CCc1ccccc1)NCc1ccc[nH]1)C(=O)NCc1ccc(C(=N)N)cc1,3,0.0,0.0,0.0
N=C(N)c1ccc(CNC(=O)[C@@H]2CCN2C(=O)[C@H](NCC(=O)O)C2Cc3ccccc3C2)cc1,3,0.0,0.0,0.0
C[C@H](NC(=O)[C@@H](CCc1ccccc1)NC1CCCCC1)C(=O)NCc1ccc(C(=N)N)cc1,3,0.0,0.0,0.0
N=C(N)c1ccc(CNC(=O)[C@@H]2CCN2C(=O)[C@@H](CCCc2ccccc2)NCC(=O)O)cc1,3,0.0,0.0,0.0
Cc1ccc(CSC(C)(C)[C@@H](N)C(=O)N2CC[C@H]2C(=O)NCc2ccc(C(=N)N)cc2)cc1,3,0.0,0.0,0.0
C[C@H](NC(=O)[C@@H](CCc1ccccc1)NCc1ccccc1)C(=O)NCc1ccc(C(=N)N)cc1,3,0.0,0.0,0.0
C[C@H](NC(=O)[C@@H](CCc1ccccc1)NCc1ccncc1)C(=O)NCc1ccc(C(=N)N)cc1,3,0.0,0.0,0.0
C[C@H](NC(=O)[C@H](N)CCc1cccc(C(F)(F)F)c1)C(=O)NCc1ccc2c(N)nccc2c1,3,0.0,0.0,0.0
CC(C)(C)OC(=O)N[C@@H](C(=O)N1CCC[C@H]1C(=O)NCc1ccc(C(=N)N)cc1)C1CCCCC1,3,0.0,0.0,0.0
C[C@@H](C(=O)NCc1ccc2c(N)nccc2c1)N(C)C(=O)[C@H](N)CCc1cccc(C(F)(F)F)c1,3,0.0,0.0,0.0
C[C@H](NC[C@@H](CCc1ccccc1)NCc1ccc(O)cc1)C(=O)NCc1ccc(C(=N)N)cc1,3,0.0,0.0,0.0
C[C@H](NC[C@@H](CCc1ccccc1)NCc1ccc(F)cc1)C(=O)NCc1ccc(C(=N)N)cc1,3,0.0,0.0,0.0
COC(=O)CCCCCN[C@H](CCc1ccccc1)CN[C@@H](C)C(=O)NCc1ccc(C(=N)N)cc1,3,0.0,0.0,0.0
C[C@H](NC[C@@H](CCc1ccccc1)NCc1cc2ccccc2[nH]1)C(=O)NCc1ccc(C(=N)N)cc1,3,0.0,0.0,0.0
C[C@H](NC(=O)[C@@H](CCc1ccccc1)NCc1ccc(OCC(=O)O)cc1)C(=O)NCc1ccc(C(=N)N)cc1,3,0.0,0.0,0.0
C[C@H](NC(=O)[C@@H](CCc1ccccc1)NCc1ccc(-c2ccccc2)cc1)C(=O)NCc1ccc(C(=N)N)cc1,3,0.0,0.0,0.0
C[C@H](NC(=O)[C@@H](CCc1ccccc1)NCc1ccc(N2CCOCC2)cc1)C(=O)NCc1ccc(C(=N)N)cc1,3,0.0,0.0,0.0
COC(=O)COc1ccc(CN[C@H](CCc2ccccc2)C(=O)N[C@@H](C)C(=O)NCc2ccc(C(=N)N)cc2)cc1,3,0.0,0.0,0.0
C[C@H](NC(=O)[C@@H](CCc1ccccc1)NCc1ccc(N2CCN(C)CC2)cc1)C(=O)NCc1ccc(C(=N)N)cc1,3,0.0,0.0,0.0
C[C@H](NC(=O)[C@@H](CCc1ccccc1)NCc1ccc(C(=O)N2CCOCC2)cc1)C(=O)NCc1ccc(C(=N)N)cc1,3,0.0,0.0,0.0
N=C(N)c1ccc(CNC(=O)[C@H]2CCCCN2C(=O)[C@H](NCC(=O)O)C2CCCCC2)cc1,3,0.0,0.0,0.0
N=C(N)c1ccc(CNC(=O)[C@@H]2CCN2C(=O)[C@@H](NCC(=O)O)C2CCCCC2)cc1,3,0.0,0.0,0.0
C[C@H](NC(=O)[C@H](N)CCc1ccccc1)C(=O)NCc1ccc(C(=N)NO)cc1,3,0.0,0.0,0.0
N=C(N)c1ccc(CNC(=O)[C@@H]2CCN2C(=O)[C@H](N)CC2CCCCC2)cc1,3,0.0,0.0,0.0
C[C@@H](NC(=O)[C@H](N)CCc1ccccc1)C(=O)NCc1ccc2nc(N)[nH]c2c1,3,0.0,0.0,0.0
C[C@H](NC(=O)[C@H](N)C1Cc2ccccc2C1)C(=O)NCc1ccc2nc(N)n(C)c2c1,3,0.0,0.0,0.0
C[C@H](NC(=O)[C@H](N)CCc1ccccc1)C(=O)NCc1cc(Cl)ccc1Cl,3,0.0,0.0,0.0
N=C(N)c1ccc(CNC(=O)[C@@H]2CCN2C(=O)C2(N)CC2)cc1,3,0.0,0.0,0.0
N=C(N)c1ccc(CNC(=O)[C@H](CC(=O)O)NC(=O)[C@H](N)C2CCCCC2)cc1,3,0.0,0.0,0.0
C[C@H](NC(=O)[C@H]1CCc2ccccc2N1)C(=O)NCc1ccc(C(=N)N)cc1,6,0.0,0.0,0.0
Cc1cc(N)nc(C)c1CNC(=O)[C@H](C)NC(=O)[C@H](N)CCc1ccccc1,3,0.0,0.0,0.0
C[C@H](NC(=O)[C@H](N)CCc1ccccc1)C(=O)NCCOc1ccc(N)nc1,3,0.0,0.0,0.0
C[C@H](NC(=O)[C@H](CCc1ccccc1)NCc1c[nH]c2ccccc12)C(=O)NCc1ccc(C(=N)N)cc1,3,0.0,0.0,0.0
CCOC(=O)COc1ccc(Cl)cc1CNC(=O)[C@H](C)NC[C@H](N)CCc1ccccc1,3,0.0,0.0,0.0
C[C@H](NC(=O)[C@H]1C[C@@H](c2ccccc2)CCN1)C(=O)NCc1ccc(C(=N)N)cc1,3,0.0,0.0,0.0
Cc1cccc([C@H]2CCN[C@@H](C(=O)N[C@@H](C)C(=O)NCc3ccc(C(=N)N)cc3)C2)c1,3,0.0,0.0,0.0
C[C@H](NC(=O)[C@@H](CCc1ccccc1)NCc1ccccc1N1CCN(C)CC1)C(=O)NCc1ccc(C(=N)N)cc1,3,0.0,0.0,0.0
C[C@H](NC(=O)[C@@H](CCc1ccccc1)NCc1ccc(-c2nnn[nH]2)cc1)C(=O)NCc1ccc(C(=N)N)cc1,3,0.0,0.0,0.0
C[C@H](NC(=O)c1cc(-c2cccc3ccccc23)c[nH]1)C(=O)NCc1ccc(C(=N)N)cc1,3,0.0,0.0,0.0
Cc1ccc(-c2c[nH]c(C(=O)N[C@@H](C)C(=O)NCc3ccc(C(=N)N)cc3)c2)cc1F,3,0.0,0.0,0.0
C[C@H](NC(=O)[C@@H](CCc1ccccc1)NCc1ccc(OCCO)cc1)C(=O)NCc1ccc(C(=N)N)cc1,3,0.0,0.0,0.0
C[C@H](NC(=O)[C@H](N)CCc1ccccc1)C(=O)NCc1cc(Cl)ccc1OCC(=O)NCCCO,3,0.0,0.0,0.0
COc1ccc(-c2c[nH]c(C(=O)N[C@@H](C)C(=O)NCc3ccc(C(=N)N)cc3)c2)cc1,3,0.0,0.0,0.0
Cc1[nH]c(C(=O)N[C@@H](C)C(=O)NCc2ccc(C(=N)N)cc2)cc1-c1ccccc1,3,0.0,0.0,0.0
C[C@H](NC(=O)c1cc(-c2ccccc2)c(-c2ccccc2)[nH]1)C(=O)NCc1ccc(C(=N)N)cc1,3,0.0,0.0,0.0
Cc1cccc([C@@H]2CCN[C@@H](C(=O)N[C@@H](C)C(=O)NCc3ccc(C(=N)N)cc3)C2)c1,3,0.0,0.0,0.0
C[C@H](NC(=O)[C@H]1C[C@H](c2ccccc2)CN1)C(=O)NCc1cc(Cl)ccc1O,3,0.0,0.0,0.0
Cc1cc(N)ncc1CNC(=O)[C@H](C)NC(=O)[C@H](N)CCc1ccccc1,3,0.0,0.0,0.0
Cc1cc(CNC(=O)[C@H](C)NC(=O)[C@H](N)CCc2ccccc2)cnc1N,3,0.0,0.0,0.0
Cc1nc(N)ccc1CNC(=O)[C@H](C)NC(=O)[C@H](N)CCc1ccccc1,3,0.0,0.0,0.0
C[C@H](NC(=O)[C@H](N)CCc1ccccc1)C(=O)NCc1cc(Cl)ccc1[N+](=O)[O-],3,0.0,0.0,0.0
Cc1cccc([C@H]2CN[C@@H](C(=O)N[C@@H](C)C(=O)NCc3ccc(C(=N)N)cc3)C2)c1,3,0.0,0.0,0.0
Cc1ccc([C@@H]2CCN[C@@H](C(=O)N[C@@H](C)C(=O)NCc3ccc(C(=N)N)cc3)C2)cc1,3,0.0,0.0,0.0
Cc1ccc([C@H]2CCN[C@@H](C(=O)N[C@@H](C)C(=O)NCc3ccc(C(=N)N)cc3)C2)cc1,3,0.0,0.0,0.0
C[C@H](NC(=O)[C@@H](CCc1ccccc1)NCc1ccc(N2CCN(S(C)(=O)=O)CC2)cc1)C(=O)NCc1ccc(C(=N)N)cc1,3,0.0,0.0,0.0
COc1cc(C(=N)N)ccc1CNC(=O)[C@H](C)NC(=O)[C@H](N)CCc1ccccc1,3,0.0,0.0,0.0
Cc1ccc([C@H]2CN[C@@H](C(=O)N[C@@H](C)C(=O)NCc3ccc(C(=N)N)cc3)C2)cc1,3,0.0,0.0,0.0
Cc1nc(N)ccc1CNC(=O)[C@H](C)NC(=O)[C@H]1C[C@@H](c2ccccc2)CCN1,3,0.0,0.0,0.0
Cc1cccc([C@H]2CN[C@@H](C(=O)N[C@@H](C)C(=O)NCc3cc(Cl)ccc3O)C2)c1,3,0.0,0.0,0.0
C[C@H](NC(=O)[C@H]1C[C@@H](c2ccccc2)CN1)C(=O)NCc1ccc(N)nc1,3,0.0,0.0,0.0
C[C@H](NC(=O)[C@@H](CCc1ccccc1)NCc1ccc2cc(O)ccc2c1)C(=O)NCc1ccc(C(=N)N)cc1,3,0.0,0.0,0.0
Cc1cccc([C@H]2CN[C@@H](C(=O)N[C@@H](C)C(=O)NCc3ccc(N)nc3C)C2)c1,3,0.0,0.0,0.0
COC(=O)NC(=N)c1ccc(CNC(=O)[C@H](C)NC(=O)[C@H]2C[C@H](c3ccccc3)CN2)cc1,3,0.0,0.0,0.0
C[C@H](NC(=O)[C@H]1C[C@H](c2ccccc2)CN1)C(=O)NCc1ccc(C(=N)NC(=O)OCc2ccccc2)cc1,3,0.0,0.0,0.0
CCCCOC(=O)NC(=N)c1ccc(CNC(=O)[C@H](C)NC(=O)[C@H]2C[C@H](c3ccccc3)CN2)cc1,3,0.0,0.0,0.0
C[C@H](NC(=O)[C@H](N)C/C=C/c1ccccc1)C(=O)NCc1ccc(N)nc1,3,0.0,0.0,0.0
COc1cccc([C@H]2CN[C@@H](C(=O)N[C@@H](C)C(=O)NCc3ccc(C(=N)N)cc3)C2)c1,3,0.0,0.0,0.0
CCCOC(=O)NC(=N)c1ccc(CNC(=O)[C@H](C)NC(=O)[C@H]2C[C@H](c3ccccc3)CN2)cc1,3,0.0,0.0,0.0
CC(=O)O/N=C(\N)c1ccc(CNC(=O)[C@H](C)NC(=O)[C@H]2C[C@H](c3ccccc3)CN2)cc1,3,0.0,0.0,0.0
Cc1nc(N)ccc1CNC(=O)[C@H](C)NC(=O)[C@H]1C[C@H](c2ccccc2)CN1,3,0.0,0.0,0.0
COc1cc(CNC(=O)[C@H](C)NC(=O)[C@H](N)CCc2ccccc2)cnc1N,3,0.0,0.0,0.0
C[C@H](NC(=O)[C@H](N)CCc1ccccc1)C(=O)NCc1cnc(N)c(F)c1,3,0.0,0.0,0.0
C[C@H](NC(=O)[C@@H](CCc1ccccc1)NCc1ccc(C(N)=O)cc1)C(=O)NCc1ccc(C(=N)N)cc1,3,0.0,0.0,0.0
CC(=O)Nc1ccc(Cl)cc1CNC(=O)[C@H](C)NC(=O)[C@H]1C[C@H](c2ccccc2)CN1,3,0.0,0.0,0.0
C[C@H](NC(=O)[C@H](N)CCc1ccccc1)C(=O)NCc1ccc(C(=N)N)nc1,3,0.0,0.0,0.0
C[C@H](NC(=O)[C@H]1C[C@@H](c2ccccc2)CCN1)C(=O)NCc1ccccc1,3,0.0,0.0,0.0
C[C@H](NC(=O)[C@H]1C[C@H](c2ccccc2)CN1)C(=O)NCc1ccc(C(=N)N)nc1,3,0.0,0.0,0.0
C[C@H](NC(=O)[C@H]1C[C@H](c2ccccc2)CN1)C(=O)NCc1ccc(C(N)=O)nc1,3,0.0,0.0,0.0
C[C@H](NC(=O)[C@H]1C[C@H](c2ccccc2)CN1)C(=O)NCc1cc(Cl)ccc1NS(C)(=O)=O,3,0.0,0.0,0.0
C[C@H](NC(=O)[C@H](N)CCc1ccccc1)C(=O)NCc1cnc(N)c(Cl)c1,3,0.0,0.0,0.0
C[C@H](NC(=O)[C@H]1C[C@@H](c2cccc(C(F)(F)F)c2)CN1)C(=O)NCc1ccc(C(=N)N)cc1,3,0.0,0.0,0.0
C[C@H](NC(=O)[C@H]1C[C@@H](c2cccc(CN)c2)CN1)C(=O)NCc1ccc(C(=N)N)cc1,3,0.0,0.0,0.0
C[C@H](NC(=O)[C@H]1C[C@@H](c2cccc(C#N)c2)CN1)C(=O)NCc1ccc(C(=N)N)cc1,3,0.0,0.0,0.0
C[C@H](NC(=O)[C@H](N)CCc1ccccc1)C(=O)NCc1cc(Br)ccc1O,3,0.0,0.0,0.0
C[C@H](NC(=O)[C@H](N)CCc1ccccc1)C(=O)NCc1ccc(CN)nc1,3,0.0,0.0,0.0
C[C@H](NC(=O)[C@H]1C[C@H](c2ccccc2)CN1)C(=O)NCC1CCc2nc(N)sc2C1,3,0.0,0.0,0.0
Cc1nc(N)ccc1CNC(=O)[C@H](C)NC(=O)[C@@H]1C[C@@H](Cc2ccccc2)CN1,3,0.0,0.0,0.0
Cc1nc(N)ccc1CNC(=O)[C@H](C)NC(=O)[C@H]1C[C@@H](Cc2ccccc2)CN1,3,0.0,0.0,0.0
C[C@H](NC(=O)[C@H]1C[C@@H](Cc2ccccc2)CN1)C(=O)NCc1ccc(C(=N)N)cc1,3,0.0,0.0,0.0
C[C@H](NC(=O)[C@@H]1C[C@@H](Cc2ccccc2)CN1)C(=O)NCc1ccc(C(=N)N)cc1,3,0.0,0.0,0.0
C[C@H](NC(=O)c1nc(-c2ccccc2)cs1)C(=O)NCc1ccc(C(=N)N)cc1,3,0.0,0.0,0.0
C[C@H](NC(=O)[C@H](N)CCc1ccccc1)C(=O)NCc1cc(Cl)ccc1CO,3,0.0,0.0,0.0
C[C@H](NC(=O)[C@H]1C[C@H](c2ccccc2)CN1)C(=O)NCc1ccc(C(=N)NC(=O)OCC(Cl)(Cl)Cl)cc1,3,0.0,0.0,0.0
CC[C@H](NC(=O)[C@H](N)CCc1ccccc1)C(=O)NCc1ccc(C(=N)N)cc1,3,0.0,0.0,0.0
CC[C@H](NC(=O)[C@H]1C[C@H](c2ccccc2)CN1)C(=O)NCc1ccc(C(=N)N)cc1,3,0.0,0.0,0.0
Cc1nc(N)ccc1CNC(=O)[C@H](C)NC(=O)[C@H]1C[C@@H](c2cccc(CN)c2)CN1,3,0.0,0.0,0.0
CC(C)COC(=O)NC(=N)c1ccc(CNC(=O)[C@H](C)NC(=O)[C@H]2C[C@H](c3ccccc3)CN2)cc1,3,0.0,0.0,0.0
CCOC(=O)NC(=N)c1ccc(CNC(=O)[C@H](C)NC(=O)[C@H]2C[C@H](c3ccccc3)CN2)cc1,3,0.0,0.0,0.0
C[C@H](NC(=O)c1cc(-c2ccccc2)n[nH]1)C(=O)NCc1ccc(C(=N)N)cc1,3,0.0,0.0,0.0
C[C@H](NC(=O)[C@H](N)CCc1ccccc1)C(=O)NCc1ccnc(N)c1,3,0.0,0.0,0.0
Cc1nc(N)ccc1CNC(=O)[C@H](C)NC(=O)[C@H]1C[C@@H](c2cccc3ccccc23)CCN1,3,0.0,0.0,0.0
Cc1cc(Cl)cc(CNC(=O)[C@H](C)NC(=O)[C@H]2C[C@H](c3ccccc3)CN2)c1O,3,0.0,0.0,0.0
Cc1cc(Cl)cc(CNC(=O)[C@H](C)NC(=O)[C@H](N)CCc2ccccc2)c1O,3,0.0,0.0,0.0
C[C@H](NC(=O)[C@H]1C[C@H](c2ccccc2)CN1)C(=O)NCc1ccc(C(=N)N)c(F)c1,3,0.0,0.0,0.0
C[C@H](NC(=O)[C@H]1C[C@H](c2ccccc2)CN1)C(=O)NCc1cc(Cl)c[nH]c1=O,3,0.0,0.0,0.0
CCc1cccc([C@H]2CN[C@@H](C(=O)N[C@@H](C)C(=O)NCc3ccc(C(=N)N)cc3)C2)c1,3,0.0,0.0,0.0
CCc1cccc([C@H]2CN[C@@H](C(=O)N[C@@H](C)C(=O)NCc3ccc(N)nc3C)C2)c1,3,0.0,0.0,0.0
Cc1nc(N)ccc1CNC(=O)[C@H](C)NC(=O)[C@H]1C[C@H](Cc2ccccc2)CN1,3,0.0,0.0,0.0
C[C@H](NC(=O)[C@H]1C[C@H](c2ccccc2)CN1)C(=O)NCc1ccc(C(=N)NC(=O)OCC(F)(F)F)cc1,3,0.0,0.0,0.0
C[C@H](NC(=O)[C@H]1C[C@H](Cc2ccccc2)CN1)C(=O)NCc1ccc(C(=N)N)cc1,3,0.0,0.0,0.0
Cc1cc(Cl)cc(CNC(=O)[C@H](C)NC(=O)[C@H]2C[C@H](Cc3ccccc3)CN2)c1O,3,0.0,0.0,0.0
Cc1nc(N)ccc1CNC(=O)[C@H](C)NC(=O)[C@H]1C[C@H](c2ccccc2)CCN1,3,0.0,0.0,0.0
Cc1nc(N)ccc1CNC(=O)[C@H](C)NC(=O)[C@H]1CN(c2cccc3ccccc23)CCN1,3,0.0,0.0,0.0
Cc1nc(N)ccc1CNC(=O)[C@H](C)NC(=O)[C@H]1C[C@@H](Oc2ccccc2)CN1,3,0.0,0.0,0.0
C[C@H](NC(=O)[C@H]1C[C@H](c2ccccc2)CN1)C(=O)NCc1cnc2[nH]ccc2c1,3,0.0,0.0,0.0
C[C@H](NC(=O)[C@@H](CCc1ccccc1)NCCCc1cccc(O)c1)C(=O)NCc1ccc(C(=N)N)cc1,3,0.0,0.0,0.0
C[C@H](NC(=O)[C@H](N)CCc1ccccc1)C(=O)NCc1cc(Cl)ccc1C#N,3,0.0,0.0,0.0
C[C@H](NC(=O)[C@H](N)CCc1ccccc1)C(=O)NCc1cc(C#N)ccc1O,3,0.0,0.0,0.0
CC(C)c1cccc([C@H]2CN[C@@H](C(=O)N[C@@H](C)C(=O)NCc3ccc(C(=N)N)cc3)C2)c1,3,0.0,0.0,0.0
Cc1cc(Cl)cc(CNC(=O)[C@H](C)NC(=O)[C@H]2CN(c3cccc4ccccc34)CCN2)c1O,3,0.0,0.0,0.0
Cc1nc(N)ccc1CNC(=O)[C@H](C)NC(=O)[C@H]1C[C@H](Cc2cccc(C(F)(F)F)c2)CN1,3,0.0,0.0,0.0
Cc1nc(N)ccc1CNC(=O)[C@H](C)NC(=O)[C@@H](CCc1ccccc1)NCCCc1cccc(O)c1,3,0.0,0.0,0.0
Cc1nc(N)ccc1CNC(=O)[C@H](C)NC(=O)[C@H]1C[C@H](Cc2cccc(C(F)(F)F)c2)C(=O)N1,3,0.0,0.0,0.0
Cc1nc(N)ccc1CNC(=O)[C@@H](C)NC(=O)[C@H]1C[C@H](Cc2cccc(C(F)(F)F)c2)C(=O)N1,3,0.0,0.0,0.0
Cc1nc(N)ccc1CNC(=O)[C@H](C)NC(=O)[C@H]1C[C@@H](CCc2ccccc2)CN1,3,0.0,0.0,0.0
CCc1nc(N)ccc1CNC(=O)[C@H](C)NC(=O)[C@H]1C[C@H](c2ccccc2)CN1,3,0.0,0.0,0.0
Cc1nc(N)ccc1CNC(=O)[C@H](C)NC(=O)[C@H]1C[C@H](Cc2cccc3ccccc23)CN1,3,0.0,0.0,0.0
C[C@H](NC[C@H](N)CCc1ccccc1)C(=O)NCc1cc(Cl)ccc1-n1cnnn1,3,0.0,0.0,0.0
N=C(N)c1ccc(CNC(=O)[C@H](Cc2ccc(O)cc2)NC(=O)[C@H](N)CCc2ccccc2)cc1,3,0.0,0.0,0.0
C[C@H](NC(=O)[C@@H](CCc1ccccc1)NCCc1ccc(O)cc1)C(=O)NCc1ccc(C(=N)N)cc1,3,0.0,0.0,0.0
Cc1nc(N)ccc1CNC(=O)[C@H](C)NC(=O)[C@H]1C[C@H](Cc2cccc(Cl)c2)CN1,3,0.0,0.0,0.0
C[C@H](NC(=O)[C@H]1C[C@H](c2ccccc2)CN1)C(=O)NCc1cnc2[nH]cc(Cl)c2c1,3,0.0,0.0,0.0
C[C@H](NC[C@@H](CCc1ccccc1)NCCc1cccc(O)c1)C(=O)NCc1ccc(C(=N)N)cc1,3,0.0,0.0,0.0
Cc1cc(C)cc(C[C@@H]2CN[C@@H](C(=O)N[C@@H](C)C(=O)NCc3ccc(N)nc3C)C2)c1,3,0.0,0.0,0.0
N=C(N)c1ccc(CNC(=O)[C@H](Cc2cnc[nH]2)NC(=O)[C@H](N)CCc2ccccc2)cc1,3,0.0,0.0,0.0
Cc1cc(Cl)cc(CNC(=O)[C@H](C)NC(=O)[C@H]2C[C@H](c3ccccc3)CN2)c1,3,0.0,0.0,0.0
C[C@H](NC(=O)[C@H]1C[C@H](Cc2ccccc2)CN1)C(=O)NCc1cnc2[nH]cc(Cl)c2c1,3,0.0,0.0,0.0
N=C(N)c1ccc(CNC(=O)[C@H](CCC(N)=O)NC(=O)[C@H](N)CCc2ccccc2)cc1,3,0.0,0.0,0.0
C[C@H](NC(=O)[C@H]1C[C@H](c2ccccc2)CN1)C(=O)NCc1cc(N)n[nH]1,3,0.0,0.0,0.0
Cc1cccc(C[C@@H]2CN[C@@H](C(=O)N[C@@H](C)C(=O)NCc3ccc(N)nc3C)C2)c1,3,0.0,0.0,0.0
Cc1nc(N)ccc1CNC(=O)[C@H](C)NC(=O)[C@H]1C[C@H](Cc2ccc3ccccc3c2)CN1,3,0.0,0.0,0.0
C[C@H](NC(=O)[C@@H](CCc1ccccc1)NCCc1ccc(Cl)cc1)C(=O)NCc1ccc(C(=N)N)cc1,3,0.0,0.0,0.0
C[C@H](NC(=O)[C@@H](CCc1ccccc1)NCCc1ccccc1)C(=O)NCc1ccc(C(=N)N)cc1,3,0.0,0.0,0.0
C[C@H](NC(=O)[C@H](N)CCc1ccccc1)C(=O)NCc1cc(Cl)ccc1-n1cncn1,3,0.0,0.0,0.0
Cc1nc(N)ccc1CNC(=O)[C@H](C)NC(=O)[C@H]1C[C@H](c2cccc3ccccc23)CCN1,3,0.0,0.0,0.0
Cc1nc(N)ccc1CNC(=O)[C@H](C)NC(=O)[C@H]1C[C@H](Cc2cccc3cnccc23)CN1,3,0.0,0.0,0.0
Cc1nc(N)ccc1CNC(=O)[C@H](C)NC(=O)[C@H]1C[C@@H](C(C)c2ccccc2)CN1,3,0.0,0.0,0.0
CC(=O)Nc1ccc(CCN[C@H](CCc2ccccc2)C(=O)N[C@@H](C)C(=O)NCc2ccc(C(=N)N)cc2)cc1,3,0.0,0.0,0.0
C[C@H](NC(=O)[C@H](N)CCc1ccccc1)C(=O)NCc1cccnc1N,3,0.0,0.0,0.0
Cc1nc(N)ccc1CNC(=O)[C@H](C)NC(=O)[C@H]1CN(Cc2ccccc2)CCN1,3,0.0,0.0,0.0
Cc1ccccc1CN1CCN[C@@H](C(=O)N[C@@H](C)C(=O)NCc2ccc(N)nc2C)C1,3,0.0,0.0,0.0
Cc1nc(N)ccc1CNC(=O)[C@H](C)NC(=O)[C@@H](CCc1ccccc1)NCCc1cccc(O)c1,3,0.0,0.0,0.0
Cc1nc(N)ccc1CNC(=O)[C@H](C)NC(=O)[C@H]1C[C@H](Cc2ccc(Br)cc2)CN1,3,0.0,0.0,0.0
Cc1nc(N)ccc1CNC(=O)[C@H](C)NC(=O)[C@H]1C[C@H](Cc2ccc(-c3ccccc3)cc2)CN1,3,0.0,0.0,0.0
C[C@H](NC(=O)[C@@H](CCc1ccccc1)NCCc1cccc(OC(F)(F)F)c1)C(=O)NCc1ccc(C(=N)N)cc1,3,0.0,0.0,0.0
Cc1nc(N)ccc1CNC(=O)[C@H](C)NC(=O)[C@H]1C[C@@H](Cc2ccccc2)CCN1,3,0.0,0.0,0.0
Cc1nc(N)ccc1CNC(=O)[C@H](C)NC(=O)[C@@H]1C[C@H](Cc2ccccc2)CCN1,3,0.0,0.0,0.0
Cc1cc(Br)cc(CNC(=O)[C@H](C)NC(=O)[C@H](N)CCc2ccccc2)c1O,3,0.0,0.0,0.0
C[C@H](NC(=O)[C@H]1C[C@H](Cc2ccc(-c3ccccc3)cc2)CN1)C(=O)NCc1cnc2[nH]cc(Cl)c2c1,3,0.0,0.0,0.0
Cc1nc(N)ccc1CNC(=O)[C@H](C)NC(=O)[C@H]1C[C@H](Cc2ccc(-c3cccnc3)cc2)CN1,3,0.0,0.0,0.0
C[C@H](NC(=O)[C@H]1C[C@H](c2ccccc2)CN1)C(=O)NCc1cc(Cl)cnc1N,3,0.0,0.0,0.0
Cc1nc(N)ccc1CNC(=O)[C@@H](C)NC(=O)[C@H]1C[C@H](c2cccc(-c3ccccc3)c2)CN1,3,0.0,0.0,0.0
Cc1nc(N)ccc1CNC(=O)[C@H](C)NC(=O)[C@H]1C[C@H](c2cccc(-c3ccccc3)c2)CN1,3,0.0,0.0,0.0
Cc1nc(N)ccc1CNC(=O)[C@H](C)NC(=O)[C@H]1C[C@H](Cc2ccc(-c3nccs3)cc2)CN1,3,0.0,0.0,0.0
C[C@H](NC(=O)[C@H]1C[C@H](c2ccccc2)CN1)C(=O)NCc1ccc2[nH]cc(Cl)c2c1,3,0.0,0.0,0.0
Cc1cc(Cl)cc(CNC(=O)[C@H](C)NC(=O)[C@H]2C[C@@H](Cc3ccccc3)CCN2)c1O,3,0.0,0.0,0.0
C[C@H](NC(=O)[C@H]1C[C@H](c2ccccc2)CN1)C(=O)NCc1cc(O)cc(Cl)c1,3,0.0,0.0,0.0
Cc1cc(Cl)cc(CNC(=O)[C@H](C)NC(=O)[C@H]2C[C@@H](c3ccccc3)CCN2)c1O,3,0.0,0.0,0.0
C[C@H](NC(=O)[C@H]1C[C@H](c2ccccc2)CN1)C(=O)NCc1ccn2ccnc2c1,3,0.0,0.0,0.0
Cc1nc(N)ccc1CNC(=O)[C@H](C)NC(=O)c1cc(Cc2ccccc2)n[nH]1,3,0.0,0.0,0.0
CC(=O)Nc1ccc(CCN[C@H](CCc2ccccc2)C(=O)N[C@@H](C)C(=O)NCc2ccc(N)nc2C)cc1,3,0.0,0.0,0.0
Cc1cccc(C[C@@H]2CN[C@@H](C(=O)N[C@@H](C)C(=O)NCc3cc(Cl)cc(C)c3O)C2)c1,3,0.0,0.0,0.0
Cc1cc(Cl)cc(CNC(=O)[C@H](C)NC(=O)[C@H]2C[C@H](Cc3ccc4ccccc4c3)CN2)c1O,3,0.0,0.0,0.0
C[C@H](NC(=O)[C@H]1C[C@H](Cc2ccccc2)CN1)C(=O)NCc1cc(Cl)ccc1-n1cnnn1,3,0.0,0.0,0.0
Cc1nc(N)ccc1CNC(=O)[C@H](C)NC(=O)[C@H]1C[C@H](Cc2ccccc2Br)CN1,3,0.0,0.0,0.0
Cc1nc(N)ccc1CNC(=O)[C@H](C)NC(=O)[C@H]1C[C@H](Cc2ccccc2-c2ccccc2)CN1,3,0.0,0.0,0.0
Cc1cc(Cl)cc(CNC(=O)[C@H](C)NC(=O)[C@H]2C[C@H](Cc3ccc(Br)cc3)CN2)c1O,3,0.0,0.0,0.0
Cc1nc(N)ccc1CNC(=O)[C@H](C)NC(=O)[C@@H](CCc1ccccc1)NCc1ccc(Cl)cc1,3,0.0,0.0,0.0
Cc1nc(N)ccc1CNC(=O)[C@H](CCC(N)=O)NC(=O)[C@H](N)CCc1ccccc1,3,0.0,0.0,0.0
CCCCCN[C@H](CCc1ccccc1)C(=O)N[C@@H](C)C(=O)NCc1ccc(N)nc1C,3,0.0,0.0,0.0
C[C@H](NC(=O)[C@H]1C[C@H](Cc2ccc(C3CCC3)cc2)CN1)C(=O)NCc1cnc2[nH]cc(Cl)c2c1,3,0.0,0.0,0.0
Cc1nc(N)ccc1CNC(=O)[C@H](C)NC(=O)[C@H]1C[C@H](Cc2ccc(C3CCC3)cc2)CN1,3,0.0,0.0,0.0
Cc1nc(N)ccc1CNC(=O)[C@H](C)NC(=O)[C@H]1C[C@H](Cc2ccc(C(C)(C)C)cc2)CN1,3,0.0,0.0,0.0
Cc1nc(N)ccc1CNC(=O)[C@H](C)NC(=O)[C@@H](CCc1ccccc1)NCc1ccc(C(=O)N2CCOCC2)cc1,3,0.0,0.0,0.0
Cc1nc(N)ccc1CNC(=O)[C@H](CCC(N)=O)NC(=O)[C@H]1C[C@H](Cc2ccccc2)CN1,3,0.0,0.0,0.0
Cc1cc(C)c(O)c(CNC(=O)[C@H](C)NC(=O)[C@H]2C[C@H](c3ccccc3)CN2)c1,3,0.0,0.0,0.0
C[C@H](NC(=O)[C@H]1C[C@H](c2ccccc2)CN1)C(=O)NCc1cnc2[nH]nc(Cl)c2c1,3,0.0,0.0,0.0
C[C@H](NC(=O)[C@H]1C[C@H](Cc2ccc3ccccc3c2)CN1)C(=O)NCc1cc(Cl)ccc1-n1cnnn1,3,0.0,0.0,0.0
C[C@H](NC(=O)[C@H]1C[C@H](c2ccccc2)CN1)C(=O)NCc1cc(Cl)cc(C#N)c1,3,0.0,0.0,0.0
C[C@H](NC(=O)[C@H]1C[C@H](c2ccccc2)CN1)C(=O)NCc1cc(Cl)cc(C(N)=O)c1,3,0.0,0.0,0.0
Cc1nc(N)ccc1CNC(=O)[C@H](C)NC(=O)C1=CC(c2ccccc2)C2=C(CC(C)(C)CC2=O)N1,3,0.0,0.0,0.0
Cc1nc(N)ccc1CNC(=O)[C@H](C)NC(=O)[C@H]1Cc2c([nH]c3ccccc23)CN1,3,0.0,0.0,0.0
C[C@H](NC(=O)[C@H]1C[C@H](c2ccccc2)CN1)C(=O)NCc1ccc2c(N)noc2c1,3,0.0,0.0,0.0
Cc1nc(N)ccc1CNC(=O)[C@H](C)NC(=O)[C@H]1C[C@H](Cc2ccc(N3CCCC3=O)cc2)CN1,3,0.0,0.0,0.0
C[C@H](NC(=O)[C@H]1C[C@H](Cc2ccc3ccccc3c2)CN1)C(=O)NCc1cnc2[nH]cc(Cl)c2c1,3,0.0,0.0,0.0
C[C@H](NC(=O)[C@H]1C[C@H](Cc2ccccc2-c2ccccc2)CN1)C(=O)NCc1cnc2[nH]cc(Cl)c2c1,3,0.0,0.0,0.0
C[C@H](NC(=O)[C@H]1C[C@H](c2ccccc2)CN1)C(=O)NCc1cc(Cl)ccc1-n1ncnn1,3,0.0,0.0,0.0
C[C@H](NC(=O)[C@H]1C[C@H](c2ccccc2)CN1)C(=O)NCc1cc(Cl)cc(Cl)c1O,3,0.0,0.0,0.0
Cc1nc(N)ccc1CNC(=O)[C@H](C)NC(=O)[C@H]1C[C@H](Cc2ccc(-c3ccc(F)cc3C#N)cc2)CN1,3,0.0,0.0,0.0
Cc1nc(N)ccc1CNC(=O)[C@H](C)NC(=O)[C@H]1C[C@H](Cc2ccc(-c3ccc(F)cc3C(N)=O)cc2)CN1,3,0.0,0.0,0.0
Cc1nc(N)ccc1CNC(=O)[C@H](C)NC(=O)[C@H]1C[C@@H](c2ccccc2)CCN1CC(=O)O,3,0.0,0.0,0.0
Cc1nc(N)ccc1CNC(=O)[C@H](C)NC(=O)[C@H]1C[C@H](Cc2cc(-c3ccccc3)cs2)CN1,3,0.0,0.0,0.0
Cc1nc(N)ccc1CNC(=O)[C@H](C)NC(=O)[C@H]1Cc2c(sc3ccccc23)CN1,3,0.0,0.0,0.0
Cc1cc(Cl)cc(CNC(=O)[C@H](C)NC(=O)[C@H]2C[C@H](Cc3ccccc3-c3ccccc3)CN2)c1O,3,0.0,0.0,0.0
C[C@H](NC(=O)[C@H]1C[C@H](Cc2ccccc2-c2ccccc2)CN1)C(=O)NCc1cc(Cl)ccc1-n1cnnn1,3,0.0,0.0,0.0
Cc1nc(N)ccc1CNC(=O)[C@H](C)NC(=O)[C@H]1C[C@H](Cc2ccc(-c3ccc(F)cc3CN)cc2)CN1,3,0.0,0.0,0.0
C[C@H](NC(=O)[C@H]1C[C@H](Cc2ccc(-c3cccnc3)cc2)CN1)C(=O)NCc1cc(Cl)ccc1-n1cnnn1,3,0.0,0.0,0.0
C[C@H](NC(=O)[C@H]1C[C@H](Cc2ccc(-c3ccc(F)cc3C(N)=O)cc2)CN1)C(=O)NCc1cc(Cl)ccc1-n1cnnn1,3,0.0,0.0,0.0
Cc1nc(N)ccc1CNC(=O)[C@H](C)NC(=O)[C@H]1C[C@H](Cc2cccc(-c3ccccc3)c2)CN1,3,0.0,0.0,0.0
COc1cc(C[C@@H]2CN[C@@H](C(=O)N[C@@H](C)C(=O)NCc3ccc(N)nc3C)C2)cc(OC)c1,3,0.0,0.0,0.0
Cc1cc(Cl)cc(CNC(=O)[C@H](C)NC(=O)[C@H]2C[C@H](Cc3ccccc3-c3ccc(Cl)s3)CN2)c1O,3,0.0,0.0,0.0
C[C@H](NC(=O)[C@H]1C[C@H](Cc2ccccc2-c2ccc(Cl)s2)CN1)C(=O)NCc1cc(Cl)ccc1-n1cnnn1,3,0.0,0.0,0.0
Cc1nc(N)ccc1CNC(=O)[C@H](C)NC(=O)[C@H]1C[C@H](Cc2ccccc2-c2ccc(Cl)s2)CN1,3,0.0,0.0,0.0
Cc1nc(N)ccc1CNC(=O)[C@H](C)NC(=O)[C@H]1C[C@@H](c2ccccc2)CCN1CCC(=O)O,3,0.0,0.0,0.0
Cc1nc(N)ccc1CNC(=O)[C@H](C)NC(=O)[C@H]1C[C@@H](c2ccccc2)CCN1CCCCCC(=O)O,3,0.0,0.0,0.0
CC[C@H]1N[C@@H](C(=O)N[C@@H](C)C(=O)NCc2ccc(N)nc2C)C[C@@H]1Cc1ccccc1,3,0.0,0.0,0.0
C[C@H](NC(=O)[C@H]1C[C@H](Cc2cccc3ccccc23)CN1)C(=O)NCc1cc(Cl)ccc1-n1cnnn1,3,0.0,0.0,0.0
C[C@H](NC(=O)[C@H]1C[C@H](Cc2cccc3ccccc23)CN1)C(=O)NCc1cnc2[nH]cc(Cl)c2c1,3,0.0,0.0,0.0
Cc1cc(C)cc(C[C@@H]2CN[C@@H](C(=O)N[C@@H](C)C(=O)NCc3cc(Cl)ccc3-n3cnnn3)C2)c1,3,0.0,0.0,0.0
C[C@H](NC(=O)[C@H]1C[C@H](c2ccccc2)CN1)C(=O)NCc1cc(Cl)c2[nH]cnc2c1,3,0.0,0.0,0.0
Cc1nc2cc(CNC(=O)[C@H](C)NC(=O)[C@H]3C[C@H](c4ccccc4)CN3)cc(Cl)c2[nH]1,3,0.0,0.0,0.0
COc1cc(C[C@@H]2CN[C@@H](C(=O)N[C@@H](C)C(=O)NCc3cc(Cl)ccc3-n3cnnn3)C2)cc(OC)c1,3,0.0,0.0,0.0
Cc1nc(N)ccc1CNC(=O)[C@H](C)NC(=O)[C@H]1C[C@H](Cc2cccc(C(=O)N3CCC3)c2)CN1,3,0.0,0.0,0.0
Cc1nc(N)ccc1CNC(=O)[C@H](C)NC(=O)[C@H]1C[C@H](Cc2cc(Br)no2)CN1,3,0.0,0.0,0.0
Cc1nc(N)ccc1CNC(=O)[C@H](C)NC(=O)[C@H]1C[C@H](Cc2ccc(Cl)c(Cl)c2)CN1,3,0.0,0.0,0.0
Cc1nc(N)ccc1CNC(=O)[C@H](C)NC(=O)[C@H]1C[C@H](Cc2ccc(F)c3ccccc23)CN1,3,0.0,0.0,0.0
Cc1nc(N)ccc1CNC(=O)[C@H](C)NC(=O)[C@H]1C[C@H](Cc2cc(C(F)(F)F)cc(C(F)(F)F)c2)CN1,3,0.0,0.0,0.0
C[C@H](NC(=O)[C@H]1C[C@H](c2ccccc2)CN1)C(=O)NCc1ccc2c(N)n[nH]c2c1,3,0.0,0.0,0.0
C[C@H](NC(=O)[C@H]1C[C@@H](c2ccccc2)CCN1)C(=O)NCc1cc(Cl)ccc1-n1cnnn1,3,0.0,0.0,0.0
Cc1nc(N)ccc1CNC(=O)[C@H](C)NC(=O)[C@H]1C[C@H](Cc2ccc(Cc3ccccc3)cc2)CN1,3,0.0,0.0,0.0
Cc1nc(N)ccc1CNC(=O)[C@H](C)NC(=O)[C@H]1C[C@H](Cc2ccc(C#N)cc2)CN1,3,0.0,0.0,0.0
Cc1nc(N)ccc1CNC(=O)[C@H](C)NC(=O)[C@H]1C[C@H](Cc2cccc(C#N)c2)CN1,3,0.0,0.0,0.0
Cc1nc(N)ccc1CNC(=O)[C@H](C)NC(=O)[C@H]1C[C@H](Cc2ccc(Oc3ccccc3)cc2)CN1,3,0.0,0.0,0.0
Cc1nc(N)ccc1CNC(=O)[C@H](C)NC(=O)[C@H]1C[C@H](Cc2ccc(C#N)c3ccccc23)CN1,3,0.0,0.0,0.0
Cc1nc(N)ccc1CNC(=O)[C@H](C)NC(=O)[C@H]1C[C@H](Cc2cc(Cl)cc3ccccc23)CN1,3,0.0,0.0,0.0
C[C@H](NC(=O)[C@H]1C[C@@H](c2ccccc2)CCN1)C(=O)NCc1cnc2[nH]cc(Cl)c2c1,3,0.0,0.0,0.0
C[C@H](NC(=O)[C@H]1C[C@H](c2ccccc2)CN1)C(=O)NCc1ccc2nccn2c1,3,0.0,0.0,0.0
Cc1nc(N)ccc1CNC(=O)[C@H](C)NC(=O)[C@H]1C[C@H](Cc2cc(Cl)cc(Cl)c2)CN1,3,0.0,0.0,0.0
Cc1cc(Br)cc(CNC(=O)[C@H](C)NC(=O)[C@H]2C[C@H](Cc3ccccc3)CN2)c1-n1cnnn1,3,0.0,0.0,0.0
Cc1cccc(CNC(=O)[C@H](C)NC(=O)[C@H]2C[C@H](Cc3ccccc3)CN2)c1-n1ncnn1,3,0.0,0.0,0.0
Cc1nc(N)ccc1CNC(=O)[C@@H]1CCN1C(=O)[C@H]1C[C@H](Cc2ccc(Br)cc2)CN1,3,0.0,0.0,0.0
Cc1nc(N)ccc1CNC(=O)[C@H](C)NC(=O)[C@H]1C[C@@H](c2ccccc2)CCN1CCCC(=O)O,3,0.0,0.0,0.0
CCOC(=O)CCCN1CC[C@H](c2ccccc2)C[C@@H]1C(=O)N[C@@H](C)C(=O)NCc1ccc(N)nc1C,3,0.0,0.0,0.0
Cc1nc(N)ccc1CNC(=O)[C@H](C)NC(=O)[C@H]1C[C@@H](c2ccccc2)CCN1C,3,0.0,0.0,0.0
C[C@H](NC(=O)[C@H]1C[C@H](c2ccccc2)CN1)C(=O)NCc1cnc2c(c1)c(Cl)cn2C,3,0.0,0.0,0.0
Cc1nc(N)ccc1CNC(=O)[C@H](C)NC(=O)[C@H]1C[C@H](Cc2ccc(Cl)cc2Cl)CN1,3,0.0,0.0,0.0
Cc1nc(N)ccc1CNC(=O)[C@H](C)NC(=O)[C@H]1C[C@H](Cc2cc(Cl)ccc2Cl)CN1,3,0.0,0.0,0.0
Cc1nc(N)ccc1CNC(=O)[C@H](C)NC(=O)[C@H]1C[C@H](Oc2ccc(Br)cc2)CN1,3,0.0,0.0,0.0
Cc1nc(N)ccc1CNC(=O)[C@H](C)NC(=O)[C@H]1C[C@H](Oc2ccccc2)CN1,3,0.0,0.0,0.0
Cc1nc(N)ccc1CNC(=O)[C@H](C)NC(=O)[C@H]1C[C@H](Cc2ccc(F)cc2)CN1,3,0.0,0.0,0.0
C[C@H](NC(=O)[C@H]1C[C@H](Cc2ccccc2)CN1)C(=O)NCc1cc(Cl)cc(Cl)c1O,3,0.0,0.0,0.0
Cc1nc(N)ccc1CNC(=O)[C@H](C)NC(=O)[C@H]1C[C@H](Cc2ccc3nsnc3c2)CN1,3,0.0,0.0,0.0
C[C@H](NC(=O)[C@H]1CC(Cc2ccccc2)CN1)C(=O)NCc1cnc2c(c1)c(Cl)cn2C,3,0.0,0.0,0.0
Cc1nc(N)ccc1CNC(=O)[C@H](C)NC(=O)[C@H]1C[C@H](Cc2ccc(Cl)c(Br)c2)CN1,3,0.0,0.0,0.0
Cc1nc(N)ccc1CNC(=O)[C@H](C)NC(=O)[C@H]1C[C@H](Cc2cccc(Br)c2)CN1,3,0.0,0.0,0.0
COc1ccc2cc(C[C@@H]3CN[C@@H](C(=O)N[C@@H](C)C(=O)NCc4ccc(N)nc4C)C3)ccc2c1,3,0.0,0.0,0.0
Cc1nc(N)ccc1CNC(=O)[C@H](C)NC(=O)[C@H]1C[C@H](Cc2ccc(Cl)s2)CN1,3,0.0,0.0,0.0
Cc1nc(N)ccc1CNC(=O)[C@H](C)NC(=O)[C@H]1C[C@H](Cc2ccc(OC(F)(F)F)c(Cl)c2)CN1,3,0.0,0.0,0.0
Cc1cc(Cl)cc(CNC(=O)[C@H](C)NC(=O)[C@H]2C[C@H](Cc3ccc(Cl)s3)CN2)c1O,3,0.0,0.0,0.0
C[C@H](NC(=O)[C@H]1C[C@H](c2ccccc2)CN1)C(=O)NCc1cnc2cccc(Cl)c2c1,3,0.0,0.0,0.0
Cc1nc(N)ccc1CNC(=O)[C@H](C)NC(=O)[C@H]1C[C@H](Cc2cc3ccccc3s2)CN1,3,0.0,0.0,0.0
Cc1nc(N)ccc1CNC(=O)[C@H](C)NC(=O)[C@H]1C[C@H](Cc2ccc(F)c(Cl)c2)CN1,3,0.0,0.0,0.0
Cc1nc(N)ccc1CNC(=O)[C@H](C)NC(=O)[C@H]1C[C@H](Cc2nc3cc(Cl)ccc3s2)CN1,3,0.0,0.0,0.0
Cc1nc(N)ccc1CNC(=O)[C@H](C)NC(=O)[C@H]1C[C@H](Cc2csc(Cl)c2)CN1,3,0.0,0.0,0.0
C[C@H](NC(=O)[C@H]1C[C@H](c2ccccc2)CN1)C(=O)NCc1cc(Br)cc2cn[nH]c12,3,0.0,0.0,0.0
C[C@H](NC(=O)[C@H]1C[C@H](c2ccccc2)CN1)C(=O)NCc1cc2cnccc2[nH]1,3,0.0,0.0,0.0
CCN1C[C@@H](Cc2ccc(Cl)c(Br)c2)C[C@@H]1C(=O)N[C@@H](C)C(=O)NCc1ccc(N)nc1C,3,0.0,0.0,0.0
Cc1nc(N)ccc1CNC(=O)[C@@H]1CCCN1C(=O)[C@H]1C[C@H](Cc2ccc(Br)cc2)CN1,3,0.0,0.0,0.0
Cc1nc(N)ccc1CNC(=O)[C@H](C)NC(=O)[C@H]1C[C@H](Cc2ccc(Br)c(Cl)c2)CN1,3,0.0,0.0,0.0
Cc1nc(N)ccc1CNC(=O)[C@H](C)NC(=O)c1cc(Cc2ccccc2)c[nH]1,3,0.0,0.0,0.0
Cc1cc(C[C@@H]2CN[C@@H](C(=O)N[C@@H](C)C(=O)NCc3cnc4c(c3)c(Cl)cn4C)C2)ccn1,3,0.0,0.0,0.0
Cc1cc(C[C@@H]2CN[C@@H](C(=O)N[C@@H](C)C(=O)NCc3ccc(N)nc3C)C2)ccn1,3,0.0,0.0,0.0
Cc1nc(N)ccc1CNC(=O)[C@H](C)NC(=O)[C@H]1C[C@H](Cc2ccc3nonc3c2)CN1,3,0.0,0.0,0.0
C[C@H](NC(=O)[C@H]1C[C@H](c2ccccc2)CN1)C(=O)NCc1cnc2sccc2c1,3,0.0,0.0,0.0
C[C@H](NC(=O)[C@H]1C[C@H](Cc2ccccc2)CN1)C(=O)NCc1cc2cnccc2[nH]1,3,0.0,0.0,0.0
Cc1nc(N)ccc1CNC(=O)[C@H](C)NC(=O)[C@H]1C[C@H](Cc2ccc(F)c(Cl)c2)CN1CCC(=O)O,3,0.0,0.0,0.0
C[C@H](NC(=O)[C@H]1C[C@H](Cc2ccc(F)c(Cl)c2)CN1)C(=O)NCc1cnc2c(c1)c(Cl)cn2C,3,0.0,0.0,0.0
COc1ccc(C[C@@H]2CN[C@@H](C(=O)N[C@@H](C)C(=O)NCc3ccc(N)nc3C)C2)cc1Cl,3,0.0,0.0,0.0
Cc1cccc(C[C@@H]2CN[C@@H](C(=O)N[C@@H](C)C(=O)NCc3cnc4c(c3)c(Cl)cn4C)C2)c1,3,0.0,0.0,0.0
C[C@H](NC(=O)[C@H]1C[C@H](Cc2cccc(Cl)c2)CN1)C(=O)NCc1cnc2c(c1)c(Cl)cn2C,3,0.0,0.0,0.0
COc1cc2ccccc2cc1C[C@@H]1CN[C@@H](C(=O)N[C@@H](C)C(=O)NCc2ccc(N)nc2C)C1,3,0.0,0.0,0.0
Cc1nc(N)ccc1CNC(=O)[C@H](C)NC(=O)[C@H]1C[C@H](Cc2ccc(C)c3ccccc23)CN1,3,0.0,0.0,0.0
Cc1nc(N)ccc1CNC(=O)[C@H](C)NC(=O)[C@H]1CC(Cc2ccc(F)cc2)(Cc2ccc(F)cc2)CN1,3,0.0,0.0,0.0
Cc1nc(N)ccc1CNC(=O)[C@H](C)NC(=O)[C@H]1C[C@H](C2(c3ccccc3)CC2)CN1,3,0.0,0.0,0.0
C[C@H](NC(=O)[C@H]1C[C@H](Cc2ccccc2Br)CN1)C(=O)NCc1cnc2c(c1)c(Cl)cn2C,3,0.0,0.0,0.0
Cc1nc(N)ccc1CNC(=O)[C@H](C)NC(=O)[C@H]1C[C@H](Cc2cc(Br)c(Cl)s2)CN1,3,0.0,0.0,0.0
C[C@H](NC(=O)[C@H]1C[C@H](Cc2ccc(F)c(Cl)c2)CN1CC(=O)O)C(=O)NCc1cnc2c(c1)c(Cl)cn2C,3,0.0,0.0,0.0
C[C@H](NC(=O)[C@H]1C[C@H](c2ccccc2)CCN1)C(=O)NCc1ccc(C(=N)N)cc1,3,0.0,0.0,0.0
C[C@H](NC(=O)[C@@H]1C[C@@H](c2ccccc2)CCN1)C(=O)NCc1ccc(C(=N)N)cc1,3,0.0,0.0,0.0
C[C@H](NC(=O)[C@@H]1C[C@H](c2ccccc2)CCN1)C(=O)NCc1ccc(C(=N)N)cc1,3,0.0,0.0,0.0
Cc1cnc(NCCc2ccccc2)c(=O)n1CC(=O)NCc1cc(Cl)ccc1-n1cnnn1,3,0.0,0.0,0.0
Cc1cnc(NCCc2ccccc2)c(=O)n1CC(=O)NCc1cnc2[nH]cc(Cl)c2c1,3,0.0,0.0,0.0
Cc1cnc(NCCc2ccccc2)c(=O)n1CC(=O)NCc1ccc2c(N)nccc2c1,3,0.0,0.0,0.0
Cc1cnc(NCCc2ccccc2)c(=O)n1CC(=O)NCc1ccc2nc(N)[nH]c2c1,3,0.0,0.0,0.0
C[C@H](NC(=O)[C@H]1C[C@H](c2ccccc2)CN1)C(=O)NCc1cc2c(Br)cncc2[nH]1,3,0.0,0.0,0.0
C[C@H](NC(=O)[C@H]1C[C@H](Cc2ccc(F)c(Cl)c2)CN1)C(=O)NCc1cc2cnccc2[nH]1,3,0.0,0.0,0.0
C[C@H](NC(=O)[C@H]1C[C@H](c2ccccc2)CN1)C(=O)NCc1cc2ccncc2[nH]1,3,0.0,0.0,0.0
CCN1CC[C@H](c2ccccc2)C[C@@H]1C(=O)N[C@@H](C)C(=O)NCc1ccc(N)nc1C,3,0.0,0.0,0.0
Cc1nc(N)ccc1CNC(=O)[C@H](C)N(C)C(=O)[C@H]1C[C@H](Cc2ccc(Br)cc2)CN1,3,0.0,0.0,0.0
CC[C@@H](C(=O)Nc1ccc(C(N)=O)c(F)c1)n1cc(OC)c(-c2cc(Cl)ccc2-n2cc(C(F)(F)F)nn2)cc1=O,2,0.0,0.0,0.0
Cc1cc(N2C[C@H](CNC(=O)c3ccc(Cl)s3)OC2=O)cc(C)c1-n1cccc(CCN[C@H]2CC[C@H](O)CC2)c1=O,5,1.0,0.0,0.0
Cc1c(N2CCCC2=O)cccc1S(=O)(=O)N[C@@H](CNC(=O)c1ccc(Cl)s1)C(=O)N1CCN(C)CC1,3,1.0,0.0,0.0
Cc1c(N2CCCC2=O)cccc1S(=O)(=O)N[C@@H](CNC(=O)c1ccc(Cl)s1)C(=O)O,2,0.0,0.0,0.0
COC(=O)[C@H](CNC(=O)c1ccc(Cl)s1)NS(=O)(=O)c1cccc(N2CCCC2=O)c1C,2,1.0,0.0,0.0
Cc1c(N2CCCC2=O)cccc1S(=O)(=O)N[C@@H](CNC(=O)c1ccc(Cl)s1)C(=O)OCCN(C)C.Cl,2,1.0,0.0,0.0
Cc1c(N2CCCC2=O)cccc1S(=O)(=O)N[C@@H](CNC(=O)c1ccc(Cl)s1)C(=O)OC1CCN(C)CC1.Cl,2,1.0,0.0,0.0
Cc1c(N2CCCC2=O)cccc1S(=O)(=O)N[C@@H](CNC(=O)c1ccc(Cl)s1)C(=O)OCCN1CCNC1=O,2,1.0,0.0,0.0
Cc1c(N2CCCC2=O)cccc1S(=O)(=O)N[C@@H](CNC(=O)c1ccc(Cl)s1)C(=O)OCCS(C)(=O)=O,5,1.0,0.0,0.0
Cc1c(N2CCCC2=O)cccc1S(=O)(=O)N[C@@H](CNC(=O)c1ccc(Cl)s1)C(=O)OC[C@H](O)C(F)(F)F,2,1.0,0.0,0.0
CCc1c(N2CCCC2=O)cccc1S(=O)(=O)N[C@@H](CNC(=O)c1ccc(Cl)s1)C(=O)OCC[S@+](C)[O-],2,1.0,0.0,0.0
CCc1c(N2CCCC2=O)cccc1S(=O)(=O)N[C@@H](CNC(=O)c1ccc(Cl)s1)C(=O)OCC[S@@+](C)[O-],2,1.0,0.0,0.0
CCc1c(N2CCCC2=O)cccc1S(=O)(=O)N[C@@H](CNC(=O)c1ccc(Cl)s1)C(=O)OCCC[n+]1ccc(O)cc1.[Cl-],2,1.0,0.0,0.0
CCc1c(N2CCCC2=O)cccc1S(=O)(=O)N[C@@H](CNC(=O)c1ccc(Cl)s1)C(=O)OCCn1ccnc1,2,1.0,0.0,0.0
CCc1c(N2CCCC2=O)cccc1S(=O)(=O)N[C@@H](CNC(=O)c1ccc(Cl)s1)C(=O)OCCc1nccn1C.Cl,2,1.0,0.0,0.0
CCc1c(N2CCCC2=O)cccc1S(=O)(=O)N[C@@H](CNC(=O)c1ccc(Cl)s1)C(=O)O[C@H]1CCN(C)C1.Cl,2,1.0,0.0,0.0
CCc1c(N2CCCC2=O)cccc1S(=O)(=O)N[C@@H](CNC(=O)c1ccc(Cl)s1)C(=O)OC1CN(C(C)C)C1.Cl,2,1.0,0.0,0.0
CCc1c(N2CC[C@H](O)C2=O)cccc1S(=O)(=O)N[C@@H](CNC(=O)c1ccc(Cl)s1)C(=O)OCC[S@+](C)[O-],2,1.0,0.0,0.0
CCc1c(N2CC[C@H](O)C2=O)cccc1S(=O)(=O)N[C@@H](CNC(=O)c1ccc(Cl)s1)C(=O)OCC[S@@+](C)[O-],2,1.0,0.0,0.0
CCc1c(N2CC[C@@H](O)C2=O)cccc1S(=O)(=O)N[C@@H](CNC(=O)c1ccc(Cl)s1)C(=O)OCC[S@+](C)[O-],2,1.0,0.0,0.0
Cc1c(N2CCCC2CO)cccc1S(=O)(=O)N[C@@H](CNC(=O)c1ccc(Cl)s1)C(=O)OCC[S+](C)[O-],2,1.0,0.0,0.0
Cc1c(N2CC[C@H](O)C2)cccc1S(=O)(=O)N[C@@H](CNC(=O)c1ccc(Cl)s1)C(=O)OCC[S@+](C)[O-].O=C(O)C(F)(F)F,2,1.0,0.0,0.0
Cc1c(N2CC[C@@H](O)C2)cccc1S(=O)(=O)N[C@@H](CNC(=O)c1ccc(Cl)s1)C(=O)OCC[S@+](C)[O-].Cl,2,1.0,0.0,0.0
CCc1c(N2CCN(CCO)C2=O)cccc1S(=O)(=O)N[C@@H](CNC(=O)c1ccc(Cl)s1)C(=O)OCC[S@+](C)[O-],2,1.0,0.0,0.0
C[S@+]([O-])CCOC(=O)[C@H](CNC(=O)c1ccc(Cl)s1)NS(=O)(=O)c1cccc(N2CCC[C@H](O)C2)c1,2,1.0,0.0,0.0
C[S@+]([O-])CCOC(=O)[C@H](CNC(=O)c1ccc(Cl)s1)NS(=O)(=O)c1cccc(N2CCC[C@@H](O)C2)c1,2,1.0,0.0,0.0
CN(C)[C@H]1CCCN(c2cccc(S(=O)(=O)N[C@@H](CNC(=O)c3ccc(Cl)s3)C(=O)OCC[S@+](C)[O-])c2)C1.Cl,5,1.0,0.0,0.0
CN(C)[C@@H]1CCCN(c2cccc(S(=O)(=O)N[C@@H](CNC(=O)c3ccc(Cl)s3)C(=O)OCC[S@+](C)[O-])c2)C1.O=CO,2,1.0,0.0,0.0
CCc1c(N2CC[C@H](N(C)C)C2=O)cccc1S(=O)(=O)N[C@@H](CNC(=O)c1ccc(Cl)s1)C(=O)OCC[S@+](C)[O-],2,1.0,0.0,0.0
CCc1c(N2CC[C@@H](N(C)C)C2=O)cccc1S(=O)(=O)N[C@@H](CNC(=O)c1ccc(Cl)s1)C(=O)OCC[S@+](C)[O-],2,1.0,0.0,0.0
CN(C)C[C@@H]1CCN(c2cccc(S(=O)(=O)N[C@@H](CNC(=O)c3ccc(Cl)s3)C(=O)OCC[S@+](C)[O-])c2)C1=O.O=CO,2,1.0,0.0,0.0
CN(C)CC[C@@H]1CCCN1c1cccc(S(=O)(=O)N[C@@H](CNC(=O)c2ccc(Cl)s2)C(=O)OCC[S@+](C)[O-])c1.Cl,2,1.0,0.0,0.0
CCc1c(N2CC[C@H](O)C2=O)cccc1S(=O)(=O)N[C@@H](CNC(=O)c1ccc(Cl)s1)C(=O)OCCn1ccnc1,2,1.0,0.0,0.0
CCc1c(N2CC[C@H](O)C2=O)cccc1S(=O)(=O)N[C@@H](CNC(=O)c1ccc(Cl)s1)C(=O)OCCc1nccn1C.Cl,5,1.0,0.0,0.0
CCc1c(N2CC[C@@H](O)C2=O)cccc1S(=O)(=O)N[C@@H](CNC(=O)c1ccc(Cl)s1)C(=O)OCCc1nccn1C.Cl,2,1.0,0.0,0.0
Cc1c(N2CC[C@H](O)C2=O)cccc1S(=O)(=O)N[C@@H](CNC(=O)c1ccc(Cl)s1)C(=O)OCCc1nccn1C.Cl,2,1.0,0.0,0.0
CCc1c(N2CC[C@H](O)C2=O)cccc1S(=O)(=O)N[C@@H](CNC(=O)c1ccc(Cl)s1)C(=O)OCCc1cncn1C.O=C(O)C(F)(F)F,2,1.0,0.0,0.0
CCc1c(N2CC[C@H](O)C2=O)cccc1S(=O)(=O)N[C@@H](CNC(=O)c1ccc(Cl)s1)C(=O)OCc1nccn1C.Cl,2,1.0,0.0,0.0
CCc1c(N2CC[C@H](O)C2=O)cccc1S(=O)(=O)N[C@@H](CNC(=O)c1ccc(Cl)s1)C(=O)OCc1cn(C)cn1.Cl,2,1.0,0.0,0.0
CCc1c(N2CC[C@H](C)C2=O)cccc1S(=O)(=O)N[C@@H](CNC(=O)c1ccc(Cl)s1)C(=O)OCCCc1nccn1C.Cl,2,1.0,0.0,0.0
N=C(NS(=O)(=O)c1ccc(F)cc1)N1CC(c2ccccc2)C(c2ccc(Cl)cc2)=N1,2,0.0,0.0,1.0
C/N=C(\NS(=O)(=O)c1ccc(C(F)(F)F)cc1)N1CC(c2ccccc2)C(c2ccc(Cl)cc2)=N1,2,0.0,0.0,1.0
C/N=C(\NS(=O)(=O)c1ccc(Cl)cc1)N1CC(c2ccccc2)C(c2ccc(F)cc2)=N1,2,0.0,0.0,1.0
C/N=C(\NC(=O)c1ccc(Cl)cc1)N1CC(c2ccccc2)C(c2ccc(Cl)cc2)=N1,2,0.0,0.0,1.0
C/N=C(\NS(=O)(=O)c1cccc(C(F)(F)F)c1)N1CC(c2ccccc2)C(c2ccc(Cl)cc2)=N1,2,0.0,0.0,1.0
CN/C(=N\S(=O)(=O)c1ccc(Cl)cc1)N1CC(c2ccccc2)C(c2ccc(Cl)cc2)=N1,11,0.0,0.0,1.0
CN/C(=N\S(=O)(=O)c1ccc(Cl)cc1)N1C[C@H](c2ccccc2)C(c2ccc(Cl)cc2)=N1,15,0.0,0.0,1.0
Cc1cc(C)c(S(=O)(=O)NC(=N)N2CC(c3ccccc3)C(c3ccc(Cl)cc3)=N2)c(C)c1,2,0.0,0.0,1.0
C/N=C(\NS(=O)(=O)c1ccc(C(F)(F)F)cc1)N1C[C@H](c2ccccc2)C(c2ccc(Cl)cc2)=N1,2,0.0,0.0,1.0
N=C(NS(=O)(=O)c1ccc(Cl)cc1)N1CC(c2ccccc2)C(c2ccc(Cl)cc2)=N1,2,0.0,0.0,1.0
C/N=C(\NS(=O)(=O)c1ccc(Cl)cc1)N1CC(c2ccc(Cl)cc2)C(c2ccc(Cl)cc2)=N1,2,0.0,0.0,0.0
CN/C(=N\S(=O)(=O)c1ccc(OC)cc1)N1CC(c2ccccc2)C(c2ccc(Cl)cc2)=N1,3,0.0,0.0,1.0
C/N=C(\NS(=O)(=O)c1c(C)cc(C)cc1C)N1CC(c2ccccc2)C(c2ccc(Cl)cc2)=N1,2,0.0,0.0,1.0
C/N=C(\NS(=O)(=O)c1ccc(F)cc1)N1CC(c2ccccc2)C(c2ccc(Cl)cc2)=N1,2,0.0,0.0,1.0
C/N=C(\NS(=O)(=O)c1ccc(C(F)(F)F)cc1)N1C[C@@H](c2ccccc2)C(c2ccc(Cl)cc2)=N1,2,0.0,0.0,1.0
C/N=C(\NS(=O)(=O)c1ccc(Cl)cc1)N1C[C@@H](c2ccccc2)C(c2ccc(Cl)cc2)=N1,2,0.0,0.0,0.0
C/N=C(\NS(=O)(=O)c1ccccc1Cl)N1CC(c2ccccc2)C(c2ccc(Cl)cc2)=N1,2,0.0,0.0,1.0
C/N=C(\NS(=O)(=O)c1ccccc1)N1CC(c2ccccc2)C(c2ccc(Cl)cc2)=N1,2,0.0,0.0,1.0
C/N=C(\NS(=O)(=O)c1ccc2ccccc2c1)N1CC(c2ccccc2)C(c2ccc(Cl)cc2)=N1,2,0.0,0.0,1.0
CS/C(=N\S(=O)(=O)c1ccc(C(F)(F)F)cc1)N1CC(c2ccccc2)C(c2ccc(Cl)cc2)=N1,2,0.0,0.0,1.0
COc1ccc(S(=O)(=O)NC(=N)N2CC(c3ccccc3)C(c3ccc(Cl)cc3)=N2)cc1,2,0.0,0.0,1.0
CN(C)/C(=N\S(=O)(=O)c1ccc(F)cc1)N1CC(c2ccccc2)C(c2ccc(Cl)cc2)=N1,2,0.0,0.0,0.0
O=C(NS(=O)(=O)c1ccc(Cl)cc1)N1CC(c2ccccc2)C(c2ccc(Cl)cc2)=N1,2,0.0,0.0,0.0
Cc1c(C(=O)NN2CCCCC2)nn(-c2ccc(Cl)cc2Cl)c1-c1ccc(Cl)cc1,179,0.0,0.0,0.0
Cc1ccc(S(=O)(=O)NC(=N)N2CC(c3ccccc3)C(c3ccc(Cl)cc3)=N2)cc1,2,0.0,0.0,1.0
CN(C)/C(=N\S(=O)(=O)c1ccc(Cl)cc1)N1CC(c2ccccc2)C(c2ccc(Cl)cc2)=N1,2,0.0,0.0,1.0
C/N=C(\NS(=O)(=O)c1ccc(C)cc1)N1CC(c2ccccc2)C(c2ccc(Cl)cc2)=N1,2,0.0,0.0,1.0
C/N=C(\NS(=O)(=O)c1ccc(Cl)cc1)N1CC(c2ccc(F)cc2)C(c2ccc(Cl)cc2)=N1,2,0.0,0.0,0.0
C/N=C(\NS(=O)(=O)c1cccc(Cl)c1)N1CC(c2ccccc2)C(c2ccc(Cl)cc2)=N1,2,0.0,0.0,1.0
Cc1c(C(=O)c2cccc3ccccc23)c2cccc3c2n1[C@H](CN1CCOCC1)CO3,114,0.0,0.0,1.0
CCCCC/C=C\C/C=C\C/C=C\C/C=C\CCCC(=O)NCCO,23,0.0,0.0,1.0
CCCCC/C=C\C/C=C\C/C=C\CCCCCCC(=O)NCCO,2,0.0,0.0,1.0
COc1cccc2c3c(=O)n([C@@H]4C(C)(C)[C@@H]5CC[C@@]4(C)C5)ccc3n(CCN3CCOCC3)c12,4,0.0,0.0,1.0
CCCCCCC(C)(C)c1cc(O)c2c(c1)OC(C)(C)[C@@H]1CC=C(C)C[C@@H]21,6,0.0,0.0,1.0
CCCCCCC(C)(C)c1cc2c(c(OP(=O)(OCC)OCC)c1)[C@@H]1CC(C)=CC[C@H]1C(C)(C)O2,2,0.0,0.0,0.0
CCCCCCC(C)(C)c1ccc(-c2cc(C)cc(C)c2)c(O)c1,2,0.0,0.0,1.0
CCCCCCC(C)(C)c1ccc(-c2cc(C)cc(C)c2)cc1,2,0.0,0.0,0.0
CCCCCCC(C)(C)c1cc(OC)c2c(c1)OC(C)(C)[C@@H]1CC=C(C)C[C@@H]21,3,0.0,0.0,0.0
C=C1CC[C@@H]2[C@@H](C1)c1c(OC)cc(C(C)(C)CCCCCC)cc1OC2(C)C,3,0.0,0.0,0.0
CCCCCCC(C)(C)c1cc(O)c2c(c1)OC(C)(C)C1CCC(=O)CC21,7,0.0,0.0,1.0
CCCCCCC(C)(C)c1ccc2c(c1)OC(C)(C)[C@@H]1CC=C(C)C[C@@H]21,2,0.0,0.0,1.0
C1=C(CCN2CCOCC2)c2ccccc2/C1=C\c1cccc2ccccc12,2,0.0,0.0,1.0
CCCCCCCCCCCCCCCC(=O)NC,2,0.0,0.0,0.0
CCCCCCCCCCCCCCCC(=O)NC(C)C,2,0.0,0.0,0.0
CCCCCCCCCCCCCCCC(=O)NC1CCCCC1,2,0.0,0.0,0.0
CCCCC/C=C\C/C=C\C/C=C\C/C=C\CCCC(=O)NCCOC,3,0.0,0.0,0.0
CC1=C(CCN2CCOCC2)c2ccccc2/C1=C/c1cccc2ccccc12,4,0.0,0.0,1.0
CCCCC/C=C\C/C=C\C/C=C\C/C=C\CCCC(=O)N(C)CCO,2,0.0,0.0,0.0
CC1=C(CCN2CCOCC2)c2ccccc2/C1=C\c1cccc2ccccc12,2,0.0,0.0,0.0
C1=C(CCN2CCOCC2)c2ccccc2/C1=C/c1cccc2ccccc12,6,0.0,0.0,0.0
CCCCC/C=C\C/C=C\C/C=C\C/C=C\CCC(C)C(=O)NCCO,4,0.0,0.0,1.0
CCCCC/C=C\C/C=C\C/C=C\C/C=C\CCCC(=O)NCCCO,3,0.0,0.0,1.0
CCCCC/C=C\C/C=C\C/C=C\C/C=C\CCC(C)(C)C(=O)NCCO,3,0.0,0.0,1.0
CC1=CCC2C(C1)c1c(O)cc(C/C=C/CCCC#N)cc1OC2(C)C,2,0.0,0.0,1.0
CC1=CC[C@@H]2[C@@H](C1)c1c(O)cc(C(C)(C)CCCCC(=O)NN3CCCCC3)cc1OC2(C)C,2,0.0,0.0,1.0
CCCCCc1cc(O)c2c(c1)OC(C)(C)[C@@H]1CCC(C)=C[C@@H]21,34,0.0,0.0,1.0
CC1=CC[C@@H]2[C@@H](C1)c1c(O)cc(C(C)(C)CCCCCC#N)cc1OC2(C)C,2,0.0,0.0,1.0
CC1=CC[C@@H]2[C@@H](C1)c1c(O)cc(C(C)(C)CCCCC#N)cc1OC2(C)C,2,0.0,0.0,1.0
CC1=CC[C@@H]2[C@@H](C1)c1c(O)cc(C(C)(C)CCCCOc3ccc(C#N)cc3)cc1OC2(C)C,2,0.0,0.0,1.0
COc1ccc2c(c1)c(CC(=O)N1CCOCC1)c(C)n2C(=O)c1cccc(Cl)c1Cl,2,0.0,0.0,0.0
COc1ccc2c(c1)c(CCN1CCOCC1)c(C)n2C(=O)c1cccc(Cl)c1Cl,7,0.0,0.0,0.0
COc1ccc2c(c1)c(CC(=O)N1CCOCC1)c(C)n2C(=O)c1ccc(Cl)cc1,2,0.0,0.0,0.0
COc1ccc2c(c1)c(CN1CCOCC1)c(C)n2C(=O)c1cccc(Cl)c1Cl,2,0.0,0.0,0.0
COc1ccc(C2(c3ccc(OC)cc3)NC(=O)N(CCN3CCOCC3)C2=O)cc1,3,0.0,0.0,0.0
CCCCCCCCN1C(=O)NC(c2ccc(F)cc2)(c2ccc(F)cc2)C1=O,4,0.0,0.0,0.0
O=C1NC(c2ccc(Br)cc2)(c2ccc(Br)cc2)C(=O)N1CCCO,5,0.0,0.0,1.0
CCCCCc1cc(O)c2c(c1)OC(C)(C)c1ccc(C)cc1-2,8,0.0,0.0,1.0
CCCCCCC(C)(C)c1cc(O)c2c(c1)OC(C)(C)[C@@H]1CCC(CO)C[C@@H]21,2,0.0,0.0,1.0
CCCCCCC(C)(C)c1ccc([C@@H]2C[C@H](O)CC[C@H]2CCCO)c(O)c1,154,0.0,0.0,1.0
CCCCCN1C(=O)NC(c2ccccc2)(c2ccccc2)C1=O,4,0.0,0.0,0.0
CCCCCCN1C(=O)NC(c2ccc(OC)cc2)(c2ccc(OC)cc2)C1=O,3,0.0,0.0,0.0
CCCN1C(=O)NC(c2ccccc2)(c2ccccc2)C1=O,3,0.0,0.0,0.0
CCCCCCN1C(=O)NC(c2ccccc2)(c2ccccc2)C1=O,4,0.0,0.0,0.0
CCCCCCCCN1C(=O)NC(c2ccccc2)(c2ccccc2)C1=O,4,0.0,0.0,0.0
CCCCCCN1C(=O)NC(c2ccc(F)cc2)(c2ccc(F)cc2)C1=O,3,0.0,0.0,0.0
O=C1NC(c2ccccc2)(c2ccccc2)C(=O)N1CCN1CCOCC1,3,0.0,0.0,0.0
Cc1ccc(C2(c3ccc(C)cc3)NC(=O)N(CCN3CCOCC3)C2=O)cc1,3,0.0,0.0,0.0
O=C1NC(c2ccccc2)(c2ccccc2)C(=O)N1Cc1ccccc1,4,0.0,0.0,0.0
CCCCCCCN1C(=O)NC(c2ccc(C)cc2)(c2ccc(C)cc2)C1=O,3,0.0,0.0,0.0
CCCCN1C(=O)NC(c2ccccc2)(c2ccccc2)C1=O,4,0.0,0.0,0.0
O=C1NC(c2ccc(F)cc2)(c2ccc(F)cc2)C(=O)N1CCN1CCOCC1,3,0.0,0.0,0.0
CCCCCCCCN1C(=O)NC(c2ccc(Br)cc2)(c2ccc(Br)cc2)C1=O,4,0.0,0.0,0.0
CN(C)CCN1C(=O)NC(c2ccccc2)(c2ccccc2)C1=O,3,0.0,0.0,0.0
O=C1NC(c2ccccc2)(c2ccccc2)C(=O)N1CCN1CCCCC1,3,0.0,0.0,0.0
CCCCCCCN1C(=O)NC(c2ccc(Br)cc2)(c2ccc(Br)cc2)C1=O,6,0.0,0.0,0.0
CCCCCCCN1C(=O)NC(c2ccc(F)cc2)(c2ccc(F)cc2)C1=O,3,0.0,0.0,0.0
CCCCCCN1C(=O)NC(c2ccc(C)cc2)(c2ccc(C)cc2)C1=O,3,0.0,0.0,0.0
CCCCCCC(C)(C)c1cc(O)c2c(c1)OC(C)(C)c1ccc(C)cc1-2,2,0.0,0.0,1.0
CCCCCCC(C)(C)c1ccc(-c2cc(C)ccc2C(C)C)c(O)c1,2,0.0,0.0,1.0
O=C1NC(c2ccc(Br)cc2)(c2ccc(Br)cc2)C(=O)N1CCN1CCOCC1,6,0.0,0.0,1.0
CCCCCCN1C(=O)NC(c2ccc(Br)cc2)(c2ccc(Br)cc2)C1=O,3,0.0,0.0,0.0
Cc1c(C(=O)N(C)C2CCCCC2)nn(-c2ccc(Cl)cc2Cl)c1-c1ccc(Cl)cc1,4,0.0,0.0,1.0
Cc1c(C(=O)NC2CCCCC2)nn(-c2ccc(Cl)cc2Cl)c1-c1ccc(Cl)cc1,4,0.0,0.0,1.0
Cc1c(C(=O)NN2CC3CCCC3C2)nc(-c2ccc(Cl)cc2Cl)n1-c1ccc(Cl)cc1,3,0.0,0.0,1.0
O=C(NC1CCCCC1)c1cn(-c2ccc(Cl)cc2)c(-c2ccc(Cl)cc2Cl)n1,3,0.0,0.0,0.0
Cc1c(C(=O)Nc2ccncc2)nn(-c2ccc(Cl)cc2Cl)c1-c1ccc(Cl)cc1,4,0.0,0.0,0.0
O=C(NN1CCCCC1)c1cn(-c2ccc(Cl)cc2)c(-c2ccc(Cl)cc2Cl)n1,3,0.0,0.0,1.0
COC(=O)[C@H](Cc1ccccc1)NC(=O)c1c(C)n(CCN2CCOCC2)c2c(OC)cccc12,2,0.0,0.0,0.0
CCCn1c(C)c(C(=O)c2cccc3ccccc23)c2ccccc21,9,0.0,0.0,1.0
CC1=CC[C@@H]2[C@@H](C1)c1c(O)cc(C3(C4CCCCC4)SCCS3)cc1OC2(C)C,2,0.0,0.0,1.0
O=C1NC(c2ccccc2)(c2ccccc2)C(=O)N1C1CC1,2,0.0,0.0,0.0
CCCCCn1ccc(C(=O)c2cccc3ccccc23)c1,2,0.0,0.0,0.0
O=C1NC(=O)C(c2ccccc2)(c2ccccc2)N1,16,0.0,0.0,0.0
CC1=CC[C@@H]2[C@@H](C1)c1c(O)cc(C(C)(C)c3ccccc3)cc1OC2(C)C,6,0.0,0.0,1.0
CC1=CC[C@@H]2[C@@H](C1)c1c(O)cc(C3(c4ccccc4)SCCS3)cc1OC2(C)C,3,0.0,0.0,1.0
C=C(C)[C@@H]1CCC(C)=C[C@H]1c1c(O)cc(CCCCC)cc1O,13,0.0,0.0,0.0
CCCCCn1c(C)c(C(=O)c2cccc3ccccc23)c2ccccc21,2,0.0,0.0,1.0
CC1=CC[C@@H]2[C@@H](C1)c1c(O)cc(C(C)(C)C3CCCCC3)cc1OC2(C)C,3,0.0,0.0,1.0
CC1=CC[C@@H]2[C@@H](C1)c1c(O)cc(C(=O)c3ccccc3)cc1OC2(C)C,2,0.0,0.0,0.0
CCCCCCC(C)(C)c1ccc([C@H]2C[C@@H](O)CC[C@@H]2CCCO)c(O)c1,4,0.0,0.0,1.0
CC1=CC[C@@H]2[C@@H](C1)c1c(O)cc(Cc3ccccc3)cc1OC2(C)C,3,0.0,0.0,1.0
O=C(NN1CCCCC1)c1nc(-c2ccc(Cl)cc2Cl)c(-c2ccc(Cl)cc2)s1,3,0.0,0.0,1.0
O=C(NN1CCCCC1)c1nc(-c2ccc(Cl)cc2)c(-c2ccc(Cl)cc2Cl)s1,2,0.0,0.0,1.0
Cl.Cl.O=C(NN1CCCCC1)c1nc(-c2ccc(Cl)cc2Cl)n(-c2ccc(Cl)cc2)n1,2,0.0,0.0,1.0
COc1ccc(-n2c(-c3ccc(Cl)cc3Cl)nc(C(=O)NN3CCCCC3)c2C)cc1,2,0.0,0.0,1.0
Cc1c(C(=O)NN2CCCCC2)nc(-c2ccc(Cl)cc2Cl)n1-c1ccc(C(F)(F)F)cc1,2,0.0,0.0,1.0
Cc1c(C(=O)NN2CCCCC2)nc(-c2ccc(Cl)cc2Cl)n1-c1ccc(Cl)cn1,2,0.0,0.0,1.0
Cc1c(C(=O)NN2CCCC2)nc(-c2ccc(Cl)cc2Cl)n1-c1ccc(Cl)cc1,2,0.0,0.0,1.0
Cc1c(C(=O)NN2CCCCCC2)nc(-c2ccc(Cl)cc2Cl)n1-c1ccc(Cl)cc1,2,0.0,0.0,1.0
Cc1c(C(=O)NN2CCOCC2)nc(-c2ccc(Cl)cc2Cl)n1-c1ccc(Cl)cc1,2,0.0,0.0,1.0
Cc1c(C(=O)NC2CCCC2)nc(-c2ccc(Cl)cc2Cl)n1-c1ccc(Cl)cc1,2,0.0,0.0,1.0
Cc1c(C(=O)NC2CCCCC2)nc(-c2ccc(Cl)cc2Cl)n1-c1ccc(Cl)cc1,2,0.0,0.0,1.0
Cc1c(C(=O)NC2CCCCCC2)nc(-c2ccc(Cl)cc2Cl)n1-c1ccc(Cl)cc1,2,0.0,0.0,1.0
Cc1c(C(=O)N[C@H]2CC[C@H](O)CC2)nc(-c2ccc(Cl)cc2Cl)n1-c1ccc(Cl)cc1,2,0.0,0.0,1.0
Cc1c(C(=O)N2CCC(O)CC2)nc(-c2ccc(Cl)cc2Cl)n1-c1ccc(Cl)cc1,2,0.0,0.0,0.0
Cc1c(C(=O)N2CCc3ccccc3C2)nc(-c2ccc(Cl)cc2Cl)n1-c1ccc(Cl)cc1,2,0.0,0.0,1.0
Cc1c(C(=O)NC2CC3CCC2C3)nc(-c2ccc(Cl)cc2Cl)n1-c1ccc(Cl)cc1,2,0.0,0.0,1.0
Cc1c(C(=O)NOC(C)(C)C)nc(-c2ccc(Cl)cc2Cl)n1-c1ccc(Cl)cc1,2,0.0,0.0,1.0
Cc1c(C(=O)NCc2ccc(C(F)(F)F)cc2)nc(-c2ccc(Cl)cc2Cl)n1-c1ccc(Cl)cc1,2,0.0,0.0,1.0
CCN(CC)C(=O)c1nc(-c2ccc(Cl)cc2Cl)n(-c2ccc(Cl)cc2)c1C,2,0.0,0.0,1.0
Cc1c(C(=O)OC(C)(C)C)nc(-c2ccc(Cl)cc2Cl)n1-c1ccc(Cl)cc1,2,0.0,0.0,1.0
O=C(NN1CCCCC1)c1nc(-c2ccc(Cl)cc2Cl)n(-c2ccc(Cl)cc2)c1Cl,2,0.0,0.0,1.0
O=C(NN1CCCCC1)c1nc(-c2ccc(Cl)cc2Cl)n(-c2ccc(Cl)cc2)c1Br,2,0.0,0.0,1.0
N#Cc1c(C(=O)NN2CCCCC2)nc(-c2ccc(Cl)cc2Cl)n1-c1ccc(Cl)cc1,4,0.0,0.0,1.0
O=C(NN1CCCCC1)c1nc(-c2ccc(Cl)cc2Cl)n(-c2ccc(Cl)cc2)c1CF,2,0.0,0.0,1.0
Cc1c(C(=O)NN2CCCCC2)nc(-c2ccc(Cl)cc2)n1-c1ccc(Cl)cc1Cl,2,0.0,0.0,1.0
Cl.Cl.O=C(NN1CCCCC1)c1nc(-c2ccc(Cl)cc2)n(-c2ccc(Cl)cc2Cl)n1,2,0.0,0.0,1.0
CCc1c(C(=O)NN2CCCCC2)nc(-c2ccc(Cl)cc2Cl)n1-c1ccc(Cl)cc1,4,0.0,0.0,1.0
Cc1c(C(=O)NN2CCCCC2)nc(-c2ccc(Cl)cc2Cl)n1-c1ccc(Cl)cc1,5,0.0,0.0,1.0
Cc1c(C(=O)NN2CCCCC2)nc(-c2ccc(Cl)cc2Cl)n1-c1ccc(Br)cc1,2,0.0,0.0,1.0
Cc1c(C(=O)NN2CCCCC2)nc(-c2ccc(Cl)cc2Cl)n1-c1ccc(F)cc1,2,0.0,0.0,1.0
Cn1c(C(=O)NN2CCOCC2)nc(-c2ccc(Cl)cc2Cl)c1-c1ccc(Cl)cc1,2,0.0,0.0,1.0
O=C(NN1CCCCC1)c1nc(-c2ccc(Cl)cc2)c(-c2ccc(Cl)cc2)o1,2,0.0,0.0,0.0
Cn1c(C(=O)NN2CCCCC2)nc(-c2ccccc2)c1-c1ccccc1,2,0.0,0.0,0.0
Cn1c(C(=O)N2CCCCC2)nc(-c2ccccc2)c1-c1ccccc1,2,0.0,0.0,0.0
Cn1c(C(=O)NC2CCCCC2)nc(-c2ccccc2)c1-c1ccccc1,2,0.0,0.0,0.0
Cc1ccc(-c2nc(C(=O)NN3CCCCC3)n(C)c2-c2ccc(C)cc2)cc1,2,0.0,0.0,1.0
Cc1ccc(-c2nc(C(=O)N3CCCCC3)n(C)c2-c2ccc(C)cc2)cc1,2,0.0,0.0,0.0
Cn1c(C(=O)NN2CCCCC2)nc(-c2ccc(Cl)cc2)c1-c1ccc(Cl)cc1,2,0.0,0.0,1.0
Cn1c(C(=O)NC2CCCCC2)nc(-c2ccc(Cl)cc2)c1-c1ccc(Cl)cc1,2,0.0,0.0,1.0
O=C(NN1CCCCC1)c1nc(-c2ccc(Cl)cc2)c(-c2ccc(Cl)cc2)[nH]1,2,0.0,0.0,0.0
Cn1c(C(=O)NN2CCCCC2)nc(-c2ccc(Cl)cc2Cl)c1-c1ccc(Cl)cc1,2,0.0,0.0,1.0
Cn1c(C(=O)NC2CCCCC2)nc(-c2ccc(Cl)cc2Cl)c1-c1ccc(Cl)cc1,2,0.0,0.0,1.0
N#Cc1cc(-c2ccc(Cl)cc2)c(-c2ccc(Cl)cc2Cl)nc1OCc1ccc(F)c(F)c1,3,0.0,0.0,1.0
N#Cc1cc(-c2ccc(Cl)cc2)c(-c2ccccc2Cl)nc1OCc1ccc(F)c(F)c1,2,0.0,0.0,1.0
Cc1ccc(-c2cc(C#N)c(OCc3ccc(F)c(F)c3)nc2-c2ccc(Cl)cc2Cl)cc1,2,0.0,0.0,1.0
CCNC(=O)c1cc(-c2ccc(Cl)cc2)c(-c2ccc(Cl)cc2Cl)nc1OCc1ccccc1,2,0.0,0.0,1.0
CCNC(=O)c1cc(-c2ccc(Cl)cc2)c(-c2ccc(Cl)cc2Cl)nc1OCc1ccc(F)c(F)c1,2,0.0,0.0,1.0
CCCNC(=O)c1cc(-c2ccc(Cl)cc2)c(-c2ccc(Cl)cc2Cl)nc1OCc1ccc(F)c(F)c1,2,0.0,0.0,1.0
N#Cc1cc(-c2ccccc2)c(-c2ccc(Cl)cc2)nc1OCc1ccccc1,3,0.0,0.0,0.0
N#Cc1cc(-c2ccc(Cl)cc2)c(-c2ccc(Cl)cc2Cl)nc1OCc1ccccc1,2,0.0,0.0,1.0
CCN1C(=O)C(c2ccccc2)(c2ccccc2)NC1=S,2,0.0,0.0,0.0
CCCCN1C(=O)C(c2ccccc2)(c2ccccc2)NC1=S,2,0.0,0.0,0.0
CC(C)CN1C(=O)C(c2ccccc2)(c2ccccc2)NC1=S,2,0.0,0.0,0.0
CCCCCCCN1C(=O)C(c2ccccc2)(c2ccccc2)NC1=S,2,0.0,0.0,0.0
CCCCCCCCN1C(=O)C(c2ccccc2)(c2ccccc2)NC1=S,2,0.0,0.0,0.0
CCCCCCN1C(=O)C(c2ccccc2)(c2ccccc2)NC1=S,2,0.0,0.0,0.0
COCCCN1C(=O)C(c2ccccc2)(c2ccccc2)NC1=S,2,0.0,0.0,0.0
O=C1N(CCCO)C(=S)NC1(c1ccccc1)c1ccccc1,2,0.0,0.0,0.0
O=C1N(Cc2ccccc2)C(=S)NC1(c1ccccc1)c1ccccc1,2,0.0,0.0,0.0
O=C1N(CCc2ccccc2)C(=S)NC1(c1ccccc1)c1ccccc1,2,0.0,0.0,0.0
CC(C)CN1C(=O)C(c2ccc(Cl)cc2)(c2ccc(Cl)cc2)NC1=S,3,0.0,0.0,0.0
CCCCCCCN1C(=O)C(c2ccc(Cl)cc2)(c2ccc(Cl)cc2)NC1=S,2,0.0,0.0,0.0
CCCCCCCCN1C(=O)C(c2ccc(Cl)cc2)(c2ccc(Cl)cc2)NC1=S,2,0.0,0.0,0.0
O=C1N(Cc2ccccc2)C(=S)NC1(c1ccc(Cl)cc1)c1ccc(Cl)cc1,4,0.0,0.0,0.0
O=C1N(CCc2ccccc2)C(=S)NC1(c1ccc(Cl)cc1)c1ccc(Cl)cc1,2,0.0,0.0,0.0
CCN1C(=O)C(c2ccc(Br)cc2)(c2ccc(Br)cc2)NC1=S,2,0.0,0.0,0.0
CC(C)N1C(=O)C(c2ccc(Br)cc2)(c2ccc(Br)cc2)NC1=S,2,0.0,0.0,0.0
CCCCN1C(=O)C(c2ccc(Br)cc2)(c2ccc(Br)cc2)NC1=S,3,0.0,0.0,0.0
CC(C)CN1C(=O)C(c2ccc(Br)cc2)(c2ccc(Br)cc2)NC1=S,3,0.0,0.0,0.0
CCCCCCCN1C(=O)C(c2ccc(Br)cc2)(c2ccc(Br)cc2)NC1=S,2,0.0,0.0,0.0
CCCCCCCCN1C(=O)C(c2ccc(Br)cc2)(c2ccc(Br)cc2)NC1=S,2,0.0,0.0,0.0
C=CCN1C(=O)C(c2ccc(Br)cc2)(c2ccc(Br)cc2)NC1=S,3,0.0,0.0,0.0
O=C1N(Cc2ccccc2)C(=S)NC1(c1ccc(Br)cc1)c1ccc(Br)cc1,3,0.0,0.0,0.0
O=C1N(CCc2ccccc2)C(=S)NC1(c1ccc(Br)cc1)c1ccc(Br)cc1,2,0.0,0.0,0.0
CCCCN1C(=O)C(c2ccc(I)cc2)(c2ccc(I)cc2)NC1=S,3,0.0,0.0,0.0
C=CCN1C(=O)C(c2ccc(I)cc2)(c2ccc(I)cc2)NC1=S,3,0.0,0.0,0.0
CCCCN1C(=O)NC(c2ccc(Br)cc2)(c2ccc(Br)cc2)C1=O,3,0.0,0.0,0.0
O=C1NC(c2ccc(Br)cc2)(c2ccc(Br)cc2)C(=O)N1Cc1ccccc1,2,0.0,0.0,0.0
CCCCN1C(=O)NC(c2ccc(I)cc2)(c2ccc(I)cc2)C1=O,2,0.0,0.0,0.0
C=CCN1C(=O)NC(c2ccc(I)cc2)(c2ccc(I)cc2)C1=O,2,0.0,0.0,0.0
CCCCCCC(C)(C)c1cc(O)c2c(c1)OC(C)(C)[C@H]1CC=C(CO)C[C@H]21,6,0.0,0.0,0.0
C/N=C(\NS(=O)(=O)N(C)C)N1CC(c2ccccc2)C(c2ccc(Cl)cc2)=N1,3,0.0,0.0,1.0
CCN(CC)S(=O)(=O)N/C(=N\C)N1CC(c2ccccc2)C(c2ccc(Cl)cc2)=N1,4,0.0,0.0,1.0
C/N=C(\NS(=O)(=O)N(C)C(C)C)N1CC(c2ccccc2)C(c2ccc(Cl)cc2)=N1,2,0.0,0.0,1.0
CCN(C)S(=O)(=O)N/C(=N\C)N1CC(c2ccccc2)C(c2ccc(Cl)cc2)=N1,2,0.0,0.0,1.0
C/N=C(\NS(=O)(=O)N1CCCC1)N1CC(c2ccccc2)C(c2ccc(Cl)cc2)=N1,3,0.0,0.0,1.0
C/N=C(\NS(=O)(=O)N1CCCCCC1)N1CC(c2ccccc2)C(c2ccc(Cl)cc2)=N1,3,0.0,0.0,1.0
C/N=C(\NS(=O)(=O)N1CCCCCCC1)N1CC(c2ccccc2)C(c2ccc(Cl)cc2)=N1,2,0.0,0.0,1.0
C/N=C(\NS(=O)(=O)N1CCSCC1)N1CC(c2ccccc2)C(c2ccc(Cl)cc2)=N1,2,0.0,0.0,1.0
CCN(CC)S(=O)(=O)N/C(=N\C)N1CC(c2cccnc2)C(c2ccc(Cl)cc2)=N1,2,0.0,0.0,1.0
CCN(CC)S(=O)(=O)N/C(=N\C(C)C)N1CC(c2ccccc2)C(c2ccc(Cl)cc2)=N1,2,0.0,0.0,1.0
CC/N=C(\NS(=O)(=O)N(CC)CC)N1CC(c2ccccc2)C(c2ccc(Cl)cc2)=N1,2,0.0,0.0,1.0
CN/C(=N\S(=O)(=O)N1CCCCC1)N1CC(c2ccccc2)C(c2ccc(Cl)cc2)=N1,6,0.0,0.0,1.0
C/N=C(\NS(=O)(=O)N1CCOCC1)N1CC(c2ccccc2)C(c2ccc(Cl)cc2)=N1,2,0.0,0.0,1.0
C/N=C(\NS(=O)(=O)N1CCS(=O)(=O)CC1)N1CC(c2ccccc2)C(c2ccc(Cl)cc2)=N1,2,0.0,0.0,1.0
CN/C(=N\S(=O)(=O)N1CCCCC1)N1C[C@H](c2ccccc2)C(c2ccc(Cl)cc2)=N1,4,0.0,0.0,1.0
CN/C(=N\S(=O)(=O)N1CCCCC1)N1C[C@@H](c2ccccc2)C(c2ccc(Cl)cc2)=N1,2,0.0,0.0,1.0
CCCCC/C=C\C/C=C\C/C=C\C/C=C\CCCC(=O)N1CCN(c2ccc(F)cc2)CC1,2,0.0,0.0,1.0
CCCCC/C=C\C/C=C\C/C=C\C/C=C\CCCC(=O)NCc1ccc(OC)cc1OC,2,0.0,0.0,1.0
CCCCC/C=C\C/C=C\C/C=C\C/C=C\CCCC(=O)Nc1ccc(O)cc1,2,0.0,0.0,0.0
CCCCC/C=C\C/C=C\C/C=C\C/C=C\CCCC(=O)Nc1ccc(N2CCOCC2)cc1,2,0.0,0.0,1.0
CCCCC/C=C\C/C=C\C/C=C\C/C=C\CCCC(=O)NCCc1ccc(OC)cc1,2,0.0,0.0,0.0
CCCCCCCC/C=C\CCCCCCCC(=O)NCCc1ccc(OC)cc1OC,2,0.0,0.0,1.0
CCCCCCCC/C=C\CCCCCCCC(=O)NCCc1cc(OC)cc(OC)c1,2,0.0,0.0,1.0
CCCCCCCC/C=C\CCCCCCCC(=O)NCCc1ccc(OC)cc1,2,0.0,0.0,1.0
CCCCCCCC/C=C\CCCCCCCC(=O)NCc1ccc(OC)cc1,2,0.0,0.0,1.0
CCCCCCCC/C=C\CCCCCCCC(=O)Nc1ccc(OC)cc1,2,0.0,0.0,0.0
CCCCCn1cc(C(=O)NC2CCCc3ccccc32)c(=O)c2ccccc21,4,0.0,0.0,0.0
CCCCCn1cc(C(=O)NC23CC4CC(C)(CC(C)(C4)C2)C3)c(=O)c2ccccc21,2,0.0,0.0,0.0
CCCCCn1cc(C(=O)NC2C3CC4CC(C3)CC2C4)c(=O)c2ccccc21,3,0.0,0.0,0.0
CCCCCn1cc(C(=O)NC23CC4CC(CC(C4)C2)C3)c(=O)c2ccccc21,4,0.0,0.0,0.0
CCCCCn1cc(C(=O)Nc2cccc3ccccc23)c(=O)c2ccccc21,2,0.0,0.0,0.0
Cn1c(=O)cnn(CCCCN2CCN(c3cccc4ccc(O[11CH3])cc34)CC2)c1=O,2,0.0,0.0,0.0
O=C1NC(=S)N(c2ccccc2)C1c1ccccc1,2,0.0,0.0,0.0
CCCCCCCN1C(=O)C(c2ccccc2)N(c2ccccc2)C1=O,2,0.0,0.0,0.0
O=C1NC(=O)N(c2ccccc2)C1c1ccccc1,2,0.0,0.0,0.0
O=C1NC(c2ccccc2)(c2ccccc2)C(=O)N1c1ccccc1,3,0.0,0.0,0.0
COc1ccc(N2C(=O)C(c3ccccc3)N(c3ccc(OC)cc3)C2=S)cc1,2,0.0,0.0,0.0
Cc1ccc(N2C(=O)C(c3ccccc3)N(c3ccc(C)cc3)C2=S)cc1,3,0.0,0.0,0.0
O=C1C(c2ccccc2)N(c2cccc(I)c2)C(=S)N1c1cccc(I)c1,4,0.0,0.0,0.0
O=C1C(c2ccccc2)N(c2ccc(Br)cc2)C(=S)N1c1ccc(Br)cc1,4,0.0,0.0,0.0
O=C1C(c2ccccc2)N(c2ccc(Cl)c(Cl)c2)C(=S)N1c1ccc(Cl)c(Cl)c1,3,0.0,0.0,0.0
O=C1C(c2ccccc2)N(c2ccc(Cl)cc2)C(=S)N1c1ccc(Cl)cc1,4,0.0,0.0,0.0
O=C1C(c2ccc(Br)cc2)N(c2ccccc2)C(=S)N1c1ccccc1,3,0.0,0.0,0.0
O=C1C(c2ccccc2)N(c2ccccc2)C(=S)N1c1ccccc1,3,0.0,0.0,0.0
O=C1C(c2ccc(Br)cc2)N(c2ccc(Cl)cc2)C(=O)N1c1ccc(Cl)cc1,4,0.0,0.0,0.0
O=C1C(c2ccc(Cl)cc2)N(c2cccc(Cl)c2)C(=O)N1c1cccc(Cl)c1,3,0.0,0.0,0.0
O=C1C(c2ccc(Cl)cc2)N(c2ccc(Cl)cc2)C(=O)N1c1ccc(Cl)cc1,4,0.0,0.0,0.0
COc1ccc(N2C(=O)C(c3ccccc3)N(c3ccc(OC)cc3)C2=O)cc1,3,0.0,0.0,0.0
O=C1C(c2ccccc2)N(c2ccc(Br)cc2)C(=O)N1c1ccc(Br)cc1,4,0.0,0.0,0.0
O=C1C(c2ccccc2)N(c2cccc(Cl)c2)C(=O)N1c1cccc(Cl)c1,4,0.0,0.0,0.0
O=C1C(c2ccccc2)N(c2ccc(Cl)cc2)C(=O)N1c1ccc(Cl)cc1,4,0.0,0.0,0.0
O=C1C(c2ccc(Br)cc2)N(c2ccccc2)C(=O)N1c1ccccc1,3,0.0,0.0,0.0
O=C1C(c2ccc(Cl)cc2)N(c2ccccc2)C(=O)N1c1ccccc1,3,0.0,0.0,0.0
O=C1C(c2ccccc2)N(c2ccccc2)C(=O)N1c1ccccc1,3,0.0,0.0,0.0
CCCCCCC(C)(C)c1cc(O)c2c(c1)OC(C)(C)[C@@H]1CC=C(CO)C[C@@H]21,11,0.0,0.0,1.0
Cc1c(C(=O)NN2CCCCC2)nn(-c2ccc(Cl)cc2Cl)c1-c1ccc(Cl)cc1.Cl,7,0.0,0.0,1.0
CC(=O)Nc1cc(=O)n(C)c2nc(-c3ccc(Cl)cc3Cl)c(-c3ccc(Cl)cc3)cc12,2,0.0,0.0,1.0
CC(=O)Nc1c(C#N)c(=O)n(C)c2nc(-c3ccc(Cl)cc3Cl)c(-c3ccc(Cl)cc3)cc12,2,0.0,0.0,1.0
CC(=O)Nc1c(C(C)=O)c(=O)n(C)c2nc(-c3ccc(Cl)cc3Cl)c(-c3ccc(Cl)cc3)cc12,8,0.0,0.0,1.0
O=C1C2N=C(c3ccccc3Cl)N(c3ccc(Cl)cc3)C2N=CN1CC(F)(F)F,2,0.0,0.0,1.0
O=c1c2nn(-c3ccccc3Cl)c(-c3ccc(Cl)cc3)c2cnn1CC(F)(F)F,2,0.0,0.0,1.0
O=c1c2nn(-c3ccccc3Cl)c(-c3ccc(Cl)cc3)c2ccn1CC(F)(F)F,2,0.0,0.0,1.0
CC(C)c1nc2c(-c3ccc(Cl)cc3)n(-c3ccccc3Cl)nc2c(=O)n1CC(F)(F)F,2,0.0,0.0,1.0
CCc1nc2c(-c3ccc(Cl)cc3)n(-c3ccccc3Cl)nc2c(=O)n1CC(F)(F)F,2,0.0,0.0,1.0
Cc1nc2c(-c3ccc(Cl)cc3)n(-c3ccccc3Cl)nc2c(=O)n1CC(F)(F)F,4,0.0,0.0,1.0
O=c1c2nn(-c3ccc(Cl)cc3)c(-c3ccccc3Cl)c2ncn1CC(F)(F)F,2,0.0,0.0,0.0
O=c1c2nn(-c3ccc(Cl)cc3)c(-c3ccccc3Cl)c2ncn1C1CCCCC1,2,0.0,0.0,0.0
O=c1c2nn(-c3ccccc3Cl)c(-c3ccc(Cl)cc3)c2ncn1CCF,2,0.0,0.0,1.0
O=c1c2nn(-c3ccccc3Cl)c(-c3ccc(Cl)cc3)c2ncn1CC(F)F,2,0.0,0.0,1.0
O=c1c2nn(-c3ccccc3Cl)c(-c3ccc(Cl)cc3)c2ncn1CCC(F)(F)F,2,0.0,0.0,1.0
CC(F)(F)Cn1cnc2c(-c3ccc(Cl)cc3)n(-c3ccccc3Cl)nc2c1=O,2,0.0,0.0,1.0
O=c1c2nn(-c3ccccc3Cl)c(-c3ccc(Cl)cc3)c2ncn1CC(F)(F)F,2,0.0,0.0,1.0
O=c1c2nn(-c3ccccc3Cl)c(-c3ccc(Cl)cc3)c2ncn1Cc1ccccc1,2,0.0,0.0,1.0
CCCn1cnc2c(-c3ccc(Cl)cc3)n(-c3ccccc3Cl)nc2c1=O,2,0.0,0.0,1.0
CCn1cnc2c(-c3ccc(Cl)cc3)n(-c3ccccc3Cl)nc2c1=O,2,0.0,0.0,1.0
CC(C)n1cnc2c(-c3ccc(Cl)cc3)n(-c3ccccc3Cl)nc2c1=O,2,0.0,0.0,0.0
CCC(CC)n1cnc2c(-c3ccc(Cl)cc3)n(-c3ccccc3Cl)nc2c1=O,2,0.0,0.0,0.0
O=c1c2nn(-c3ccccc3Cl)c(-c3ccc(Cl)cc3)c2ncn1N1CCCCC1,2,0.0,0.0,1.0
O=c1c2nn(-c3ccccc3Cl)c(-c3ccc(Cl)cc3)c2ncn1C1CCCCC1,2,0.0,0.0,0.0
CCCCCCCC/C=C\CCCCCCCC(=O)NCCO,3,0.0,0.0,0.0
O=C1C(c2ccccc2)N(C2CCCCC2)C(=O)N1C1CCCCC1,4,0.0,0.0,0.0
O=C(N[C@H]1CN2CCC1CC2)c1cc2ccoc2cn1,4,0.0,0.0,0.0
Cc1c(/C=C/N2CCCCC2)nn(-c2ccc(Cl)cc2Cl)c1-c1ccc(Cl)cc1,3,0.0,0.0,1.0
Cc1c(/C=N/N2CCCCC2)nn(-c2ccc(Cl)cc2Cl)c1-c1ccc(Cl)cc1,3,0.0,0.0,1.0
Cc1c(/C=C/C2CCCCC2)nn(-c2ccc(Cl)cc2Cl)c1-c1ccc(Cl)cc1,3,0.0,0.0,1.0
C[C@H](NC(=O)C(C)(C)Oc1ccc(C(F)(F)F)cn1)[C@@H](Cc1ccc(Cl)cc1)c1cccc(C#N)c1,25,0.0,0.0,1.0
C[C@H](NC(=O)C(C)(C)Oc1ccc(C(F)(F)F)cn1)[C@@H](Cc1ccc(Cl)cc1)c1ccccc1,3,0.0,0.0,1.0
C[C@H](NC(=O)C(C)(C)Oc1ccncc1)[C@H](Cc1ccc(Cl)cc1)c1ccccc1,2,0.0,0.0,1.0
C[C@H](NC(=O)C(C)(C)Oc1ccccn1)[C@@H](Cc1ccc(Cl)cc1)c1ccccc1,2,0.0,0.0,1.0
C[C@H](NC(=O)C(C)(C)Oc1cc(F)cc(F)c1)[C@@H](Cc1ccc(Cl)cc1)c1ccccc1,2,0.0,0.0,1.0
C[C@H](NC(=O)C(C)(C)Oc1ccccc1)[C@@H](Cc1ccc(Cl)cc1)c1ccccc1,4,0.0,0.0,1.0
CCCCCc1cc(O)cc(OCCCCCCCCCCC(=O)NC2CC2)c1,3,0.0,0.0,1.0
O=C(Nc1ccccc1)NC(c1ccccc1)c1ccccc1,2,0.0,0.0,0.0
O=C1NC(c2ccccc2)(c2ccccc2)C(=O)N1c1ccc(Br)cc1,2,0.0,0.0,0.0
CCCCCCc1ccc(NC(=O)NC(c2ccc(Br)cc2)c2ccc(Br)cc2)cc1,2,0.0,0.0,0.0
O=C(Nc1ccccc1)NC(c1ccc(F)cc1)c1ccc(F)cc1,2,0.0,0.0,0.0
COc1ccc(NC(=O)NC(c2ccccc2)c2ccccc2)cc1,2,0.0,0.0,0.0
O=C(Nc1ccccc1F)NC(c1ccccc1)c1ccccc1,2,0.0,0.0,0.0
O=C(Nc1ccc(I)cc1)NC(c1ccccc1)c1ccccc1,2,0.0,0.0,0.0
O=C(Nc1ccc(Br)cc1)NC(c1ccccc1)c1ccccc1,2,0.0,0.0,0.0
O=C(Nc1ccc(Cl)cc1)NC(c1ccccc1)c1ccccc1,2,0.0,0.0,0.0
O=C(Nc1ccc(F)cc1)NC(c1ccccc1)c1ccccc1,2,0.0,0.0,0.0
O=C1NC(c2ccc(Br)cc2)(c2ccc(Br)cc2)C(=O)N1c1ccccc1,2,0.0,0.0,0.0
O=C1NC(c2ccc(F)cc2)(c2ccc(F)cc2)C(=O)N1c1ccccc1,2,0.0,0.0,0.0
O=C(Nc1ccc(CO)cc1)NC(c1ccc(Br)cc1)c1ccc(Br)cc1,2,0.0,0.0,0.0
O=C(Nc1ccc(I)cc1)NC(c1ccc(Br)cc1)c1ccc(Br)cc1,2,0.0,0.0,0.0
CCCCCCc1ccc(NC(=O)NC(c2ccccc2)c2ccccc2)cc1,2,0.0,0.0,0.0
O=C1N(c2ccc(Cl)cc2)C(=S)NC1(c1ccc(Br)cc1)c1ccc(Br)cc1,2,0.0,0.0,0.0
O=C1N(c2ccccc2)C(=S)NC1(c1ccc(Br)cc1)c1ccc(Br)cc1,2,0.0,0.0,0.0
S=C(Nc1ccc(Cl)cc1)NC(c1ccc(Br)cc1)c1ccc(Br)cc1,4,0.0,0.0,0.0
S=C(Nc1ccc(Cl)cc1)NC(c1ccc(Cl)cc1)c1ccc(Cl)cc1,2,0.0,0.0,0.0
S=C(Nc1ccccc1)NC(c1ccc(Br)cc1)c1ccc(Br)cc1,2,0.0,0.0,0.0
S=C(Nc1ccccc1)NC(c1ccc(Cl)cc1)c1ccc(Cl)cc1,2,0.0,0.0,0.0
O=C(Nc1ccc(Br)cc1)NC(c1ccc(I)cc1)c1ccc(I)cc1,2,0.0,0.0,1.0
O=C(Nc1ccc(Br)cc1)NC(c1ccc(Br)cc1)c1ccc(Br)cc1,4,0.0,0.0,0.0
O=C(Nc1ccc(Cl)cc1)NC(c1ccc(Br)cc1)c1ccc(Br)cc1,4,0.0,0.0,0.0
O=C(Nc1ccc(Br)cc1)NC(c1ccc(Cl)cc1)c1ccc(Cl)cc1,4,0.0,0.0,0.0
O=C(Nc1ccc(Cl)cc1)NC(c1ccc(Cl)cc1)c1ccc(Cl)cc1,4,0.0,0.0,0.0
O=C(Nc1ccccc1)NC(c1ccc(Br)cc1)c1ccc(Br)cc1,2,0.0,0.0,0.0
O=C(Nc1ccccc1)NC(c1ccc(Cl)cc1)c1ccc(Cl)cc1,2,0.0,0.0,0.0
CCCCC/C=C\C/C=C\C/C=C\C/C=C\CCCC(=O)OC(CO)CO,6,0.0,0.0,1.0
CCCCC/C=C\C/C=C\C/C=C\C/C=C\CCCCOC(CO)CO,3,0.0,0.0,1.0
COc1ccc(-c2ncc(C(=O)Nc3ccccc3)nc2-c2ccc(OC)cc2)cc1,2,0.0,0.0,1.0
Cc1ccc(-c2ncc(C(=O)Nc3ccccc3)nc2-c2ccc(C)cc2)cc1,2,0.0,0.0,1.0
O=C(Nc1ccccc1)c1cnc(-c2ccccc2)c(-c2ccccc2)n1,2,0.0,0.0,0.0
O=C(NC1CCCCC1)c1cnc(-c2ccc(Cl)cc2)c(-c2ccc(Cl)cc2)n1,2,0.0,0.0,1.0
COc1ccc(-c2ncc(C(=O)NC3CCCCC3)nc2-c2ccc(OC)cc2)cc1,2,0.0,0.0,1.0
O=C(NN1CCCCC1)c1cnc(-c2ccccc2Cl)c(-c2ccccc2Cl)n1,2,0.0,0.0,1.0
O=C(NN1CCCCC1)c1cnc(-c2ccc(Cl)cc2)c(-c2ccc(Cl)cc2)n1,2,0.0,0.0,1.0
COc1ccc(-c2ncc(C(=O)NN3CCCCC3)nc2-c2ccc(OC)cc2)cc1,2,0.0,0.0,1.0
Cc1ccc(-c2ncc(C(=O)NN3CCCCC3)nc2-c2ccc(C)cc2)cc1,3,0.0,0.0,1.0
O=C(NN1CCCCC1)c1cnc(-c2ccccc2)c(-c2ccccc2)n1,2,0.0,0.0,0.0
Cc1c2c(n(-c3ccc(Cl)cc3Cl)c1-c1ccc(Cl)cc1)CCN(N1CCCCC1)C2=O,3,0.0,0.0,1.0
Cc1c2c(n(-c3ccc(Cl)cc3Cl)c1-c1ccc(Cl)cc1)CCN(C1CCCCC1)C2=O,2,0.0,0.0,0.0
CCc1c(C(=O)N[C@H]2CCCC[C@@H]2O)nc(-c2ccccc2Cl)n1-c1ccc(Br)cc1,2,0.0,0.0,0.0
CCCc1c(C(=O)N[C@H]2CCCC[C@@H]2O)nc(-c2ccccc2Cl)n1-c1ccc(Cl)cc1,2,0.0,0.0,0.0
CCc1c(C(=O)N[C@H]2CCCC[C@@H]2O)nc(-c2ccccc2Cl)n1-c1ccc(Cl)cc1,2,0.0,0.0,0.0
O=C(N[C@@H]1c2ccccc2C[C@@H]1O)c1cn(-c2ccc(Cl)cc2)c(-c2ccccc2Cl)n1,2,0.0,0.0,0.0
O=C(N[C@H]1c2ccccc2C[C@H]1O)c1cn(-c2ccc(Cl)cc2)c(-c2ccccc2Cl)n1,2,0.0,0.0,0.0
O=C(N[C@H]1CCC[C@@H]1O)c1cn(-c2ccc(Cl)cc2)c(-c2ccccc2Cl)n1,2,0.0,0.0,0.0
O=C(N[C@@H]1CCCC[C@H]1O)c1cn(-c2ccc(Cl)cc2)c(-c2ccccc2Cl)n1,2,0.0,0.0,0.0
O=C(N[C@H]1CCCC[C@@H]1O)c1cn(-c2ccc(Cl)cc2)c(-c2ccccc2Cl)n1,2,0.0,0.0,0.0
O=C(NC1CCCCC1O)c1cn(-c2ccc(Cl)cc2)c(-c2ccc(Cl)cc2Cl)n1,2,0.0,0.0,0.0
Cc1ccccc1-c1nc(C(=O)NC2CCCCC2)cn1-c1ccc(Cl)cc1,2,0.0,0.0,0.0
O=C(NC1CCCCC1)c1cn(-c2ccc(Cl)cc2)c(-c2ccccc2Cl)n1,2,0.0,0.0,0.0
Cc1ccc(OC(C)(C)C(=O)N[C@@H](C)[C@@H](Cc2ccc(OCCF)cc2)c2cccc(C#N)c2)nc1,2,0.0,0.0,1.0
CCCCCNc1ccc(C(=O)c2cccc3ccccc23)c2ccccc12,2,0.0,0.0,0.0
O=C(c1cccc2ccccc12)c1ccc(OCCc2ccccc2)c2ccccc12,2,0.0,0.0,0.0
CCCCCCOc1ccc(C(=O)c2cccc3ccccc23)c2ccccc12,2,0.0,0.0,0.0
CCCCCOc1ccc(C(=O)c2cccc3ccccc23)c2ccccc12,13,0.0,0.0,0.0
CCCCOc1ccc(C(=O)c2cccc3ccccc23)c2ccccc12,2,0.0,0.0,0.0
CCCOc1ccc(C(=O)c2cccc3ccccc23)c2ccccc12,2,0.0,0.0,0.0
O=C(c1cccc2ccccc12)c1ccc(OCCN2CCOCC2)c2ccccc12,2,0.0,0.0,0.0
Cc1ccc2c(-c3nnc(SCCCN4CCc5ccc(-c6cc(C)nn6C)cc5CC4)n3C)cccc2n1,7,0.0,0.0,0.0
CCCCCCC(C)(C)c1ccc(-c2cc(C)cc(C)c2)c(C(=O)OC)c1,2,0.0,0.0,1.0
CSC(=S)N1CC(C)(C)CS/C1=N\c1ccccc1C(C)C,3,0.0,0.0,0.0
CSC(=S)N1CC2(CCCCC2)CS/C1=N\c1cccc2ccccc12,2,0.0,0.0,1.0
CCCC(C)(C)c1ccc2c(c1)OC(C)(C)[C@@H]1CC=C(C)C[C@@H]21,17,0.0,0.0,1.0
Cc1ccc(Cn2nc(C(=O)NC3C4(C)CCC(C4)C3(C)C)cc2-c2ccc(Cl)c(C)c2)cc1,28,0.0,0.0,0.0
CCCCCn1cc(C(=O)c2cccc3ccccc23)c(=O)c2ccccc21,2,0.0,0.0,0.0
CCCCCn1cc(C(=O)NC2CCCc3ccccc32)c(=O)c2cc(Cl)ccc21,2,0.0,0.0,0.0
CCCCCn1cc(C(=O)NC(C)C23CC4CC(CC(C4)C2)C3)c(=O)c2ccc(Cl)cc21,3,0.0,0.0,0.0
CCCCCn1cc(C(=O)NC(C)C23CC4CC(CC(C4)C2)C3)c(=O)c2cc(Cl)ccc21,3,0.0,0.0,0.0
CCCCCn1cc(C(=O)NC(C)C23CC4CC(CC(C4)C2)C3)c(=O)c2ccccc21,3,0.0,0.0,0.0
CCCCCn1cc(C(=O)NCC23CC4CC(CC(C4)C2)C3)c(=O)c2ccccc21,2,0.0,0.0,0.0
O=C(NN1CCOCC1)C1=NN(c2ccc(Cl)cc2Cl)C(c2ccc(Cl)cc2)C1.O=S(=O)(O)O,3,0.0,0.0,1.0
CC1=CC[C@@H]2[C@@H](C1)c1c(O)cc(-c3ccc(C)cc3)cc1OC2(C)C,3,0.0,0.0,1.0
C=C(CCCCCC)c1cc(O)c2c(c1)OC(C)(C)[C@@H]1CC=C(C)C[C@@H]21,3,0.0,0.0,1.0
CCCCCCC(=O)c1cc(O)c2c(c1)OC(C)(C)[C@@H]1CC=C(C)C[C@@H]21,3,0.0,0.0,1.0
C=C(C)C1CCC(C)=C[C@H]1c1c(O)cc(C2(CCCCCC)CC2(Br)Br)cc1O,3,0.0,0.0,1.0
CCCCCCC1(c2cc(O)c3c(c2)OC(C)(C)[C@@H]2CC=C(C)C[C@@H]32)CC1(Br)Br,3,0.0,0.0,1.0
C=C(C)C1CCC(C)=C[C@H]1c1c(O)cc(C2(CCCCCC)CC2(Cl)Cl)cc1O,3,0.0,0.0,1.0
CCCCCCC1(c2cc(O)c3c(c2)OC(C)(C)[C@@H]2CC=C(C)C[C@@H]32)CC1(Cl)Cl,4,0.0,0.0,1.0
C=C(C)C1CCC(C)=C[C@H]1c1c(O)cc(C2(CCCCCC)CC2)cc1O,3,0.0,0.0,1.0
CCCCCCC1(c2cc(O)c3c(c2)OC(C)(C)[C@@H]2CC=C(C)C[C@@H]32)CC1,4,0.0,0.0,1.0
CCCCCCCc1cc(O)c2c(c1)OC(C)(C)[C@@H]1CC=C(C)C[C@@H]21,3,0.0,0.0,1.0
C=C(C)C1CCC(C)=C[C@H]1c1c(O)cc(CCCCC)cc1O,3,0.0,0.0,0.0
CCCCCc1cc(O)c2c(c1)OC(C)(C)[C@@H]1CC=C(C)C[C@@H]21,8,0.0,0.0,1.0
CCCCCCC1(c2cc(O)c3c(c2)OC(C)(C)[C@@H]2CC=C(C)C[C@@H]32)CCCC1,3,0.0,0.0,1.0
CCCCCCC1(c2cc(O)c3c(c2)OC(C)(C)[C@@H]2CC=C(C)C[C@@H]32)SC(C)C(C)S1,3,0.0,0.0,1.0
CCCCCCC1(c2cc(O)c3c(c2)OC(C)(C)[C@@H]2CC=C(C)C[C@@H]32)SCCCS1,3,0.0,0.0,1.0
CCCCCCC1(c2cc(O)c3c(c2)OC(C)(C)[C@@H]2CC=C(C)C[C@@H]32)Sc2ccccc2S1,3,0.0,0.0,1.0
CCCCCCC1(c2cc(O)c3c(c2)OC(C)(C)[C@@H]2CC=C(C)C[C@@H]32)OCCO1,4,0.0,0.0,1.0
C=C(C)C1CCC(C)=C[C@H]1c1c(O)cc(C2(CCCCCC)SCCS2)cc1O,3,0.0,0.0,1.0
CCCCCCC1(c2cc(O)c3c(c2)OC(C)(C)[C@@H]2CC=C(C)C[C@@H]32)SCCS1,4,0.0,0.0,1.0
CC1=CC[C@@H]2[C@@H](C1)c1c(O)cc(C3SCCS3)cc1OC2(C)C,3,0.0,0.0,1.0
C=C(C)C1CCC(C)=C[C@H]1c1c(O)cc(C2(C#N)CCCCC2)cc1O,3,0.0,0.0,1.0
CC1=CC[C@@H]2[C@@H](C1)c1c(O)cc(C3(C#N)CCCCC3)cc1OC2(C)C,4,0.0,0.0,1.0
C=C(C)C1CCC(C)=C[C@H]1c1c(O)cc(C2(C#N)CCCC2)cc1O,3,0.0,0.0,1.0
CC1=CC[C@@H]2[C@@H](C1)c1c(O)cc(C3(C#N)CCCC3)cc1OC2(C)C,3,0.0,0.0,1.0
C=C(C)C1CCC(C)=C[C@H]1c1c(O)cc(-c2cccc3ccccc23)cc1O,3,0.0,0.0,1.0
CC1=CC[C@@H]2[C@@H](C1)c1c(O)cc(-c3cccc4ccccc34)cc1OC2(C)C,4,0.0,0.0,1.0
CCCc1ccc(-c2cc(O)c3c(c2)OC(C)(C)[C@@H]2CC=C(C)C[C@@H]32)cc1,3,0.0,0.0,1.0
CCc1ccc(-c2cc(O)c3c(c2)OC(C)(C)[C@@H]2CC=C(C)C[C@@H]32)cc1,3,0.0,0.0,1.0
C=C(C)C1CCC(C)=C[C@H]1c1c(O)cc(-c2ccc(C)cc2)cc1O,3,0.0,0.0,1.0
Cc1ccc(C(=O)Oc2cccc3cccnc23)cc1S(=O)(=O)N1CCCCC1,4,0.0,0.0,1.0
O=C(Nc1ccc(Cl)c(S(=O)(=O)N2CCOCC2)c1)c1ccccc1Cl,2,0.0,0.0,0.0
O=C(Nc1ccc(Cl)c(S(=O)(=O)N2CCOCC2)c1)c1ccccc1,2,0.0,0.0,1.0
O=C(Nc1ccc(Cl)c(S(=O)(=O)N2CCOCC2)c1)c1cccc2ccccc12,2,0.0,0.0,1.0
Cc1ccc(NC(=O)c2ccccc2Oc2ccccc2)cc1S(=O)(=O)N1CCOCC1,2,0.0,0.0,0.0
Cc1ccc(NC(=O)c2cccc(C#N)c2)cc1S(=O)(=O)N1CCOCC1,2,0.0,0.0,0.0
O=C(Nc1ccccc1O)c1ccc(Cl)c(S(=O)(=O)N2CCCCCC2)c1,2,0.0,0.0,0.0
Nc1cccc(NC(=O)c2cccc(S(=O)(=O)N3CCCCC3)c2)c1,2,0.0,0.0,0.0
COc1ccccc1NC(=O)c1cccc(S(=O)(=O)N2CCCCC2)c1,2,0.0,0.0,0.0
Cc1ccc(C(=O)Nc2ccccc2)cc1S(=O)(=O)N1CCCC1,2,0.0,0.0,0.0
Cc1ccc(C(=O)Nc2cccc(F)c2)cc1S(=O)(=O)N1CCCCC1,2,0.0,0.0,0.0
Cc1ccc(NC(=O)c2ccc(C)c(S(=O)(=O)N3CCCCC3)c2)nc1,2,0.0,0.0,0.0
Cc1ccc(NC(=O)c2ccc(C)c(S(=O)(=O)N3CCCCC3)c2)cc1,2,0.0,0.0,0.0
Cc1ccc(C(=O)Nc2ccccc2)cc1S(=O)(=O)N1CCCCC1,2,0.0,0.0,0.0
Cc1ccc(C(=O)Nc2cccc3cnccc23)cc1S(=O)(=O)N1CCCCC1,2,0.0,0.0,0.0
Cc1ccc(C(=O)Oc2ccccc2Br)cc1S(=O)(=O)N1CCOCC1,2,0.0,0.0,1.0
COc1ccccc1OC(=O)c1ccc(C)c(S(=O)(=O)N2CCOCC2)c1,2,0.0,0.0,1.0
Cc1ccc(C(=O)O)cc1S(=O)(=O)N1CCCCC1,2,0.0,0.0,0.0
O=C(Oc1cccc2cccnc12)c1cccc(S(=O)(=O)N2CCCC2)c1,2,0.0,0.0,1.0
O=C(Oc1cccc2cccnc12)c1cccc(S(=O)(=O)N2CCCCCC2)c1,2,0.0,0.0,1.0
O=C(Oc1cccc2cccnc12)c1cccc(S(=O)(=O)N2CCCCC2)c1,2,0.0,0.0,1.0
COc1ccc(C(=O)Oc2cccc3cccnc23)cc1S(=O)(=O)N1CCOCC1,2,0.0,0.0,1.0
Cc1ccc(C(=O)Oc2cccc3cccnc23)cc1S(=O)(=O)N1CCOCC1,2,0.0,0.0,1.0
N#Cc1cc(-c2ccc(Cl)cc2)c(-c2ccc(Cl)cc2Cl)nc1Oc1ccc(F)c(F)c1,2,0.0,0.0,1.0
C[C@H](NS(C)(=O)=O)c1ccc(S(=O)(=O)c2ccc(Cl)cc2S(=O)(=O)c2ccccc2F)cc1,2,0.0,0.0,0.0
C[C@H](NS(=O)(=O)C(F)(F)F)c1ccc(S(=O)(=O)c2ccc(Cl)cc2S(=O)(=O)c2ccccc2F)cc1,2,0.0,0.0,0.0
Cc1c(C(=O)NN2CCCCC2)nn(-c2ccc(Cl)cc2Cl)c1-c1ccc(I)cc1,22,0.0,0.0,0.0
CCOC(=O)N1CC(C)(C)CS/C1=N\c1ccccc1C(C)C,2,0.0,0.0,0.0
CCCN1Cc2c(n(S(=O)(=O)CC)c3ccc(C(=O)N4CCC(C)CC4)cc23)C1,2,0.0,0.0,1.0
CCS(=O)(=O)n1c2c(c3cc(C(=O)N4CCC(OC)CC4)ccc31)CN(C1CCCC1)C2,2,0.0,0.0,0.0
CC(=O)n1c2c(c3cc(C(=O)N4CCC(C)CC4)ccc31)CN(C1CCCC1)C2,2,0.0,0.0,0.0
CC1CCN(C(=O)c2ccc3c(c2)c2c(n3S(C)(=O)=O)CN(C3CCCC3)C2)CC1,2,0.0,0.0,1.0
Cc1c(C(C)(C)C)s/c(=N\C(=O)c2cccc(C(F)(F)F)c2)n1CC1CC1,2,0.0,0.0,0.0
CCCCC/C=C\C/C=C\C/C=C\C/C=C\CCCC(=O)NCCCl,3,0.0,0.0,0.0
COc1ccc(C(=O)c2c(C)n(CCN3CCOCC3)c3cc(I)ccc23)cc1,13,0.0,0.0,0.0
CC1=CC[C@@H]2[C@@H](C1)c1c(O)cc(C(C)(C)C3CCCCCC3)cc1OC2(C)C,2,0.0,0.0,1.0
CC1=CC[C@@H]2[C@@H](C1)c1c(O)cc(C34CC5CC(CC(C5)C3)C4)cc1OC2(C)C,4,0.0,0.0,0.0
CCN(Cc1ccccc1)C(=O)c1oc2ccc(S(=O)(=O)N3CC(C)CC(C)C3)cc2c1C,5,0.0,0.0,0.0
Cc1c(C(=O)N2CCCCCC2)oc2ccc(S(=O)(=O)N3CC(C)CC(C)C3)cc12,2,0.0,0.0,0.0
Cc1c(C(=O)N(C)CCc2ccccc2)oc2ccc(S(=O)(=O)N3CC(C)CC(C)C3)cc12,2,0.0,0.0,0.0
Cc1c(C(=O)NCCc2ccccc2)oc2ccc(S(=O)(=O)N3CC(C)CC(C)C3)cc12,2,0.0,0.0,0.0
Cc1c(C(=O)NC2CCCCC2)oc2ccc(S(=O)(=O)N3CC(C)CC(C)C3)cc12,2,0.0,0.0,0.0
CCCCNC(=O)c1oc2ccc(S(=O)(=O)N3CC(C)CC(C)C3)cc2c1C,2,0.0,0.0,0.0
Cc1c(C(=O)NC2CCCC2)oc2ccc(S(=O)(=O)N3CC(C)CC(C)C3)cc12,2,0.0,0.0,0.0
Cc1c(C(=O)NCc2ccc(F)cc2)oc2ccc(S(=O)(=O)N3CC(C)CC(C)C3)cc12,2,0.0,0.0,0.0
Cc1ccc(CNC(=O)c2oc3ccc(S(=O)(=O)N4CC(C)CC(C)C4)cc3c2C)cc1,2,0.0,0.0,0.0
CCOc1ccccc1CNC(=O)c1oc2ccc(S(=O)(=O)N3CC(C)CC(C)C3)cc2c1C,2,0.0,0.0,0.0
COc1ccccc1CNC(=O)c1oc2ccc(S(=O)(=O)N3CC(C)CC(C)C3)cc2c1C,2,0.0,0.0,0.0
Cc1c(C(=O)NCc2ccccc2Cl)oc2ccc(S(=O)(=O)N3CC(C)CC(C)C3)cc12,2,0.0,0.0,0.0
Cc1c(C(=O)N(C)Cc2ccccc2)oc2ccc(S(=O)(=O)N3CC(C)CC(C)C3)cc12,2,0.0,0.0,0.0
Cc1c(C(=O)NCc2ccccc2)oc2ccc(S(=O)(=O)N3CC(C)CC(C)C3)cc12,2,0.0,0.0,0.0
Cc1c(C(=O)NC2CCCc3ccccc32)oc2ccc(S(=O)(=O)N3CC(C)CC(C)C3)cc12,3,0.0,0.0,1.0
CN/C(=N/S(=O)(=O)c1ccc(Cl)cc1)c1nc(-c2ccc(Cl)cc2)c(-c2ccccc2)o1,2,0.0,0.0,0.0
CN/C(=N/S(=O)(=O)c1ccc(Cl)cc1)c1nc(-c2ccccc2)c(-c2ccc(Cl)cc2)o1,2,0.0,0.0,0.0
CN/C(=N/S(=O)(=O)c1ccc(Cl)cc1)c1cn(-c2ccc(Cl)cc2)c(-c2ccccc2)n1,2,0.0,0.0,0.0
CN/C(=N/S(=O)(=O)c1ccc(Cl)cc1)C1CN(c2ccc(Cl)cc2)C(c2ccccc2)=N1,2,0.0,0.0,0.0
CN/C(=N/S(=O)(=O)c1ccc(Cl)cc1)C1CN(c2ccccc2)C(c2ccc(Cl)cc2)=N1,2,0.0,0.0,0.0
O=C(NN1CCCCC1)c1cc(-n2cccc2)n(-c2ccccc2)n1,2,0.0,0.0,0.0
N#Cc1c(C(=O)NN2CCCCC2)nn(-c2ccccc2)c1-n1cccc1,2,0.0,0.0,0.0
Cc1c(C(=O)NN2CCCCC2)nn(-c2ccccc2)c1-n1cccc1,2,0.0,0.0,0.0
N#Cc1c(C(=O)NCc2ccc(Cl)c(Cl)c2)nn(-c2ccccc2)c1-n1cccc1,2,0.0,0.0,1.0
Cc1c(C(=O)NC2CCCCC2)nn(-c2ccc(F)cc2F)c1-n1cccc1,2,0.0,0.0,0.0
Cc1c(C(=O)NCc2ccc(Cl)c(Cl)c2)nn(-c2ccc(F)cc2F)c1-n1cccc1,2,0.0,0.0,0.0
Cc1c(C(=O)NN2CCOCC2)nn(-c2ccc(F)cc2F)c1-n1cccc1,2,0.0,0.0,0.0
Cc1c(C(=O)NN2CCCCC2)nn(-c2ccc(F)cc2F)c1-n1cccc1,2,0.0,0.0,0.0
Cc1c(C(=O)NC2CCCCC2)nn(-c2ccc(Cl)c(Cl)c2)c1-n1c(C)ccc1C,3,0.0,0.0,1.0
Cc1c(C(=O)NCc2ccc(Cl)c(Cl)c2)nn(-c2ccc(Cl)c(Cl)c2)c1-n1c(C)ccc1C,2,0.0,0.0,1.0
Cc1c(C(=O)NN2CCCCC2)nn(-c2ccc(Cl)c(Cl)c2)c1-n1c(C)ccc1C,2,0.0,0.0,1.0
Cc1c(C(=O)NC2CCCCC2)nn(-c2ccc(Cl)c(Cl)c2)c1-n1cccc1,4,0.0,0.0,1.0
Cc1c(C(=O)NCc2ccc(Cl)c(Cl)c2)nn(-c2ccc(Cl)c(Cl)c2)c1-n1cccc1,2,0.0,0.0,1.0
Cc1c(C(=O)NN2CCCCC2)nn(-c2ccc(Cl)c(Cl)c2)c1-n1cccc1,3,0.0,0.0,1.0
Cc1c(C(=O)NC2CCCCC2)nn(-c2ccc(Cl)cc2Cl)c1-n1c(C)ccc1C,2,0.0,0.0,1.0
Cc1c(C(=O)NCc2ccc(Cl)c(Cl)c2)nn(-c2ccc(Cl)cc2Cl)c1-n1c(C)ccc1C,3,0.0,0.0,1.0
Cc1c(C(=O)NN2CCCCC2)nn(-c2ccc(Cl)cc2Cl)c1-n1c(C)ccc1C,2,0.0,0.0,1.0
Cc1c(C(=O)NC2CCCCC2)nn(-c2ccc(Cl)cc2Cl)c1-n1cccc1,2,0.0,0.0,1.0
Cc1c(C(=O)NCc2ccc(Cl)c(Cl)c2)nn(-c2ccc(Cl)cc2Cl)c1-n1cccc1,2,0.0,0.0,1.0
Cc1c(C(=O)NN2CCCCC2)nn(-c2ccc(Cl)cc2Cl)c1-n1cccc1,2,0.0,0.0,0.0
Cc1nn(-c2ccc(Cl)cc2)c(-n2cccc2)c1C(=O)NCc1ccc(Cl)c(Cl)c1,2,0.0,0.0,0.0
Cc1nn(-c2ccc(Cl)cc2)c(-n2cccc2)c1C(=O)NN1CCCCC1,2,0.0,0.0,0.0
N#Cc1c(C(=O)NN2CCCCC2)nn(-c2ccc(Cl)cc2)c1-n1cccc1,2,0.0,0.0,0.0
Cc1c(C(=O)NCC2CCCCC2)nn(-c2ccc(Cl)cc2)c1-n1cccc1,2,0.0,0.0,1.0
Cc1c(C(=O)NN2CCCCC2)nn(-c2ccc(Cl)cc2)c1-n1cccc1,2,0.0,0.0,1.0
O=C(NC1CCCCC1)c1cc(-n2cccc2)n(-c2ccc(Cl)cc2)n1,2,0.0,0.0,1.0
O=C(NN1CCCCC1)c1cc(-n2cccc2)n(-c2ccc(Cl)cc2)n1,2,0.0,0.0,0.0
Cc1c(C(=O)NC2CCCCC2)nn(-c2c(Cl)cc(Cl)cc2Cl)c1-n1c(C)ccc1C,2,0.0,0.0,1.0
Cc1c(C(=O)NN2CCCCC2)nn(-c2c(Cl)cc(Cl)cc2Cl)c1-n1c(C)ccc1C,2,0.0,0.0,1.0
Cc1c(C(=O)NCc2ccc(Cl)c(Cl)c2)nn(-c2c(Cl)cc(Cl)cc2Cl)c1-n1cccc1,2,0.0,0.0,1.0
Cc1c(C(=O)NN2CCCCC2)nn(-c2c(Cl)cc(Cl)cc2Cl)c1-n1cccc1,2,0.0,0.0,0.0
Cc1c(C(=O)NC2CCCCC2)nn(-c2ccc(F)cc2F)c1-n1c(C)ccc1C,2,0.0,0.0,1.0
Cc1c(C(=O)NCc2ccc(Cl)c(Cl)c2)nn(-c2ccc(F)cc2F)c1-n1c(C)ccc1C,2,0.0,0.0,1.0
Cc1c(C(=O)NN2CCCCC2)nn(-c2ccc(F)cc2F)c1-n1c(C)ccc1C,2,0.0,0.0,0.0
CC1(C)C(C(=O)c2cn(CC3CCOCC3)c3cc(-c4ccccc4)ccc23)C1(C)C,3,0.0,0.0,1.0
COC(=O)c1ccc2c(C(=O)C3C(C)(C)C3(C)C)cn(CC3CCOCC3)c2c1,2,0.0,0.0,1.0
CC1(C)C(C(=O)c2cn(CC3CCOCC3)c3cc(CN)ccc23)C1(C)C,2,0.0,0.0,0.0
CC1(C)C(C(=O)c2cn(CC3CCOCC3)c3cc(C#N)ccc23)C1(C)C,2,0.0,0.0,1.0
CC1(C)C(C(=O)c2cn(CC3CCOCC3)c3ccc(-c4ccccc4)cc23)C1(C)C,2,0.0,0.0,0.0
COC(=O)c1ccc2c(c1)c(C(=O)C1C(C)(C)C1(C)C)cn2CC1CCOCC1,2,0.0,0.0,0.0
COCc1ccc2c(c1)c(C(=O)C1C(C)(C)C1(C)C)cn2CC1CCOCC1,3,0.0,0.0,0.0
CC1(C)C(C(=O)c2cn(CC3CCOCC3)c3ccc(CO)cc23)C1(C)C,2,0.0,0.0,0.0
CC1(C)C(C(=O)c2cn(CC3CCOCC3)c3ccc(CN)cc23)C1(C)C,2,0.0,0.0,0.0
CC1(C)C(C(=O)c2cn(CC3CCOCC3)c3ccc(C#N)cc23)C1(C)C,3,0.0,0.0,0.0
CC1(C)C(C(=O)c2cn(CC3CCOCC3)c3ccc(OCCCCBr)cc23)C1(C)C,2,0.0,0.0,0.0
CC1(C)C(C(=O)c2cn(CC3CCOCC3)c3ccc(OCCCCO)cc23)C1(C)C,2,0.0,0.0,0.0
CC1(C)C(C(=O)c2cn(CCN3CCOCC3)c3cccc(NS(C)(=O)=O)c23)C1(C)C,2,0.0,0.0,0.0
CC(=O)Nc1cccc2c1c(C(=O)C1C(C)(C)C1(C)C)cn2CCN1CCOCC1,2,0.0,0.0,0.0
CC1(C)C(C(=O)c2cn(CCN3CCOCC3)c3cccc(N)c23)C1(C)C,3,0.0,0.0,0.0
CC1(C)C(C(=O)c2cn(CCN3CCOCC3)c3cccc([N+](=O)[O-])c23)C1(C)C,2,0.0,0.0,0.0
Cc1c(C(=O)C2C(C)(C)C2(C)C)c2ccccc2n1CCN1CCOCC1.Cl,2,0.0,0.0,0.0
CC1(C)C(C(=O)c2cn(CCN3CCOCC3)c3cc(OCc4ccccc4)ccc23)C1(C)C,2,0.0,0.0,1.0
CC1(C)C(C(=O)c2cn(CCN3CCOCC3)c3ccc(OCc4ccccc4)cc23)C1(C)C,2,0.0,0.0,0.0
COc1ccc2c(C(=O)C3C(C)(C)C3(C)C)cn(CCN3CCOCC3)c2c1,2,0.0,0.0,0.0
COc1ccc2c(c1)c(C(=O)C1C(C)(C)C1(C)C)cn2CCN1CCOCC1,2,0.0,0.0,0.0
CC1(C)C(C(=O)c2cn(CCN3CCOCC3)c3cc(O)ccc23)C1(C)C,2,0.0,0.0,0.0
CC1(C)C(C(=O)c2cn(CCN3CCOCC3)c3ccc(O)cc23)C1(C)C,2,0.0,0.0,0.0
CC1(C)C(C(=O)c2cn(CCN3CCOCC3)c3ccccc23)C1(C)C,9,0.0,0.0,1.0
CC1(C)C(C(=O)c2cn(CC3CCOCC3)c3ccc(N)cc23)C1(C)C,3,0.0,0.0,1.0
CC1(C)C(C(=O)c2cn(CC3CCOCC3)c3cc4c(cc23)OCO4)C1(C)C,2,0.0,0.0,1.0
CC1(C)C(C(=O)c2cn(CC3CCOCC3)c3cc(O)c(O)cc23)C1(C)C,2,0.0,0.0,1.0
COc1cc2c(cc1O)c(C(=O)C1C(C)(C)C1(C)C)cn2CC1CCOCC1,3,0.0,0.0,1.0
COc1cc2c(cc1OCc1ccccc1)c(C(=O)C1C(C)(C)C1(C)C)cn2CC1CCOCC1,2,0.0,0.0,0.0
CC1(C)C(C(=O)c2cn(CC3CCOCC3)c3c(OCc4ccccc4)cccc23)C1(C)C,2,0.0,0.0,0.0
CC1(C)C(C(=O)c2cn(CC3CCOCC3)c3cc(OCc4ccccc4)ccc23)C1(C)C,3,0.0,0.0,1.0
CC1(C)C(C(=O)c2cn(CC3CCOCC3)c3ccc(OCc4ccccc4)cc23)C1(C)C,3,0.0,0.0,1.0
CC1(C)C(C(=O)c2cn(CC3CCOCC3)c3cccc(OCc4ccccc4)c23)C1(C)C,2,0.0,0.0,0.0
COc1cccc2c(C(=O)C3C(C)(C)C3(C)C)cn(CC3CCOCC3)c12,3,0.0,0.0,1.0
COc1ccc2c(C(=O)C3C(C)(C)C3(C)C)cn(CC3CCOCC3)c2c1,2,0.0,0.0,1.0
COc1ccc2c(c1)c(C(=O)C1C(C)(C)C1(C)C)cn2CC1CCOCC1,3,0.0,0.0,1.0
COc1cccc2c1c(C(=O)C1C(C)(C)C1(C)C)cn2CC1CCOCC1,2,0.0,0.0,0.0
CC1(C)C(C(=O)c2cn(CC3CCOCC3)c3c(O)cccc23)C1(C)C,2,0.0,0.0,1.0
CC1(C)C(C(=O)c2cn(CC3CCOCC3)c3cc(O)ccc23)C1(C)C,3,0.0,0.0,0.0
CC1(C)C(C(=O)c2cn(CC3CCOCC3)c3ccc(O)cc23)C1(C)C,2,0.0,0.0,1.0
CC1(C)C(C(=O)c2cn(CC3CCOCC3)c3cccc(O)c23)C1(C)C,2,0.0,0.0,1.0
CC1(C)C(C(=O)c2cn(CC3CCOCC3)c3cc(S(C)(=O)=O)ccc23)C1(C)C,2,0.0,0.0,0.0
CC1(C)C(C(=O)c2cn(CC3CCOCC3)c3cc(C(F)(F)F)ccc23)C1(C)C,2,0.0,0.0,1.0
Cc1ccc2c(C(=O)C3C(C)(C)C3(C)C)cn(CC3CCOCC3)c2c1,3,0.0,0.0,1.0
CC1(C)C(C(=O)c2cn(CC3CCOCC3)c3cc(Br)ccc23)C1(C)C,2,0.0,0.0,1.0
CC1(C)C(C(=O)c2cn(CC3CCOCC3)c3cc(Cl)ccc23)C1(C)C,2,0.0,0.0,1.0
CC1(C)C(C(=O)c2cn(CC3CCOCC3)c3ccc(Br)cc23)C1(C)C,2,0.0,0.0,0.0
CC1(C)C(C(=O)c2cn(CC3CCOCC3)c3ccc(Cl)cc23)C1(C)C,2,0.0,0.0,1.0
CC1(C)C(C(=O)c2cn(CC3CCOCC3)c3ccc(F)cc23)C1(C)C,2,0.0,0.0,0.0
CC1(C)C(C(=O)c2cn(CC3CCOCC3)c3c(F)c(F)c(F)c(F)c23)C1(C)C,2,0.0,0.0,1.0
CC1(C)C(C(=O)c2cn(CC3CCOCC3)c3ccccc23)C1(C)C,6,0.0,0.0,0.0
CN1CCCCC1Cn1cc(C(=O)c2cc([N+](=O)[O-])ccc2I)c2ccccc21,12,0.0,0.0,1.0
O=C(NCC1CCOCC1)c1cnc(Nc2ccc(Cl)cc2Cl)nc1C(F)(F)F,9,0.0,0.0,0.0
COc1cc(NC(=O)c2ccc(-c3ccc(Cl)cc3)o2)cc(OC)c1,2,0.0,0.0,0.0
O=C(c1cc2c(cc1F)O[C@](c1ccc(F)cc1)(c1ccc(Cl)cc1Cl)O2)N1CCOCC1,2,0.0,0.0,1.0
O=S(=O)(c1ccc2c(c1)OC(c1ccccc1)(c1ccccc1)O2)N1CC=C(c2ccc(F)cc2)CC1,2,0.0,0.0,0.0
Cc1cc2c(cc1C(=O)N1CCOCC1)OC(c1ccccc1)(c1ccccc1)O2,2,0.0,0.0,0.0
N#Cc1cc2c(cc1C(=O)N1CCOCC1)OC(c1ccccc1)(c1ccccc1)O2,2,0.0,0.0,0.0
O=C(c1cc2c(cc1Br)OC(c1ccccc1)(c1ccccc1)O2)N1CCOCC1,2,0.0,0.0,0.0
O=C(c1cc2c(cc1Cl)OC(c1ccccc1)(c1ccccc1)O2)N1CCOCC1,2,0.0,0.0,0.0
Fc1ccc(C2(c3ccc(F)cc3)Oc3cc(F)c(CN4CCOCC4)cc3O2)cc1,2,0.0,0.0,0.0
O=S(=O)(c1cc2c(cc1F)OC(c1ccc(F)cc1F)(c1ccc(F)cc1F)O2)N1CCC(F)(F)CC1,2,0.0,0.0,1.0
O=S(=O)(c1cc2c(cc1F)OC(c1ccc(F)cc1F)(c1ccc(F)cc1F)O2)N1CCOCC1,2,0.0,0.0,1.0
O=S(=O)(c1cc2c(cc1F)OC(c1ccc(F)cc1)(c1ccc(Cl)cc1Cl)O2)N1CCOCC1,2,0.0,0.0,1.0
O=C(c1cc2c(cc1F)OC(c1ccccc1F)(c1ccc(Cl)cc1Cl)O2)N1CCOCC1,2,0.0,0.0,1.0
O=C(c1cc2c(cc1F)OC(c1ccc(F)cc1)(c1ccc(F)cc1)O2)N1CCOCC1,2,0.0,0.0,0.0
CO[C@H]1CCCN1C(=O)c1cc2c(cc1F)OC(c1ccc(F)cc1F)(c1ccc(F)cc1F)O2,2,0.0,0.0,1.0
O=C(c1cc2c(cc1F)OC(c1ccc(F)cc1F)(c1ccc(F)cc1F)O2)N1CCC(F)(F)CC1,2,0.0,0.0,1.0
O=C(c1cc2c(cc1F)OC(c1ccc(F)cc1F)(c1ccc(F)cc1F)O2)N1CCOCC1,2,0.0,0.0,1.0
O=C(c1cc2c(cc1F)OC(c1ccc(F)cc1)(c1ccc(Cl)cc1Cl)O2)N1CCOCC1,2,0.0,0.0,1.0
O=C(c1cc2c(cc1F)OC(c1ccc(F)cc1)(c1ccc(Cl)cc1Cl)O2)N1CCCCC1,2,0.0,0.0,1.0
O=C(c1cc2c(cc1F)OC(c1ccc(F)cc1F)(c1ccc(F)cc1F)O2)N1CCCCC1,2,0.0,0.0,1.0
COc1ccc(C2(c3ccc(Cl)cc3Cl)Oc3cc(F)c(C(=O)N4CCCCC4)cc3O2)cc1,2,0.0,0.0,1.0
O=C(c1cc2c(cc1F)OC(c1ccc(F)cc1)(c1ccc(F)cc1)O2)N1CCCCC1,2,0.0,0.0,1.0
O=C(c1cc2c(cc1F)OC(c1ccccc1)(c1ccccc1)O2)N1CCCCC1,2,0.0,0.0,1.0
O=C(c1cc2c(cc1F)OC(c1ccccc1)(c1ccccc1)O2)N1CCOCC1,2,0.0,0.0,1.0
O=C(c1cc2c(cn1)OC(c1ccccc1)(c1ccccc1)O2)N1CCCCC1,2,0.0,0.0,0.0
O=C(c1ccc2c(c1)OC(c1ccc(F)cc1)(c1ccc(Cl)cc1Cl)O2)N1CCOCC1,2,0.0,0.0,1.0
O=C(c1ccc2c(c1)OC(c1ccccc1)(c1ccccc1)O2)N1CCOCC1,2,0.0,0.0,1.0
O=C(c1ccc2c(c1)OC(c1ccccc1)(c1ccccc1)O2)N1CCCCC1,2,0.0,0.0,0.0
O=S(=O)(c1ccc2c(c1)OC(c1ccccc1)(c1ccccc1)O2)N1CCCCC1,2,0.0,0.0,0.0
O=C(NN1CCCCC1)c1nn(-c2ccc(Cl)cc2Cl)c2c1CCCc1cc(Cl)ccc1-2,5,0.0,0.0,1.0
COc1ccc([C@@H]2[C@@H](Cc3cc4ccccc4o3)C(=O)N2c2ccccc2)cc1,2,0.0,0.0,0.0
CC(=O)SC(CCc1ccccc1)[C@H]1C(=O)N(c2ccc(F)cc2)[C@@H]1c1ccc(O)cc1,2,0.0,0.0,0.0
O=C1[C@@H](CCC(O)c2ccc(F)cc2)[C@H](c2ccc(O)cc2)N1c1ccc(F)cc1,2,0.0,0.0,0.0
COc1ccc(C2C(CCS(=O)(=O)c3ccccc3)C(=O)N2c2ccccc2)cc1,2,0.0,0.0,0.0
COc1ccc([C@@H]2[C@@H](CCCc3cccnc3)C(=O)N2c2ccccc2)cc1,2,0.0,0.0,0.0
Cc1ccc(C(=O)NCC(C)(C)C)cc1S(=O)(=O)N1CCOCC1,2,0.0,0.0,0.0
Cc1ccc(C(=O)NC(C)C(C)(C)C)cc1S(=O)(=O)N1CCOCC1,2,0.0,0.0,0.0
Cc1ccc(C(=O)NC2C(C)CCCC2C)cc1S(=O)(=O)N1CCOCC1,2,0.0,0.0,1.0
Cc1ccc(C(=O)N[C@H]2C(C)(C)[C@H]3CC[C@]2(C)C3)cc1S(=O)(=O)N1CCOCC1,2,0.0,0.0,1.0
Cc1ccc(C(=O)NC(C(C)(C)C)C(C)(C)C)cc1S(=O)(=O)N1CCOCC1,4,0.0,0.0,1.0
Cc1ccc(C(=O)NC23CC4CC(CC(C4)C2)C3)cc1S(=O)(=O)N1CCOCC1,2,0.0,0.0,1.0
Cc1ccc(C(=O)NCC23CC4CC(CC(C4)C2)C3)cc1S(=O)(=O)N1CCOCC1,2,0.0,0.0,1.0
Cc1ccc(C(=O)N[C@H]2CC3CC[C@@]2(C)C3(C)C)cc1S(=O)(=O)N1CCOCC1,2,0.0,0.0,1.0
Cc1ccc(C(=O)NC(C)C23CC4CC(CC(C4)C2)C3)cc1S(=O)(=O)N1CCOCC1,2,0.0,0.0,1.0
Cc1ccc(C(=O)NC2C3CC4CC(C3)CC2C4)cc1S(=O)(=O)N1CCOCC1,2,0.0,0.0,1.0
Cc1ccc(C(=O)N[C@@H]2C(C)(C)[C@H]3CC[C@]2(C)C3)cc1S(=O)(=O)N1CCOCC1,2,0.0,0.0,1.0
CC1(C)[C@H]2CC[C@](C)(C2)[C@@H]1NC(=O)c1ccc(Br)c(S(=O)(=O)N2CCCCC2)c1,2,0.0,0.0,1.0
CN(Cc1ccccc1)S(=O)(=O)c1cc(C(=O)N[C@@H]2C(C)(C)[C@H]3CC[C@]2(C)C3)ccc1Br,2,0.0,0.0,0.0
CC1(C)[C@H]2CC[C@](C)(C2)[C@@H]1NC(=O)c1ccc(Br)c(S(=O)(=O)N2CCCC2)c1,2,0.0,0.0,1.0
CC1(C)[C@H]2CC[C@](C)(C2)[C@@H]1NC(=O)c1ccc(Br)c(S(=O)(=O)N2CCOCC2)c1,2,0.0,0.0,1.0
C[C@H]1CC[C@H]2[C@H](C1)c1c(O)cc(/C=C/c3ccccc3)cc1OC2(C)C,2,0.0,0.0,0.0
C[C@H]1CC[C@H]2[C@H](C1)c1c(O)cc(-c3cc4ccccc4o3)cc1OC2(C)C,2,0.0,0.0,0.0
CC(C)C[C@H](NC(=O)[C@H](Cc1ccccc1)NC(=O)[C@H](CCCCN)NC(=O)[C@H](Cc1ccccc1)NC(=O)[C@H](CC(N)=O)NC(=O)[C@@H](NC(=O)[C@@H]1CCCN1)C(C)C)C(=O)N[C@@H](CO)C(=O)N[C@@H](Cc1cnc[nH]1)C(=O)O,7,0.0,0.0,0.0
O=C(NC1CCCCC1)N1CCN(C(c2ccc(Cl)cc2)c2ccc(Cl)cc2Cl)CC1,3,0.0,0.0,1.0
CCCCCc1cc2c(c(O)c1C(=O)O)[C@@H]1C=C(C)CC[C@H]1C(C)(C)O2,2,0.0,0.0,1.0
CCCCCCN1C(=O)/C(=N\NC(=O)Cc2ccccc2)c2ccccc21,3,0.0,0.0,0.0
CCCCCCN1C(=O)/C(=N\NC(=O)c2ccccc2)c2ccccc21,3,0.0,0.0,0.0
O=C(Cc1ccccc1)N/N=C1\C(=O)N(CCC2CCCCC2)c2ccccc21,3,0.0,0.0,0.0
O=C(N/N=C1\C(=O)N(CCC2CCCCC2)c2ccccc21)c1ccccc1,3,0.0,0.0,0.0
CCCCCCN1C(=O)/C(=N\NC(=O)C2CCCCC2)c2ccccc21,3,0.0,0.0,0.0
CCCCCCN1C(=O)/C(=N\NC(=O)c2ccccc2)c2cc(F)ccc21,3,0.0,0.0,0.0
CCCCCCN1C(=O)/C(=N\NC(=O)c2ccccc2)c2cccc(I)c21,3,0.0,0.0,0.0
CCCCCCN1C(=O)/C(=N\NC(=O)c2ccccc2)c2cccc(Cl)c21,3,0.0,0.0,0.0
CCCCCCN1C(=O)/C(=N\NC(=O)c2ccccc2)c2cccc(C)c21,3,0.0,0.0,0.0
O=C(N/N=C1\C(=O)N(Cc2ccc(Cl)cc2)c2ccccc21)c1ccccc1,3,0.0,0.0,0.0
O=C(N/N=C1\C(=O)N(Cc2ccccc2)c2ccccc21)c1ccccc1,6,0.0,0.0,1.0
O=C(N/N=C1\C(=O)N(CC2CCCCC2)c2ccccc21)c1ccccc1,3,0.0,0.0,0.0
CCCCCN1C(=O)/C(=N\NC(=O)c2ccccc2)c2ccccc21,3,0.0,0.0,0.0
CCCCN1C(=O)/C(=N\NC(=O)c2ccccc2)c2ccccc21,3,0.0,0.0,0.0
CCCN1C(=O)/C(=N\NC(=O)c2ccccc2)c2ccccc21,3,0.0,0.0,0.0
CCCCCCN1C(=O)/C(=N\NC(=O)C23CC4CC(CC(C4)C2)C3)c2ccccc21,3,0.0,0.0,0.0
CCCCCCN1C(=O)/C(=N\NC(=O)c2cccc3ccccc23)c2ccccc21,3,0.0,0.0,0.0
CCCCCCN1C(=O)/C(=N\NC(=O)c2ccc(OC)cc2)c2ccccc21,3,0.0,0.0,0.0
CCCCCCN1C(=O)/C(=N/NC(=O)OC(C)(C)C)c2ccccc21,3,0.0,0.0,0.0
CCCCCCN1C(=O)/C(=N\NC(=O)OC(C)(C)C)c2ccccc21,3,0.0,0.0,0.0
CCCCCn1cc(C(=O)NC23CC4CC(CC(C4)C2)C3)c(=O)c2ccc(F)cc21,3,0.0,0.0,0.0
CCCCCn1cc(C(=O)NC23CC4CC(CC(C4)C2)C3)c(=O)c2cc(Sc3ccccc3)ccc21,2,0.0,0.0,1.0
CCCCCn1cc(C(=O)NC23CC4CC(CC(C4)C2)C3)c(=O)c2cc(Br)ccc21,2,0.0,0.0,1.0
CCCCCn1cc(C(=O)NC23CC4CC(CC(C4)C2)C3)c(=O)c2cc(C(C)C)ccc21,4,0.0,0.0,0.0
CCCCCn1cc(C(=O)NC23CC4CC(CC(C4)C2)C3)c(=O)c2cc(C(F)(F)F)ccc21,2,0.0,0.0,0.0
CCCCCn1cc(C(=O)NC23CC4CC(CC(C4)C2)C3)c(=O)c2cc(-c3ccccc3)ccc21,3,0.0,0.0,0.0
CCCCCn1cc(C(=O)NC23CC4CC(CC(C4)C2)C3)c(=O)c2ccc(Sc3ccccc3)cc21,3,0.0,0.0,0.0
Fc1ccc(-c2noc(CCCCc3ccc4ncccc4c3)n2)c(Cl)c1,4,0.0,0.0,0.0
CC(C)(C)c1ncc(OCCCc2nc(-c3ccc(F)cc3Cl)no2)cn1,4,0.0,0.0,0.0
Fc1ccc(-c2noc(CCCOc3cnc4ccc(Cl)cc4c3)n2)c(Cl)c1,4,0.0,0.0,0.0
CN(CCCc1nc(-c2ccc(F)cc2Cl)no1)c1ccc2ncc(Cl)cc2c1,4,0.0,0.0,0.0
Fc1ccc(-c2noc(CCCNc3ccc4ncccc4c3)n2)c(Cl)c1,4,0.0,0.0,0.0
Fc1ccc(-c2noc(CCCNc3ccc4ncc(OC(F)(F)F)cc4c3)n2)c(Cl)c1,4,0.0,0.0,0.0
Fc1ccc(-c2noc(CCCNc3cnc4ccc(Cl)cc4c3)n2)c(Cl)c1,4,0.0,0.0,0.0
Fc1ccc(-c2noc(CCCNc3nc4ccc(Cl)cc4s3)n2)c(Cl)c1,4,0.0,0.0,0.0
CC(C)(C)c1cc(NCCCc2nc(-c3ccc(F)cc3Cl)no2)no1,4,0.0,0.0,0.0
N#Cc1cc(NCCCc2nc(-c3ccc(F)cc3Cl)no2)cnc1OCC(F)(F)F,4,0.0,0.0,0.0
CC(C)(C)c1cc(NC(=O)CCc2nc(-c3ccc(F)cc3Cl)no2)no1,4,0.0,0.0,0.0
CC(C)(C)c1ncc(NC(=O)CCc2nc(-c3ccc(F)cc3Cl)no2)cn1,4,0.0,0.0,0.0
N#Cc1cc(NC(=O)CCc2nc(-c3ccc(F)cc3Cl)no2)cnc1OCC(F)(F)F,4,0.0,0.0,0.0
O=C(CCc1nc(-c2ccc(F)cc2Cl)no1)Nc1ccc(C(F)(F)F)nc1,4,0.0,0.0,0.0
O=C(CCc1nc(-c2ccc(F)cc2Cl)no1)Nc1ccc(C(F)(F)F)c(Cl)c1,4,0.0,0.0,0.0
O=C(CCc1nc(-c2ccc(F)cc2Cl)no1)Nc1ccc(C(F)(F)F)cc1Cl,3,0.0,0.0,0.0
O=C(CCc1nc(-c2ccc(F)cc2Cl)no1)Nc1ccc(C(F)(F)F)cc1,4,0.0,0.0,0.0
CC(C)c1ccc(NC(=O)CCc2nc(-c3ccc(F)cc3Cl)no2)cc1,3,0.0,0.0,0.0
O=C(CCc1nc(-c2ccc(F)cc2Cl)no1)Nc1nnc(N2CCCCC2)s1,4,0.0,0.0,0.0
O=C(CCc1nc(-c2ccc(F)cc2Cl)no1)Nc1nc2ccc(OC(F)(F)F)cc2s1,4,0.0,0.0,0.0
O=C(CCc1nc(-c2ccc(F)cc2Cl)no1)Nc1cnc2ncc(Cl)cc2c1,4,0.0,0.0,0.0
O=C(CCc1nc(-c2ccc(F)cc2Cl)no1)Nc1cnc2ccc(Cl)cc2c1,4,0.0,0.0,0.0
CCn1c2ccccc2c2cc(NC(=O)CCc3nc(C4CCOCC4)no3)ccc21,4,0.0,0.0,0.0
CCn1c2ccccc2c2cc(NC(=O)CCc3nc(-c4ccncc4C#N)no3)ccc21,4,0.0,0.0,0.0
CCn1c2ccccc2c2cc(NC(=O)CCc3nc(-c4ccc(F)cc4C#N)no3)ccc21,5,0.0,0.0,0.0
CCn1c2ccccc2c2cc(NC(=O)CCc3nc(-c4ccc(F)cc4C)no3)ccc21,4,0.0,0.0,0.0
CCn1c2ccccc2c2cc(NC(=O)CCc3nc(-c4ccc(F)cc4Cl)no3)ccc21,4,0.0,0.0,0.0
CCn1c2ccccc2c2cc(NC(=O)CCc3nc(-c4ccc(F)cc4)no3)ccc21,4,0.0,0.0,0.0
CCn1c2ccccc2c2cc(NC(=O)CCc3nc(-c4cccc(Cl)c4)no3)ccc21,3,0.0,0.0,0.0
CCn1c2ccccc2c2cc(NC(=O)CCc3nc(-c4ccccc4C(C)C)no3)ccc21,3,0.0,0.0,0.0
CCn1c2ccccc2c2cc(NC(=O)CCc3nc(-c4ccccc4Cl)no3)ccc21,3,0.0,0.0,0.0
CCn1c2ccccc2c2cc(NC(=O)CCn3nnc(-c4ccccc4F)n3)ccc21,4,0.0,0.0,0.0
CCn1c2ccccc2c2cc(NC(=O)CCc3noc(-c4ccccc4F)n3)ccc21,3,0.0,0.0,0.0
CCn1c2ccccc2c2cc(NC(=O)CCn3cc(-c4ccccc4F)nn3)ccc21,3,0.0,0.0,0.0
CCn1c2ccccc2c2cc(NC(=O)CCc3cc(-c4ccccc4F)n(C)n3)ccc21,3,0.0,0.0,0.0
CCn1c2ccccc2c2cc(NC(=O)CCc3cc(-c4ccccc4F)[nH]n3)ccc21,3,0.0,0.0,0.0
CCn1c2ccccc2c2cc(NC(=O)CCc3nc(-c4ccccc4F)co3)ccc21,3,0.0,0.0,0.0
CCn1c2ccccc2c2cc(NC(=O)CCc3cc(-c4ccccc4F)no3)ccc21,3,0.0,0.0,0.0
CCn1c2ccccc2c2cc(NC(=O)CCc3nc(-c4ccccc4F)no3)ccc21,6,0.0,0.0,0.0
CCn1c2ccccc2c2cc(NC(=O)CCc3nc(-c4ccccc4)no3)ccc21,2,0.0,0.0,0.0
CCNC1(C(N)=O)CCN(c2ncnc3c2nc(-c2ccccc2Cl)n3-c2ccc(Cl)cc2)CC1,7,0.0,0.0,1.0
Clc1ccc(-n2c(-c3ccc(Cl)cc3Cl)nc3c(NN4CCCCC4)ncnc32)cc1,3,0.0,0.0,1.0
Clc1ccc(-n2c(-c3ccc(Cl)cc3Cl)nc3c(NC4CCCCC4)ncnc32)cc1,3,0.0,0.0,1.0
Clc1ccc(-n2c(-c3ccc(Cl)cc3Cl)nc3c(N4CCCCC4)ncnc32)cc1,3,0.0,0.0,1.0
Clc1ccc(-n2c(-c3ccccc3Cl)nc3c(N4CCCCC4)ncnc32)cc1,3,0.0,0.0,1.0
CN1CCN(c2ncnc3c2nc(-c2ccc(Cl)cc2Cl)n3-c2ccc(Cl)cc2)CC1,3,0.0,1.0,1.0
CN1CCN(c2ncnc3c2nc(-c2ccccc2Cl)n3-c2ccc(Cl)cc2)CC1,6,0.0,1.0,0.0
COc1ccc2c(c1)N(CC1CCCCC1)C(=O)/C2=N\NC(=O)c1ccccc1,2,0.0,0.0,0.0
CCCCCN1C(=O)/C(=N\NC(=O)c2ccccc2)c2ccc(OC)cc21,2,0.0,0.0,0.0
CCCCCCN1C(=O)/C(=N\NC(=O)c2ccccc2)c2ccc(OC)cc21,2,0.0,0.0,0.0
COc1ccc2c(c1)N(CC1CCCCC1)C(=O)/C2=N\NC(=O)C1CCCCC1,2,0.0,0.0,0.0
CCCCCN1C(=O)/C(=N\NC(=O)C(C)(C)C)c2ccc(OC)cc21,2,0.0,0.0,0.0
CCCCCN1C(=O)/C(=N\NC(=O)CN2CCOCC2)c2ccc(OC)cc21,2,0.0,0.0,0.0
CCCCCN1C(=O)/C(=N\NC(=O)CC2CCCCC2)c2ccc(OC)cc21,2,0.0,0.0,0.0
CCCCCN1C(=O)/C(=N\NC(=O)CC(C)C)c2ccc(OC)cc21,2,0.0,0.0,0.0
CCCCCN1C(=O)/C(=N\NC(=O)OC(C)(C)C)c2ccc(OC)cc21,2,0.0,0.0,0.0
CCCCCN1C(=O)/C(=N\NC(=O)C(C)(C)O)c2ccc(OC)cc21,2,0.0,0.0,0.0
CCCCCN1C(=O)/C(=N\NC(=O)C2CCCCC2)c2ccc(OC)cc21,2,0.0,0.0,0.0
COCCN1C(=O)/C(=N\NC(=O)c2ccccc2)c2ccc(OC)cc21,2,0.0,0.0,0.0
COc1ccc2c(c1)N(CCC1CCCCC1)C(=O)/C2=N\NC(=O)c1ccccc1,2,0.0,0.0,0.0
COc1ccc2c(c1)N(Cc1ccccc1)C(=O)/C2=N\NC(=O)c1ccccc1,2,0.0,0.0,0.0
CCCCN1C(=O)/C(=N\NC(=O)c2ccccc2)c2ccc(OC)cc21,2,0.0,0.0,0.0
CCCCCCC(C)(C)c1cc(OC)c([C@H]2C=C(CO)[C@@H]3C[C@H]2C3(C)C)c(OC)c1,3,0.0,0.0,0.0
CCCn1cc(C(=O)c2ccc(C)c3ccccc23)c2ccccc21,2,0.0,0.0,0.0
CCCn1c(C)c(C(=O)c2cccc3cc(OC)ccc23)c2ccccc21,2,0.0,0.0,0.0
CCCCCC(C)(C)c1cc(OC)c2c(c1)OC(C)(C)[C@@H]1CCC(C)=C[C@@H]21,2,0.0,0.0,0.0
CCn1c2ccccc2c2cc(NC(=O)C3(S(=O)(=O)c4ccccc4)CC3)ccc21,2,0.0,0.0,0.0
O=C(Nc1cnc2ccccc2c1)C1(S(=O)(=O)c2ccccc2)CC1,2,0.0,0.0,0.0
CC(C)(C(=O)Nc1cnc2ccccc2c1)S(=O)(=O)c1ccc(C(F)(F)F)cc1,4,0.0,0.0,0.0
Cc1ccccc1-c1nnc(NC(=O)C(C)(C)S(=O)(=O)c2ccc(Cl)cc2)s1,4,0.0,0.0,0.0
CC1(c2nnc(NC(=O)C(C)(C)S(=O)(=O)c3ccc(Cl)cc3)s2)CCOC1,4,0.0,0.0,0.0
CC(C)(C)c1cc(NC(=O)C(C)(C)S(=O)(=O)c2ccc(Cl)cc2)no1,4,0.0,0.0,0.0
Cn1nc(C(C)(C)C)cc1NC(=O)C(C)(C)S(=O)(=O)c1ccc(Cl)cc1,4,0.0,0.0,0.0
Cc1cnc(NC(=O)C(C)(C)S(=O)(=O)c2ccc(Cl)cc2)s1,4,0.0,0.0,0.0
Cc1cc(NC(=O)C(C)(C)S(=O)(=O)c2ccc(Cl)cc2)no1,4,0.0,0.0,0.0
Cc1ccc(-c2cncc(NC(=O)C(C)(C)S(=O)(=O)c3ccc(Cl)cc3)c2)s1,4,0.0,0.0,0.0
CC(C)(C(=O)Nc1ccc(Cl)c(-c2ccco2)c1)S(=O)(=O)c1ccc(Cl)cc1,4,0.0,0.0,0.0
CC(C)(C(=O)NCc1ccc(F)c(Cl)c1)S(=O)(=O)c1ccc(Cl)cc1,4,0.0,0.0,0.0
CC(C)(C(=O)NCc1ccccc1)S(=O)(=O)c1ccc(Cl)cc1,4,0.0,0.0,0.0
CC(C)(C(=O)Nc1ccc(Cl)cc1C#N)S(=O)(=O)c1ccc(Cl)cc1,4,0.0,0.0,0.0
CC(C)(C(=O)Nc1ccc(Cl)cc1OC(F)(F)F)S(=O)(=O)c1ccc(Cl)cc1,4,0.0,0.0,0.0
CC(C)(C(=O)Nc1ccc(Cl)c(Br)c1)S(=O)(=O)c1ccc(Cl)cc1,4,0.0,0.0,0.0
CC(C)(C(=O)Nc1ccc(Cl)c(C(F)(F)F)c1)S(=O)(=O)c1ccc(Cl)cc1,4,0.0,0.0,0.0
CC(C)(C(=O)Nc1ccc(C(F)(F)F)cc1)S(=O)(=O)c1ccc(Cl)cc1,4,0.0,0.0,0.0
CC(C)(C(=O)Nc1cccc(C(F)(F)F)c1)S(=O)(=O)c1ccc(Cl)cc1,4,0.0,0.0,0.0
CC(C)(C(=O)Nc1cnc2ccccc2c1)S(=O)(=O)c1ccc(Cl)cc1,4,0.0,0.0,0.0
CC(C)(C(=O)Nc1cnc2ccccc2c1)S(=O)(=O)c1ccc(F)cc1,4,0.0,0.0,0.0
COc1ccc(S(=O)(=O)C(C)(C)C(=O)Nc2cnc3ccccc3c2)c(Cl)c1,4,0.0,0.0,0.0
CC(C)(C(=O)Nc1cnc2ccccc2c1)S(=O)(=O)c1ccc(F)cc1Cl,4,0.0,0.0,0.0
CC(C)(C(=O)Nc1cnc2ccccc2c1)S(=O)(=O)c1ccc(C(F)(F)F)cc1Cl,4,0.0,0.0,0.0
CC(C)(c1ccccc1)c1cc(O)c(-c2cc(Cl)cc(Cl)c2)c(O)c1,2,0.0,0.0,1.0
O=C(c1ccccc1)c1cc(O)c(-c2cc(Cl)cc(Cl)c2)c(O)c1,10,0.0,0.0,0.0
COc1cc(C(O)c2ccccc2)cc(OC)c1-c1cc(Cl)cc(Cl)c1,2,0.0,0.0,0.0
COc1cc(C(=O)c2ccccc2)cc(O)c1-c1cc(Cl)cc(Cl)c1,2,0.0,0.0,0.0
CCc1c(C2=NC(=O)C(C)(C)N2C)nn(-c2ccc(Cl)cc2Cl)c1-c1ccc(Cl)cc1,3,0.0,0.0,0.0
Cc1c(C2=NC(=O)C(C)(C)N2C)nn(-c2ccc(Cl)cc2Cl)c1-c1ccc(C(F)(F)F)cc1,3,0.0,0.0,0.0
Cc1c(C2=NC(=S)C(C)(C)N2C)nn(-c2ccc(Cl)cc2Cl)c1-c1ccc(Cl)cc1,3,0.0,0.0,0.0
CCc1c(C2=NC(=S)C(C)(C)N2C)nn(-c2ccc(Cl)cc2Cl)c1-c1ccc(Cl)cc1,3,0.0,0.0,0.0
CCc1c(C2=NC(C)(C)C(=O)N2)nn(-c2ccc(Cl)cc2Cl)c1-c1ccc(Cl)cc1,3,0.0,0.0,0.0
CCc1c(C2=NC3(CCC3)C(=O)N2)nn(-c2ccc(Cl)cc2Cl)c1-c1ccc(Cl)cc1,3,0.0,0.0,0.0
CCc1c(C2=NC(C)(C)C(=O)N2C)nn(-c2ccc(Cl)cc2Cl)c1-c1ccc(Cl)cc1,3,0.0,0.0,0.0
Cc1c(C(=O)NN2CCCCC2)nn(-c2ccc(Cl)cc2Cl)c1-c1ccc(Cl)cc1Cl,3,0.0,0.0,1.0
O=C(NN1CCCCC1)c1nn(-c2ccc(Cl)cc2Cl)c2c1CCCCc1cc(Cl)ccc1-2,3,0.0,0.0,1.0
Cc1cc(Cl)cc(C)c1-c1c(C)c(C(=O)NN2CCCCC2)nn1-c1ccc(Cl)cc1Cl,3,0.0,0.0,1.0
Cc1cc(Cl)ccc1-c1c(C)c(C(=O)NN2CCCCC2)nn1-c1c(Cl)cc(Cl)cc1Cl,3,0.0,0.0,1.0
Cc1cc(Cl)ccc1-c1c(C)c(C(=O)NN2CCCCC2)nn1-c1ccc(Cl)cc1Cl,3,0.0,0.0,1.0
Cc1c(C(=O)NN2CCCCC2)nn(-c2c(Cl)cc(Cl)cc2Cl)c1-c1ccc(Cl)cc1Cl,3,0.0,0.0,1.0
CC(C)C(=O)NC1CCN(c2cnc(-c3ccc(C(F)(F)F)cc3)c(-c3ccncc3Cl)n2)CC1,2,0.0,0.0,1.0
O=S1(=O)CCN(c2cnc(-c3ccc(C(F)(F)F)cc3)c(-c3ccncc3Cl)n2)CC1,2,0.0,0.0,1.0
CCNC1(C(N)=O)CN(c2cnc(-c3ccc(C(F)(F)F)cc3)c(-c3ccnc(Cl)c3)n2)C1,2,0.0,0.0,1.0
N/C(=N\S(=O)(=O)c1ccc(I)cc1)N1C[C@H](c2ccccc2)C(c2ccc(Cl)cc2)=N1,2,0.0,0.0,1.0
N#Cc1ccc(S(=O)(=O)/N=C(\N)N2C[C@@H](c3ccccc3)C(c3ccc(Cl)cc3)=N2)cc1,2,0.0,0.0,1.0
N#Cc1ccc(S(=O)(=O)/N=C(\N)N2C[C@H](c3ccccc3)C(c3ccc(Cl)cc3)=N2)cc1,2,0.0,0.0,1.0
N/C(=N\S(=O)(=O)c1ccc(I)cc1)N1C[C@@H](c2ccccc2)C(c2ccc(Cl)cc2)=N1,2,0.0,0.0,1.0
Cc1c(C(=O)NN2CCCCC2)nn(-c2ccc(Cl)cc2Cl)c1-c1ccc(Br)s1,4,0.0,0.0,1.0
Cc1c(C(=O)NN2CCCCC2)nn(-c2ccc(Cl)cc2Cl)c1-c1ccc(C#CCOc2ccccc2)s1,3,0.0,0.0,0.0
Cc1c(C(=O)NN2CCCCC2)nn(-c2ccc(Cl)cc2Cl)c1-c1ccc(C#CCN(C)C)s1,2,0.0,0.0,1.0
Cc1c(C(=O)NN2CCCCC2)nn(-c2ccc(Cl)cc2Cl)c1-c1ccc(C#CCNC(C)C)s1,2,0.0,0.0,1.0
Cc1c(C(=O)NN2CCCCC2)nn(-c2ccc(Cl)cc2Cl)c1-c1ccc(C#CCOC(C)C)s1,3,0.0,0.0,0.0
CCOCC#Cc1ccc(-c2c(C)c(C(=O)NN3CCCCC3)nn2-c2ccc(Cl)cc2Cl)s1,3,0.0,0.0,0.0
COCC#Cc1ccc(-c2c(C)c(C(=O)NN3CCCCC3)nn2-c2ccc(Cl)cc2Cl)s1,2,0.0,0.0,1.0
Cc1c(C(=O)NN2CCCCC2)nn(-c2ccc(Cl)cc2Cl)c1-c1ccc(C#CCCc2ccccc2)s1,3,0.0,0.0,0.0
Cc1c(C(=O)NN2CC3CCCC3C2)nn(-c2ccc(Cl)cc2Cl)c1-c1ccc(C#CC2CCCCC2)s1,3,0.0,0.0,0.0
Cc1c(C(=O)NN2CCCCC2)nn(-c2ccc(Cl)cc2Cl)c1-c1ccc(C#CC2CCCCC2)s1,3,0.0,0.0,0.0
Cc1c(C(=O)NN2CC3CCCC3C2)nn(-c2ccc(Cl)cc2Cl)c1-c1ccc(C#CC2CCCC2)s1,3,0.0,0.0,0.0
Cc1c(C(=O)NN2CCCCC2)nn(-c2ccc(Cl)cc2Cl)c1-c1ccc(C#CC2CCCC2)s1,3,0.0,0.0,0.0
Cc1c(C(=O)NN2CC3CCCC3C2)nn(-c2ccc(Cl)cc2Cl)c1-c1ccc(C#CC2CC2)s1,3,0.0,0.0,0.0
Cc1c(C(=O)NN2CCCCC2)nn(-c2ccc(Cl)cc2Cl)c1-c1ccc(C#CC2CC2)s1,3,0.0,0.0,0.0
Cc1c(C(=O)NN2CC3CCCC3C2)nn(-c2ccc(Cl)cc2Cl)c1-c1ccc(C#CC(C)(C)C)s1,3,0.0,0.0,0.0
Cc1c(C(=O)NN2CCCCC2)nn(-c2ccc(Cl)cc2Cl)c1-c1ccc(C#CC(C)(C)C)s1,3,0.0,0.0,0.0
CCCCC#Cc1ccc(-c2c(C)c(C(=O)NC3CCCCC3)nn2-c2ccc(Cl)cc2Cl)s1,3,0.0,0.0,0.0
CCCCC#Cc1ccc(-c2c(C)c(C(=O)NCCCCCC)nn2-c2ccc(Cl)cc2Cl)s1,3,0.0,0.0,0.0
CCCCC#Cc1ccc(-c2c(C)c(C(=O)NCCCC)nn2-c2ccc(Cl)cc2Cl)s1,3,0.0,0.0,0.0
CCCCC#Cc1ccc(-c2c(C)c(C(=O)NN3CCCCCC3)nn2-c2ccc(Cl)cc2Cl)s1,3,0.0,0.0,0.0
CCCCC#Cc1ccc(-c2c(C)c(C(=O)NN3CC4CCCC4C3)nn2-c2ccc(Cl)cc2Cl)s1,3,0.0,0.0,0.0
CCCCC#Cc1ccc(-c2c(C)c(C(=O)NN3CCCCC3)nn2-c2ccc(Cl)cc2Cl)s1,3,0.0,0.0,0.0
CCC#Cc1ccc(-c2c(C)c(C(=O)NN3CCCCCC3)nn2-c2ccc(Cl)cc2Cl)s1,3,0.0,0.0,0.0
CCC#Cc1ccc(-c2c(C)c(C(=O)NN3CC4CCCC4C3)nn2-c2ccc(Cl)cc2Cl)s1,3,0.0,0.0,0.0
CCC#Cc1ccc(-c2c(C)c(C(=O)NN3CCCCC3)nn2-c2ccc(Cl)cc2Cl)s1,3,0.0,0.0,0.0
CCCCCc1ccc(-c2c(C)c(C(=O)NN3CC4CCCC4C3)nn2-c2ccc(Cl)cc2Cl)s1,3,0.0,0.0,0.0
CCCCCc1ccc(-c2c(C)c(C(=O)NN3CCCCC3)nn2-c2ccc(Cl)cc2Cl)s1,3,0.0,0.0,0.0
CCC/C=C/c1ccc(-c2c(C)c(C(=O)NN3CC4CCCC4C3)nn2-c2ccc(Cl)cc2Cl)s1,3,0.0,0.0,0.0
CCC/C=C/c1ccc(-c2c(C)c(C(=O)NN3CCCCC3)nn2-c2ccc(Cl)cc2Cl)s1,3,0.0,0.0,0.0
CCc1c(C(=O)NN2CCCCC2)nn(-c2ccc(Cl)cc2Cl)c1-c1ccc(C#CCC(C)C)s1,3,0.0,0.0,0.0
CCCC#Cc1ccc(-c2c(CC)c(C(=O)NN3CCCCCC3)nn2-c2ccc(Cl)cc2Cl)s1,4,0.0,0.0,1.0
CCCC#Cc1ccc(-c2c(CC)c(C(=O)NN3CCCCC3)nn2-c2ccc(Cl)cc2Cl)s1,4,0.0,0.0,1.0
Cc1c(C(=O)NN2CCCCCC2)nn(-c2ccc(Cl)cc2Cl)c1-c1ccc(C#CCC(C)C)s1,4,0.0,0.0,1.0
Cc1c(C(=O)NN2CCCCC2)nn(-c2ccc(Cl)cc2Cl)c1-c1ccc(C#CCC(C)C)s1,4,0.0,0.0,1.0
CCCC#Cc1ccc(-c2c(C)c(C(=O)NN3CCCCCC3)nn2-c2ccc(Cl)cc2Cl)s1,4,0.0,0.0,1.0
CCCC#Cc1ccc(-c2c(C)c(C(=O)NN3CC4CCCC4C3)nn2-c2ccc(Cl)cc2Cl)s1,3,0.0,0.0,0.0
CCCC#Cc1ccc(-c2c(C)c(C(=O)NN3CCCCC3)nn2-c2ccc(Cl)cc2Cl)s1,4,0.0,0.0,1.0
Cc1c(C(=O)NN2CCCCCC2)nn(-c2ccc(Cl)cc2Cl)c1-c1ccc(Cl)s1,4,0.0,0.0,0.0
Cc1c(C(=O)NN2CCCCC2)nn(-c2ccc(Cl)cc2Cl)c1-c1ccc(Cl)s1,4,0.0,0.0,1.0
Cc1c(C(=O)NN2CCCCCC2)nn(-c2ccc(Cl)cc2Cl)c1-c1ccc(Br)s1,3,0.0,0.0,0.0
Nc1nc2c(c(N3CCNCC3)n1)CCC1=C2[C@@H]2CCCC[C@@H]2O1,2,0.0,0.0,0.0
Cc1c(C(=O)NN2CCOCC2)nn(-c2ccc(Cl)cc2Cl)c1-c1ccc(I)cc1,6,0.0,0.0,0.0
CC1=CC[C@@H]2[C@@H](C1)c1c(O)cc(C(C)(C)c3cccs3)cc1OC2(C)C,3,0.0,0.0,1.0
CCCc1ccc(C(C)(C)c2cc(O)c3c(c2)OC(C)(C)[C@@H]2CC=C(C)C[C@@H]32)cc1,2,0.0,0.0,1.0
CCc1ccc(C(C)(C)c2cc(O)c3c(c2)OC(C)(C)[C@@H]2CC=C(C)C[C@@H]32)cc1,2,0.0,0.0,1.0
CC1=CC[C@@H]2[C@@H](C1)c1c(O)cc(C(C)(C)c3ccc(C)cc3)cc1OC2(C)C,2,0.0,0.0,1.0
CC1=CC[C@@H]2[C@@H](C1)c1c(O)cc(C(C)(C)c3ccc(C#N)cc3)cc1OC2(C)C,2,0.0,0.0,1.0
CC1=CC[C@@H]2[C@@H](C1)c1c(O)cc(C(C)(C)c3ccc(Br)cc3)cc1OC2(C)C,2,0.0,0.0,1.0
CC1=CC[C@@H]2[C@@H](C1)c1c(O)cc(C(C)(C)c3ccc(Cl)cc3)cc1OC2(C)C,2,0.0,0.0,1.0
CC1=CC[C@@H]2[C@@H](C1)c1c(O)cc(C(C)(C)c3ccc(F)cc3)cc1OC2(C)C,2,0.0,0.0,1.0
CC1=CC[C@@H]2[C@@H](C1)c1c(O)cc(C(C)(C)c3ccccc3C)cc1OC2(C)C,2,0.0,0.0,1.0
CC1=CC[C@@H]2[C@@H](C1)c1c(O)cc(C(C)(C)c3cccc(C#N)c3)cc1OC2(C)C,2,0.0,0.0,1.0
CC1=CC[C@@H]2[C@@H](C1)c1c(O)cc(C(C)(C)c3cccc(C)c3)cc1OC2(C)C,2,0.0,0.0,1.0
CC1=CC[C@@H]2[C@@H](C1)c1c(O)cc(C(C)(C)c3cccc(Br)c3)cc1OC2(C)C,2,0.0,0.0,1.0
CC1=CC[C@@H]2[C@@H](C1)c1c(O)cc(C(C)(C)c3cccc(Cl)c3)cc1OC2(C)C,2,0.0,0.0,1.0
CC1=CC[C@@H]2[C@@H](C1)c1c(O)cc(C(C)(C)c3cccc(F)c3)cc1OC2(C)C,2,0.0,0.0,1.0
CC1=CC[C@@H]2[C@@H](C1)c1c(O)cc(C(C)(C)c3cc(C)cc(C)c3)cc1OC2(C)C,2,0.0,0.0,1.0
Cc1ccc(C(C)C)c2cc(Cc3ccccc3)c(=O)oc12,3,0.0,0.0,0.0
COc1cc(C)cc2oc(=O)c(Cc3ccccc3)cc12,3,0.0,0.0,0.0
O=C(C1CCCCC1)N1CCN(S(=O)(=O)c2cccc(C(F)(F)F)c2)CC1,2,0.0,0.0,0.0
O=C(C1CC1)N1CCN(S(=O)(=O)c2ccc(Cl)cc2)CC1,2,0.0,0.0,0.0
O=C(Cc1ccc(C(F)(F)F)cc1)N1CCN(S(=O)(=O)c2cc(C(F)(F)F)cc(C(F)(F)F)c2)C1,2,0.0,0.0,0.0
O=C(c1ccccc1)N1CCN(S(=O)(=O)c2cc(C(F)(F)F)cc(C(F)(F)F)c2)CC1,2,0.0,0.0,0.0
O=C(Cc1ccc(C(F)(F)F)cc1)N1CC(NS(=O)(=O)c2cc(C(F)(F)F)cc(C(F)(F)F)c2)C1,2,0.0,0.0,0.0
O=C(Cc1ccc(C(F)(F)F)cc1)NC1CN(S(=O)(=O)c2cc(C(F)(F)F)cc(C(F)(F)F)c2)C1,2,0.0,0.0,0.0
O=C(C1CCCCC1)N1C2CC1CN(S(=O)(=O)c1cccc3ccccc13)C2,2,0.0,0.0,1.0
O=C(C1CC1)N1CCN(S(=O)(=O)c2c(Cl)cc(Cl)cc2Cl)CC1,2,0.0,0.0,0.0
O=C(C1CC1)N1CCN(S(=O)(=O)c2cc(Cl)c(Cl)cc2Cl)CC1,2,0.0,0.0,0.0
O=C(C1CC1)N1CCN(S(=O)(=O)c2c(Cl)cccc2Cl)CC1,2,0.0,0.0,0.0
O=C(C1CCCCC1)N1CCN(S(=O)(=O)c2cccc3ccccc23)CC1c1ccccc1,2,0.0,0.0,1.0
CC1CN(C(=O)C2CCCCC2)CCN1S(=O)(=O)c1cccc2ccccc12,2,0.0,0.0,1.0
O=C(C1CC1)N1CCN(S(=O)(=O)c2cc(Cl)ccc2Cl)CC1,2,0.0,0.0,1.0
O=C(Cc1ccccn1)N1CCN(S(=O)(=O)c2cc(Cl)cc(Cl)c2)CC1,2,0.0,0.0,1.0
O=C(C1CCCCC1)N1C2CCC1CN(S(=O)(=O)c1cccc3ccccc13)C2,2,0.0,0.0,1.0
C[C@@H]1CN(S(=O)(=O)c2cccc3ccccc23)C[C@H](C)N1C(=O)C1CCCCC1,2,0.0,0.0,1.0
O=C(Cc1ccccc1)N1CCN(S(=O)(=O)c2cc(Cl)cc(Cl)c2)CC1,2,0.0,0.0,1.0
O=C(C1CC1)N1CCN(S(=O)(=O)c2cc(Cl)cc(Cl)c2)CC1,2,0.0,0.0,1.0
CC1(C)CN(S(=O)(=O)c2cccc3ccccc23)CCN1C(=O)C1CCCCC1,2,0.0,0.0,1.0
O=C(Cc1ccccc1C(F)(F)F)N1CCN(S(=O)(=O)c2cc(Cl)cc(Cl)c2)CC1,2,0.0,0.0,1.0
O=C(C1CCCCC1)N1CCN(S(=O)(=O)c2cc(Cl)cc(Cl)c2)CC1,2,0.0,0.0,1.0
CC(C(=O)N1CCN(S(=O)(=O)c2cc(Cl)cc(Cl)c2)CC1)c1ccc(C(F)(F)F)cc1,4,0.0,0.0,1.0
Cc1cc(C)cc(S(=O)(=O)N2CCN(C(=O)C3CCCCC3)CC2)c1,2,0.0,0.0,1.0
CC1CN(S(=O)(=O)c2cccc3ccccc23)CCN1C(=O)C1CCCCC1,2,0.0,0.0,1.0
O=C(C1CCCCC1)N1CCN(S(=O)(=O)c2cccc3ccccc23)CC1C(F)(F)F,2,0.0,0.0,1.0
CC(C)(C(=O)N1CCN(S(=O)(=O)c2cc(Cl)cc(Cl)c2)CC1)c1ccccc1,2,0.0,0.0,1.0
O=C(C1CCCCC1)N1CCN(S(=O)(=O)c2cc(C(F)(F)F)cc(C(F)(F)F)c2)CC1,2,0.0,0.0,1.0
CC(C(=O)N1CCN(S(=O)(=O)c2cc(Cl)cc(Cl)c2)CC1)c1ccccc1,2,0.0,0.0,1.0
O=C(C1CCCCC1)N1CCN(S(=O)(=O)c2cccc(-c3ccccc3)c2)CC1,2,0.0,0.0,1.0
O=C(Cc1cccc(C(F)(F)F)c1)N1CCN(S(=O)(=O)c2cc(Cl)cc(Cl)c2)CC1,2,0.0,0.0,1.0
N#Cc1ccc(CC(=O)N2CCN(S(=O)(=O)c3cc(Cl)cc(Cl)c3)CC2)cc1,2,0.0,0.0,1.0
O=C(C1CCCCC1)N1CCN(S(=O)(=O)c2cccc3ccccc23)CC1,2,0.0,0.0,1.0
O=C(c1ccc(C(F)(F)F)cc1)N1CCN(S(=O)(=O)c2cc(C3CC3)cc(C(F)(F)F)c2)CC1,5,0.0,0.0,0.0
O=C(CCc1ccc(C(F)(F)F)cc1)N1CCN(S(=O)(=O)c2cc(Cl)cc(Cl)c2)CC1,2,0.0,0.0,1.0
Cc1n[nH]cc1-c1cc(C(F)(F)F)cc(S(=O)(=O)N2CCN(C(=O)[C@@H]3C[C@H]3c3ccc(C(F)(F)F)cc3)CC2)c1,2,0.0,1.0,1.0
O=C(Cc1ccc(C(F)(F)F)cc1)N1CCN(S(=O)(=O)c2cc(Cl)cc(Cl)c2)CC1,2,0.0,0.0,1.0
O=C1CSC(c2cc(C(F)(F)F)cc(S(=O)(=O)N3CCN(C(=O)[C@@H]4C[C@H]4c4ccc(C(F)(F)F)cc4)CC3)c2)=N1,2,0.0,0.0,1.0
Cc1nnc(-c2cc(C(F)(F)F)cc(S(=O)(=O)N3CCN(C(=O)[C@@H]4C[C@H]4c4ccc(C(F)(F)F)cc4)CC3)c2)[nH]1,2,0.0,0.0,1.0
O=C([C@@H]1C[C@H]1c1ccc(C(F)(F)F)cc1)N1CCN(S(=O)(=O)c2cc(-c3cn[nH]c3)cc(C(F)(F)F)c2)CC1,2,0.0,1.0,1.0
CC(C)(O)c1cc(C(F)(F)F)cc(S(=O)(=O)N2CCN(C(=O)[C@@H]3C[C@H]3c3ccc(C(F)(F)F)cc3)CC2)c1,2,0.0,0.0,1.0
O=C(Cc1ccc(C(F)(F)F)cc1)N1CCN(S(=O)(=O)c2cc(Br)cc(C(F)(F)F)c2)CC1,2,0.0,0.0,1.0
O=C([C@@H]1C[C@H]1c1ccc(C(F)(F)F)cc1)N1CCN(S(=O)(=O)c2cc(C(F)(F)F)cc(C(F)(F)CO)c2)CC1,2,0.0,0.0,1.0
COC(=O)c1cc(C(F)(F)F)cc(S(=O)(=O)N2CCN(C(=O)Cc3ccc(C(F)(F)F)cc3)CC2)c1,2,0.0,0.0,1.0
O=C(Cc1ccc(C(F)(F)F)cc1)N1CCN(S(=O)(=O)c2cc(C(F)(F)F)cc(C(F)(F)F)c2)CC1,2,0.0,0.0,1.0
O=C([C@@H]1C[C@H]1c1ccc(C(F)(F)F)cc1)N1CCN(S(=O)(=O)c2cc(CCO)cc(C(F)(F)F)c2)CC1,2,0.0,1.0,1.0
O=C([C@@H]1C[C@H]1c1ccc(C(F)(F)F)cc1)N1CCN(S(=O)(=O)c2cc(-c3cn[nH]n3)cc(C(F)(F)F)c2)CC1,2,0.0,0.0,1.0
O=C([C@@H]1C[C@H]1c1ccc(C(F)(F)F)cc1)N1CCN(S(=O)(=O)c2cc(C(O)C(F)(F)F)cc(C(F)(F)F)c2)CC1,2,0.0,1.0,1.0
O=C(Cc1ccc(C(F)(F)F)cc1)N1CCN(S(=O)(=O)c2cc(C3CC3)cc(C(F)(F)F)c2)CC1,6,0.0,0.0,0.0
O=C([C@@H]1C[C@H]1c1ccc(C(F)(F)F)cc1)N1CCN(S(=O)(=O)c2cc(C3CC3)cc(C(F)(F)F)c2)CC1,6,0.0,0.0,0.0
O=C([C@@H]1C[C@H]1c1ccc(C(F)(F)F)cc1)N1CCN(S(=O)(=O)c2cc(-c3ccn[nH]3)cc(C(F)(F)F)c2)CC1,2,0.0,1.0,1.0
O=C([C@@H]1C[C@H]1c1ccc(C(F)(F)F)cc1)N1CCN(S(=O)(=O)c2cc(-c3ncon3)cc(C(F)(F)F)c2)CC1,2,0.0,0.0,1.0
O=C([C@@H]1C[C@H]1c1ccc(C(F)(F)F)cc1)N1CCN(S(=O)(=O)c2cc(-c3nnc[nH]3)cc(C(F)(F)F)c2)CC1,2,0.0,1.0,1.0
CC(C)CCOc1cc(O)cc(OCCCCCCCCCCC(=O)NCCO)c1,3,0.0,0.0,0.0
CCCCCCCOc1cc(O)cc(OCCCCCCCCCCC(=O)NCCO)c1,3,0.0,0.0,0.0
CCCCOc1cc(O)cc(OCCCCCCCCCCC(=O)NCCO)c1,3,0.0,0.0,0.0
O=C(CCCCCCCCCCOc1cc(O)cc(O)c1)NCCO,3,0.0,0.0,0.0
CCCCCCC(C)(C)c1cc(O)cc(OCCCCCCCCCCC(=O)NCc2ccc(O)c(OC)c2)c1,2,0.0,0.0,0.0
CCCCCCC(C)(C)c1cc(O)cc(OCCCCCCCCCCC(=O)NCCc2ccc(O)c(O)c2)c1,2,0.0,0.0,0.0
CCCCCCC(C)(C)c1cc(O)cc(OCCCCCCCCCCCC(=O)NCC2CC2)c1,3,0.0,0.0,0.0
CCCCCCC(C)(C)c1cc(O)cc(OCCCCCCCCCCC(=O)NCC2CC2)c1,3,0.0,0.0,1.0
CCCCCCC(C)(C)c1cc(O)cc(OCCCCCCCC(=O)NCC2CC2)c1,3,0.0,0.0,1.0
CC(C)CCOc1cc(O)cc(OCCCCCCCCCCC(=O)NCC2CC2)c1,3,0.0,0.0,0.0
O=C(CCCCCCCCCCOc1cc(O)cc(O)c1)NCC1CC1,3,0.0,0.0,0.0
CCCCCCC(C)(C)c1cc(O)cc(OCCCCCCCCCCCC(=O)NC2CC2)c1,3,0.0,0.0,1.0
CCCCCCC(C)(C)c1cc(O)cc(OCCCCCCCCCCC(=O)NC2CC2)c1,3,0.0,0.0,1.0
CCCCCCC(C)(C)c1cc(O)cc(OCCCCCCCC(=O)NC2CC2)c1,3,0.0,0.0,1.0
CC(C)CCOc1cc(O)cc(OCCCCCCCCCCC(=O)NC2CC2)c1,3,0.0,0.0,1.0
CCCCCCCOc1cc(O)cc(OCCCCCCCCCCC(=O)NC2CC2)c1,3,0.0,0.0,0.0
CCCCOc1cc(O)cc(OCCCCCCCCCCC(=O)NC2CC2)c1,3,0.0,0.0,1.0
O=C(CCCCCCCCCCOc1cc(O)cc(O)c1)NC1CC1,3,0.0,0.0,0.0
CCCCCCC(C)(C)c1cc(O)cc(OCCCCCCCCCCCC(=O)NCCO)c1,3,0.0,0.0,1.0
CCCCCCC(C)(C)c1cc(O)cc(OCCCCCCCCCCC(=O)NCCO)c1,3,0.0,0.0,1.0
CCCCCCC(C)(C)c1cc(O)cc(OCCCCCCCC(=O)NCCO)c1,3,0.0,0.0,1.0
Cc1c(NS(=O)(=O)c2nn(-c3ccc(Cl)cc3Cl)c(-c3ccc(Cl)cc3)c2C)nn(-c2ccc(Cl)cc2Cl)c1-c1ccc(Cl)cc1,2,0.0,0.0,0.0
Cc1c(S(=O)(=O)NN2CCCCC2)nn(-c2ccc(Cl)cc2Cl)c1-c1ccc(Cl)cc1,2,0.0,0.0,0.0
CCOc1ccc(Cc2nc3cc(C(=O)N(CC)CC)ccc3n2CCC(C)C)cc1,8,0.0,0.0,0.0
O=C(NC12CC3CC(CC(C3)C1)C2)n1nc(-c2ccc(Cl)cc2Cl)c(-c2ccc(Cl)cc2Cl)n1,2,0.0,0.0,0.0
O=C(Cn1nc(-c2ccc(Cl)cc2Cl)c(-c2ccc(Cl)cc2Cl)n1)N1CCCCC1,2,0.0,0.0,1.0
O=C(Cn1nc(-c2ccc(Cl)cc2Cl)c(-c2ccc(Cl)cc2Cl)n1)NCc1ccccc1,2,0.0,0.0,1.0
O=C(Cn1nc(-c2ccc(Cl)cc2)c(-c2ccc(Cl)cc2Cl)n1)NCc1ccccc1,2,0.0,0.0,1.0
O=C(Cn1nc(-c2ccc(Cl)cc2Cl)c(-c2ccc(Cl)cc2Cl)n1)NC1CCCCC1,2,0.0,0.0,1.0
O=C(Cn1nc(-c2ccc(Cl)cc2Cl)c(-c2ccc(Cl)cc2Cl)n1)NCc1ccccc1F,2,0.0,0.0,1.0
O=C(Cn1nc(-c2ccc(Cl)cc2)c(-c2ccc(Cl)cc2Cl)n1)NCc1ccccc1F,2,0.0,0.0,1.0
O=C(Cn1nc(-c2ccc(Cl)cc2Cl)c(-c2ccc(Cl)cc2Cl)n1)NCc1ccc(F)cc1,2,0.0,0.0,1.0
O=C(Cn1nc(-c2ccc(Cl)cc2)c(-c2ccc(Cl)cc2Cl)n1)NCc1ccc(F)cc1,2,0.0,0.0,1.0
O=C(Cn1nc(-c2ccc(Cl)cc2Cl)c(-c2ccc(Cl)cc2Cl)n1)NCc1cccc(F)c1,2,0.0,0.0,1.0
COc1ccc(CNC(=O)Cn2nc(-c3ccc(Cl)cc3Cl)c(-c3ccc(Cl)cc3Cl)n2)cc1,2,0.0,0.0,1.0
O=C(Cn1nc(-c2ccc(Cl)cc2Cl)c(-c2ccc(Cl)cc2Cl)n1)NCc1ccccc1Cl,2,0.0,0.0,1.0
O=C(Cn1nc(-c2ccc(Cl)cc2Cl)c(-c2ccc(Cl)cc2Cl)n1)NCc1ccc(Cl)cc1,2,0.0,0.0,1.0
O=C(Cn1nc(-c2ccc(Cl)cc2Cl)c(-c2ccc(Cl)cc2Cl)n1)NCc1cc(F)ccc1F,2,0.0,0.0,1.0
O=C(Cn1nc(-c2ccc(Cl)cc2Cl)c(-c2ccc(Cl)cc2Cl)n1)Nc1ccccc1,2,0.0,0.0,1.0
CSC(=S)N1CC2(CCCCC2)CO/C1=N\c1ccc(Cl)c2ccccc12,2,0.0,0.0,1.0
CN1CCN(NC(=O)c2cnn(-c3ccc(Cl)cc3Cl)c2-c2ccc(Cl)cc2)CC1,2,0.0,0.0,0.0
O=C(NN1CCCCC1)c1cnn(-c2ccc(Cl)cc2Cl)c1-c1ccc(Cl)cc1,2,0.0,0.0,0.0
O=C(NN1CCCCCC1)c1cnn(-c2ccc(Cl)cc2Cl)c1-c1ccc(Cl)cc1,2,0.0,0.0,0.0
O=C(NN1CC2CCCC2C1)c1cnn(-c2ccc(Cl)cc2Cl)c1-c1ccc(Cl)cc1,2,0.0,0.0,0.0
O=C(NC1CC1)c1cnn(-c2ccc(Cl)cc2Cl)c1-c1ccc(Cl)cc1,4,0.0,0.0,1.0
O=C(c1cnn(-c2ccc(Cl)cc2Cl)c1-c1ccc(Cl)cc1)N1CCc2ccccc2C1,2,0.0,0.0,0.0
O=C(NN1CCCCC1)c1cnn(-c2ccc(Cl)cc2Cl)c1-c1ccc(Br)cc1,2,0.0,0.0,0.0
CN1CCN(NC(=O)c2cnn(-c3ccc(Cl)cc3Cl)c2-c2ccc(Br)cc2)CC1,2,0.0,0.0,0.0
O=C(NC1CC1)c1cnn(-c2ccc(Cl)cc2Cl)c1-c1ccc(Br)cc1,2,0.0,0.0,1.0
O=C(NC1CCCCCC1)c1cnn(-c2ccc(Cl)cc2Cl)c1-c1ccc(Br)cc1,2,0.0,0.0,0.0
O=C(NN1CCCCC1)c1cnn(-c2ccc(Cl)cc2Cl)c1-c1ccc(I)cc1,4,0.0,0.0,0.0
O=C(NC1CC1)c1cnn(-c2ccc(Cl)cc2Cl)c1-c1ccc(I)cc1,2,0.0,0.0,1.0
O=C(NC1CCCCCC1)c1cnn(-c2ccc(Cl)cc2Cl)c1-c1ccc(I)cc1,2,0.0,0.0,0.0
Cc1ccc(-c2c(C(=O)NN3CCCCC3)cnn2-c2ccc(Cl)cc2Cl)cc1,2,0.0,0.0,0.0
COc1ccc(-c2c(C(=O)NN3CCCCC3)cnn2-c2ccc(Cl)cc2Cl)cc1,2,0.0,0.0,0.0
CC(C)(C)c1nc2nc(-c3ccc(Cl)cc3Cl)c(-c3ccc(Cl)cc3)cc2c(=O)[nH]1,2,0.0,0.0,1.0
CC(C)(C)c1nc2nc(-c3ccccc3Cl)c(-c3ccc(Cl)cc3)cc2c2n[nH]c(=O)n12,2,0.0,0.0,1.0
CCCC1=Nc2cc(C(=O)NC3CCN(C(=O)OCC)CC3)ccc2Sc2ccccc21,2,0.0,0.0,0.0
O=C(NN1CCCCC1)c1ccc2c(c1)N=C(C1CCCCC1)c1ccccc1S2,2,0.0,0.0,1.0
O=C(NCc1cccc(Cl)c1)c1ccc2c(c1)N=C(N1CCCCC1)c1ccccc1S2,2,0.0,0.0,1.0
O=C(NCc1cccc(Cl)c1)c1ccc2c(c1)N=C(N1CCC(F)(F)CC1)c1ccccc1S2,2,0.0,0.0,1.0
O=C(NCc1cccc(Cl)c1)c1ccc2c(c1)N=C(c1ccc(F)cc1)c1ccccc1S2,2,0.0,0.0,0.0
CCCCNC(=O)c1ccc2c(c1)N=C(c1ccc(Cl)cc1)c1ccccc1S2,2,0.0,0.0,1.0
CC(C)CNC(=O)c1ccc2c(c1)N=C(c1cccc(Cl)c1)c1ccccc1S2,2,0.0,0.0,0.0
CCCCNC(=O)c1ccc2c(c1)N=C(c1ccccc1Cl)c1ccccc1S2,2,0.0,0.0,1.0
CCCCNC(=O)c1ccc2c(c1)N=C(c1ccc(F)c(Cl)c1)c1ccccc1S2,2,0.0,0.0,1.0
CCCCNC(=O)c1ccc2c(c1)N=C(c1ccc(Cl)c(Cl)c1)c1ccccc1S2,2,0.0,0.0,0.0
CC(C)CNC(=O)c1ccc2c(c1)N=C(c1ccc(Cl)s1)c1ccccc1S2,2,0.0,0.0,1.0
CC(C)CCNC(=O)c1ccc2c(c1)N=C(c1ccccn1)c1ccccc1S2,2,0.0,0.0,1.0
CCCC(=O)c1ccc2c(c1)N=C(c1ccc(Cl)cc1)c1ccccc1S2,2,0.0,0.0,1.0
CCN1CCc2c(nn(-c3ccccc3Cl)c2-c2ccc(Cl)cc2)C1=O,2,0.0,0.0,1.0
CC(C)N1CCc2c(nn(-c3ccccc3Cl)c2-c2ccc(Cl)cc2)C1=O,2,0.0,0.0,1.0
CC(C)CN1CCc2c(nn(-c3ccccc3Cl)c2-c2ccc(Cl)cc2)C1=O,2,0.0,0.0,1.0
CC(C)(C)N1CCc2c(nn(-c3ccccc3Cl)c2-c2ccc(Cl)cc2)C1=O,2,0.0,0.0,1.0
COC(C)(C)CN1CCc2c(nn(-c3ccccc3Cl)c2-c2ccc(Cl)cc2)C1=O,2,0.0,0.0,1.0
O=C1c2nn(-c3ccccc3Cl)c(-c3ccc(Cl)cc3)c2CCN1CC(F)(F)F,2,0.0,0.0,1.0
CC(F)(F)CN1CCc2c(nn(-c3ccccc3Cl)c2-c2ccc(Cl)cc2)C1=O,2,0.0,0.0,1.0
CC(C)N1CCOc2c(nn(-c3ccccc3Cl)c2-c2ccc(Cl)cc2)C1=O,2,0.0,0.0,1.0
O=C1c2nn(-c3ccccc3Cl)c(-c3ccc(Cl)cc3)c2OCCN1CC(F)(F)F,2,0.0,0.0,1.0
CC(F)(F)CN1CCOc2c(nn(-c3ccccc3Cl)c2-c2ccc(Cl)cc2)C1=O,4,0.0,0.0,1.0
CCC(F)(F)CN1CCOc2c(nn(-c3ccccc3Cl)c2-c2ccc(Cl)cc2)C1=O,2,0.0,0.0,1.0
CCCCC/C=C\C/C=C\C/C=C\C/C=C\CCCC(=O)N[C@@H]1C[C@@H]1O,2,0.0,0.0,1.0
CCCCC/C=C\C/C=C\C/C=C\C/C=C\CCCC(=O)N[C@@H]1C[C@H]1O,2,0.0,0.0,1.0
CCCCCCCC/C=C\CCCCCCCC(=O)N[C@@H]1C[C@@H]1O,2,0.0,0.0,1.0
CCCCCCCC/C=C\CCCCCCCC(=O)N[C@@H]1C[C@H]1O,2,0.0,0.0,1.0
COc1cc(CNC(=O)CCCC/C=C/C(C)C)ccc1O,8,0.0,0.0,0.0
COCc1nnc(-c2cnc(-c3ccc(C#N)cc3C)cn2)n1-c1ccc(OC)nc1,2,0.0,0.0,0.0
COc1ccc(-n2c(C)nnc2-c2cnc(-c3ccc(F)cc3C)cn2)cn1,2,0.0,0.0,0.0
c1ccc2ncc(N3CCC(c4nc(C5CCCCC5)no4)CC3)cc2c1,2,0.0,0.0,0.0
Clc1ccc(-c2noc(C3CCN(c4cnc5ccccc5c4)CC3)n2)c(Cl)c1,2,0.0,0.0,0.0
Clc1ccc(-c2noc(C3CCN(c4cnc5ccccc5c4)CC3)n2)cc1,2,0.0,0.0,0.0
Clc1cnccc1-c1noc(C2CCN(c3cnc4ccccc4c3)CC2)n1,2,0.0,0.0,0.0
Fc1ccc(-c2noc(C3CCN(c4cnc5ccc(OC(F)(F)F)cc5c4)CC3)n2)c(Cl)c1,2,0.0,0.0,0.0
Fc1ccc(-c2noc(C3CCN(c4cnc5ccc(Cl)cc5c4)CC3)n2)c(Cl)c1,5,0.0,1.0,0.0
Fc1ccc(-c2noc(C3CCN(c4cnc5c(C(F)(F)F)cccc5c4)CC3)n2)c(Cl)c1,2,0.0,0.0,0.0
CC1(C)CCCc2cc(N3CCC(c4nc(-c5ccc(F)cc5Cl)no4)CC3)cnc21,2,0.0,0.0,0.0
Fc1ccc(-c2noc(C3CCN(c4cnc5c(c4)CCCC5)CC3)n2)c(Cl)c1,2,0.0,0.0,0.0
Fc1ccc(-c2noc(C3CCN(c4cnc5ccccc5c4)CC3)n2)c(Cl)c1,4,0.0,0.0,0.0
Fc1ccc(-c2noc(C[C@H]3CCN(c4cnc5ccccc5c4)C3)n2)c(Cl)c1,2,0.0,0.0,0.0
Fc1ccc(-c2noc(C[C@@H]3CCN(c4cnc5ccccc5c4)C3)n2)c(Cl)c1,4,0.0,0.0,0.0
Fc1ccc(-c2noc([C@@H]3CCC[C@H]3Nc3cnc4ccccc4c3)n2)c(Cl)c1,2,0.0,0.0,0.0
CC(C)(CCc1nc(-c2ccc(F)cc2Cl)no1)Nc1cnc2ccccc2c1,4,0.0,0.0,0.0
CC(CCc1nc(-c2ccc(F)cc2Cl)no1)Nc1cnc2ccccc2c1,2,0.0,0.0,0.0
Fc1ccc(-c2noc(CCCNc3cnc4ccccc4c3)n2)c(Cl)c1,2,0.0,0.0,0.0
O=C(CCc1nc(-c2ccc(F)cc2Cl)no1)Nc1cnc2ccccc2c1,4,0.0,0.0,0.0
O=C(O)CCc1nc(-c2ccc(F)cc2Cl)no1,2,0.0,0.0,0.0
CC(C)c1noc(C2CCN(c3cnc4ccccc4c3)CC2)n1,2,0.0,0.0,0.0
Fc1ccccc1-c1noc(C2CCN(c3cnc4ccccc4c3)CC2)n1,2,0.0,0.0,0.0
c1ccc2ncc(N3CCC(c4nc(-c5ccncc5)no4)CC3)cc2c1,2,0.0,0.0,0.0
CC(C)n1ccc2cc(N3CCC(c4nc(-c5ccc(F)cc5Cl)no4)CC3)cnc21,2,0.0,0.0,0.0
Fc1ccc(-c2noc(C3CCN(c4ccnc5ccccc45)CC3)n2)c(Cl)c1,2,0.0,0.0,0.0
Fc1ccc(-c2noc(C3CCN(c4ccc(Cl)c(C(F)(F)F)c4)CC3)n2)c(Cl)c1,2,0.0,0.0,0.0
Fc1ccc(-c2noc([C@H]3C[C@@H]3CNc3cnc4ccccc4c3)n2)c(Cl)c1,4,0.0,0.0,0.0
Fc1ccc(-c2noc([C@H]3CC[C@@H](Nc4cnc5ccccc5c4)C3)n2)c(Cl)c1,2,0.0,0.0,0.0
O=C(NCCc1nc(-c2ccc(F)cc2Cl)no1)c1cnc2ccccc2c1,2,0.0,0.0,0.0
O=C(NCCC(c1ccccc1)c1ccccc1)C(c1ccccc1)c1ccccc1,2,0.0,0.0,1.0
O=C(NCC1CCOCC1)c1cnc(Nc2ccc(Cl)cc2Cl)cc1C1CCCC1,2,0.0,0.0,0.0
CC(C)(C)c1cc(Nc2ccc(Cl)cc2Cl)ncc1C(=O)NCC1CCOCC1,2,0.0,0.0,0.0
O=C(NCC1CCOCC1)c1cnc(Nc2cccc(Cl)c2)cc1C1CC1,2,0.0,0.0,0.0
O=C(NCC1CCOCC1)c1cnc(Nc2cccc(Br)c2)cc1C1CC1,2,0.0,0.0,0.0
O=C(NCC1CCOCC1)c1cnc(Nc2cccc(C(F)(F)F)c2)cc1C1CC1,2,0.0,0.0,0.0
O=C(NCC1CCOCC1)c1cnc(Nc2cccc(OC(F)(F)F)c2)cc1C1CC1,2,0.0,0.0,0.0
N#Cc1cccc(Nc2cc(C3CC3)c(C(=O)NCC3CCOCC3)cn2)c1,2,0.0,0.0,0.0
COc1cccc(Nc2cc(C3CC3)c(C(=O)NCC3CCOCC3)cn2)c1,2,0.0,0.0,0.0
Cc1cccc(Nc2cc(C3CC3)c(C(=O)NCC3CCOCC3)cn2)c1,2,0.0,0.0,0.0
O=C(NCC1CCOCC1)c1cnc(Nc2cccc(F)c2)cc1C1CC1,2,0.0,0.0,0.0
O=C(NCC1CCOCC1)c1cnc(Nc2cc(Cl)ccc2Cl)cc1C1CC1,2,0.0,0.0,0.0
O=C(NCC1CCOCC1)c1cnc(Nc2ccc(Cl)c(Cl)c2)cc1C1CC1,2,0.0,0.0,0.0
O=C(NCC1CCOCC1)c1cnc(Nc2cc(Cl)cc(Cl)c2)cc1C1CC1,2,0.0,0.0,0.0
CC(C)(O)c1cc(Nc2ccc(Cl)cc2Cl)ncc1C(=O)NCC1CCOCC1,2,0.0,0.0,0.0
O=C(NCC1CCOCC1)c1cnc(Nc2ccc(Cl)cc2Cl)cc1C1CC1,3,0.0,0.0,0.0
CC(C)c1cc(Nc2cccc(Br)c2)ncc1C(=O)NCC1CCOCC1,2,0.0,0.0,0.0
COc1cccc(Nc2cc(C(C)C)c(C(=O)NCC3CCOCC3)cn2)c1,2,0.0,0.0,0.0
Cc1cccc(Nc2cc(C(C)C)c(C(=O)NCC3CCOCC3)cn2)c1,2,0.0,0.0,0.0
CC(C)c1cc(Nc2cccc(C#N)c2)ncc1C(=O)NCC1CCOCC1,2,0.0,0.0,0.0
CC(C)c1cc(Nc2ccc(Cl)cc2Cl)ncc1C(=O)NCC1CCOCC1,2,0.0,0.0,0.0
CC(C)c1cc(Nc2ccc(C#N)c(Cl)c2)ncc1C(=O)NCC1CCOCC1,2,0.0,0.0,0.0
CC(C)c1cc(Nc2cccc(C(F)(F)F)c2F)ncc1C(=O)NCC1CCOCC1,2,0.0,0.0,0.0
CC(C)c1cc(Nc2cccc(Cl)c2)ncc1C(=O)NCC1CCCC1,2,0.0,0.0,0.0
Cc1cccc(Nc2cc(C(C)C)c(C(=O)NCC3CCC3)cn2)c1,2,0.0,0.0,0.0
CC(C)c1cc(Nc2cccc(Cl)c2)ncc1C(=O)NCc1ccc(F)cc1,2,0.0,0.0,0.0
CC(C)c1cc(Nc2cccc(Cl)c2)ncc1C(=O)NC1CCOCC1,2,0.0,0.0,0.0
CC(C)CNC(=O)c1cnc(Nc2cccc(Cl)c2)cc1C(C)C,2,0.0,0.0,0.0
CC(C)c1cc(Nc2cccc(Cl)c2)ncc1C(=O)NCC(C)(C)C,2,0.0,0.0,0.0
CCC(CC)CNC(=O)c1cnc(Nc2cccc(Cl)c2)cc1C(C)C,2,0.0,0.0,0.0
CC(C)c1cc(Nc2cccc(Cl)c2)ncc1C(=O)NCC1CCOCC1,2,0.0,0.0,0.0
O=C(NCC1CCOCC1)c1cnc(Nc2cccc(Cl)c2)cc1C(F)(F)F,2,0.0,0.0,0.0
O=C(NCC1CCOCC1)c1cnc(Nc2cccc(F)c2)cc1C(F)(F)F,2,0.0,0.0,0.0
Cc1cc(Cl)ccc1Nc1cc(C(F)(F)F)c(C(=O)NCC2CCOCC2)cn1,2,0.0,0.0,0.0
COc1ccc(Cl)cc1Nc1cc(C(F)(F)F)c(C(=O)NCC2CCOCC2)cn1,2,0.0,0.0,0.0
COc1ccc(Cl)cc1Nc1cc(C(F)(F)F)c(C(=O)NCC2CCC2)cn1,2,0.0,0.0,0.0
O=C(NCC1CCCC1)c1cnc(Nc2ccc(Cl)cc2Cl)cc1C(F)(F)F,2,0.0,0.0,0.0
O=C(NCC1CCCCC1)c1cnc(Nc2cccc(Cl)c2)cc1C(F)(F)F,2,0.0,0.0,0.0
O=C(NCc1ccc(F)cc1)c1cnc(Nc2cccc(Br)c2)cc1C(F)(F)F,2,0.0,0.0,0.0
NC(=O)c1ccc(CNC(=O)c2cnc(Nc3cccc(Cl)c3)cc2C(F)(F)F)cc1,2,0.0,0.0,0.0
O=C(NCC1CCOCC1)c1cnc(Nc2ccc(Cl)cc2Cl)cc1C(F)(F)F,2,0.0,0.0,0.0
Cc1ccc(-c2nc(CC(C)(C)C)cs2)cc1S(=O)(=O)N1CCOCC1,2,0.0,0.0,1.0
Cc1ccc(-c2nc(CC3CCCCC3)cs2)cc1S(=O)(=O)N1CCOCC1,2,0.0,0.0,1.0
Cc1ccc(NC(=O)C2CCCCC2(C)C)cc1S(=O)(=O)N1CCOCC1,2,0.0,0.0,1.0
Cc1ccc(NC(=O)C(C)(C(F)(F)F)C(F)(F)F)cc1S(=O)(=O)N1CCOCC1,2,0.0,0.0,1.0
Cc1ccc(NC(=O)C2C(C)(C)C2(C)C)cc1S(=O)(=O)N1CCOCC1,3,0.0,0.0,0.0
CC1CCC(NC(=O)c2cc3cccnc3n(Cc3ccc(F)cc3)c2=O)CC1,2,0.0,0.0,1.0
CC1CCC(NC(=O)c2cc3cccnc3n(CCN3CCOCC3)c2=O)CC1,2,0.0,0.0,1.0
COc1cccc(N2C(C(C)=O)=NN(c3ccc(Cl)cc3)C2c2ccc(N3CCOCC3)cc2)c1,4,0.0,0.0,0.0
O=C(Nc1ccccc1Oc1ccccc1)c1ccc(S(=O)(=O)N2CCc3ccccc32)cc1,4,0.0,0.0,0.0
COc1ccccc1NC(=O)C(C)Sc1nc(-c2ccc(C)cc2)nc2c1COC(C)(C)C2,4,0.0,0.0,0.0
CCOC(=O)CN1C(c2ccc(F)cc2)Nc2ccc(Br)cc2C1c1ccccc1,2,0.0,0.0,1.0
CCOC(=O)N1CCN(C(=O)c2cc(-c3ccccc3Cl)nn2-c2ccc(C)cc2C)CC1,4,0.0,0.0,0.0
COc1ccc(C2c3cccn3-c3ccccc3N2C(=O)CN(C(=O)NC(C)(C)C)C(C)C)cc1,4,0.0,0.0,0.0
Cc1cc(C)c(OCC(=O)Nc2sc3c(c2C(=O)NC2CCS(=O)(=O)C2)CCCC3)c(C)c1,4,0.0,0.0,0.0
Cc1ccc(C2c3cccn3-c3ccccc3N2C(=O)CN(C(=O)C2CCCC2)C2CC2)cc1,4,0.0,0.0,0.0
CC(C(=O)N1c2ccccc2C(C)(c2ccc(Cl)cc2)CC1(C)C)N1C(=O)C2CCCCC2C1=O,2,0.0,0.0,1.0
CC1CC(C)CN(S(=O)(=O)c2ccc(F)c(C(=O)NC(c3ccccc3)c3ccccc3)c2)C1,4,0.0,0.0,0.0
CC(C)CN(CC(=O)N1CCc2sccc2C1c1ccc(F)cc1)C(=O)c1ccco1,4,0.0,0.0,0.0
CC(C)N(CC(=O)N1c2ccccc2-n2cccc2C1c1ccc(F)cc1)C(=O)CC(C)(C)C,4,0.0,0.0,0.0
O=C(c1ccc(-n2cnnn2)cc1)N(c1ccccc1)C1(C(=O)Nc2ccccc2)CCCCC1,2,0.0,0.0,0.0
CCOC(=O)N1CC=C2C(C1)C1(C(=O)N(Cc3ccccc3)c3ccccc31)C(C#N)=C(N)C2(C#N)C#N,2,0.0,0.0,0.0
CC1CN(c2ncnc(NC(c3ccccc3)c3ccccc3)c2[N+](=O)[O-])CC(C)O1,2,0.0,0.0,0.0
Cc1ccc(C(C(=O)Nc2ccc3c(c2)OCCO3)N(C)C(=O)/C=C\c2ccc3c(c2)OCO3)cc1,2,0.0,0.0,0.0
COC(=O)c1c(C)oc(C)c1S(=O)(=O)N1CCN(C2c3ccccc3-c3ccccc32)CC1,2,0.0,0.0,0.0
Cc1ccc(Cc2nsc(N3CCCN(C(=O)Nc4c(C(C)C)cccc4C(C)C)CC3)n2)cc1,2,0.0,0.0,0.0
COc1ccc(-c2cc(C(=O)N3CCN(C(C)=O)CC3)n(-c3cccc(C)c3)n2)c(OC)c1,2,0.0,0.0,0.0
CC(C)NC(=O)C(C)Sc1nnc2c3ccccc3n(Cc3ccccc3)c2n1,2,0.0,0.0,0.0
Cc1ccc(C(=O)n2cc(/C=N/Nc3nc(N4CCOCC4)nc(N4CCOCC4)n3)c3ccccc32)cc1,2,0.0,0.0,0.0
COc1ccccc1N1CCN(C(=O)C(C)Sc2nc(-c3ccccc3)cc(C(F)(F)F)n2)CC1,2,0.0,0.0,0.0
COc1ccc(C2C(C(=O)Nc3cccc(C)n3)c3ccccc3C(=O)N2C2CCCCC2)cc1,2,0.0,0.0,0.0
COc1ccc(C2c3ccsc3CCN2C(=O)CN(C(=O)C2CCCCC2)C(C)C)cc1,2,0.0,0.0,0.0
Cc1cc(-c2ccccc2)n(Cc2ccccc2)c(=O)c1S(=O)(=O)c1ccccc1,2,0.0,0.0,0.0
Cc1cccc(C)c1N(C(=O)c1ccccc1Cl)C(=O)C(c1ccc([N+](=O)[O-])cc1)N1CCOCC1,2,0.0,0.0,0.0
CCCNC(=O)N1CCN(c2nc(Cc3ccccc3)c3c(c2C#N)CC(C)(C)OC3)CC1,2,0.0,0.0,0.0
CC(C)(C)c1ccc(C(=O)N2C(C(=O)NCc3ccccn3)CSC2c2cccc(F)c2)cc1,2,0.0,0.0,0.0
CS/C(=N\S(=O)(=O)c1ccc(-n2nc(C(F)(F)F)cc2-c2cccs2)cc1)N1CCCC1,2,0.0,0.0,1.0
O=C(N1CCCCC1)N1CC(O[C@@H](c2ccc(Cl)cc2)c2cccnc2Cl)C1,2,0.0,0.0,1.0
O=C(N1CCCCC1)N1CC(O[C@H](c2ccc(Cl)cc2)c2cccnc2Cl)C1,2,0.0,0.0,1.0
COCCS(=O)(=O)N1CCc2c(nc(CC(C)(C)C)n2CC2CC2)C1,2,0.0,0.0,0.0
Cc1nocc1S(=O)(=O)N1CCc2c(nc(C(C)(C)C)n2CC2CC2)C1,2,0.0,0.0,0.0
Cc1noc(C)c1S(=O)(=O)N1CCc2c(nc(C(C)(C)C)n2CC2CC2)C1,2,0.0,0.0,0.0
CN/C(=N\S(=O)(=O)c1ccc(Cl)cc1)N1CCC(c2ccccc2)C(c2ccc(Cl)cc2)=N1,2,0.0,0.0,1.0
CN/C(=N\S(=O)(=O)N1CCCCC1)N1CCC(c2ccccc2)C(c2ccc(Cl)cc2)=N1,2,0.0,0.0,1.0
CN/C(=N\S(=O)(=O)N1CCC(F)(F)CC1)N1CCC(c2ccccc2)C(c2ccc(Cl)cc2)=N1,2,0.0,0.0,1.0
CN/C(=N\S(=O)(=O)N1CCC(F)(F)CC1)N1CC(c2ccccc2)C(c2ccc(Cl)cc2)=N1,4,0.0,0.0,1.0
CC1(C)C(C(=O)c2cn(CCN3CCOC3=O)c3ccccc23)C1(C)C,4,0.0,0.0,0.0
CC1(C)C(C(=O)c2cn(C(=O)CC3CCOCC3)c3ccccc23)C1(C)C,2,0.0,0.0,0.0
CC1(C)C(C(=O)c2cn(CC3OCCO3)c3ccccc23)C1(C)C,2,0.0,0.0,1.0
CC1(C)C(C(=O)c2cn(C[C@H]3CCCO3)c3ccccc23)C1(C)C,2,0.0,0.0,1.0
CC1(C)C(C(=O)c2cn(C[C@@H]3CCCO3)c3ccccc23)C1(C)C,3,0.0,0.0,1.0
CC1(C)C(C(=O)c2cn(CC3CCOC3)c3ccccc23)C1(C)C,2,0.0,0.0,1.0
CC1(C)C(C(=O)c2cn(CCC3CCOCC3)c3ccccc23)C1(C)C,2,0.0,0.0,1.0
CN1CCCCC1Cn1cc(C(=O)C2C(C)(C)C2(C)C)c2ccccc21,2,0.0,0.0,1.0
CN1CCCC1CCn1cc(C(=O)C2C(C)(C)C2(C)C)c2ccccc21,2,0.0,0.0,0.0
CC1(C)C(C(=O)c2cn(CCCN3CCOCC3)c3ccccc23)C1(C)C,2,0.0,0.0,0.0
CC1(C)C(C(=O)c2cn(CCC3CCNCC3)c3ccccc23)C1(C)C,2,0.0,0.0,0.0
CN1CCC(CCn2cc(C(=O)C3C(C)(C)C3(C)C)c3ccccc32)CC1,2,0.0,0.0,0.0
CN1CCN(CCn2cc(C(=O)C3C(C)(C)C3(C)C)c3ccccc32)CC1,2,0.0,0.0,0.0
CC1(C)C(C(=O)c2cn(CCN3CCNCC3)c3ccccc23)C1(C)C,2,0.0,0.0,0.0
CC1(C)C(C(=O)c2cn(CCN3CCCCCC3)c3ccccc23)C1(C)C,2,0.0,0.0,1.0
CC1(C)C(C(=O)c2cn(CCN3CCCCC3)c3ccccc23)C1(C)C,2,0.0,0.0,1.0
CC1(C)C(C(=O)c2cn(CCN3CCCC3)c3ccccc23)C1(C)C,2,0.0,0.0,0.0
CN(C)CCn1cc(C(=O)C2C(C)(C)C2(C)C)c2ccccc21,2,0.0,0.0,0.0
CC1(C)C(C(=O)c2cn(CCN)c3ccccc23)C1(C)C,2,0.0,0.0,0.0
O=C(c1cn(CC2CCOCC2)c2ccccc12)C12CC3CC(CC(C3)O1)C2,2,0.0,0.0,1.0
O=C(c1cn(CC2CCOCC2)c2ccccc12)[C@@H]1CC12CCCCC2,2,0.0,0.0,1.0
O=C(c1cn(CC2CCOCC2)c2ccccc12)C12CC3CC(CC1C3)C2,2,0.0,0.0,1.0
CC1(C(=O)c2cn(CC3CCOCC3)c3ccccc23)CC1(Cl)Cl,2,0.0,0.0,0.0
CC1(C(=O)c2cn(CC3CCOCC3)c3ccccc23)CC(F)(F)C1(F)F,2,0.0,0.0,0.0
O=C(c1cn(CC2CCOCC2)c2ccccc12)C1CCCC1,3,0.0,0.0,1.0
O=C(c1cn(CCN2CCOCC2)c2ccccc12)C12CC3CC(CC1C3)C2,2,0.0,0.0,0.0
O=C(c1cn(CCN2CCOCC2)c2ccccc12)[C@@H]1CC12CCCCC2,2,0.0,0.0,0.0
O=C(c1cn(CCN2CCOCC2)c2ccccc12)C1CC(F)(F)C1(F)F,2,0.0,0.0,0.0
CC1(C(=O)c2cn(CCN3CCOCC3)c3ccccc23)CC1(Cl)Cl,2,0.0,0.0,0.0
CC(C)[C@H]1CC[C@H](C(=O)c2cn(CCN3CCOCC3)c3ccccc23)CC1,2,0.0,0.0,0.0
CC[C@H]1CC[C@H](C(=O)c2cn(CCN3CCOCC3)c3ccccc23)CC1,2,0.0,0.0,1.0
O=C(c1cn(CCN2CCOCC2)c2ccccc12)C1CCCCCC1,2,0.0,0.0,1.0
O=C(c1cn(CCN2CCOCC2)c2ccccc12)C1CCCCC1,2,0.0,0.0,0.0
O=C(c1cn(CCN2CCOCC2)c2ccccc12)C1CCCC1,2,0.0,0.0,0.0
O=C(c1cn(CCN2CCOCC2)c2ccccc12)C1CCC1,2,0.0,0.0,0.0
CC1(C)C(C(=O)c2cn(CCN3CCCC3=O)c3ccccc23)C1(C)C,2,0.0,0.0,0.0
CCCn1cc(C(=O)C2C(C)(C)C2(C)C)c2ccccc21,2,0.0,0.0,0.0
CC1(C)C(C(=O)c2cn(CCN3C(=O)CCC3=O)c3ccccc23)C1(C)C,2,0.0,0.0,0.0
CCCCn1cc(C(=O)C2C(C)(C)C2(C)C)c2ccccc21,2,0.0,0.0,1.0
CC1(C)C(C(=O)c2cn(CCCC(F)(F)F)c3ccccc23)C1(C)C,3,0.0,0.0,1.0
CCCCCn1cc(C(=O)C2C(C)(C)C2(C)C)c2ccccc21,2,0.0,0.0,1.0
CC1(C)C(C(=O)c2cn(CCCO)c3ccccc23)C1(C)C,2,0.0,0.0,0.0
CC1(C)C(C(=O)c2cn(CCO)c3ccccc23)C1(C)C,2,0.0,0.0,0.0
CC1(C)C(C(=O)c2cn(CCCCCO)c3ccccc23)C1(C)C,2,0.0,0.0,1.0
CC1(C)C(C(=O)c2cn(CCCCO)c3ccccc23)C1(C)C,4,0.0,0.0,0.0
COCCCn1cc(C(=O)C2C(C)(C)C2(C)C)c2ccccc21,2,0.0,0.0,1.0
COCCn1cc(C(=O)C2C(C)(C)C2(C)C)c2ccccc21,3,0.0,0.0,1.0
CSCCCCn1cc(C(=O)C2C(C)(C)C2(C)C)c2ccccc21,2,0.0,0.0,1.0
CC1(C)C(C(=O)c2cn(CCC(=O)O)c3ccccc23)C1(C)C,2,0.0,0.0,0.0
COC(=O)CCn1cc(C(=O)C2C(C)(C)C2(C)C)c2ccccc21,2,0.0,0.0,0.0
CC1(C)C(C(=O)c2cn(CCC(N)=O)c3ccccc23)C1(C)C,2,0.0,0.0,0.0
CC(=O)CCCCn1cc(C(=O)C2C(C)(C)C2(C)C)c2ccccc21,2,0.0,0.0,1.0
CC1(C)C(C(=O)c2cn(Cc3cccnc3)c3ccccc23)C1(C)C,2,0.0,0.0,0.0
CC1(C)C(C(=O)c2cn(Cc3ccccc3)c3ccccc23)C1(C)C,2,0.0,0.0,1.0
CC1(C)C(C(=O)c2cn(Cc3ccncc3)c3ccccc23)C1(C)C,2,0.0,0.0,1.0
CC1(C)C(C(=O)c2cn(CCc3cccnc3)c3ccccc23)C1(C)C,2,0.0,0.0,0.0
CC1(C)C(C(=O)c2cn(CCc3ccccn3)c3ccccc23)C1(C)C,2,0.0,0.0,0.0
CC1(C)C(C(=O)c2cn(CCn3cccc3)c3ccccc23)C1(C)C,2,0.0,0.0,1.0
CC1(C)C(C(=O)c2cn(CCc3ccncc3)c3ccccc23)C1(C)C,2,0.0,0.0,0.0
Cn1ccnc1CCn1cc(C(=O)C2C(C)(C)C2(C)C)c2ccccc21,2,0.0,0.0,0.0
CC1(C)C(C(=O)c2cn(CCc3cccs3)c3ccccc23)C1(C)C,2,0.0,0.0,1.0
CC1(C)C(C(=O)c2cn(CCc3ccsc3)c3ccccc23)C1(C)C,2,0.0,0.0,1.0
Cc1ncsc1CCn1cc(C(=O)C2C(C)(C)C2(C)C)c2ccccc21,2,0.0,0.0,0.0
CC1(C)C(C(=O)c2cn(CCc3nsc(Cl)n3)c3ccccc23)C1(C)C,2,0.0,0.0,0.0
N#Cc1cc(N2CCCCCC2)ncc1-c1cccc(Cl)c1Cl,2,0.0,0.0,0.0
Clc1cccc(-c2ccc(N3CCCCCC3)nc2)c1Cl,2,0.0,0.0,0.0
O=C(c1cc(-c2cccc(Cl)c2Cl)cnc1N1CCCCCC1)N1CCOCC1,2,0.0,0.0,0.0
CN(C)CCCN/C(=N\S(=O)(=O)c1ccc(Cl)cc1)N1CC(c2ccccc2)C(c2ccc(Cl)cc2)=N1.Cl,2,0.0,0.0,1.0
CN(C)CCN1CCN(/C(=N\S(=O)(=O)c2ccc(Cl)cc2)N2CC(c3ccccc3)C(c3ccc(Cl)cc3)=N2)CC1,2,0.0,0.0,1.0
CCc1c(C(=O)NN2CCCCC2)nc(-c2ccccc2Cl)n1-c1ccc(Cl)cc1,2,0.0,0.0,1.0
CN1CCC(N/C(=N\S(=O)(=O)c2ccc(Cl)cc2)N2CC(c3ccccc3)C(c3ccc(Cl)cc3)=N2)CC1,2,0.0,0.0,1.0
O=S(=O)(/N=C(\NCCCCN1CCCC1)N1CC(c2ccccc2)C(c2ccc(Cl)cc2)=N1)c1ccc(Cl)cc1,2,0.0,0.0,1.0
CC(C)(O)CN/C(=N\S(=O)(=O)c1ccc(Cl)cc1)N1CC(c2ccccc2)C(c2ccc(Cl)cc2)=N1,2,0.0,0.0,1.0
O=S(=O)(/N=C(\NCCCCNc1c2c(nc3ccccc13)CCCC2)N1CC(c2ccccc2)C(c2ccc(Cl)cc2)=N1)c1ccc(Cl)cc1,2,0.0,0.0,1.0
O=S(=O)(/N=C(\NCCCCCCCNc1c2c(nc3ccccc13)CCCC2)N1CC(c2ccccc2)C(c2ccc(Cl)cc2)=N1)c1ccc(Cl)cc1,2,0.0,0.0,1.0
O=S1(=O)CCN(/C(=N\S(=O)(=O)c2ccc(Cl)cc2)N2CC(c3ccccc3)C(c3ccc(Cl)cc3)=N2)CC1,2,0.0,0.0,1.0
CCc1c(C(=O)NCCCCNc2c3c(nc4ccccc24)CCCC3)nc(-c2ccccc2Cl)n1-c1ccc(Cl)cc1,2,0.0,0.0,0.0
CCc1c(C(=O)NCCCCCCCNc2c3c(nc4ccccc24)CCCC3)nc(-c2ccccc2Cl)n1-c1ccc(Cl)cc1,2,0.0,0.0,1.0
C[C@H](NC(=O)C(C)(C)Nc1ccc(C(F)(F)F)cn1)[C@@H](Cc1ccc(Cl)cc1)c1cccc(C#N)c1,2,0.0,0.0,1.0
C[C@H](NC(=O)C(C)(C)Nc1cc(C(F)(F)F)ccn1)[C@@H](Cc1ccc(Cl)cc1)c1cccc(C#N)c1,2,0.0,0.0,1.0
C[C@H](NC(=O)C(C)(C)Nc1cc(C(C)(C)C)on1)[C@@H](Cc1ccc(Cl)cc1)c1cccc(C#N)c1,2,0.0,0.0,1.0
C[C@H](NC(=O)C(C)(C)Nc1cc2ccccc2cn1)[C@@H](Cc1ccc(Cl)cc1)c1cccc(C#N)c1,2,0.0,0.0,1.0
CCC(C)(C)C(=O)Nc1cc(CN2CCOCC2)c(C)cn1,2,0.0,0.0,0.0
CCC(C)(C)C(=O)Nc1ccc(C)c(CN2CCOCC2)c1,2,0.0,0.0,0.0
CCC(C)(C)C(=O)Nc1cc(CN2CCOCC2)c(C)cc1C,2,0.0,0.0,0.0
Cc1c[nH]c2c(Nc3cccc(Cl)c3)ncc(C(=O)N3CCCCC3)c12,2,0.0,0.0,0.0
Cc1c[nH]c2c(Nc3cccc(Cl)c3)ncc(C(=O)N3CCOCC3)c12,2,0.0,0.0,0.0
Cc1c[nH]c2c(Nc3cccc(Br)c3)ncc(C(=O)N3CCOCC3)c12,2,0.0,0.0,0.0
COc1ccccc1Nc1ncc(C(=O)N2CCOCC2)c2c(C)c[nH]c12,2,0.0,0.0,0.0
COc1cccc(Nc2ncc(C(=O)N3CCOCC3)c3c(C)c[nH]c23)c1,3,0.0,0.0,0.0
Cc1c[nH]c2c(Nc3ccccc3Cl)ncc(C(=O)N3CCOCC3)c12,3,0.0,0.0,0.0
Cc1c[nH]c2c(Nc3ccccc3OC(C)C)ncc(C(=O)N3CCOCC3)c12,2,0.0,0.0,0.0
Cc1c[nH]c2c(Nc3cccc(C(F)(F)F)c3)ncc(C(=O)N3CCOCC3)c12,2,0.0,0.0,0.0
Cc1cn(C)c2c(Nc3cccc(Cl)c3)ncc(C(=O)N3CCOCC3)c12,2,0.0,0.0,0.0
Cn1ccc2c(Nc3cccc(Cl)c3)ncc(C(=O)N3CCOCC3)c21,2,0.0,0.0,0.0
CC(C(=O)Nc1ccc2c(c1)C(N1CCOCC1)CCC2)(C(F)(F)F)C(F)(F)F,3,0.0,0.0,0.0
N#CCc1c(C(=O)Nc2ccc(F)cc2)nn(-c2ccccc2Cl)c1-c1ccc(Cl)cc1,2,0.0,0.0,1.0
N#CCc1c(C(=O)NN2CCCCC2)nn(-c2ccccc2Cl)c1-c1ccc(Cl)cc1,3,0.0,0.0,1.0
N#CCc1c(C(=O)NN2CCOCC2)nn(-c2ccccc2Cl)c1-c1ccc(Cl)cc1,2,0.0,0.0,1.0
N#CCc1c(C(=O)N2CCC(O)(c3ccc(F)cc3)CC2)nn(-c2ccccc2Cl)c1-c1ccc(Cl)cc1,2,0.0,0.0,1.0
N#CCc1c(C(=O)NCc2ccc(F)cc2)nn(-c2ccccc2Cl)c1-c1ccc(Cl)cc1,2,0.0,0.0,1.0
N#CCc1c(C(=O)NCc2ccc(Br)cc2)nn(-c2ccccc2Cl)c1-c1ccc(Cl)cc1,2,0.0,0.0,1.0
CCC(C)(C)C(=O)Nc1cc(S(=O)(=O)N2CCOCC2)cc(C)c1C,2,0.0,0.0,0.0
NC(=O)Cc1c(C(=O)NN2CCCCC2)nn(-c2ccccc2Cl)c1-c1ccc(Cl)cc1,3,0.0,0.0,1.0
N=C(N)Cc1c(C(=O)NN2CCCCC2)nn(-c2ccccc2Cl)c1-c1ccc(Cl)cc1,2,0.0,0.0,1.0
N=C(Cc1c(C(=O)NN2CCCCC2)nn(-c2ccccc2Cl)c1-c1ccc(Cl)cc1)NO,5,0.0,0.0,1.0
NC(=O)Cc1c(C(=O)NN2CCOCC2)nn(-c2ccccc2Cl)c1-c1ccc(Cl)cc1,3,0.0,0.0,1.0
NC(=O)Cc1c(C(=O)N2CCC(O)(c3ccc(F)cc3)CC2)nn(-c2ccccc2Cl)c1-c1ccc(Cl)cc1,6,0.0,0.0,1.0
NC(=O)Cc1c(C(=O)N2CCC(c3ncccn3)CC2)nn(-c2ccccc2Cl)c1-c1ccc(Cl)cc1,3,0.0,0.0,1.0
N=C(N)Cc1c(C(=O)N2CCC(c3ncccn3)CC2)nn(-c2ccccc2Cl)c1-c1ccc(Cl)cc1,2,0.0,0.0,1.0
N=C(N)Cc1c(C(=O)Nc2ccc(F)cc2)nn(-c2ccccc2Cl)c1-c1ccc(Cl)cc1,4,0.0,0.0,0.0
N=C(N)Cc1c(C(=O)NCc2ccc(F)cc2)nn(-c2ccccc2Cl)c1-c1ccc(Cl)cc1,2,0.0,0.0,1.0
NC(=O)Cc1c(C(=O)NC2CCN(C(=O)C3CC3)CC2)nn(-c2ccccc2Cl)c1-c1ccc(Cl)cc1,4,0.0,0.0,1.0
Cc1ccncc1NC(=O)c1nn(-c2ccccc2Cl)c(-c2ccc(Cl)cc2)c1CC(N)=O,3,0.0,0.0,1.0
N#CN1CCC(CNC(=O)c2nn(-c3ccccc3Cl)c(-c3ccc(Cl)cc3)c2CC(N)=O)CC1,3,0.0,0.0,1.0
N#Cc1ccc(N2CCN(C(=O)c3nn(-c4ccccc4Cl)c(-c4ccc(Cl)cc4)c3CC(N)=O)CC2)nc1,3,0.0,0.0,1.0
N#CC1(c2ccccc2)CCN(C(=O)c2nn(-c3ccccc3Cl)c(-c3ccc(Cl)cc3)c2CC(N)=O)CC1,3,0.0,0.0,1.0
NC(=O)Cc1c(C(=O)N2CCC(O)(c3ccccc3)CC2)nn(-c2ccccc2Cl)c1-c1ccc(Cl)cc1,3,0.0,0.0,1.0
NC(=O)Cc1c(C(=O)N2CCC(O)(c3ccccn3)CC2)nn(-c2ccccc2Cl)c1-c1ccc(Cl)cc1,3,0.0,0.0,1.0
NC(=O)Cc1c(C(=O)N2CCC(O)(c3ccc(F)cn3)CC2)nn(-c2ccccc2Cl)c1-c1ccc(Cl)cc1,4,0.0,0.0,1.0
NC(=O)Cc1c(C(=O)N2CCC(C(=O)O)(c3ccccn3)CC2)nn(-c2ccccc2Cl)c1-c1ccc(Cl)cc1,3,0.0,0.0,1.0
NC(=O)Cc1c(C(=O)N2CCC(C(=O)O)(c3ccc(F)cn3)CC2)nn(-c2ccccc2Cl)c1-c1ccc(Cl)cc1,3,0.0,0.0,0.0
Clc1cccc(-c2ccc(N3CCOCC3)nn2)c1Cl,2,0.0,0.0,0.0
C[C@@H]1CC[C@H](C)N1c1ccc(-c2cccc(Cl)c2Cl)nn1,2,0.0,0.0,0.0
C[C@@H]1C=C[C@H](C)N1c1ccc(-c2cccc(Cl)c2Cl)nn1,2,0.0,0.0,0.0
c1ccc(COc2ccccc2-c2ccc(N3CCOCC3)nn2)cc1,2,0.0,0.0,0.0
C[C@@H]1CC[C@H](C)N1c1ccc(-c2cncc3ccccc23)nn1,2,0.0,0.0,0.0
C[C@@H]1CC[C@H](C)N1c1ccc(-c2cccc3cnccc23)nn1,2,0.0,0.0,0.0
O=S(=O)(c1ccccc1F)c1cc(Cl)ccc1S(=O)(=O)N1CCC2(CC1)CC2NS(=O)(=O)C(F)(F)F,2,0.0,0.0,0.0
C[C@H]1CC(CNS(=O)(=O)C(F)(F)F)CCN1S(=O)(=O)c1ccc(Cl)cc1S(=O)(=O)c1ccccc1F,2,0.0,0.0,1.0
CCCCCCCCCCCCCCCC(=O)OC1CCCC1,2,0.0,0.0,0.0
CCCCCc1cc2c(c([S+](C)[O-])c1)[C@@H]1C=C(C)CC[C@H]1C(C)(C)O2,2,0.0,0.0,0.0
CCCCCOc1c(OC)ccc2cc(C(=O)NCc3ccc4c(c3)OCO4)c(=O)[nH]c12,4,0.0,0.0,0.0
Cc1nc(C(=O)NC23CC4CC(CC(C4)C2)C3)c(C)n1-c1ccccc1,2,0.0,0.0,0.0
CCCCc1c(C(=O)NC23CC4CC(CC(C4)C2)C3)nc(C)n1-c1ccccc1,2,0.0,0.0,0.0
CCc1nc(C(=O)NC23CC4CC(CC(C4)C2)C3)c(C)n1-c1ccccc1,2,0.0,0.0,0.0
O=S(=O)(NCCC1CCC(c2ccc(Cl)cc2Cl)N(c2ccc(Cl)cc2)C1)C1CC1,2,0.0,0.0,1.0
CCCCCOc1c(OC)ccc2cc(C(=O)NCCc3ccccc3)c(=O)[nH]c12,2,0.0,0.0,1.0
CCCCCOc1c(OC)ccc2cc(C(=O)NCCc3ccc(Cl)cc3)c(=O)[nH]c12,2,0.0,0.0,0.0
CCCCCOc1c(OC)ccc2cc(C(=O)NCCCc3ccccc3)c(=O)[nH]c12,2,0.0,0.0,1.0
CCCCCOc1c(OC)ccc2cc(C(=O)NCCc3ccc(OC)cc3)c(=O)[nH]c12,2,0.0,0.0,1.0
CCCCCOc1c(OC)ccc2cc(C(=O)NCCc3ccc(F)cc3)c(=O)[nH]c12,2,0.0,0.0,0.0
CCCCCOc1c(OC)ccc2cc(C(=O)NCCc3ccccc3)c(Cl)nc12,2,0.0,0.0,0.0
CCCCCOc1c(OC)ccc2cc(C(=O)NCCc3ccc(Cl)cc3)c(Cl)nc12,2,0.0,0.0,0.0
CCCCCOc1c(OC)ccc2cc(C(=O)NCCCc3ccccc3)c(Cl)nc12,2,0.0,0.0,0.0
CCCCCOc1c(OC)ccc2cc(C(=O)NCCc3ccc(OC)cc3)c(Cl)nc12,2,0.0,0.0,0.0
CCCCCOc1c(OC)ccc2cc(C(=O)NCCc3ccc(F)cc3)c(Cl)nc12,2,0.0,0.0,0.0
CN/C(=N\S(=O)(=O)N1CCC(C(F)(F)F)CC1)N1CC(c2ccccc2)C(c2ccc(Cl)cc2)=N1,2,0.0,0.0,1.0
CN/C(=N\S(=O)(=O)N1CCC(F)CC1)N1CC(c2ccccc2)C(c2ccc(Cl)cc2)=N1,2,0.0,0.0,1.0
CN/C(=N\S(=O)(=O)N1CCC(F)(F)CC1)C1=NN(c2ccc(Cl)cc2)[C@H](c2ccccc2)C1,2,0.0,0.0,0.0
CN/C(=N\S(=O)(=O)N1CCC(F)(F)CC1)C1=NN(c2ccc(Cl)cc2)[C@@H](c2ccccc2)C1,2,0.0,0.0,1.0
CN/C(=N\S(=O)(=O)N1CCC(C(F)(F)F)CC1)C1=NN(c2ccc(Cl)cc2)[C@H](c2ccccc2)C1,2,0.0,0.0,1.0
CN/C(=N\S(=O)(=O)N1CCC(C(F)(F)F)CC1)C1=NN(c2ccc(Cl)cc2)[C@@H](c2ccccc2)C1,2,0.0,0.0,1.0
CN/C(=N\S(=O)(=O)N1CCC(F)(F)CC1)C1=NN(c2ccc(Cl)cc2)C(c2ccccc2)C1,2,0.0,0.0,1.0
CN/C(=N\S(=O)(=O)N1CCC(C(F)(F)F)CC1)C1=NN(c2ccc(Cl)cc2)C(c2ccccc2)C1,2,0.0,0.0,1.0
CN/C(=N\S(=O)(=O)N1CCC(F)CC1)C1=NN(c2ccc(Cl)cc2)C(c2ccccc2)C1,2,0.0,0.0,1.0
CN/C(=N\S(=O)(=O)N1CCCCC1)C1=NN(c2ccc(Cl)cc2)C(c2ccccc2)C1,2,0.0,0.0,1.0
CN/C(=N\S(=O)(=O)c1ccc(C(F)(F)F)cc1)C1=NN(c2ccc(Cl)cc2Cl)C(c2ccccc2)C1,2,0.0,0.0,1.0
CN/C(=N\S(=O)(=O)c1ccc(Cl)cc1)C1=NN(c2ccc(Cl)cc2Cl)C(c2ccccc2)C1,2,0.0,0.0,1.0
CN/C(=N\S(=O)(=O)c1cccc(Cl)c1)C1=NN(c2ccc(Cl)cc2Cl)C(c2ccccc2)C1,2,0.0,0.0,1.0
CN/C(=N\S(=O)(=O)c1ccc(F)cc1)C1=NN(c2ccc(Cl)cc2)C(c2ccccc2)C1,2,0.0,0.0,1.0
CN/C(=N\S(=O)(=O)c1ccc(Cl)cc1)C1=NN(c2ccc(Cl)cc2)C(c2ccccc2)C1,2,0.0,0.0,1.0
CN/C(=N\S(=O)(=O)N1CCC(C(F)(F)F)CC1)N1C[C@H](c2ccccc2)C(c2ccc(Cl)cc2)=N1,2,0.0,0.0,1.0
CN/C(=N\S(=O)(=O)N1CCC(C(F)(F)F)CC1)N1C[C@@H](c2ccccc2)C(c2ccc(Cl)cc2)=N1,2,0.0,0.0,1.0
CN/C(=N\S(=O)(=O)N1CCC(F)(F)CC1)N1C[C@H](c2ccccc2)C(c2ccc(Cl)cc2)=N1,2,0.0,0.0,1.0
CN/C(=N\S(=O)(=O)N1CCC(F)(F)CC1)N1C[C@@H](c2ccccc2)C(c2ccc(Cl)cc2)=N1,2,0.0,0.0,1.0
COc1cc(C(=O)c2cccs2)cc(O)c1-c1cc(Cl)cc(Cl)c1,2,0.0,0.0,1.0
COc1cc(C(O)c2cccs2)cc(OC)c1-c1cc(Cl)cc(Cl)c1,2,0.0,0.0,0.0
O=C(C1CCCCC1)N1CCN(C(c2ccccc2)c2ccccc2)CC1,2,0.0,0.0,0.0
O=C(NC1CCCCC1)N1CCN(C(c2ccccc2)c2ccccc2)CC1,2,0.0,0.0,0.0
CCCCNC(=O)N1CCN(C(c2ccccc2)c2ccccc2)CC1,2,0.0,0.0,0.0
S=C(NC1CCCCC1)N1CCN(C(c2ccccc2)c2ccccc2)CC1,2,0.0,0.0,0.0
O=C(NC1CCCCC1)N1CCN(C(c2ccccc2)c2ccc(Cl)cc2Cl)CC1,2,0.0,0.0,1.0
O=C(NC1CCCCC1)N1CCN(C(c2ccccc2)c2ccc(Cl)c(Cl)c2)CC1,2,0.0,0.0,1.0
O=C(NC1CCCCC1)N1CCN(C(c2ccccc2)c2cc(Cl)ccc2Cl)CC1,2,0.0,0.0,1.0
O=C(NC1CCCCC1)N1CCN(C(c2ccccc2)c2c(Cl)cccc2Cl)CC1,2,0.0,0.0,1.0
O=C(NC1CCCCC1)N1CCN(C(c2ccccc2)c2ccc(Br)cc2F)CC1,2,0.0,0.0,1.0
O=C(NC1CCCCC1)N1CCN(C(c2ccccc2)c2ccc(F)cc2Cl)CC1,2,0.0,0.0,1.0
O=C(NC1CCCCC1)N1CCN(C(c2ccccc2)c2ccc(Cl)cc2F)CC1,2,0.0,0.0,1.0
O=C(C1CCC1)N1CCN(C(c2ccccc2)c2ccc(Cl)cc2Cl)CC1,2,0.0,0.0,0.0
O=C(C1CCCC1)N1CCN(C(c2ccccc2)c2ccc(Cl)cc2Cl)CC1,2,0.0,0.0,1.0
O=C(C1CCCCC1)N1CCN(C(c2ccccc2)c2ccc(Cl)cc2Cl)CC1,2,0.0,0.0,1.0
O=C(N1CCN(C(c2ccccc2)c2ccc(Cl)cc2Cl)CC1)C12CC3CC(CC(C3)C1)C2,2,0.0,0.0,1.0
O=C(N1CCCCC1)N1CCN(C(c2ccccc2)c2ccc(Cl)cc2Cl)CC1,2,0.0,0.0,0.0
O=C(N1CCOCC1)N1CCN(C(c2ccccc2)c2ccc(Cl)cc2Cl)CC1,2,0.0,0.0,0.0
CCCCNC(=O)N1CCN(C(c2ccccc2)c2ccc(Cl)cc2Cl)CC1,2,0.0,0.0,1.0
O=C(NN1CCCCC1)N1CCN(C(c2ccccc2)c2ccc(Cl)cc2Cl)CC1,2,0.0,0.0,1.0
S=C(NC1CCCCC1)N1CCN(C(c2ccccc2)c2ccc(Cl)cc2Cl)CC1,2,0.0,0.0,1.0
O=C(NC1CCCCC1)N1CCN(C(c2cccc(Cl)c2)c2ccc(Cl)cc2Cl)CC1,2,0.0,0.0,1.0
Cc1ccc(C(c2ccc(Cl)cc2Cl)N2CCN(C(=O)NC3CCCCC3)CC2)cc1,6,0.0,0.0,1.0
Cc1ccc(C(c2ccc(Cl)cc2Cl)N2CCN(C(=O)NN3CCCCC3)CC2)cc1,2,0.0,0.0,1.0
COc1ccc(C(c2ccc(Cl)cc2Cl)N2CCN(C(=O)NC3CCCCC3)CC2)cc1,2,0.0,0.0,1.0
O=C(NC1CCCCC1)N1CCN(C(c2ccc(Oc3ccccc3)cc2)c2ccc(Cl)cc2Cl)CC1,2,0.0,0.0,1.0
O=C(NC1CCCCC1)N1CCN(C(c2ccc(C(F)(F)F)cc2)c2ccc(Cl)cc2Cl)CC1,2,0.0,0.0,1.0
O=C(NC1CCCCC1)N1CCN(C(c2ccc(F)cc2)c2ccc(Cl)cc2Cl)CC1,2,0.0,0.0,1.0
O=C(CC(c1ccccc1)c1ccccc1)N1CCN(C(c2ccccc2)c2ccccc2)CC1,3,0.0,0.0,0.0
CC(C)(O)C(=O)c1oc2nc(-c3ccccc3Cl)c(-c3ccc(Cl)cc3)cc2c1NC(=O)CO,4,0.0,0.0,0.0
C[S+]([O-])c1c(C(=O)NN2CCCCC2)nn(-c2ccc(Cl)cc2Cl)c1-c1ccc(Cl)cc1,2,0.0,0.0,1.0
CSc1c(C(=O)NN2CCCC2)nn(-c2ccc(Cl)cc2Cl)c1-c1ccc(Cl)cc1,2,0.0,0.0,1.0
CCSc1c(C(=O)NN2CCCCC2)nc(-c2ccc(Cl)cc2Cl)n1-c1ccc(Cl)cc1,2,0.0,0.0,1.0
O=C(NN1CCCCC1)c1nc(-c2ccc(Cl)cc2Cl)n(-c2ccc(Cl)cc2)c1I,2,0.0,0.0,1.0
CSc1c(C(=O)NN2CCCCC2)nn(-c2ccc(Cl)cc2Cl)c1-c1ccc(Cl)cc1,2,0.0,0.0,1.0
O=C(NN1CCCCC1)c1nc(-c2ccc(Cl)cc2Cl)n(-c2ccc(Cl)cc2)c1CO,2,0.0,0.0,1.0
CSc1c(C(=O)NN2CCCCCC2)nc(-c2ccc(Cl)cc2Cl)n1-c1ccc(Cl)cc1,2,0.0,0.0,1.0
CSc1c(C(=O)NN2CCCC2)nc(-c2ccc(Cl)cc2Cl)n1-c1ccc(Cl)cc1,2,0.0,0.0,1.0
CS(=O)(=O)c1c(C(=O)NN2CCCCC2)nc(-c2ccc(Cl)cc2Cl)n1-c1ccc(Cl)cc1,2,0.0,0.0,1.0
C[S+]([O-])c1c(C(=O)NN2CCCCC2)nc(-c2ccc(Cl)cc2Cl)n1-c1ccc(Cl)cc1,6,0.0,0.0,1.0
CSc1c(C(=O)NN2CCCCC2)nc(-c2ccc(Cl)cc2Cl)n1-c1ccc(Cl)cc1,2,0.0,0.0,1.0
CSc1c(C(=O)NN2CCCCCC2)nn(-c2ccc(Cl)cc2Cl)c1-c1ccc(Cl)cc1,2,0.0,0.0,1.0
C[C@H](O)C(=O)NC1CC(C)(C)Oc2nc(-c3ccc(Cl)cc3Cl)c(-c3ccc(Cl)cc3)cc21,7,0.0,1.0,1.0
CC1(C)CC(NC(=O)C(C)(C)O)c2cc(-c3ccc(Cl)cc3)c(-c3ccc(Cl)cc3Cl)nc2O1,3,0.0,1.0,0.0
CC1(C)CC(NC(=O)C2(O)CC2)c2cc(-c3ccc(Cl)cc3)c(-c3ccc(Cl)cc3Cl)nc2O1,3,0.0,1.0,0.0
Cc1cc(Cl)ccc1-c1nc2c(cc1-c1ccc(Cl)cc1)C(NC(=O)C(O)C(F)(F)F)CC(C)(C)O2,7,0.0,0.0,0.0
CC1(C)CC(NC(=O)C(C)(O)C(F)(F)F)c2cc(-c3ccc(Cl)cc3)c(-c3ccc(Cl)cc3Cl)nc2O1,4,0.0,0.0,0.0
CC1(C)CC(NC(=O)CC(O)C(F)(F)F)c2cc(-c3ccc(Cl)cc3)c(-c3ccc(Cl)cc3Cl)nc2O1,8,0.0,0.0,0.0
CC1(C)CC(NC(=O)C(F)(F)CO)c2cc(-c3ccc(Cl)cc3)c(-c3ccc(Cl)cc3Cl)nc2O1,3,0.0,1.0,0.0
CC1(C)C[C@@H](NC(=O)c2ccccc2O)c2cc(-c3ccc(Cl)cc3)c(-c3ccc(Cl)cc3Cl)nc2O1,3,0.0,0.0,0.0
CC1(C)C[C@@H](NC(=O)c2ccccc2N)c2cc(-c3ccc(Cl)cc3)c(-c3ccc(Cl)cc3Cl)nc2O1,3,0.0,0.0,0.0
CCc1cc(C(=O)N[C@@H]2CC(C)(C)Oc3nc(-c4ccc(Cl)cc4Cl)c(-c4ccc(Cl)cc4)cc32)n[nH]1,3,0.0,0.0,0.0
Cc1c[nH]nc1C(=O)N[C@@H]1CC(C)(C)Oc2nc(-c3ccc(Cl)cc3Cl)c(-c3ccc(Cl)cc3)cc21,3,0.0,0.0,0.0
Cc1[nH]nc(C(=O)N[C@@H]2CC(C)(C)Oc3nc(-c4ccc(Cl)cc4Cl)c(-c4ccc(Cl)cc4)cc32)c1C,3,0.0,0.0,0.0
CC1(C)C[C@@H](NC(=O)c2n[nH]c3c2CCC3)c2cc(-c3ccc(Cl)cc3)c(-c3ccc(Cl)cc3Cl)nc2O1,3,0.0,0.0,0.0
CC1(C)C[C@@H](NC(=O)c2cn[nH]c2)c2cc(-c3ccc(Cl)cc3)c(-c3ccc(Cl)cc3Cl)nc2O1,3,0.0,1.0,0.0
Cc1n[nH]cc1C(=O)N[C@@H]1CC(C)(C)Oc2nc(-c3ccc(Cl)cc3Cl)c(-c3ccc(Cl)cc3)cc21,3,0.0,0.0,0.0
Cc1n[nH]c(C)c1C(=O)N[C@@H]1CC(C)(C)Oc2nc(-c3ccc(Cl)cc3Cl)c(-c3ccc(Cl)cc3)cc21,3,0.0,0.0,0.0
Cc1nc(C(=O)N[C@@H]2CC(C)(C)Oc3nc(-c4ccc(Cl)cc4Cl)c(-c4ccc(Cl)cc4)cc32)n[nH]1,3,0.0,0.0,0.0
CC1(C)C[C@@H](NC(=O)c2n[nH]c3ccccc23)c2cc(-c3ccc(Cl)cc3)c(-c3ccc(Cl)cc3Cl)nc2O1,3,0.0,0.0,0.0
CC1(C)C[C@@H](NC(=O)c2ccc3[nH]ncc3c2)c2cc(-c3ccc(Cl)cc3)c(-c3ccc(Cl)cc3Cl)nc2O1,3,0.0,1.0,0.0
CC1(C)C[C@@H](NC(=O)c2cccc3[nH]ncc23)c2cc(-c3ccc(Cl)cc3)c(-c3ccc(Cl)cc3Cl)nc2O1,3,0.0,0.0,0.0
CC(=O)N[C@@H]1CC(C)(C)Oc2nc(-c3ccc(Cl)cc3Cl)c(-c3ccc(Cl)cc3)cc21,3,0.0,1.0,0.0
CC(=O)N[C@H]1CC(C)(C)Oc2nc(-c3ccc(Cl)cc3Cl)c(-c3ccc(Cl)cc3)cc21,3,0.0,0.0,0.0
CC1(C)C[C@@H](NC(=O)CC(O)(C(F)(F)F)C(F)(F)F)c2cc(-c3ccc(Cl)cc3)c(-c3ccc(Cl)cc3Cl)nc2O1,3,0.0,0.0,0.0
CC1(C)C[C@H](NC(=O)CC(O)(C(F)(F)F)C(F)(F)F)c2cc(-c3ccc(Cl)cc3)c(-c3ccc(Cl)cc3Cl)nc2O1,3,0.0,0.0,0.0
Cc1cc(C(=O)N[C@@H]2CC(C)(C)Oc3nc(-c4ccc(Cl)cc4Cl)c(-c4ccc(Cl)cc4)cc32)n[nH]1,4,0.0,1.0,0.0
CC(C)(O)C(=O)NC1CC2(CCCCC2)Oc2nc(-c3ccccc3Cl)c(-c3ccc(Cl)cc3)cc21,2,0.0,0.0,1.0
C[C@H](O)C(=O)NC1CC2(CCCCC2)Oc2nc(-c3ccccc3Cl)c(-c3ccc(Cl)cc3)cc21,2,0.0,0.0,1.0
C[C@@H](O)C(=O)NC1CC2(CCCCC2)Oc2nc(-c3ccccc3Cl)c(-c3ccc(Cl)cc3)cc21,2,0.0,0.0,1.0
CC1(C)CC(NC(=O)CO)c2cc(-c3ccc(Cl)cc3)c(-c3ccccc3Cl)nc2O1,2,0.0,0.0,1.0
CC1(C)CC(NC(=O)CO)c2cc(-c3ccc(Cl)cc3)c(-c3ccc(Cl)cc3Cl)nc2O1,2,0.0,0.0,1.0
CC1(C)CC(NC(=O)C(C)(C)CO)c2cc(-c3ccc(Cl)cc3)c(-c3ccc(Cl)cc3Cl)nc2O1,2,0.0,0.0,1.0
CC1(C)CC(NC(=O)CCO)c2cc(-c3ccc(Cl)cc3)c(-c3ccc(Cl)cc3Cl)nc2O1,3,0.0,1.0,1.0
C[C@@H](O)C(=O)NC1CC(C)(C)Oc2nc(-c3ccc(Cl)cc3Cl)c(-c3ccc(Cl)cc3)cc21,3,0.0,1.0,1.0
CC1(C)CC(C(N)=O)c2cc(-c3ccc(Cl)cc3)c(-c3ccc(Cl)cc3Cl)nc2O1,2,0.0,0.0,1.0
CC(C)(CO)NC(=O)C1CC(C)(C)Oc2nc(-c3ccc(Cl)cc3Cl)c(-c3ccc(Cl)cc3)cc21,2,0.0,0.0,1.0
CN1c2nc(-c3ccc(Cl)cc3Cl)c(-c3ccc(Cl)cc3)cc2C(C(=O)NCO)CC1(C)C,3,0.0,1.0,1.0
C[C@@H](O)NC(=O)C1CC(C)(C)N(C)c2nc(-c3ccc(Cl)cc3Cl)c(-c3ccc(Cl)cc3)cc21,2,0.0,0.0,1.0
CCN1CCN(C(=O)c2cn3c4c(cccc24)OC[C@H]3C2CCCCC2)CC1,2,0.0,0.0,1.0
COc1cccc2c(C(=O)N3C[C@@H](C)N(C)[C@@H](C)C3)cn(CC3CCCCC3)c12,3,0.0,0.0,1.0
C[C@H]1CN(C(=O)c2cn3c4c(cccc24)OC[C@H]3C2CCCCC2)CCN1C,2,0.0,0.0,1.0
CS(=O)(=O)NCCCn1c(C(=O)N2CCC(C(N)=O)(N3CCC(F)(F)CC3)CC2)cc(-c2ccc(Cl)cc2Cl)c1-c1ccc(Cl)cc1,3,0.0,0.0,0.0
CC(NC(=O)C(C)(C)Oc1ccc(C(F)(F)F)cn1)C(C)(Cc1ccc(Cl)cc1)c1cccc(Br)c1,2,0.0,0.0,1.0
CCCCCn1cc(C(=O)NC23CC4CC(CC(C4)C2)C3)c(=O)c2cc(I)ccc21,2,0.0,0.0,0.0
CCCCCn1cc(C(=O)NC23CC4CC(CC(C4)C2)C3)c(=O)c2cc(-c3ccco3)ccc21,3,0.0,0.0,0.0
CCCCCn1cc(C(=O)NC23CC4CC(CC(C4)C2)C3)c(=O)c2cc(-c3cccs3)ccc21,2,0.0,0.0,0.0
CCCCCn1cc(C(=O)NC23CC4CC(CC(C4)C2)C3)c(=O)c2cc(-c3ccc(O)cc3)ccc21,2,0.0,0.0,0.0
CCCCCn1cc(C(=O)NC23CC4CC(CC(C4)C2)C3)c(=O)c2cc(C3=CCCCC3)ccc21,2,0.0,0.0,0.0
CCCCCn1cc(C(=O)NC23CC4CC(CC(C4)C2)C3)c(=O)c2cc(-c3ccc(Cl)cc3)ccc21,2,0.0,0.0,0.0
CCCCCn1cc(C(=O)NC23CC4CC(CC(C4)C2)C3)c(=O)c2cc(-c3ccc(F)cc3F)ccc21,2,0.0,0.0,0.0
CCCCCn1cc(C(=O)NC23CC4CC(CC(C4)C2)C3)c(=O)c2cc(-c3ccc(Cl)s3)ccc21,2,0.0,0.0,0.0
CCCCCn1cc(C(=O)NC23CC4CC(CC(C4)C2)C3)c(=O)c2cc(-c3ccc(C#N)cc3)ccc21,2,0.0,0.0,0.0
CCCCCn1cc(C(=O)NC23CC4CC(CC(C4)C2)C3)c(=O)c2cc(-c3cc(C)c(OC)c(C)c3)ccc21,2,0.0,0.0,1.0
C#Cc1ccc2c(c1)c(=O)c(C(=O)NC13CC4CC(CC(C4)C1)C3)cn2CCCCC,2,0.0,0.0,0.0
CCCCCn1cc(C(=O)NC23CC4CC(CC(C4)C2)C3)c(=O)c2cc(-n3ccnc3)ccc21,2,0.0,0.0,0.0
CCCCCn1cc(C(=O)NC23CC4CC(CC(C4)C2)C3)c(=O)c2cc(C3CCCCC3)ccc21,2,0.0,0.0,0.0
CCCCCn1cc(C(=O)NC23CC4CC(CC(C4)C2)C3)c(=O)c2cc(CC)ccc21,2,0.0,0.0,1.0
CCCCCn1cc(C(=O)NC23CC4CC(CC(C4)C2)C3)c(=O)c2cc(CCc3ccccc3)ccc21,2,0.0,0.0,0.0
C#CCn1cc(C(=O)NC23CC4CC(CC(C4)C2)C3)c(=O)c2cc(Br)ccc21,2,0.0,0.0,0.0
C=CCCn1cc(C(=O)NC23CC4CC(CC(C4)C2)C3)c(=O)c2cc(-c3ccco3)ccc21,2,0.0,0.0,0.0
CCCCCC1=NN(C(=O)Nc2cccc3ccccc23)CC1c1ccccc1,2,0.0,0.0,1.0
CCCCCC1=NN(C(=O)NCc2ccccc2)CC1c1ccccc1,2,0.0,0.0,1.0
CCCCCC1=NN(C(=O)NCC2CCCCC2)CC1c1ccccc1,2,0.0,0.0,1.0
CCCCCC1=NN(C(=O)NCC23CC4CC(CC(C4)C2)C3)CC1c1ccccc1,2,0.0,0.0,1.0
CCCCCC1=NN(C(=O)NC[C@@H]2CC[C@H]3C[C@@H]2C3(C)C)CC1c1ccccc1,2,0.0,0.0,1.0
CCCCCC1=NN(C(=O)NC2C3CC4CC(C3)CC2C4)CC1c1ccccc1,2,0.0,0.0,1.0
CCCCCC1=NN(C(=O)NC23CC4CC(CC(C4)C2)C3)CC1c1ccccc1,2,0.0,0.0,1.0
CCCCCC1=NN(C(=O)NC(C)(C)c2ccccc2)CC1c1ccccc1,2,0.0,0.0,1.0
CCCCCC1=NN(C(=O)N[C@H]2C[C@H]3CC[C@]2(C)C3(C)C)CC1c1ccccc1,8,0.0,0.0,1.0
CCCCC1=NN(C(=O)NC(C)(C)c2ccccc2)CC1c1ccccc1,2,0.0,0.0,1.0
CCCCC1=NN(C(=O)NC(C)(C)c2ccc(F)cc2)CC1c1cccc(F)c1,2,0.0,0.0,1.0
CCCCC1=NN(C(=O)NC(C)(C)c2ccc(F)cc2)CC1c1ccccc1F,2,0.0,0.0,1.0
CCCCC1=NN(C(=O)NC(C)(C)c2ccccc2)CC1c1ccsc1,2,0.0,0.0,1.0
CCCCCC1=NN(C(=O)NC2CCCCC2)CC1c1ccccc1,2,0.0,0.0,0.0
CCCCCC1=NN(C(=O)NC2CCCCCC2)CC1c1ccccc1,2,0.0,0.0,0.0
CCCCCC1=NN(C(=O)NC2CCCCCCC2)CC1c1ccccc1,2,0.0,0.0,0.0
CCCCCC1=NN(C(=O)NC2CCCc3ccccc32)CC1c1ccccc1,2,0.0,0.0,0.0
CCCCCC1=NN(C(=O)Nc2ccccc2C(F)(F)F)CC1c1ccccc1,2,0.0,0.0,0.0
CCCCCC1=NN(C(=O)c2cccc3ccccc23)CC1c1ccccc1,2,0.0,0.0,1.0
CCCCC1=NN(C(=O)NC(C)(C)c2ccccc2)C(C)(C)C1c1ccccc1,2,0.0,0.0,1.0
CCCCC1=NN(C(=O)N[C@H]2C[C@H]3CC[C@]2(C)C3(C)C)C(C)(C)C1c1ccccc1,2,0.0,0.0,1.0
CCCCCN1N=C(C(=O)NC2C3CC4CC(C3)CC2C4)CC1c1ccccc1,3,0.0,0.0,1.0
CCCCCN1N=C(C(=O)NC(C)(C)c2ccc(F)cc2)CC1c1ccccc1,3,0.0,0.0,1.0
CCCCCN1N=C(C(=O)N[C@H]2C[C@H]3CC[C@]2(C)C3(C)C)CC1c1ccccc1,3,0.0,0.0,1.0
CCCCCN1N=C(C(=O)N[C@H]2C[C@H]3CC[C@]2(C)C3(C)C)CC1c1ccccc1F,3,0.0,0.0,1.0
O=C(Cc1ccccc1)NC1CCN(CCCN2C(=O)COc3ccccc32)CC1,2,0.0,0.0,0.0
C[C@H]1Cc2c([nH]c3cc(Cl)c(F)cc23)[C@@]2(N1)C(=O)Nc1ccc(Cl)cc12,5,0.0,0.0,0.0
Cc1c(C(=O)NCCCCCCCCCCCN(C)CCCCCCCCCCCN)nn(-c2ccc(Cl)cc2Cl)c1-c1ccc(Cl)cc1,5,0.0,0.0,0.0
Cc1c(C(=O)NCCCCCCCCCN(C)CCCCCCCCCN)nn(-c2ccc(Cl)cc2Cl)c1-c1ccc(Cl)cc1,5,0.0,0.0,0.0
Cc1c(C(=O)NCCCCCCCN(C)CCCCCCCN)nn(-c2ccc(Cl)cc2Cl)c1-c1ccc(Cl)cc1,5,0.0,0.0,0.0
Cc1c(C(=O)NCCCCCN(C)CCCCCN)nn(-c2ccc(Cl)cc2Cl)c1-c1ccc(Cl)cc1,5,0.0,0.0,0.0
Cc1c(C(=O)NCCCCCCCCCCCN(C)CCCCCCCCCCCNC(=O)c2nn(-c3ccc(Cl)cc3Cl)c(-c3ccc(Cl)cc3)c2C)nn(-c2ccc(Cl)cc2Cl)c1-c1ccc(Cl)cc1,5,0.0,0.0,0.0
Cc1c(C(=O)NCCCCCCCCCN(C)CCCCCCCCCNC(=O)c2nn(-c3ccc(Cl)cc3Cl)c(-c3ccc(Cl)cc3)c2C)nn(-c2ccc(Cl)cc2Cl)c1-c1ccc(Cl)cc1,6,0.0,0.0,0.0
Cc1c(C(=O)NCCCCCCCN(C)CCCCCCCNC(=O)c2nn(-c3ccc(Cl)cc3Cl)c(-c3ccc(Cl)cc3)c2C)nn(-c2ccc(Cl)cc2Cl)c1-c1ccc(Cl)cc1,6,0.0,0.0,0.0
Cc1c(C(=O)NCCCCCN(C)CCCCCNC(=O)c2nn(-c3ccc(Cl)cc3Cl)c(-c3ccc(Cl)cc3)c2C)nn(-c2ccc(Cl)cc2Cl)c1-c1ccc(Cl)cc1,6,0.0,0.0,0.0
Cc1c(C(=O)NCCCCCCCCCCCNCCCCCCCCCCCN)nn(-c2ccc(Cl)cc2Cl)c1-c1ccc(Cl)cc1,5,0.0,0.0,1.0
Cc1c(C(=O)NCCCCCCCCCNCCCCCCCCCN)nn(-c2ccc(Cl)cc2Cl)c1-c1ccc(Cl)cc1,5,0.0,0.0,1.0
Cc1c(C(=O)NCCCCCCCNCCCCCCCN)nn(-c2ccc(Cl)cc2Cl)c1-c1ccc(Cl)cc1,5,0.0,0.0,1.0
Cc1c(C(=O)NCCCCCNCCCCCN)nn(-c2ccc(Cl)cc2Cl)c1-c1ccc(Cl)cc1,5,0.0,0.0,1.0
Cc1c(C(=O)NCCCNCCCN)nn(-c2ccc(Cl)cc2Cl)c1-c1ccc(Cl)cc1,4,0.0,0.0,0.0
Cc1c(C(=O)NCCCCCCCCCCCNCCCCCCCCCCCNC(=O)c2nn(-c3ccc(Cl)cc3Cl)c(-c3ccc(Cl)cc3)c2C)nn(-c2ccc(Cl)cc2Cl)c1-c1ccc(Cl)cc1,5,0.0,0.0,1.0
Cc1c(C(=O)NCCCCCCCCCNCCCCCCCCCNC(=O)c2nn(-c3ccc(Cl)cc3Cl)c(-c3ccc(Cl)cc3)c2C)nn(-c2ccc(Cl)cc2Cl)c1-c1ccc(Cl)cc1,6,0.0,0.0,0.0
Cc1c(C(=O)NCCCCCCCNCCCCCCCNC(=O)c2nn(-c3ccc(Cl)cc3Cl)c(-c3ccc(Cl)cc3)c2C)nn(-c2ccc(Cl)cc2Cl)c1-c1ccc(Cl)cc1,9,0.0,0.0,1.0
Cc1c(C(=O)NCCCCCNCCCCCNC(=O)c2nn(-c3ccc(Cl)cc3Cl)c(-c3ccc(Cl)cc3)c2C)nn(-c2ccc(Cl)cc2Cl)c1-c1ccc(Cl)cc1,6,0.0,0.0,0.0
Cc1c(C(=O)NCCCNCCCNC(=O)c2nn(-c3ccc(Cl)cc3Cl)c(-c3ccc(Cl)cc3)c2C)nn(-c2ccc(Cl)cc2Cl)c1-c1ccc(Cl)cc1,6,0.0,0.0,0.0
Cc1c(C(=O)NCCNCCNC(=O)c2nn(-c3ccc(Cl)cc3Cl)c(-c3ccc(Cl)cc3)c2C)nn(-c2ccc(Cl)cc2Cl)c1-c1ccc(Cl)cc1,6,0.0,0.0,0.0
Cc1c(C(=O)NCCNCCN)nn(-c2ccc(Cl)cc2Cl)c1-c1ccc(Cl)cc1,4,0.0,0.0,0.0
CCN1CCN(C(=O)c2cn(CC3CCCCC3)c3c(OC)cccc23)CC1.O=C(O)/C=C\C(=O)O,3,0.0,0.0,1.0
O=C(O)CCC(=O)/C=C/c1ccc2ccccc2c1,3,0.0,0.0,0.0
O=C(O)CCCC(=O)/C=C/c1ccc2ccccc2c1,3,0.0,0.0,0.0
COc1ccc(/C=C/C(=O)CCC(=O)N2CCCCC2)cc1OC,3,0.0,0.0,0.0
COc1ccc(/C=C/C(=O)CCC(=O)NCCO)cc1OC,3,0.0,0.0,0.0
COc1ccc(/C=C/C(=O)CCC(=O)Nc2ccc(O)cc2)cc1,3,0.0,0.0,0.0
O=C(/C=C/c1ccc2ccccc2c1)CCC(=O)N1CCCCC1,3,0.0,0.0,0.0
O=C(/C=C/c1ccc2ccccc2c1)CCC(=O)NCCO,3,0.0,0.0,0.0
O=C(/C=C/c1ccc2ccccc2c1)CCC(=O)Nc1ccc(O)cc1,3,0.0,0.0,0.0
O=C(/C=C/c1ccc2ccccc2c1)CCC(=O)NC1CC1,3,0.0,0.0,0.0
CCOC(=O)CNC(=O)CCC(=O)/C=C/c1ccc2ccccc2c1,3,0.0,0.0,0.0
O=C(/C=C/c1ccc2ccccc2c1)CCC(=O)N(CCO)CCO,3,0.0,0.0,0.0
C[C@H](CO)NC(=O)CCC(=O)/C=C/c1ccc2ccccc2c1,3,0.0,0.0,0.0
O=C(/C=C/c1ccc2ccccc2c1)CCCC(=O)N1CCCCC1,3,0.0,0.0,0.0
O=C(/C=C/c1ccc2ccccc2c1)CCCC(=O)NCCO,3,0.0,0.0,0.0
O=C(/C=C/c1ccc2ccccc2c1)CCCC(=O)NC1CC1,3,0.0,0.0,0.0
CCOC(=O)CNC(=O)CCCC(=O)/C=C/c1ccc2ccccc2c1,3,0.0,0.0,0.0
C[C@@H](CO)NC(=O)CCCC(=O)/C=C/c1ccc2ccccc2c1,3,0.0,0.0,0.0
O=C(/C=C/c1ccc(-c2ccccc2)cc1)CCC(=O)NCCO,3,0.0,0.0,0.0
O=C(CCC(=O)NCCO)CCc1ccc(-c2ccccc2)cc1,3,0.0,0.0,0.0
O=C(CCC(=O)N1CCOCC1)c1ccc(-c2ccccc2)cc1,3,0.0,0.0,0.0
FC(F)(F)c1cccc(-c2c[nH]c(-c3cccc(CN4CCOCC4)c3)n2)c1,3,0.0,0.0,0.0
OCC1(N2CCC(n3c(N4CC5CNCC5C4)nc4ccccc43)CC2)CCCCCCC1,2,0.0,0.0,0.0
N#Cc1c(Oc2cccc(OS(=O)(=O)CCCC(F)(F)F)c2)cccc1C(F)(F)F,2,0.0,0.0,1.0
Cc1ccc2c(c1)Cc1c(C(=O)NN3CCCCC3)nn(-c3ccc(Cl)cc3Cl)c1-2,3,0.0,0.0,1.0
CCCCCn1cc(C(=O)NC23CC4CC(CC(C4)C2)C3)c(=O)c2cccc(C)c21,2,0.0,0.0,0.0
COCCn1c(C)c(C)s/c1=N\C(=O)C1C(C)(C)C1(C)C,2,0.0,0.0,1.0
CC1(Cc2ccccc2)COc2cc(C(=O)N3CCCCC3)ccc21,5,0.0,0.0,0.0
O=C(NCCO)C1CCN(Cc2nc(-c3cn(CC4CCOCC4)c4c(Cl)cccc34)no2)CC1,3,0.0,0.0,1.0
CN(CC(=O)NCCO)Cc1nc(-c2cn(CC3CCOCC3)c3c(Cl)cccc23)no1,2,0.0,0.0,1.0
CN(CC(N)=O)Cc1nc(-c2cn(CC3CCOCC3)c3c(Cl)cccc23)no1,3,0.0,0.0,1.0
COc1ccc(S(=O)(=O)N2CCOCC2)cc1NC(=O)c1cc2c(s1)CCCCCC2,2,0.0,0.0,0.0
O=C(Nc1cccc(S(=O)(=O)N2CCOCC2)c1)c1ccc(N2CCCC2=O)cc1,2,0.0,0.0,0.0
COc1ccc(S(=O)(=O)N2CCOCC2)cc1NC(=O)c1ccc2c(c1)OCO2,2,0.0,0.0,0.0
CCCc1cc(C(=O)Nc2cc(S(=O)(=O)N3CCOCC3)ccc2OC)sc1C,2,0.0,0.0,0.0
Cc1cccc(N2CCN(C(=O)c3cccc(S(=O)(=O)N(C)C)c3)CC2)c1C,2,0.0,0.0,0.0
COc1ccc(S(=O)(=O)N2CCOCC2)cc1NC(=O)c1ccc(Cl)cc1,2,0.0,0.0,0.0
COc1ccc(S(=O)(=O)N2CCOCC2)cc1NC(=O)c1ccc(-n2nc(C)cc2C)cc1,2,0.0,0.0,0.0
Cc1ccccc1N1CCN(C(=O)c2cc(S(=O)(=O)N3CCCCC3)ccc2N2CCCC2)CC1,2,0.0,0.0,0.0
CCc1sc(C(=O)Nc2cc(S(=O)(=O)N3CCOCC3)ccc2OC)cc1C,2,0.0,0.0,0.0
Cc1ccc(-c2csc(NC(=O)CSc3nnc4cc(C)c5ccccc5n34)n2)cc1,2,0.0,0.0,0.0
O=C(Nc1cc(S(=O)(=O)N2CCOCC2)ccc1N1CCCC1)c1cc2c(s1)CCCC2,2,0.0,0.0,0.0
COc1ccc2c(c1)cc(C)c1nnc(SCC(=O)Nc3nc(C)cs3)n12,2,0.0,0.0,0.0
CCC1CCc2sc(C(=O)Nc3cc(S(=O)(=O)N4CCOCC4)ccc3OC)cc2C1,2,0.0,0.0,0.0
CCc1cc(C(=O)Nc2cc(S(=O)(=O)N3CCOCC3)ccc2OC)sc1C,2,0.0,0.0,0.0
CCN(CC)S(=O)(=O)c1ccc(N2CCC(C)CC2)c(C(=O)N2CCN(c3ccccc3)CC2)c1,2,0.0,0.0,0.0
O=C(Nc1cc(S(=O)(=O)N2CCOCC2)ccc1OCC(F)(F)F)c1ccc(N2CCCC2=O)cc1,2,0.0,0.0,0.0
COc1ccc(-c2csc(NC(=O)CSc3nnc4c(C)cc5cc6c(cc5n34)OCO6)n2)cc1,2,0.0,0.0,0.0
Cc1ccc2cc(C)c3nnc(SCC(=O)N(C)c4nc(-c5ccccc5)cs4)n3c2c1,2,0.0,0.0,0.0
Cc1cc2cc3c(cc2n2c(SCC(=O)Nc4nc(-c5ccccc5)cs4)nnc12)OCO3,2,0.0,0.0,0.0
COc1ccc(S(=O)(=O)N2CCOCC2)cc1NC(=O)c1ccc(OCC(C)C)c(OC)c1,2,0.0,0.0,0.0
COc1ccc(S(=O)(=O)N2CCOCC2)cc1NC(=O)c1ccc(OC(F)F)cc1,2,0.0,0.0,0.0
CN(C)S(=O)(=O)c1ccc(Cl)c(C(=O)N2CCN(c3ccc([N+](=O)[O-])cc3)CC2)c1,2,0.0,0.0,0.0
Cc1ccc(Cl)cc1N1CCN(C(=O)c2cc(S(=O)(=O)N(C)C)ccc2N2CCCC2)CC1,2,0.0,0.0,0.0
Cc1cccc(N2CCN(C(=O)c3cccc(S(=O)(=O)N4CCCCC4)c3)CC2)c1C,2,0.0,0.0,0.0
COc1ccc(S(=O)(=O)N2CCOCC2)cc1NC(=O)c1cc2c(s1)CCCCC2,2,0.0,0.0,0.0
O=C(Nc1cccc(S(=O)(=O)N2CCOCC2)c1)c1cc2c(s1)CCCC2,2,0.0,0.0,0.0
Cc1cc2cc3c(cc2n2c(SCC(=O)Nc4nc(-c5ccccc5)cs4)nnc12)OCCO3,2,0.0,0.0,0.0
COc1ccc(-c2csc(NC(=O)CSc3nnc4c(C)cc5cc6c(cc5n34)OCCO6)n2)cc1,2,0.0,0.0,0.0
CC(C)Oc1ccc(S(=O)(=O)N2CCOCC2)cc1NC(=O)c1cc2ccccc2s1,2,0.0,0.0,0.0
CN(C)S(=O)(=O)c1ccc(N2CCCC2)c(C(=O)N2CCN(c3cccc(Cl)c3)CC2)c1,2,0.0,0.0,0.0
CN(C)S(=O)(=O)c1ccc(N2CCCC2)c(C(=O)N2CCN(c3ccccc3)CC2)c1,2,0.0,0.0,0.0
Cc1cccc(N2CCN(C(=O)c3cc(S(=O)(=O)N(C)C)ccc3Cl)CC2)c1C,2,0.0,0.0,0.0
CCN(CC)S(=O)(=O)c1ccc(N2CCCCC2)c(C(=O)N2CCN(c3ccccc3)CC2)c1,2,0.0,0.0,0.0
CC(C)Oc1ccc(S(=O)(=O)N2CCOCC2)cc1NC(=O)c1cc2c(s1)CCCCC2,2,0.0,0.0,0.0
CCOc1ccc(S(=O)(=O)N2CCOCC2)cc1NC(=O)c1ccc(N2CCCC2=O)cc1,2,0.0,0.0,0.0
COc1ccc(S(=O)(=O)N2CCOCC2)cc1NC(=O)c1sc2cccc(F)c2c1C,2,0.0,0.0,0.0
CCOc1ccccc1N1CCN(C(=O)c2cc(S(=O)(=O)N(C)C)ccc2N2CCCC2)CC1,2,0.0,0.0,0.0
O=C(Nc1cc(S(=O)(=O)N2CCOCC2)ccc1Cl)c1cc2c(s1)CCCC2,2,0.0,0.0,0.0
Cc1cccc(N2CCN(C(=O)c3cccc(S(=O)(=O)N4CCOCC4)c3)CC2)c1C,2,0.0,0.0,0.0
CCCCC1(Cc2cccc([N+](=O)[O-])c2)C(=O)N(c2ccccc2)N(c2ccccc2)C1=O,2,0.0,0.0,0.0
Cc1ccc2c(c1)C(c1ccc(O)cc1)(c1ccc(O)cc1)C(=O)N2C,2,0.0,0.0,0.0
COC(=O)C1=C(N)c2c(F)cccc2C1(C#N)c1ccc(F)cc1,2,0.0,0.0,0.0
COc1ccc(CNCCC(c2ccccc2)c2ccc3c(c2)OCO3)cc1,2,0.0,0.0,0.0
Cc1cccc(-c2cc(C(=O)Nc3sc(C)c(C)c3C(N)=O)c3ccccc3n2)c1,2,0.0,0.0,0.0
COc1ccc(NC(=O)c2cnn3c(O)cc(C4CCN(C(=O)OC(C)(C)C)CC4)nc23)cc1Cl,2,0.0,0.0,0.0
COc1ccc(S(=O)(=O)Nc2ccc(F)cc2)cc1N(C)S(=O)(=O)c1ccc(Cl)cc1,2,0.0,0.0,0.0
Cc1cccc2c1NC(=O)C2(c1ccc(O)cc1)c1ccc(O)cc1,2,0.0,0.0,0.0
Cc1cccn2c(=O)c3cc(C(=O)NCc4ccco4)c(=N)n(C4CCCC4)c3nc12,2,0.0,0.0,0.0
COc1ccc(-c2c(C(F)(F)F)n[nH]c2-c2ccc(O)cc2O)cc1,2,0.0,0.0,0.0
COC(=O)C1=C(N)c2ccccc2C1(C#N)c1ccccc1,2,0.0,0.0,0.0
O=C(c1ccco1)N1CCN(c2nc(C3CC3)nc3sc4c(c23)CCCC4)CC1,2,0.0,0.0,0.0
Cc1n[nH]c(-c2ccc(O)cc2O)c1-c1ccc(Cl)cc1,2,0.0,0.0,0.0
COc1ccc(CNCCC(c2ccc(F)cc2)c2ccc(OC)cc2)cc1,2,0.0,0.0,0.0
Cc1ccc2nc3c(cc(C(=O)NCc4ccco4)c(=N)n3C3CCCC3)c(=O)n2c1,2,0.0,0.0,0.0
Cc1nc(N2CCN(C(=O)c3ccco3)CC2)c2c3c(sc2n1)CC(C)CC3,3,0.0,0.0,0.0
CCN1C(=O)C(c2ccc(O)cc2)(c2ccc(O)cc2)c2ccccc21,2,0.0,0.0,0.0
CCOC(=O)c1cc2c(=O)n3ccccc3nc2n(Cc2ccccc2)c1=N,3,0.0,0.0,0.0
Cc1cc(C)c2nc(-c3ccccn3)cc(C(=O)Nc3ccc(S(=O)(=O)Nc4cc(C)on4)cc3)c2c1,2,0.0,0.0,0.0
COc1ccc(S(=O)(=O)Nc2ccc(C)cc2)cc1N(C)S(=O)(=O)c1ccc(Cl)cc1,2,0.0,0.0,0.0
Cc1nc(N2CCN(C(=O)c3ccco3)CC2)c2c3c(sc2n1)CCCC3,2,0.0,0.0,0.0
Cc1cc(C)c2nc(-c3cccnc3)cc(C(=O)Nc3ccc(S(=O)(=O)Nc4onc(C)c4C)cc3)c2c1,2,0.0,0.0,0.0
O=C(N1CCC(n2nc(-c3ccccc3)oc2=O)CC1)C1(c2ccc(Cl)cc2)CC1,2,0.0,0.0,0.0
CC(C)(C)OC(=O)N1CCC(c2cc(O)n3ncc(C(=O)Nc4ccc(F)c(Cl)c4)c3n2)CC1,2,0.0,0.0,0.0
CC1=CC(C)(C)N2C(=O)C3(SCC(=O)N3c3ccc(F)cc3)c3cc(C)cc1c32,2,0.0,0.0,0.0
Cc1n[nH]c(-c2ccc(O)c(C)c2O)c1Oc1ccccc1,2,0.0,0.0,0.0
COc1ccc(NS(=O)(=O)c2ccc3[nH]c(COc4cccc5ccccc45)nc3c2)cc1,2,0.0,0.0,0.0
Cc1cccn2c(=O)c3cc(C(=O)NC4CCCC4)c(=N)n(C4CCCC4)c3nc12,2,0.0,0.0,0.0
Cc1nnc(-c2cccc(Br)c2)c2cn(-c3ccc(Br)cc3)nc12,2,0.0,0.0,0.0
Cc1cc(OCC(=O)Nc2ccc(S(=O)(=O)NC3=NCCCCC3)cc2)c(C(C)C)cc1Cl,2,0.0,0.0,0.0
Cc1ccc(-n2cc3c(-c4cccc(Br)c4)nnc(C)c3n2)cc1,2,0.0,0.0,0.0
CC(C)(C)NS(=O)(=O)c1ccc(NC(=O)C(Sc2ccccc2)c2ccccc2)cc1,2,0.0,0.0,0.0
Cc1ccc(C2(C(=O)N3CCC(n4nc(-c5ccccc5)oc4=O)CC3)CC2)cc1,2,0.0,0.0,0.0
Cc1cc(C)c2nc(-c3ccccn3)cc(C(=O)Nc3ccc(S(=O)(=O)Nc4onc(C)c4C)cc3)c2c1,3,0.0,0.0,0.0
COC(=O)C1=C(N)c2c(F)cccc2C1(C#N)c1ccccc1,2,0.0,0.0,0.0
CCC(C)NS(=O)(=O)c1ccc(NC(=O)C(Sc2ccccc2)c2ccccc2)cc1,2,0.0,0.0,0.0
CC1=CC(C)(C)N2C(=O)C3(SCC(=O)N3c3ccc(O)cc3)c3cc(C)cc1c32,2,0.0,0.0,0.0
CCCCC1(Cc2ccc(OC)c([N+](=O)[O-])c2)C(=O)N(c2ccccc2)N(c2ccccc2)C1=O,2,0.0,0.0,0.0
CNC(=O)c1cc2c(=O)n3ccccc3nc2n(C2CCCC2)c1=N,2,0.0,0.0,0.0
CC(C)(C)c1ccc(-c2c(-c3nc4ccccc4[nH]3)n[nH]c2-c2ccccc2)cc1,2,0.0,0.0,1.0
Oc1ccc(-c2[nH]nc(C(F)(F)F)c2-c2ccccc2)c(O)c1,2,0.0,0.0,0.0
CCOc1ccc(-c2n[nH]c(C)c2-c2ccccc2)c(O)c1,2,0.0,0.0,0.0
CCOc1ccc(-c2n[nH]c(C)c2-c2ccc(OC)cc2)c(O)c1,2,0.0,0.0,1.0
COc1ccc(-n2cc3c(-c4cccc(Br)c4)nnc(C)c3n2)cc1,2,0.0,0.0,1.0
O=C(Nc1ccc(S(=O)(=O)Nc2nccs2)cc1)c1cc(-c2cccs2)nc2ccccc12,2,0.0,0.0,0.0
Cc1nnc(-c2cccc3ccccc23)c2cn(-c3cccc(Br)c3)nc12,2,0.0,0.0,1.0
Cc1ccc2nc3c(cc(C(=O)NC4CCCC4)c(=N)n3C3CCCC3)c(=O)n2c1,2,0.0,0.0,0.0
O=C(Nc1ccc(S(=O)(=O)Nc2nccs2)cc1)c1cc(-c2ccccc2)nc2ccccc12,2,0.0,0.0,0.0
O=C(Cc1ccccc1F)N1CCC(n2nc(-c3ccccc3)oc2=O)CC1,2,0.0,0.0,0.0
Cc1ccc(-n2cc3c(-c4ccccc4)nnc(C)c3n2)cc1,2,0.0,0.0,0.0
Cc1nc(N2CCN(C(=O)C3CCCCC3)CC2)c2c3c(sc2n1)CCCC3,2,0.0,0.0,0.0
Cc1ccc(-c2nnc(C)c3nn(-c4ccccc4)cc23)cc1,2,0.0,0.0,0.0
N=c1c(C(=O)NC2CCCC2)cc2c(=O)n3ccccc3nc2n1C1CCCC1,2,0.0,0.0,0.0
Cc1ccc(C(C)C(=O)N2CCC(n3nc(-c4ccccc4)oc3=O)CC2)cc1,2,0.0,0.0,0.0
O=C(Cc1ccc2c(c1)OCO2)N1CCC(n2nc(-c3ccccc3)oc2=O)CC1,2,0.0,0.0,0.0
Cc1ccc(-c2cc(C(=O)Nc3ccc(S(=O)(=O)Nc4nccs4)cc3)c3ccccc3n2)c(C)c1,2,0.0,0.0,0.0
Cc1ccc2nc(-c3ccccn3)cc(C(=O)Nc3ccc(S(=O)(=O)N4CCOCC4)cc3)c2c1,2,0.0,0.0,0.0
Cc1nc(N2CCN(C(=O)C(C)C)CC2)c2c3c(sc2n1)CCCC3,2,0.0,0.0,0.0
COc1ccc(C2(C(=O)N3CCC(n4nc(-c5ccccc5)oc4=O)CC3)CC2)cc1,2,0.0,0.0,0.0
CCOc1ccc(CC(=O)N2CCC(n3nc(-c4ccccc4)oc3=O)CC2)cc1,2,0.0,0.0,0.0
N=c1c(C(=O)NCc2cccnc2)cc2c(=O)n3ccccc3nc2n1C1CCCC1,2,0.0,0.0,0.0
CC(C)NC(=O)c1cc2c(=O)n3ccccc3nc2n(C2CCCC2)c1=N,2,0.0,0.0,0.0
N=c1c(C(=O)NCc2ccccc2)cc2c(=O)n3ccccc3nc2n1C1CCCC1,2,0.0,0.0,0.0
COc1ccc(-c2cc(C(=O)Nc3ccc(S(=O)(=O)Nc4ncccn4)cc3)c3ccccc3n2)cc1,2,0.0,0.0,0.0
COc1ccc(-c2nnc(C)c3nn(-c4ccc(Cl)cc4)cc23)cc1,2,0.0,0.0,0.0
COc1ccc(-c2[nH]nc(C)c2-c2ccc(Cl)cc2)c(O)c1,4,0.0,0.0,1.0
N=c1c(C(=O)NCc2ccco2)cc2c(=O)n3ccccc3nc2n1C1CCCC1,2,0.0,0.0,0.0
N=c1c(C(=O)NCCc2ccccc2)cc2c(=O)n3ccccc3nc2n1C1CCCC1,2,0.0,0.0,0.0
Cc1nc(N2CCN(C(=O)c3ccc4c(c3)OCCO4)CC2)c2c3c(sc2n1)CCCC3,2,0.0,0.0,0.0
CCN(CC)S(=O)(=O)c1ccc(NC(=O)c2cc(-c3ccccc3)nc3ccccc23)cc1,2,0.0,0.0,1.0
Cc1nc(N2CCN(C(=O)c3ccncc3)CC2)c2c3c(sc2n1)CC(C)CC3,2,0.0,0.0,0.0
Cc1ccc(-c2cc(C(=O)Nc3ccc(S(=O)(=O)Nc4cc(C)on4)cc3)c3ccccc3n2)c(C)c1,2,0.0,0.0,0.0
Cc1nc(N2CCN(C(=O)C3CC3)CC2)c2c3c(sc2n1)CC(C)CC3,2,0.0,0.0,0.0
Cc1ccc(-n2cc3c(-c4ccc(Cl)cc4)nnc(C)c3n2)cc1,2,0.0,0.0,1.0
Cc1nc(N2CCN(C(=O)c3cccs3)CC2)c2c3c(sc2n1)CCCC3,2,0.0,0.0,0.0
Cc1nc(N2CCN(C(=O)NCc3ccccc3)CC2)c2c3c(sc2n1)CCCC3,2,0.0,0.0,0.0
Cc1nc(N2CCN(C(=O)COc3ccccc3C)CC2)c2c3c(sc2n1)CCCC3,2,0.0,0.0,0.0
O=C(N1CCC(n2nc(-c3ccccc3)oc2=O)CC1)C1(c2ccccc2)CC1,2,0.0,0.0,0.0
COCCCNC(=O)c1cc2c(=O)n3ccccc3nc2n(C2CCCC2)c1=N,2,0.0,0.0,0.0
N=c1c(C(=O)NC2CCCCC2)cc2c(=O)n3ccccc3nc2n1C1CCCC1,2,0.0,0.0,0.0
COc1ccc(-n2cc3c(-c4ccc(-c5ccccc5)cc4)nnc(C)c3n2)cc1,2,0.0,0.0,0.0
COc1ccc(-c2cc(C(=O)Nc3ccc(S(=O)(=O)Nc4onc(C)c4C)cc3)c3ccccc3n2)cc1,2,0.0,0.0,0.0
COc1ccc(-c2nnc(C)c3nn(-c4ccc(C)cc4)cc23)cc1,2,0.0,0.0,0.0
Cc1cc(C)nc(NS(=O)(=O)c2ccc(NC(=O)c3cc(-c4ccccc4)nc4ccccc34)cc2)n1,2,0.0,0.0,0.0
O=C(N1CCC(n2nc(-c3ccccc3)oc2=O)CC1)C1(c2ccccc2)CCCC1,2,0.0,0.0,0.0
Cc1nc(N2CCN(C(=O)c3ccccc3)CC2)c2c3c(sc2n1)CC(C)CC3,2,0.0,0.0,0.0
CCN(CC)S(=O)(=O)c1ccc(NC(=O)c2cc(-c3cccs3)nc3ccccc23)cc1,2,0.0,0.0,1.0
N=c1c(C(=O)NCCN2CCOCC2)cc2c(=O)n3ccccc3nc2n1C1CCCC1,2,0.0,0.0,0.0
Cc1[nH]nc(-c2ccc(OCCN3CCOCC3)cc2O)c1-c1ccc(Cl)cc1,2,0.0,0.0,0.0
CCNC(=O)c1cc2c(=O)n3ccccc3nc2n(C2CCCC2)c1=N,2,0.0,0.0,0.0
Cc1nc(N2CCN(C(=O)C3CCCO3)CC2)c2c3c(sc2n1)CCCC3,2,0.0,0.0,0.0
Cc1[nH]nc(-c2ccc(O)cc2O)c1-c1ccc(Br)cc1,2,0.0,0.0,1.0
Cc1cccc(OCC(=O)N2CCN(c3nc(C)nc4sc5c(c34)CCCC5)CC2)c1,2,0.0,0.0,0.0
Cc1nnc(-c2cccc(Br)c2)c2cn(-c3ccccc3)nc12,2,0.0,0.0,0.0
O=C(Cc1ccc(F)cc1)N1CCC(n2nc(-c3ccccc3)oc2=O)CC1,2,0.0,0.0,0.0
Cc1nnc(-c2ccc(Cl)cc2)c2cn(-c3ccccc3)nc12,2,0.0,0.0,0.0
Cc1nc(N2CCN(C(=O)c3ccc4c(c3)nc(C)n4C)CC2)c2c3c(sc2n1)CC(C)CC3,2,0.0,0.0,0.0
Cc1ccc(-c2nnc(C)c3nn(-c4ccc(C)cc4)cc23)cc1,2,0.0,0.0,0.0
Cc1nnc(-c2ccccc2)c2cn(-c3ccc(Cl)cc3)nc12,2,0.0,0.0,0.0
COc1ccc(-c2c(-c3ccc(OCCN4CCOCC4)cc3O)n[nH]c2C)cc1,2,0.0,0.0,0.0
Cc1noc(NS(=O)(=O)c2ccc(NC(=O)c3cc(-c4ccccc4Cl)nc4ccccc34)cc2)c1C,2,0.0,0.0,0.0
O=C(Nc1ccc(S(=O)(=O)Nc2nccs2)cc1)c1cc(-c2ccncc2)nc2ccccc12,2,0.0,0.0,0.0
C=CCN(CC=C)S(=O)(=O)c1ccc(NC(=S)NC(=O)c2ccc(-c3ccccc3)cc2)cc1,3,0.0,0.0,0.0
Cc1cccc(N2CCN(C(=O)c3cc(S(=O)(=O)N(C)C)ccc3N3CCCC3)CC2)c1C,2,0.0,0.0,0.0
COc1ccccc1/C=C/C(=O)NC(=S)Nc1ccc(S(=O)(=O)N(C)c2ccccc2)cc1,2,0.0,0.0,0.0
CC(C)NS(=O)(=O)c1ccc(NC(=S)NC(=O)c2ccc(-c3ccccc3)cc2)cc1,3,0.0,0.0,0.0
COc1ccc2cc(C)c3nnc(SCC(=O)Nc4nc(-c5ccc(F)cc5)cs4)n3c2c1,2,0.0,0.0,0.0
CCCCc1ccc(NC(=O)N2CCCN(C(=O)CCC3CCCC3)CC2)cc1,4,0.0,0.0,0.0
CC(C)(C)c1ccc(NC(=O)N2CCCN(C(=O)CCC3CCCC3)CC2)cc1,2,0.0,0.0,0.0
CC(C)(C)c1ccc(NC(=O)N2CCCN(C(=O)c3ccc(Cl)cc3)CC2)cc1,2,0.0,0.0,0.0
CC(C)CCC(=O)N1CCCN(C(=O)Nc2ccc(C(C)(C)C)cc2)CC1,2,0.0,0.0,0.0
CC(C)(C)c1ccc(NC(=O)N2CCCN(C(=O)c3ccc(C(F)(F)F)cc3)CC2)cc1,2,0.0,0.0,0.0
CC(C)(C)c1cc(NC(=O)N2CCCN(C(=O)C3CCOCC3)CC2)no1,2,0.0,0.0,0.0
CC(C)(C)c1cc(NC(=O)N2CCCN(C(=O)C3CCOCC3)CC2)on1,2,0.0,0.0,0.0
CC(C)(C)c1cc(NC(=O)N2CCCN(C(=O)CN3CCS(=O)(=O)CC3)CC2)no1,2,0.0,0.0,0.0
CC(C)(C)c1cc(NC(=O)N2CCCN(C(=O)N3CCS(=O)(=O)CC3)CC2)no1,2,0.0,0.0,0.0
CCc1cccc2c(-c3nc(CN4CCCC4)cs3)cn(CC3CCOCC3)c12.Cl,2,0.0,1.0,1.0
CCc1cccc2c(-c3nc(CN(CC)CC)cs3)cn(CC3CCOCC3)c12.Cl,2,0.0,0.0,1.0
Fc1cccc2c(-c3nc(CN4CCCC4)cs3)cn(CC3CCOCC3)c12,2,0.0,0.0,1.0
CCN(CC)Cc1csc(-c2cn(CC3CCOCC3)c3c(F)cccc23)n1,2,0.0,1.0,1.0
Cl.Clc1cccc2c(-c3nc(CN4CCCC4)cs3)cn(CC3CCOCC3)c12,2,0.0,1.0,1.0
CCN(CC)Cc1csc(-c2cn(CC3CCOCC3)c3c(Cl)cccc23)n1.Cl,2,0.0,1.0,1.0
COCCN(C)Cc1csc(-c2cn(CC3CCCCC3)c3c(Cl)cccc23)n1.Cl,2,0.0,1.0,1.0
COCCN(C)Cc1csc(-c2cn(CC3CCOCC3)c3c(Cl)cccc23)n1.Cl,2,0.0,1.0,1.0
CN(CCO)Cc1csc(-c2cn(CC3CCOCC3)c3c(Cl)cccc23)n1,2,0.0,0.0,1.0
CCN(CCO)Cc1csc(-c2cn(CC3CCOCC3)c3c(Cl)cccc23)n1,2,0.0,1.0,1.0
CC(C)N(CCO)Cc1csc(-c2cn(CC3CCOCC3)c3c(Cl)cccc23)n1,2,0.0,1.0,1.0
OC1CCN(Cc2csc(-c3cn(CC4CCOCC4)c4c(Cl)cccc34)n2)CC1,2,0.0,0.0,1.0
COC1CCN(Cc2csc(-c3cn(CC4CCOCC4)c4c(Cl)cccc34)n2)CC1,2,0.0,0.0,1.0
Clc1cccc2c(-c3nc(CN4CCOCC4)cs3)cn(CC3CCOCC3)c12,2,0.0,0.0,1.0
Cl.OCCN(CCO)Cc1csc(-c2cn(CC3CCOCC3)c3c(Cl)cccc23)n1,2,0.0,0.0,1.0
CCc1sc(-c2cn(CC3CCOCC3)c3c(Cl)cccc23)nc1CN(C)CCO.Cl,2,0.0,1.0,1.0
CCc1sc(-c2cn(CC3CCOCC3)c3c(Cl)cccc23)nc1CN(CC)CCO.Cl,2,0.0,1.0,1.0
CCc1sc(-c2cn(CC3CCOCC3)c3c(Cl)cccc23)nc1CN(CCO)C(C)C.Cl,2,0.0,1.0,1.0
CC(C)N(CCO)Cc1nc(-c2cn(CC3CCOCC3)c3c(Cl)cccc23)sc1Cl.Cl,2,0.0,1.0,1.0
O=C(c1cccc(Cl)c1Cl)c1nc(CN2CCOCC2)c2ccccn12,2,0.0,0.0,0.0
O=C(c1cccc(F)c1C(F)(F)F)c1nc(CN2CCOCC2)c2ccccn12,2,0.0,0.0,0.0
O=C(c1cccc(Cl)c1Cl)c1nc(CN2CCC(F)(F)CC2)c2ccccn12,2,0.0,0.0,0.0
O=C(Nc1cccc(C(F)(F)F)n1)c1nc(CN2CCC(F)(F)CC2)c2ccccn12,2,0.0,0.0,0.0
O=C(Nc1cccc(C(F)(F)F)n1)c1nc(CN2CCS(=O)(=O)CC2)c2ccccn12,2,0.0,0.0,0.0
O=C(NCC1(CO)CCCC1)c1nc(CN2CCC(F)(F)CC2)n2ccccc12,2,0.0,0.0,0.0
O=C(N[C@H](c1ccccn1)C(F)(F)F)c1nc(N2CCOCC2)n2ccccc12,2,0.0,0.0,0.0
Cc1ccc(C(F)(F)F)cc1Cn1c(C(=O)NCCC(C)(C)O)cc2cc(C#N)ccc21,2,0.0,0.0,1.0
COc1ccc(C(F)(F)F)cc1Cn1c(C(=O)NCC(C)(C)O)cc2cc(C#N)ccc21,2,0.0,0.0,1.0
CC(C)(O)CCNC(=O)c1cc2cc(C#N)ccc2n1Cc1cccc(OC(F)(F)F)c1,2,0.0,0.0,1.0
COc1ccc(OC(F)(F)F)cc1Cn1c(C(=O)NCC(C)(C)O)cc2cc(C#N)ccc21,2,0.0,0.0,1.0
COc1ccc(OC(F)(F)F)cc1Cn1c(C(=O)NCC(C)(C)CO)cc2cc(C#N)ccc21,2,0.0,0.0,1.0
CC(C)(CO)CNC(=O)c1cc2cc(C#N)ccc2n1Cc1cccc(OC(F)(F)F)c1,2,0.0,0.0,1.0
O=C(c1csc(-c2ccncc2)n1)N1CCC(O)(c2ccccc2)[C@@H]2CCCC[C@@H]21,12,0.0,0.0,0.0
O=C(c1cccc2[nH]ncc12)N1CCC(O)(c2ccccc2)[C@@H]2CCCC[C@@H]21,4,0.0,0.0,0.0
O=C(c1ccccc1)N1CC[C@](O)(c2ccccc2)[C@H]2CCCC[C@@H]21,2,0.0,0.0,0.0
O=C(c1ccc(Cl)cc1)N1CC[C@](O)(c2ccccc2)[C@H]2CCCC[C@@H]21,2,0.0,0.0,0.0
O=C(c1ccc2ccccc2n1)N1CC[C@](O)(c2ccccc2)[C@H]2CCCC[C@@H]21,2,0.0,0.0,0.0
O=C(c1cccc2[nH]ccc12)N1CC[C@](O)(c2ccccc2)[C@H]2CCCC[C@@H]21,2,0.0,0.0,0.0
O=C(c1cc(-c2ccccc2F)[nH]n1)N1CC[C@](O)(c2ccccc2)[C@H]2CCCC[C@@H]21,2,0.0,0.0,0.0
CN1CCC(C(=O)N2CC[C@](O)(c3ccccc3)[C@H]3CCCC[C@@H]32)C1,2,0.0,0.0,0.0
O=C(c1ccccc1)N1CC[C@](O)(c2ccccc2)[C@H]2CCCC[C@H]21,2,0.0,0.0,0.0
O=C(c1ccc(Cl)cc1)N1CC[C@](O)(c2ccccc2)[C@H]2CCCC[C@H]21,2,0.0,0.0,0.0
O=C(c1ccc2ccccc2n1)N1CC[C@](O)(c2ccccc2)[C@H]2CCCC[C@H]21,2,0.0,0.0,0.0
O=C(c1cccc2[nH]ccc12)N1CC[C@](O)(c2ccccc2)[C@H]2CCCC[C@H]21,2,0.0,0.0,0.0
O=C(c1cc(-c2ccccc2F)[nH]n1)N1CC[C@](O)(c2ccccc2)[C@H]2CCCC[C@H]21,2,0.0,0.0,0.0
CN1CCC(C(=O)N2CC[C@](O)(c3ccccc3)[C@H]3CCCC[C@H]32)C1,2,0.0,0.0,0.0
O=C(c1cnc2ccccc2c1)N1CC[C@@](O)(c2ccccc2)[C@@H]2CCCC[C@@H]21,2,0.0,0.0,0.0
O=C(c1ccc2ncccc2c1)N1CC[C@@](O)(c2ccccc2)[C@@H]2CCCC[C@@H]21,2,0.0,0.0,0.0
O=C(c1ccc2cnccc2n1)N1CC[C@@](O)(c2ccccc2)[C@@H]2CCCC[C@@H]21,2,0.0,0.0,0.0
O=C(c1ccc2[nH]ccc2c1)N1CC[C@@](O)(c2ccccc2)[C@@H]2CCCC[C@@H]21,2,0.0,0.0,0.0
O=C(c1cccc2[nH]cnc12)N1CC[C@@](O)(c2ccccc2)[C@@H]2CCCC[C@@H]21,2,0.0,0.0,0.0
O=C(c1cccc2[nH]ncc12)N1CC[C@@](O)(c2ccccc2)[C@@H]2CCCC[C@@H]21,2,0.0,0.0,0.0
Cc1ccc(C(=O)N2CC[C@@](O)(c3ccccc3)[C@@H]3CCCC[C@@H]32)cn1,3,0.0,0.0,0.0
CN1CCOC[C@H]1C(=O)N1CC[C@@](O)(c2ccccc2)[C@@H]2CCCC[C@@H]21,2,0.0,0.0,0.0
O=C(c1cnco1)N1CC[C@@](O)(c2ccccc2)[C@@H]2CCCC[C@@H]21,2,0.0,0.0,0.0
O=C(C1CN(CC(F)(F)F)CCO1)N1CC[C@@](O)(c2ccccc2)[C@@H]2CCCC[C@@H]21,2,0.0,0.0,0.0
Cc1cc(C(N)=O)ccc1-n1c(CCC(=O)O)ccc1-c1ccc(-n2ccnc2)cc1,2,0.0,0.0,0.0
CCS(=O)(=O)c1ccc2c(c1)nc(C(C)(C)C)n2CC1CC1,3,0.0,0.0,0.0
CCCCC/C=C\C/C=C\C/C=C\C/C=C\CCCCOC(CO)COC(=O)CCCCCNC(=O)CCCC[C@@H]1SC[C@@H]2NC(=O)N[C@@H]21,3,0.0,0.0,0.0
CCC(CC)Nc1nc(C)c(-c2ccc(OC(F)(F)F)cc2OC)nc1OC,2,0.0,0.0,0.0
C/C=C/C=C/C=C/c1c(O)cc(CC=C(C)C)c(O)c1C=O,2,0.0,0.0,0.0
C=CCN1CC[C@]23c4c5ccc(O)c4O[C@H]2C(=O)CC[C@@]3(O)[C@H]1C5,6,0.0,0.0,0.0
CCCCCn1cc(C(=O)NC23CC4CC(CC(C4)C2)C3)c(=O)c2cccc(OC)c21,2,0.0,0.0,0.0
CCC1COc2cccc3c(=O)c(C(=O)NC45CC6CC(CC(C6)C4)C5)cn1c23,2,0.0,0.0,1.0
CCCCCc1cc(O)c(C/C=C(\C)CCC=C(C)C)c(O)c1,6,0.0,0.0,1.0
CCCCCc1cc(O)c(C/C=C(\C)CC/C=C(\C)CCC=C(C)C)c(O)c1,2,0.0,0.0,1.0
CCCCCn1cc(C(=O)c2cccc3ccccc23)c2ccccc21,13,0.0,0.0,0.0
CCCCCn1cc(C(=O)Nc2cccc3ccccc23)c2ccccc21,2,0.0,0.0,1.0
CCCCCn1cc(C(=O)Nc2ccc3ccccc3c2)c2ccccc21,2,0.0,0.0,0.0
COCCn1cc(C(=O)Nc2cccc3ccccc23)c2ccccc21,2,0.0,0.0,0.0
COCCn1cc(C(=O)Nc2ccc3ccccc3c2)c2ccccc21,2,0.0,0.0,0.0
CCCCCn1cc(C(=O)c2cccc3ccccc23)c2cccnc21,2,0.0,0.0,1.0
COCCn1cc(C(=O)c2cccc3ccccc23)c2cccnc21,2,0.0,0.0,0.0
CCCCCn1cc(C(=O)c2cccc3ccccc23)c2ccncc21,2,0.0,0.0,1.0
COCCn1cc(C(=O)c2cccc3ccccc23)c2ccncc21,2,0.0,0.0,0.0
CCCCCn1cc(C(=O)c2cccc3ccccc23)c2cnccc21,2,0.0,0.0,1.0
COc1cc2c(cc1OC)CN(CCCCn1cc(-c3ccc(F)cc3)c3ccccc31)CC2,2,0.0,0.0,0.0
CCOC(=O)/C(=C/c1cn(CCN2CCCCC2)c2ccccc12)C(=O)c1ccccc1,3,0.0,0.0,0.0
N#C/C(=C\c1cn(CCN2CCOCC2)c2ccccc12)S(=O)(=O)c1ccccc1,3,0.0,0.0,0.0
CCOC(=O)/C(=C/c1cn(CCN2CCOCC2)c2ccccc12)C(=O)c1ccccc1,3,0.0,0.0,0.0
N#C/C(=C\c1cn(CCN2CCCCC2)c2ccccc12)S(=O)(=O)c1ccccc1,2,0.0,0.0,0.0
O=C1CN(Cc2ccc(-c3ccc(F)c(CN4CCS(=O)(=O)CC4)n3)cc2)C(=O)N1C1CC1,2,0.0,0.0,0.0
CCN1C(=O)CN(Cc2ccc(-c3cccc(CC4CCCCC4)n3)cc2)C1=O,2,0.0,0.0,0.0
CC(C)CN1C(=O)CN(Cc2ccc(-c3ccc(F)c(CN4CCS(=O)(=O)CC4)n3)cc2)C1=O,2,0.0,0.0,0.0
CC(C)CN1C(=O)CN(Cc2ccc(-c3cccc(CN4CCS(=O)(=O)CC4)n3)cc2)C1=O,2,0.0,0.0,0.0
CC(C)CN1C(=O)CN(Cc2ccc(-c3ccc(F)c(CN4CCCC(F)(F)C4)n3)cc2)C1=O,2,0.0,0.0,0.0
CC(C)CN1C(=O)CN(Cc2ccc(-c3cccc(CN4CCCC(F)(F)C4)n3)cc2)C1=O,2,0.0,0.0,0.0
CC(C)CN1C(=O)CN(Cc2ccc(-c3ccc(F)c(CN4CCOCC4)n3)cc2)C1=O,2,0.0,0.0,0.0
CC(C)CN1C(=O)CN(Cc2ccc(-c3ccc(F)c(CN4CCCC(F)C4)n3)cc2)C1=O,2,0.0,0.0,0.0
CC(C)CN1C(=O)CN(Cc2ccc(-c3cccc(CN4CCCC(F)C4)n3)cc2)C1=O,2,0.0,0.0,0.0
CC(C)CN1C(=O)CN(Cc2ccc(-c3ccc(F)c(CN4CCCC(C)C4)n3)cc2)C1=O,2,0.0,0.0,0.0
CC(C)CN1C(=O)CN(Cc2ccc(-c3cccc(CN4CCCC(C)C4)n3)cc2)C1=O,2,0.0,0.0,0.0
O=C1CN(Cc2ccc(-c3ccc(F)c(CN4CCCCC4)n3)cc2)C(=O)N1CC(F)F,2,0.0,0.0,0.0
O=C1CN(Cc2ccc(-c3ccc(F)c(CN4CCCCC4)n3)cc2)C(=O)N1CC1CCC1,2,0.0,0.0,0.0
O=C1CN(Cc2ccc(-c3ccc(F)c(CN4CCCCC4)n3)cc2)C(=O)N1CC1CC1,2,0.0,0.0,0.0
O=C1CN(Cc2ccc(-c3ccc(F)c(CN4CCCCC4)n3)cc2)C(=O)N1C1CC1,2,0.0,0.0,0.0
CC(C)CN1C(=O)CN(Cc2ccc(-c3ccc(F)c(CN4CCCCC4)n3)cc2)C1=O,2,0.0,0.0,0.0
CCCN1C(=O)CN(Cc2ccc(-c3ccc(F)c(CN4CCCCC4)n3)cc2)C1=O,2,0.0,0.0,0.0
CCN1C(=O)CN(Cc2ccc(-c3ccc(F)c(CN4CCCCC4)n3)cc2)C1=O,2,0.0,0.0,0.0
O=C1CN(Cc2ccc(-c3cccc(CN4CCCCC4)n3)cc2)C(=O)N1CC(F)(F)F,2,0.0,0.0,0.0
O=C1CN(Cc2ccc(-c3cccc(CN4CCCCC4)n3)cc2)C(=O)N1CC(F)F,2,0.0,0.0,0.0
O=C1CN(Cc2ccc(-c3cccc(CN4CCCCC4)n3)cc2)C(=O)N1CC1CC1,2,0.0,0.0,0.0
O=C1CN(Cc2ccc(-c3cccc(CN4CCCCC4)n3)cc2)C(=O)N1C1CCC1,2,0.0,0.0,0.0
O=C1CN(Cc2ccc(-c3cccc(CN4CCCCC4)n3)cc2)C(=O)N1C1CC1,2,0.0,0.0,0.0
CC(C)N1C(=O)CN(Cc2ccc(-c3cccc(CN4CCCCC4)n3)cc2)C1=O,2,0.0,0.0,0.0
CN1C(=O)CN(Cc2ccc(-c3cccc(CN4CCCCC4)n3)cc2)C1=O,2,0.0,0.0,0.0
CCN1C(=O)CN(Cc2ccc(-c3cccc(CN4CCCCC4)n3)cc2)C1=O,2,0.0,0.0,0.0
CCCN1C(=O)CN(Cc2ccc(-c3cccc(CN4CCCCC4)n3)cc2)C1=O,2,0.0,0.0,0.0
CC(C)CN1C(=O)CN(Cc2ccc(-c3cccc(CN4CCCCC4)n3)cc2)C1=O,3,0.0,0.0,0.0
Cc1c(C(=O)Nc2ccc(C)[n+](C)c2)nn(-c2ccc(Cl)cc2Cl)c1-c1ccc(Cl)cc1.[I-],3,0.0,0.0,0.0
Cc1c(C(=O)Nc2cc[n+]([O-])cc2)nn(-c2ccc(Cl)cc2Cl)c1-c1ccc(Cl)cc1,3,0.0,0.0,0.0
Cc1c(C(=O)NCCCCCCCNS(C)(=O)=O)nn(-c2ccc(Cl)cc2Cl)c1-c1ccc(Cl)cc1,3,0.0,0.0,0.0
Cc1c(C(=O)NCC2CCC(CNS(N)(=O)=O)CC2)nn(-c2ccc(Cl)cc2Cl)c1-c1ccc(Cl)cc1,3,0.0,0.0,0.0
Cc1c(C(=O)NC[C@H]2CC[C@@H](CNS(N)(=O)=O)CC2)nn(-c2ccc(Cl)cc2Cl)c1-c1ccc(Cl)cc1,3,0.0,0.0,0.0
Cc1ccc(NC(=O)c2nn(-c3ccc(Cl)cc3Cl)c(-c3ccc(Cl)cc3)c2C)cn1,3,0.0,0.0,0.0
Cc1c(C(=O)NCC2CCC(CNS(C)(=O)=O)CC2)nn(-c2ccc(Cl)cc2Cl)c1-c1ccc(Cl)cc1,3,0.0,0.0,0.0
Cc1c(C(=O)NCCCCCCCNS(N)(=O)=O)nn(-c2ccc(Cl)cc2Cl)c1-c1ccc(Cl)cc1,3,0.0,0.0,0.0
Cc1c(C(=O)NC[C@H]2CC[C@@H](CNS(C)(=O)=O)CC2)nn(-c2ccc(Cl)cc2Cl)c1-c1ccc(Cl)cc1,3,0.0,0.0,0.0
COc1ccc2cc3[n+](cc2c1OC)CCc1cc2c(cc1-3)OCO2.[Cl-],4,0.0,0.0,0.0
O=C(O)CCNC(=O)c1ccccc1,6,0.0,0.0,0.0
Brc1c(NC2=NCCN2)ccc2nccnc12,6,0.0,0.0,0.0
CCCCN1CCCCC1C(=O)Nc1c(C)cccc1C.Cl,10,0.0,0.0,0.0
CO[C@H]1[C@@H](O)[C@H](N)[C@@H](O[C@H]2O[C@H]([C@H](C)N)CC[C@H]2N)[C@H](O)[C@@H]1N(C)C(=O)CN,4,0.0,0.0,0.0
[N-]=[N+]=CC(=O)OC[C@H](N)C(=O)O,4,0.0,0.0,0.0
CC(C)(C)CC(C)(C)c1ccc(OCCOCC[N+](C)(C)Cc2ccccc2)cc1.[Cl-],5,0.0,1.0,0.0
O=C(/C=C/c1ccc(O)c(O)c1)OCCc1ccccc1,4,0.0,0.0,0.0
ClC(Cl)(Cl)Cl,4,0.0,0.0,0.0
Cc1cc(=O)n(-c2ccccc2)n1C,7,0.0,0.0,0.0
CC(C)(Oc1ccc(CCNC(=O)c2ccc(Cl)cc2)cc1)C(=O)O,7,0.0,0.0,0.0
CC(NC(C)(C)C)C(=O)c1cccc(Cl)c1,8,0.0,0.0,0.0
NC(=O)N1c2ccccc2C=Cc2ccccc21,5,0.0,0.0,0.0
CC(C)NCC(O)COc1ccc(CC(N)=O)cc1,5,0.0,0.0,0.0
CN1C(=O)COc2c(C(=O)NC3CN4CCC3CC4)cc(Cl)cc21,6,0.0,0.0,0.0
O=C(O)CCNC(=O)c1ccc(/N=N/c2ccc(O)c(C(=O)O)c2)cc1,5,0.0,0.0,0.0
c1ccc2c(c1)cc1ccc3cccc4ccc2c1c34,4,0.0,0.0,0.0
Cn1c(=O)c2c(ncn2C)n(C)c1=O,9,0.0,0.0,0.0
N=C(N)NCCCCNC(=N)N.O=S(=O)(O)O,4,0.0,0.0,0.0
CCCC[C@@H](CC)COC(=O)c1ccccc1C(=O)OC[C@@H](CC)CCCC,4,0.0,0.0,0.0
O=C1CC2(CCCC2)CC(=O)N1CCCCN1CCN(c2ncccn2)CC1,6,0.0,0.0,0.0
CCOC(=O)n1ccn(C)c1=S,5,0.0,0.0,0.0
CC(C)c1c(C(=O)Nc2ccccc2)c(-c2ccccc2)c(-c2ccc(F)cc2)n1CC[C@@H](O)C[C@@H](O)CC(=O)O,7,0.0,0.0,0.0
Cn1cnc([N+](=O)[O-])c1Sc1ncnc2[nH]cnc12,7,0.0,0.0,0.0
CN(C)C(=O)Oc1cc(OC(=O)N(C)C)cc(C(O)CNC(C)(C)C)c1,4,0.0,0.0,0.0
c1ccc2c(c1)c1cccc3ccc4cccc2c4c31,4,0.0,0.0,0.0
CS(=O)(=O)OCCCCOS(C)(=O)=O,6,0.0,0.0,0.0
CC[C@@]1(O)C(=O)OCc2c1cc1n(c2=O)Cc2cc3ccccc3nc2-1,4,0.0,0.0,0.0
CO[C@H]1O[C@@H]2O[C@@]3(C)CC[C@H]4[C@H](C)CC[C@@H]([C@H]1C)[C@@]24OO3,4,0.0,0.0,0.0
C[C@]12CC[C@@H]3c4ccc(OC(=O)c5ccccc5)cc4CC[C@H]3[C@@H]1CC[C@@H]2O,4,0.0,0.0,0.0
CC(C)C(Br)C(=O)NC(N)=O,4,0.0,0.0,0.0
C=C1[C@@H]2CCC3[C@@](CC[C@@H]4[C@H](C(=O)O)C[C@@H](O[C@@H]5O[C@H](CO)[C@@H](OS(=O)(=O)[O-])[C@H](OS(=O)(=O)[O-])[C@H]5OC(=O)CC(C)C)C[C@@]34C)(C2)[C@@H]1O.[K+].[K+],4,0.0,0.0,0.0
O=c1cnn([C@@H]2O[C@H](CO)[C@@H](O)[C@H]2O)c(=O)[nH]1,4,0.0,0.0,0.0
CC(C)(C)c1ccc(S(=O)(=O)/C=C/C#N)cc1,5,0.0,0.0,0.0
CCOC(=O)c1ccc(N)cc1,5,0.0,0.0,0.0
CCCCOC(=O)c1ccc(N)cc1,6,0.0,0.0,0.0
CCOc1nc2cccc(C(=O)O)c2n1Cc1ccc(-c2ccccc2-c2nnn[nH]2)cc1,8,0.0,0.0,0.0
O=c1cc(-c2ccccc2)oc2ccc3ccccc3c12,4,0.0,0.0,0.0
CC(C)(c1ccc(O)cc1)c1ccc(O)cc1,5,0.0,0.0,0.0
Brc1ccccc1,4,0.0,0.0,0.0
C[C@H]1C[C@H]2[C@@H]3CCC4=CC(=O)C=C[C@]4(C)[C@@]3(Cl)[C@@H](O)C[C@]2(C)[C@@]1(O)C(=O)CO,5,0.0,0.0,0.0
CN(Cc1ccc(C(C)(C)C)cc1)Cc1cccc2ccccc12,5,0.0,0.0,0.0
C[C@@]12C(=O)OC(=O)[C@]1(C)[C@H]1CC[C@@H]2O1,4,0.0,0.0,0.0
COc1ccc(C(=O)N2CCCC2=O)cc1,6,0.0,0.0,0.0
CNCCc1ccccn1,6,0.0,0.0,0.0
CC1(C)S[C@@H]2[C@H](NC(=O)[C@H](NC(=O)N3CCNC3=O)c3ccccc3)C(=O)N2[C@H]1C(=O)O,6,0.0,0.0,0.0
c1ccc2sc(SSc3nc4ccccc4s3)nc2c1,5,0.0,0.0,0.0
CC(N)Cc1c[nH]c2ccc(OCc3cccs3)cc12,4,0.0,0.0,0.0
COc1ccc(C2C(=O)c3ccccc3C2=O)cc1,5,0.0,0.0,0.0
CN1[C@@H]2CC[C@H]1C[C@@H](OC(c1ccccc1)c1ccccc1)C2,7,0.0,0.0,0.0
Cc1c(N)nc([C@H](CC(N)=O)NC[C@H](N)C(N)=O)nc1C(=O)N[C@H](C(=O)N[C@H](C)[C@@H](O)[C@H](C)C(=O)N[C@H](C(=O)NCCc1nc(-c2nc(C(=O)NCCC[S+](C)C)cs2)cs1)[C@@H](C)O)[C@@H](O[C@@H]1O[C@@H](CO)[C@@H](O)[C@H](O)[C@@H]1O[C@H]1O[C@H](CO)[C@@H](O)[C@H](OC(N)=O)[C@@H]1O)c1c[nH]cn1.[Br-],4,0.0,0.0,0.0
Nc1ncn([C@@H]2O[C@H](CO)[C@@H](O)[C@H]2O)c(=O)n1,5,0.0,0.0,0.0
C[C@H]1[C@H](NC(=O)/C(=N\OC(C)(C)C(=O)O)c2csc(N)n2)C(=O)N1S(=O)(=O)O,6,0.0,0.0,0.0
CC(C(=O)O)c1ccc2oc(-c3ccc(Cl)cc3)nc2c1,6,0.0,0.0,0.0
COc1ccc(C[C@H]2NC[C@H](O)[C@H]2OC(C)=O)cc1,4,0.0,0.0,0.0
C[C@H]1C[C@H]2[C@@H]3CCC4=CC(=O)C=C[C@]4(C)[C@@]3(F)[C@@H](O)C[C@]2(C)[C@@]1(O)C(=O)COP(=O)(O)O,4,0.0,0.0,0.0
Cc1cc2c(OCC(CNC(C)(C)C)OC(=O)c3ccccc3)cccc2[nH]1,6,0.0,0.0,0.0
COc1cc(OC)c(C(=O)CCCN2CCCC2)c(OC)c1,6,0.0,0.0,0.0
CC[C@H](C)[C@H](N)C1=N[C@H](C(=O)N[C@@H](CC(C)C)C(=O)N[C@H](CCC(=O)O)C(=O)N[C@H](C(=O)N[C@H]2CCCCNC(=O)[C@H](CC(N)=O)NC(=O)[C@@H](CC(=O)O)NC(=O)[C@H](Cc3cnc[nH]3)NC(=O)[C@@H](Cc3ccccc3)NC(=O)[C@H]([C@@H](C)CC)NC(=O)[C@@H](CCCN)NC2=O)[C@@H](C)CC)CS1,4,0.0,0.0,0.0
CCc1oc2ccccc2c1C(=O)c1cc(Br)c(O)c(Br)c1,7,0.0,0.0,0.0
C[N+](C)(C)CCOC(N)=O.[Cl-],4,0.0,0.0,0.0
CCCCCC[C@H]1C(=O)O[C@H](C)[C@H](NC(=O)c2cccc(NC=O)c2O)C(=O)O[C@@H](C)[C@@H]1OC(=O)CC(C)C,4,0.0,0.0,0.0
CN(C)c1nc(N(C)C)nc(N(C)C)n1,7,0.0,0.0,0.0
Cn1c(=O)c2[nH]cnc2n(C)c1=O.Cn1c(=O)c2[nH]cnc2n(C)c1=O.NCCN,4,0.0,0.0,0.0
CC(C)(C#N)c1cc(Cn2cncn2)cc(C(C)(C)C#N)c1,6,0.0,0.0,0.0
C[C@](O)(CS(=O)(=O)c1ccc(F)cc1)C(=O)Nc1ccc(C#N)c(C(F)(F)F)c1,4,0.0,0.0,0.0
c1ccc(Cn2ccnc2)cc1,4,0.0,0.0,0.0
N[C@@H](Cc1ccc(F)cc1)C(=O)O,5,0.0,0.0,0.0
O=c1[nH]c2ccccc2c2ccccc12,4,0.0,0.0,0.0
Clc1ccc2c(c1)C(N1CCNCC1)=Nc1ccccc1O2,9,0.0,0.0,0.0
CC(=O)Nc1cccc(O)c1,4,0.0,0.0,0.0
Nc1nc(N)c2nc(CNc3ccc(C(=O)N[C@@H](CCC(=O)O)C(=O)O)cc3)cnc2n1,4,0.0,0.0,0.0
CC1(C)S[C@@H]2[C@H](NC(=O)[C@H](N)c3ccc(O)cc3)C(=O)N2[C@H]1C(=O)O,6,0.0,0.0,0.0
Cc1onc(O)c1CC(N)C(=O)O,4,0.0,0.0,0.0
S=C=Nc1cccc2ccccc12,4,0.0,0.0,0.0
Cc1cn[nH]c1,5,0.0,0.0,0.0
CC[C@H](C)[C@H]1O[C@]2(C=C[C@@H]1C)C[C@@H]1C[C@@H](C/C=C(\C)[C@@H](O[C@H]3C[C@H](OC)[C@@H](O[C@H]4C[C@H](OC)[C@@H](O)[C@H](C)O4)[C@H](C)O3)[C@@H](C)/C=C/C=C3\CO[C@@H]4[C@H](O)C(C)=C[C@@H](C(=O)O1)[C@]34O)O2.CO[C@H]1C[C@H](O[C@H]2[C@H](C)O[C@@H](O[C@@H]3/C(C)=C/C[C@@H]4C[C@@H](C[C@]5(C=C[C@H](C)[C@@H](C(C)C)O5)O4)OC(=O)[C@@H]4C=C(C)[C@@H](O)[C@H]5OC/C(=C\C=C\[C@@H]3C)[C@]54O)C[C@@H]2OC)O[C@@H](C)[C@@H]1O,4,0.0,0.0,0.0
CCN1C[C@]2(COC)[C@H](O)C[C@H](OC)[C@@]34[C@@H]5C[C@@]6(O)[C@H](OC(=O)c7ccccc7)[C@@H]5[C@@](OC(C)=O)([C@@H]([C@H](OC)[C@H]23)[C@@H]14)[C@@H](O)[C@@H]6OC,4,0.0,0.0,0.0
C=CCO,4,0.0,0.0,0.0
C[C@]12CC[C@@H](O)C[C@@H]1CC[C@@H]1[C@@H]2CC[C@]2(C)C(=O)CC[C@@H]12,4,0.0,0.0,0.0
NC(=O)c1cccc(N)c1,4,0.0,0.0,0.0
Nc1c(Br)cc(Br)cc1CN[C@H]1CC[C@H](O)CC1,9,0.0,0.0,0.0
Nc1ccc(C(=O)O)c(O)c1,6,0.0,0.0,0.0
C[C@@H]1[C@H](O)[C@@H](C)/C=C/C=C/C=C/C=C/C=C/C=C/C=C/[C@H](O[C@@H]2O[C@H](C)[C@@H](O)[C@H](N)[C@@H]2O)C[C@@H]2O[C@](O)(C[C@@H](O)C[C@@H](O)[C@H](O)CC[C@@H](O)C[C@@H](O)CC(=O)O[C@H]1C)C[C@H](O)[C@H]2C(=O)O,5,0.0,0.0,0.0
CC(C)NC[C@H](O)COc1cccc2[nH]ccc12,4,0.0,0.0,0.0
C=C(Cl)Cl,4,0.0,0.0,0.0
CCCCCCCCCc1ccc(O)cc1,5,0.0,0.0,0.0
Cc1[nH]cnc1CN1CCc2c(c3ccccc3n2C)C1=O,11,0.0,0.0,0.0
Cc1ccc2cc3c(ccc4ccccc43)c3c2c1CC3,4,0.0,0.0,0.0
NCCCNCCSP(=O)(O)O,6,0.0,0.0,0.0
CC1(C)S[C@@H]2[C@H](NC(=O)[C@H](N)c3ccccc3)C(=O)N2[C@H]1C(=O)O,6,0.0,0.0,0.0
O=C(c1ccccc1Cl)N1CCC(Cc2ccccc2)CC1,4,0.0,0.0,0.0
N=C(Nc1ccccc1)Nc1ccccc1,5,0.0,0.0,0.0
CCCCCCCCc1ccc(O)cc1,4,0.0,0.0,0.0
CCCC(=O)Nc1ccc(OCC(O)CNC(C)C)c(C(C)=O)c1,6,0.0,0.0,0.0
COc1cc2c(c3oc(=O)c4c(c13)CCC4=O)[C@@H]1C=CO[C@@H]1O2,4,0.0,0.0,0.0
OC[C@H]1O[C@@H]2O[C@H]3[C@H](O)[C@@H](O)[C@@H](O[C@H]4[C@H](O)[C@@H](O)[C@@H](O[C@H]5[C@H](O)[C@@H](O)[C@@H](O[C@H]6[C@H](O)[C@@H](O)[C@@H](O[C@H]7[C@H](O)[C@@H](O)[C@@H](O[C@H]1[C@H](O)[C@H]2O)O[C@@H]7CO)O[C@@H]6CO)O[C@@H]5CO)O[C@@H]4CO)O[C@@H]3CO,4,0.0,0.0,0.0
CCCCc1oc2ccccc2c1C(=O)c1cc(I)c(OCCN(CC)CC)c(I)c1,11,0.0,0.0,0.0
O=C(Nc1ccc(Cl)c(Cl)c1)c1cc(Cl)cc(Cl)c1O,4,0.0,0.0,0.0
NCC[C@H](O)C(=O)N[C@@H]1C[C@H](N)[C@@H](O[C@H]2O[C@H](CN)[C@@H](O)[C@H](O)[C@H]2O)[C@H](O)[C@H]1O[C@H]1O[C@H](CO)[C@@H](O)[C@H](N)[C@H]1O,5,0.0,0.0,0.0
CCOC(=O)OC(C)OC1=C(C(=O)Nc2ccccn2)N(C)S(=O)(=O)c2ccccc21,6,0.0,0.0,0.0
O=C(c1ccccc1F)N1CCC(Cc2ccccc2)CC1,4,0.0,0.0,0.0
NC(=O)N1c2ccccc2CCc2ccccc21,4,0.0,0.0,0.0
Nc1ccc(Cc2ccc(N)cc2)cc1,4,0.0,0.0,0.0
O=C(O)COC(=O)Cc1ccccc1Nc1c(Cl)cccc1Cl,6,0.0,0.0,0.0
CC[C@H]1[C@@H]2C[C@H]3[C@@H]4N(C)c5ccccc5[C@]45C[C@@H]([C@@H]2[C@H]5O)N3[C@@H]1O,4,0.0,0.0,0.0
CC(C)C[C@H]1C(=O)N2CCC[C@H]2[C@]2(O)O[C@](NC(=O)[C@@H]3C=C4c5cccc6[nH]cc(c56)C[C@H]4N(C)C3)(C(C)C)C(=O)N12,4,0.0,0.0,0.0
Cc1ccc(/N=C/N(C)/C=N/c2ccc(C)cc2C)c(C)c1,4,0.0,0.0,0.0
O=c1cc(-c2ccccc2)oc2c1ccc1ccccc12,4,0.0,0.0,0.0
CC(C)CN(C[C@@H](O)[C@H](Cc1ccccc1)NC(=O)O[C@H]1CCOC1)S(=O)(=O)c1ccc(N)cc1,7,0.0,0.0,0.0
COc1ccccc1C(=O)N1CCC(Cc2ccccc2)CC1,4,0.0,0.0,0.0
C[C@]12CCC(=O)C=C1CC[C@@H]1[C@@H]2CC[C@@]2(C)[C@H]1CC[C@]2(C)O,6,0.0,0.0,0.0
COc1ccc2c(c1)c(CC(=O)OCC(=O)O)c(C)n2C(=O)c1ccc(Cl)cc1,6,0.0,0.0,0.0
CCCSc1ccc2[nH]c(NC(=O)OC)nc2c1,5,0.0,0.0,0.0
O=C1CC[C@H](N2C(=O)c3ccccc3C2=O)C(=O)N1,4,0.0,0.0,0.0
O=C(O)CCCc1cccs1,4,0.0,0.0,0.0
Cc1c(C)c2c(c(C)c1O)CC[C@@](C)(CCC[C@H](C)CCC[C@H](C)CCCC(C)C)O2,4,0.0,0.0,0.0
NCCCCCC(=O)O,5,0.0,0.0,0.0
Nc1cc(-c2ccncc2)c[nH]c1=O,7,0.0,0.0,0.0
Cc1ccccc1C(=O)N1CCC(Cc2ccccc2)CC1,4,0.0,0.0,0.0
CC(=O)Nc1ccc2c(c1)Cc1ccccc1-2,4,0.0,0.0,0.0
CC(O)COC[C@H]1O[C@@H]2O[C@H]3[C@H](O)[C@@H](O)[C@@H](O[C@H]4[C@H](O)[C@@H](O)[C@@H](O[C@H]5[C@H](O)[C@@H](O)[C@@H](O[C@H]6[C@H](O)[C@@H](O)[C@@H](O[C@H]7[C@H](O)[C@@H](O)[C@@H](O[C@H]8[C@H](O)[C@@H](O)[C@@H](O[C@H]1[C@H](O)[C@H]2O)O[C@@H]8COCC(C)O)O[C@@H]7COCC(C)O)O[C@@H]6COCC(C)O)O[C@@H]5COCC(C)O)O[C@@H]4COCC(C)O)O[C@@H]3COCC(C)O,4,0.0,0.0,0.0
O=C(c1ccccc1C(F)(F)F)N1CCC(Cc2ccccc2)CC1,4,0.0,0.0,0.0
Cc1nnc2n1-c1ccc(Cl)cc1C(c1ccccc1)=NC2,7,0.0,0.0,0.0
CCC1(c2ccc(N)cc2)CCC(=O)NC1=O,6,0.0,0.0,0.0
N#C[C@H](O[C@@H]1O[C@H](CO[C@@H]2O[C@H](CO)[C@@H](O)[C@H](O)[C@H]2O)[C@@H](O)[C@H](O)[C@H]1O)c1ccccc1,4,0.0,0.0,0.0
O=C1CC[C@@H](N2C(=O)c3ccccc3C2=O)C(=O)N1,4,0.0,0.0,0.0
Nn1nnc2ccccc21,4,0.0,0.0,0.0
COc1ccc2cc(CC(=O)O)ccc2c1,4,0.0,0.0,0.0
CC(=O)Nc1nnc(S(N)(=O)=O)s1,5,0.0,0.0,0.0
C=C1/C(=C\C=C2/CCC[C@]3(C)[C@@H]([C@H](C)CCCC(C)C)CC[C@@H]23)C[C@@H](O)C[C@@H]1O,6,0.0,0.0,0.0
CCC1(CCC(C)C)C(=O)NC(=O)NC1=O,5,0.0,0.0,0.0
Clc1cc2c(cc1Cl)Oc1cc(Cl)c(Cl)cc1O2,4,0.0,0.0,0.0
Nc1ccc2c3c(cccc13)C(=O)NC2=O,5,0.0,0.0,0.0
C[C@]12CCC(=O)C=C1CC[C@@H]1[C@@H]2[C@@H](O)C[C@@]2(C)[C@H]1CC[C@]2(O)C(=O)CO,7,0.0,0.0,0.0
O=P1(NCCCl)OCCCN1CCCl,5,0.0,0.0,0.0
CCc1ccc(C(=O)C(C)CN2CCCCC2)cc1,5,0.0,0.0,0.0
Nc1nc(=O)[nH]cc1F,7,0.0,0.0,0.0
CC[N+](CC)(CC)CCOc1cccc(OCC[N+](CC)(CC)CC)c1OCC[N+](CC)(CC)CC.[I-].[I-].[I-],4,0.0,0.0,0.0
COC1=CC(=O)C[C@@H](C)[C@]12Oc1c(Cl)c(OC)cc(OC)c1C2=O,8,0.0,0.0,0.0
CC(C)(C)c1ccc(C(=O)CCCN2CCC(OC(c3ccccc3)c3ccccc3)CC2)cc1,8,0.0,1.0,0.0
CCC1(C)CC(=O)NC1=O,5,0.0,0.0,0.0
C=CCc1ccc(O)c(OC)c1,4,0.0,0.0,0.0
COC(=O)C[C@](O)(CCC(C)(C)O)C(=O)O[C@@H]1C(OC)=C[C@]23CCCN2CCc2cc4c(cc2[C@H]13)OCO4,4,0.0,0.0,0.0
CCN(CCO)CCCC(C)Nc1ccnc2cc(Cl)ccc12,5,0.0,0.0,0.0
Clc1ccc(COC(Cn2ccnc2)c2ccc(Cl)cc2Cl)cc1,5,0.0,0.0,0.0
CNC[C@H](O)c1ccc(O)c(O)c1,6,0.0,0.0,0.0
COC(=O)CCc1ccc(OCC(O)CNC(C)C)cc1,5,0.0,0.0,0.0
Nc1nc(F)nc2c1ncn2[C@@H]1O[C@H](CO)[C@@H](O)[C@@H]1O,4,0.0,0.0,0.0
O=C1OC2(c3ccc(O)cc3Oc3cc(O)ccc32)c2ccccc21,4,0.0,0.0,0.0
OC[C@H]1OC2C3[C@@H](CO)OC(O[C@H]4[C@H](O)[C@@H](O)[C@@H](O[C@H]5[C@H](O)[C@@H](O)[C@@H](O[C@H]6[C@H](O)[C@@H](O)[C@@H](O[C@H]7[C@H](O)[C@@H](O)[C@@H](O[C@H]8[C@H](O)[C@@H](O)[C@@H](O[C@H]9[C@H](O)[C@@H](O)C(OC1[C@H](O)[C@H]2O)O[C@@H]9CO)O[C@@H]8CO)O[C@@H]7CO)O[C@@H]6CO)O[C@@H]5CO)O[C@@H]4CO)[C@H](O)[C@H]3O,4,0.0,0.0,0.0
Cc1ccc(NC(=O)c2ccc(CN3CCN(C)CC3)cc2)cc1Nc1nccc(-c2cccnc2)n1,4,0.0,0.0,0.0
OCCO,4,0.0,0.0,0.0
CC(=O)OCC(CCn1cnc2cnc(N)nc21)COC(C)=O,7,0.0,0.0,0.0
CC(C)=CCC/C(C)=C/CO,4,0.0,0.0,0.0
CC(=O)[C@@]1(O)CC[C@H]2[C@@H]3CCC4=CC(=O)CC[C@]4(C)[C@H]3CC[C@@]21C,4,0.0,0.0,0.0
CC(=O)OCC(=O)[C@@]1(O)CC[C@H]2[C@@H]3CCC4=CC(=O)CC[C@]4(C)[C@@]3(F)[C@@H](O)C[C@@]21C,6,0.0,0.0,0.0
CC(=O)[C@@]1(O)CC[C@H]2[C@@H]3C[C@H](C)C4=CC(=O)C=C[C@]4(C)[C@@]3(F)[C@@H](O)C[C@@]21C,7,0.0,0.0,0.0
Nc1nc2c(ncn2COC(CO)CO)c(=O)[nH]1,6,0.0,0.0,0.0
CC1(C)[C@@H](O[C@H]2O[C@H](C(=O)O)[C@@H](O)[C@H](O)[C@H]2O[C@@H]2O[C@H](C(=O)O)[C@@H](O)[C@H](O)[C@H]2O)CC[C@]2(C)[C@H]3C(=O)C=C4[C@@H]5C[C@@](C)(C(=O)O)CC[C@]5(C)CC[C@@]4(C)[C@]3(C)CC[C@@H]12,4,0.0,0.0,0.0
CC(C)Cn1cnc2c(N)nc3ccccc3c21,5,0.0,0.0,0.0
CC[C@]1(O)CC[C@H]2[C@@H]3CCC4=CCCC[C@@H]4[C@H]3CC[C@@]21C,4,0.0,0.0,0.0
NC(N)=Nc1nc(CSCC/C(N)=N/S(N)(=O)=O)cs1,8,0.0,0.0,0.0
Br.CN1[C@@H]2CC[C@H]1C[C@@H](OC(=O)C(O)c1ccccc1)C2,5,0.0,0.0,0.0
CCOC(=O)c1ncn2c1CN(C)C(=O)c1cc(F)ccc1-2,5,0.0,0.0,0.0
O=C1OCCN1/N=C/c1ccc([N+](=O)[O-])o1,5,0.0,0.0,0.0
COc1c(N2CCNC(C)C2)c(F)cc2c(=O)c(C(=O)O)cn(C3CC3)c12,13,0.0,0.0,0.0
Cc1ccc(S(=O)(=O)NC(=O)NN2CC3CCCC3C2)cc1,5,0.0,0.0,0.0
O=C(O)CNCP(=O)(O)O,4,0.0,0.0,0.0
Cn1c(=O)c2c(ncn2CC2OCCO2)n(C)c1=O,6,0.0,0.0,0.0
O=C(O)Cc1ccc(-c2ccccc2)cc1,6,0.0,0.0,0.0
N=C(N)NC(=O)Cc1c(Cl)cccc1Cl,7,0.0,0.0,0.0
C/C=C1\[C@H]2C=C(C)C[C@]1(N)c1ccc(=O)[nH]c1C2,4,0.0,0.0,0.0
CCOC(=O)[C@H](CCc1ccccc1)N[C@@H](C)C(=O)N1CCC[C@H]1C(=O)O,8,0.0,0.0,0.0
CC(C)[C@H]1C(=O)N2CCC[C@H]2[C@]2(O)O[C@](NC(=O)[C@@H]3C=C4c5cccc6[nH]cc(c56)C[C@H]4N(C)C3)(C(C)C)C(=O)N12,4,0.0,0.0,0.0
C=C(CC)C(=O)c1ccc(OCC(=O)O)c(Cl)c1Cl,5,0.0,0.0,0.0
CNCCC(Oc1ccc(C(F)(F)F)cc1)c1ccccc1,14,0.0,1.0,0.0
Nc1ccn([C@@H]2O[C@H](CO)[C@@H](O)C2(F)F)c(=O)n1,6,0.0,0.0,0.0
CCOC(=O)C1=C(C)NC(C)=C(C(=O)OC)C1c1cccc(Cl)c1Cl,8,0.0,0.0,0.0
CN(CCOc1ccc(C[C@H](Nc2ccccc2C(=O)c2ccccc2)C(=O)O)cc1)c1ccccn1,4,0.0,0.0,0.0
CC(=O)[C@]1(O)Cc2c(O)c3c(c(O)c2[C@@H](O[C@H]2C[C@H](N)[C@H](O)[C@H](C)O2)C1)C(=O)c1ccccc1C3=O,5,0.0,0.0,0.0
C[C@@H](CO)NC(=O)[C@@H]1C=C2c3cccc4[nH]cc(c34)C[C@H]2N(C)C1,4,0.0,0.0,0.0
CC[C@@H](CO)NCCN[C@@H](CC)CO,8,0.0,0.0,0.0
CN1CCN(c2c(F)cc3c(=O)c(C(=O)O)cn(CCF)c3c2F)CC1,5,0.0,0.0,0.0
CC1(C)O[C@@H]2C[C@H]3[C@@H]4C[C@H](F)C5=CC(=O)C=C[C@]5(C)[C@H]4[C@@H](O)C[C@]3(C)[C@]2(C(=O)CO)O1,6,0.0,0.0,0.0
OCCN1CCN(CCCN2c3ccccc3Sc3ccc(C(F)(F)F)cc32)CC1,7,0.0,0.0,0.0
C[C@H]1c2cccc(O)c2C(=O)C2=C(O)[C@]3(O)C(=O)C(C(N)=O)=C(O)[C@@H](N(C)C)[C@@H]3[C@@H](O)[C@@H]21.O,7,0.0,0.0,0.0
COC(=O)Nc1nc2cc(Sc3ccccc3)ccc2[nH]1,4,0.0,0.0,0.0
NN,4,0.0,0.0,0.0
COC1=C(OC)C(=O)C(CCCCCCCCCCO)=C(C)C1=O,8,0.0,0.0,0.0
CCN1CCN(c2cc3c(cc2F)c(=O)c(C(=O)O)cn3C2CC2)CC1,4,0.0,0.0,0.0
CN1C[C@H](C(=O)N[C@]2(C)O[C@@]3(O)[C@@H]4CCCN4C(=O)[C@H](Cc4ccccc4)N3C2=O)C=C2c3cccc4[nH]cc(c34)C[C@H]21,6,0.0,0.0,0.0
CCO,4,0.0,0.0,0.0
C[C@H](C(=O)O)c1ccc2oc(-c3ccc(F)cc3)nc2c1,4,0.0,0.0,0.0
C[C@H]([C@](O)(Cn1cncn1)c1ccc(F)cc1F)S(C)(=O)=O,4,0.0,0.0,0.0
N[C@@H](CCC(=O)N[C@@H](CSSC[C@H](NC(=O)CC[C@H](N)C(=O)O)C(=O)NCC(=O)O)C(=O)NCC(=O)O)C(=O)O,4,0.0,0.0,0.0
CN1C2CCCC1CC(NC(=O)c1nn(C)c3ccccc13)C2,13,0.0,0.0,0.0
COc1cc([C@@H]2c3cc4c(cc3[C@@H](O[C@@H]3O[C@@H]5CO[C@@H](C)O[C@H]5[C@H](O)[C@H]3O)[C@H]3COC(=O)[C@H]23)OCO4)cc(OC)c1O,7,0.0,0.0,0.0
CC(C)OC(=O)C(C)(C)Oc1ccc(C(=O)c2ccc(Cl)cc2)cc1,8,0.0,0.0,0.0
NS(=O)(=O)c1cc2c(cc1Cl)NCNS2(=O)=O,6,0.0,0.0,0.0
CC(/C=C1\SC(=S)N(CC(=O)O)C1=O)=C\c1ccccc1,6,0.0,0.0,0.0
OC(Cn1cncn1)(Cn1cncn1)c1ccc(F)cc1F,7,0.0,0.0,0.0
COc1ccc(Cl)cc1C(=O)NCCc1ccc(S(=O)(=O)NC(=O)NC2CCCCC2)cc1,11,0.0,0.0,0.0
CC12CCC(CC1)C(C)(C)O2,4,0.0,0.0,0.0
CN1C[C@@H]2C[C@H]1CN2c1cc2c(cc1F)c(=O)c(C(=O)O)cn2C1CC1,4,0.0,0.0,0.0
Clc1cccc(Cl)c1NC1=NCCN1,7,0.0,0.0,0.0
CCN[C@@H](C)Cc1cccc(C(F)(F)F)c1,4,0.0,0.0,0.0
C[C@@H]1CC[C@@]2(OC1)O[C@H]1[C@@H](O)[C@H]3[C@@H]4CC[C@H]5C[C@@H](O[C@@H]6O[C@H](CO)[C@H](O[C@@H]7O[C@H](CO)C(O)[C@H](O[C@@H]8OC[C@@H](O)[C@H](O)[C@H]8O)[C@H]7O[C@@H]7O[C@H](CO)[C@H](O)[C@H](O[C@@H]8O[C@H](CO)[C@@H](O)[C@H](O)[C@H]8O)[C@H]7O)[C@H](O)[C@H]6O)[C@H](O)C[C@]5(C)[C@H]4CC[C@]3(C)[C@H]1[C@@H]2C,4,0.0,0.0,0.0
Oc1ccccc1O,4,0.0,0.0,0.0
CC(C)(C)NCC(O)c1cc(Cl)c(N)c(Cl)c1,7,0.0,0.0,0.0
C=C(C)[C@@H]1[C@H]2OC(=O)[C@@H]1[C@]1(O)C[C@H]3O[C@]34C(=O)O[C@H]2[C@]14C,4,0.0,0.0,0.0
CC=CC(=O)N(CC)c1ccccc1C,7,0.0,0.0,0.0
Nc1nc(N)nc(NC2CC2)n1,4,0.0,0.0,0.0
NS(=O)(=O)c1cc(C2(O)NC(=O)c3ccccc32)ccc1Cl,5,0.0,0.0,0.0
CC1(COc2ccc(CC3SC(=O)NC3=O)cc2)CCCCC1,4,0.0,0.0,0.0
COc1cc(N)c(Cl)cc1C(=O)NC1CCN(CCCOc2ccc(F)cc2)CC1OC,32,0.0,0.0,0.0
COC(=O)[C@H](c1ccccc1Cl)N1CCc2sccc2C1,8,0.0,0.0,0.0
CC(C)Cc1ccc([C@H](C)C(=O)O)cc1,6,0.0,0.0,0.0
O=c1oc2ccccc2c(O)c1Cc1c(O)c2ccccc2oc1=O,5,0.0,0.0,0.0
COc1cc2c(c(OC)c1OC)-c1ccc(OC)c(=O)cc1[C@@H](NC(C)=O)CC2,6,0.0,0.0,0.0
CC1CC(OC(=O)C(O)c2ccccc2)CC(C)(C)C1,5,0.0,0.0,0.0
Nc1ccn([C@@H]2O[C@H](CO)[C@@H](O)[C@@H]2O)c(=O)n1,7,0.0,0.0,0.0
COc1cccc2c1C(=O)c1c(O)c3c(c(O)c1C2=O)C[C@@](O)(C(C)=O)C[C@@H]3O[C@H]1C[C@H](N)[C@H](O)[C@H](C)O1,4,0.0,0.0,0.0
OCCN(CCO)c1nc(N2CCCCC2)c2nc(N(CCO)CCO)nc(N3CCCCC3)c2n1,6,0.0,0.0,0.0
O=c1[nH]c2cc(Cl)ccc2o1,7,0.0,0.0,0.0
CN(C(=O)CCCOc1ccc2[nH]c(=O)ccc2c1)C1CCCCC1,4,0.0,0.0,0.0
CCC[C@@H]1C[C@@H](C(=O)N[C@@H]([C@H]2O[C@H](SC)[C@H](O)[C@@H](O)[C@H]2O)[C@H](C)Cl)N(C)C1,7,0.0,0.0,0.0
CC(C)NCC(O)c1ccccc1Cl,4,0.0,0.0,0.0
CCN(CC)CCOC(=O)C1(C2CCCCC2)CCCCC1,6,0.0,0.0,0.0
C[C@H]1O[C@@H](O[C@H]2[C@@H](O)C[C@H](O[C@H]3[C@@H](O)C[C@H](O[C@H]4CC[C@@]5(C)[C@H](CC[C@@H]6[C@@H]5C[C@@H](O)[C@]5(C)[C@@H](C7=CC(=O)OC7)CC[C@]65O)C4)O[C@@H]3C)O[C@@H]2C)C[C@H](O)[C@@H]1O,7,0.0,0.0,0.0
CO/N=C(\C(=O)N[C@@H]1C(=O)N2C(C(=O)O)=C(COC(C)=O)CS[C@H]12)c1csc(N)n1,6,0.0,0.0,0.0
CNC1=Nc2ccc(Cl)cc2C(c2ccccc2)=[N+]([O-])C1,5,0.0,0.0,0.0
CC12CCC(CC1=O)C2(C)C,4,0.0,0.0,0.0
Cc1c(O)c(=O)ccn1C,6,0.0,0.0,0.0
Cc1c(N(C)CS(=O)(=O)[O-])c(=O)n(-c2ccccc2)n1C.[Na+],4,0.0,0.0,0.0
O=C1CCc2cc(OCCCCc3nnnn3C3CCCCC3)ccc2N1,7,0.0,0.0,0.0
CCC(=O)O[C@]1(C(=O)CCl)[C@@H](C)C[C@H]2[C@@H]3CCC4=CC(=O)C=C[C@]4(C)[C@@]3(F)[C@@H](O)C[C@@]21C,6,0.0,0.0,0.0
Cc1cc(C(C#N)c2ccc(Cl)cc2)c(Cl)cc1NC(=O)c1cc(I)cc(I)c1O,4,0.0,0.0,0.0
COc1ccc2c(c1)[C@]13CCCC[C@@H]1[C@H](C2)N(C)CC3,5,0.0,0.0,0.0
O=c1[nH]cnc2c1ncn2[C@H]1CC[C@@H](CO)O1,7,0.0,0.0,0.0
CC(C)[C@@]1(NC(=O)[C@@H]2C[C@@H]3c4cccc5[nH]cc(c45)C[C@H]3N(C)C2)O[C@@]2(O)[C@@H]3CCCN3C(=O)[C@H](Cc3ccccc3)N2C1=O.CS(=O)(=O)O,4,0.0,0.0,0.0
Cc1ccc(-c2cc(C(F)(F)F)nn2-c2ccc(S(N)(=O)=O)cc2)cc1,9,0.0,0.0,0.0
C[C@@H]1C[C@@H]([C@H](O)CC2CC(=O)NC(=O)C2)C(=O)[C@@H](C)C1,4,0.0,0.0,0.0
COc1cc2c3cc1Oc1cc(ccc1O)C[C@@H]1c4c(cc(OC)c(O)c4Oc4ccc(cc4)C[C@@H]3N(C)CC2)CC[N+]1(C)C.[Cl-],4,0.0,0.0,0.0
CNCCCN1c2ccccc2CCc2ccccc21,12,0.0,0.0,0.0
CN1C[C@H](C(=O)N[C@]2(C)O[C@@]3(O)[C@@H]4CCCN4C(=O)[C@H](Cc4ccccc4)N3C2=O)C[C@@H]2c3cccc4[nH]cc(c34)C[C@H]21,7,0.0,0.0,0.0
CCOC(=O)C(C)(C)Oc1ccc(Cl)cc1,8,0.0,0.0,0.0
Clc1ccccc1C(c1ccccc1)(c1ccccc1)n1ccnc1,9,0.0,0.0,0.0
CC(=O)Nc1c(I)c(NC(C)=O)c(I)c(C(=O)O)c1I,6,0.0,0.0,0.0
ClC1=C(Cl)[C@]2(Cl)[C@@H]3[C@@H]4C[C@@H]([C@H]5O[C@@H]45)[C@@H]3[C@@]1(Cl)C2(Cl)Cl,4,0.0,0.0,0.0
CC1=C(C(=O)O)N2C(=O)[C@@H](NC(=O)[C@H](N)c3ccccc3)[C@H]2SC1,7,0.0,0.0,0.0
ClC(Cl)Cl,4,0.0,0.0,0.0
C[C@]12CCC(=O)C=C1CC[C@@H]1[C@@H]2C(=O)C[C@@]2(C)[C@H]1CC[C@]2(O)C(=O)CO,4,0.0,0.0,0.0
CN(C)/N=N/c1[nH]cnc1C(N)=O,5,0.0,0.0,0.0
COc1ccc([C@@H]2Sc3ccccc3N(CCN(C)C)C(=O)[C@@H]2OC(C)=O)cc1,13,0.0,0.0,0.0
CC(CCc1ccc(O)cc1)NCCc1ccc(O)c(O)c1,7,0.0,0.0,0.0
C[N+](C)(C)CCOP(=O)([O-])OC[C@H](O)CO,6,0.0,0.0,0.0
O=C/C=C/c1ccccc1,4,0.0,0.0,0.0
CC1=C2C(=CO[C@H](C)[C@H]2C)C(O)=C(C(=O)O)C1=O,4,0.0,0.0,0.0
CN1C(=O)CN=C(c2ccccc2)c2cc(Cl)ccc21,7,0.0,0.0,0.0
CCCCCCNC(=O)n1cc(F)c(=O)[nH]c1=O,5,0.0,0.0,0.0
CCN(CC)CCOc1ccc(/C(=C(/Cl)c2ccccc2)c2ccccc2)cc1,4,0.0,0.0,0.0
C/C=C/C[C@@H](C)[C@@H](O)[C@H]1C(=O)N[C@@H](CC)C(=O)N(C)CC(=O)N(C)[C@@H](CC(C)C)C(=O)N[C@@H](C(C)C)C(=O)N(C)[C@@H](CC(C)C)C(=O)N[C@@H](C)C(=O)N[C@H](C)C(=O)N(C)[C@@H](CC(C)C)C(=O)N(C)[C@@H](CC(C)C)C(=O)N(C)[C@@H](C(C)C)C(=O)N1C,6,0.0,0.0,0.0
CN(C)CCOC(c1ccccc1)c1ccccc1.Cn1c(=O)c2[nH]c(Cl)nc2n(C)c1=O,5,0.0,0.0,0.0
CC(=O)O[C@@]12CO[C@@H]1C[C@H](O)[C@@]1(C)C(=O)[C@H](O)C3=C(C)[C@@H](OC(=O)[C@H](O)[C@@H](NC(=O)OC(C)(C)C)c4ccccc4)C[C@@](O)([C@@H](OC(=O)c4ccccc4)[C@H]21)C3(C)C.O.O.O,4,0.0,0.0,0.0
C[N+](C)(C)CCO.[Cl-],4,0.0,0.0,0.0
Nc1nc(Cl)nc2c1ncn2[C@H]1C[C@H](O)[C@@H](CO)O1,6,0.0,0.0,0.0
C[C@@H]1C[C@H]2[C@@H]3CCC4=CC(=O)C=C[C@]4(C)[C@@]3(F)[C@@H](O)C[C@]2(C)[C@@]1(O)C(=O)CO,5,0.0,0.0,0.0
CC1=Nc2ccc(Cl)cc2S(=O)(=O)N1,5,0.0,0.0,0.0
Cl.NC[C@H]1CC[C@H](C(=O)Oc2ccc(CCC(=O)O)cc2)CC1,4,0.0,0.0,0.0
CN(C)CCCN1c2ccccc2Sc2ccc(Cl)cc21,14,0.0,0.0,0.0
O=c1ccc2ccccc2o1,4,0.0,0.0,0.0
C#C[C@]1(O)CC[C@H]2[C@@H]3CCC4=Cc5oncc5C[C@]4(C)[C@H]3CC[C@@]21C,6,0.0,0.0,0.0
C[S+](C)[O-],4,0.0,0.0,0.0
O=c1[nH]c2ccccc2n1CCCN1CCC(n2c(=O)[nH]c3cc(Cl)ccc32)CC1,12,0.0,0.0,0.0
CCCNC(=O)NS(=O)(=O)c1ccc(Cl)cc1,7,0.0,0.0,0.0
CC(C)(Oc1ccc(C2CC2(Cl)Cl)cc1)C(=O)O,6,0.0,0.0,0.0
CN(C)CC[C@@H](c1ccc(Cl)cc1)c1ccccn1,6,0.0,0.0,0.0
COP(=O)(OC)OC=C(Cl)Cl,4,0.0,0.0,0.0
O=C(O)c1cc(-c2ccc(F)cc2F)ccc1O,5,0.0,0.0,0.0
CCN1CC(CCN2CCOCC2)C(c2ccccc2)(c2ccccc2)C1=O,6,0.0,0.0,0.0
COc1ccccc1OCCNCC(O)COc1cccc2[nH]c3ccccc3c12,13,0.0,0.0,0.0
CCCCCCCCCCCCCCCC[n+]1ccccc1.[Br-],5,0.0,0.0,0.0
O=C1CN=C(c2ccccc2Cl)c2cc([N+](=O)[O-])ccc2N1,6,0.0,0.0,0.0
NC(=O)CN1CCCC1=O,6,0.0,0.0,0.0
CN(C)C(=O)Oc1cccc([N+](C)(C)C)c1.[Br-],4,0.0,0.0,0.0
O=C(N/N=C/c1ccc([N+](=O)[O-])o1)c1cc([N+](=O)[O-])cc([N+](=O)[O-])c1O,4,0.0,0.0,0.0
CNC(=C[N+](=O)[O-])NCCSCc1csc(CN(C)C)n1,5,0.0,0.0,0.0
Cc1cc(C(C)(C)C)c(O)c(C)c1CC1=NCCN1,6,0.0,0.0,0.0
C[n+]1ccc(-c2cc[n+](C)cc2)cc1.[Cl-].[Cl-],4,0.0,0.0,0.0
CC1(C)S[C@@H]2[C@H](NC(=O)Cc3ccccc3)C(=O)N2[C@H]1C(=O)O,7,0.0,0.0,0.0
CCCc1cc(=O)[nH]c(=S)[nH]1,5,0.0,0.0,0.0
CC(C)NC[C@@H](O)COc1cccc2ccccc12,4,0.0,0.0,0.0
O=C1c2ccccc2C(=O)C1c1ccccc1,7,0.0,0.0,0.0
Cc1cccc(Nc2cc(Cl)nc(SCC(=O)O)n2)c1C,4,0.0,0.0,0.0
CC[C@H](C)C(=O)O[C@H]1C[C@H](O)C=C2C=C[C@H](C)[C@H](CC[C@@H](O)C[C@@H](O)CC(=O)O)[C@H]21,7,0.0,0.0,0.0
CCC1(c2ccccc2)C(=O)NCNC1=O,5,0.0,0.0,0.0
CCCN(CCC)C(=O)C(CCC(=O)O)NC(=O)c1ccccc1,5,0.0,0.0,0.0
COC(=O)Nc1nc2cc(C(=O)c3cccs3)ccc2[nH]1,4,0.0,0.0,0.0
C[C@]12C/C(=C/O)C(=O)C[C@@H]1CC[C@@H]1[C@@H]2CC[C@@]2(C)[C@H]1CC[C@]2(C)O,6,0.0,0.0,0.0
Fc1ccc([C@@H]2CCNC[C@H]2COc2ccc3c(c2)OCO3)cc1,6,0.0,0.0,0.0
C[C@@H]1O[C@@H](O[C@@H]2C=C3CC[C@@H]4[C@H](CC[C@]5(C)[C@@H](c6ccc(=O)oc6)CC[C@]45O)[C@@]3(C)CC2)[C@H](O)[C@H](O)[C@H]1O,6,0.0,0.0,0.0
CCC1(c2ccccc2)C(=O)NC(=O)NC1=O,7,0.0,0.0,0.0
C[C@@H]1C/C=C/C=C/C=C/C=C/[C@H](O[C@@H]2O[C@H](C)[C@@H](O)[C@H](N)[C@@H]2O)C[C@@H]2O[C@](O)(C[C@@H](O)C[C@H]3O[C@@H]3/C=C/C(=O)O1)C[C@H](O)[C@H]2C(=O)O,4,0.0,0.0,0.0
CCn1cc(C(=O)O)c(=O)c2cnc(N3CCCC3)nc21,4,0.0,0.0,0.0
O=C(C1CCCCC1)N1CC(=O)N2CCc3ccccc3C2C1,5,0.0,0.0,0.0
CCCN(CCC)S(=O)(=O)c1ccc(C(=O)O)cc1,5,0.0,0.0,0.0
CN(C)CCCN1c2ccccc2Sc2ccccc21,8,0.0,0.0,0.0
Cc1ccnc2c1NC(=O)c1cccnc1N2C1CC1,8,0.0,0.0,0.0
CN1C(=O)CN=C(c2ccccc2)c2cc([N+](=O)[O-])ccc21,4,0.0,0.0,0.0
C#C[C@]1(O)CC[C@H]2[C@@H]3CCC4=CC(=O)CC[C@@H]4[C@H]3CC[C@@]21C,7,0.0,0.0,0.0
COc1ccccc1N,4,0.0,0.0,0.0
C=C1C(=O)O[C@@H]2C3O[C@]3(C)CC/C=C(\C)CC[C@@H]12,4,0.0,0.0,0.0
CC(=O)CCCCn1c(=O)c2c(ncn2C)n(C)c1=O,7,0.0,0.0,0.0
COc1ccc(C[C@H](N)C(=O)N[C@H]2[C@@H](O)[C@H](n3cnc4c(N(C)C)ncnc43)O[C@@H]2CO)cc1,4,0.0,0.0,0.0
O=C(O)CCc1nc(-c2ccccc2)c(-c2ccccc2)o1,5,0.0,0.0,0.0
CC(C)NCC(O)COc1cccc2[nH]ccc12,6,0.0,0.0,0.0
CC(C)(Sc1cc(C(C)(C)C)c(O)c(C(C)(C)C)c1)Sc1cc(C(C)(C)C)c(O)c(C(C)(C)C)c1,7,0.0,0.0,0.0
C[C@]12CC[C@H]3[C@@H](CCC4=CC(=O)CC[C@@H]43)[C@@H]1CC[C@@H]2O,4,0.0,0.0,0.0
O=C(O)c1cccnc1,6,0.0,0.0,0.0
COCCOC(=O)C1=C(C)NC(C)=C(C(=O)OC(C)C)C1c1cccc([N+](=O)[O-])c1,6,0.0,0.0,0.0
C[C@@H](O)[C@H](CO)NC(=O)[C@@H]1CSSC[C@H](NC(=O)[C@H](N)Cc2ccccc2)C(=O)N[C@@H](Cc2ccccc2)C(=O)N[C@H](Cc2c[nH]c3ccccc23)C(=O)N[C@@H](CCCCN)C(=O)N[C@@H]([C@@H](C)O)C(=O)N1,4,0.0,0.0,0.0
CN(C)[C@@H]1C(O)=C(C(N)=O)C(=O)[C@@]2(O)C(O)=C3C(=O)c4c(O)cccc4[C@@](C)(O)[C@H]3[C@H](O)[C@@H]12,4,0.0,0.0,0.0
CCn1cc(C(=O)O)c(=O)c2cc(F)c(N3CCN(C)CC3)cc21,6,0.0,0.0,0.0
CCCN1C[C@H](CSC)C[C@@H]2c3cccc4[nH]cc(c34)C[C@H]21,8,0.0,0.0,0.0
CCCNCC(O)COc1ccccc1C(=O)CCc1ccccc1,9,0.0,0.0,0.0
NC(=O)N1c2ccccc2CC(=O)c2ccccc21,4,0.0,0.0,0.0
C1CCC(C(CC2CCCCN2)C2CCCCC2)CC1,12,0.0,0.0,0.0
c1ccc2c(c1)Nc1ccccc1S2,5,0.0,0.0,0.0
C[C@]12C=CC(=O)C=C1CC[C@@H]1[C@@H]2[C@@H](O)C[C@@]2(C)[C@H]1CC[C@]2(O)C(=O)CO,7,0.0,0.0,0.0
CCN(CC)CCNC(=O)c1ccc(N)cc1,7,0.0,0.0,0.0
COC(=O)C1=C(C)NC(C)=C(C(=O)OCC(C)C)C1c1ccccc1[N+](=O)[O-],7,0.0,0.0,0.0
CCn1cc(C(=O)O)c(=O)c2cc(F)c(N3CCNCC3)cc21,7,0.0,0.0,0.0
NC1=NC(=O)C(c2ccccc2)O1,4,0.0,0.0,0.0
CCCOc1ccc(C(=O)OCCN(CC)CC)cc1N,6,0.0,0.0,0.0
COC(=O)Nc1nc2cc([S+]([O-])c3ccccc3)ccc2[nH]1,4,0.0,0.0,0.0
OCCN1CCN(CCCN2c3ccccc3Sc3ccc(Cl)cc32)CC1,6,0.0,0.0,0.0
Cc1ccc(N(CC2=NCCN2)c2cccc(O)c2)cc1,7,0.0,0.0,0.0
NC(=O)C1CCN(CCCN2c3ccccc3Sc3ccc(Cl)cc32)CC1,4,0.0,0.0,0.0
C[C@]12C=CC(=O)C=C1CC[C@@H]1[C@@H]2C(=O)C[C@@]2(C)[C@H]1CC[C@]2(O)C(=O)CO,7,0.0,0.0,0.0
CCN(CC)CCOC(=O)c1ccc(N)cc1,7,0.0,0.0,0.0
CC(C)[C@H]1CC[C@H](C(=O)N[C@H](Cc2ccccc2)C(=O)O)CC1,4,0.0,0.0,0.0
O=C1CN=C(c2ccccc2)c2cc([N+](=O)[O-])ccc2N1,5,0.0,0.0,0.0
C#CC1(O)CC[C@H]2[C@@H]3CCC4=CC(=O)CC[C@@H]4[C@H]3CC[C@@]21CC,4,0.0,0.0,0.0
Cc1cc2c(s1)Nc1ccccc1N=C2N1CCN(C)CC1,18,0.0,0.0,0.0
CC(C)(CO)C(O)C(=O)NCCCO,4,0.0,0.0,0.0
CC(C)c1cccc(C(C)C)c1O,6,0.0,0.0,0.0
Oc1cccc(O)c1O,5,0.0,0.0,0.0
NC(=O)NC(=O)Cc1ccccc1,5,0.0,0.0,0.0
CCCCC1C(=O)N(c2ccccc2)N(c2ccccc2)C1=O,5,0.0,0.0,0.0
CCN1CCN(C(=O)N[C@@H](C(=O)N[C@@H]2C(=O)N3[C@@H]2SC(C)(C)[C@@H]3C(=O)O)c2ccccc2)C(=O)C1=O,4,0.0,0.0,0.0
CC(=O)[C@H]1[C@H](C#N)C[C@H]2[C@@H]3CC=C4C[C@@H](O)CC[C@]4(C)[C@H]3CC[C@@]21C,4,0.0,0.0,0.0
CNNCc1ccc(C(=O)NC(C)C)cc1,5,0.0,0.0,0.0
CCOC(=O)C1=C(C)NC(C)=C(C(=O)OC)C1c1cccc([N+](=O)[O-])c1,11,0.0,0.0,0.0
CNCCC=C1c2ccccc2CCc2ccccc21,6,0.0,0.0,0.0
COc1ccnc(C[S+]([O-])c2nc3cc(OC(F)F)ccc3[nH]2)c1OC,7,0.0,0.0,0.0
Cc1nccn1CC1CCc2c(c3ccccc3n2C)C1=O,9,0.0,0.0,0.0
NNc1ccccc1,4,0.0,0.0,0.0
CC[N+]1(CCOC(=O)C(O)(c2ccccc2)c2ccccc2)CCCCC1.[Br-],4,0.0,0.0,0.0
C[n+]1ccccc1/C=N/O.[Cl-],4,0.0,0.0,0.0
CCCNC(C)C(=O)Nc1ccccc1C,6,0.0,0.0,0.0
CN1CCN(CCCN2c3ccccc3Sc3ccc(Cl)cc32)CC1,7,0.0,0.0,0.0
NC[C@@H]1O[C@H](O[C@H]2[C@@H](O)[C@H](O[C@@H]3[C@@H](O)[C@H](N)C[C@H](N)[C@H]3O[C@H]3O[C@H](CN)[C@@H](O)[C@H](O)[C@H]3N)O[C@@H]2CO)[C@H](N)[C@@H](O)[C@@H]1O,4,0.0,0.0,0.0
O=C(O)c1cccnc1Nc1cccc(C(F)(F)F)c1,5,0.0,0.0,0.0
O=C1CN(/N=C/c2ccc([N+](=O)[O-])o2)C(=O)N1,5,0.0,0.0,0.0
COc1ccc2c(c1OC)C(=O)O[C@@H]2[C@H]1c2c(cc3c(c2OC)OCO3)CCN1C,7,0.0,0.0,0.0
COc1ccc(Cc2nccc3cc(OC)c(OC)cc23)cc1OC,7,0.0,0.0,0.0
C=C(C)C1(O)OC(=O)C=C1OC,4,0.0,0.0,0.0
CNCCCC12CCC(c3ccccc31)c1ccccc12,6,0.0,0.0,0.0
O=S(=O)([O-])CCS.[Na+],4,0.0,0.0,0.0
CC[C@@H](CO)NC(=O)[C@@H]1C=C2c3cccc4c3c(cn4C)C[C@H]2N(C)C1,7,0.0,0.0,0.0
Cc1cccc(C)c1OCC(C)N,7,0.0,0.0,0.0
CCN(CC)CCOCCC1=CCC2CC1C2(C)C,4,0.0,0.0,0.0
C=CCN1CC[C@]23c4c5ccc(O)c4O[C@H]2/C(=N/N=C2\CC[C@@]4(O)[C@H]6Cc7ccc(O)c8c7[C@@]4(CCN6CC=C)[C@H]2O8)CC[C@@]3(O)[C@H]1C5,4,0.0,0.0,0.0
CCCCc1nc(Cl)c(CO)n1Cc1ccc(-c2ccccc2-c2nnn[nH]2)cc1,8,0.0,0.0,0.0
CCN(CC)CCNC(=O)c1cc(Cl)c(N)cc1OC,7,0.0,0.0,0.0
O=C(NCCN1CCOCC1)c1ccc(Cl)cc1,6,0.0,0.0,0.0
CO[C@@H]1[C@@H](O[C@@H]2O[C@H](C)[C@@H](O[C@H]3C[C@@](C)(O)[C@@H](OC(=O)CC(C)C)[C@H](C)O3)[C@H](N(C)C)[C@H]2O)[C@@H](CC=O)C[C@@H](C)[C@@H](O)/C=C/C=C/C[C@@H](C)OC(=O)C[C@H]1O,4,0.0,0.0,0.0
Nc1nnc(-c2cccc(Cl)c2Cl)c(N)n1,7,0.0,0.0,0.0
C#C[C@]1(O)CC[C@H]2[C@@H]3CCc4cc(OC)ccc4[C@H]3CC[C@@]21C,5,0.0,0.0,0.0
C[N+]1(C)[C@@H]2C[C@@H](OC(=O)[C@H](CO)c3ccccc3)C[C@H]1[C@@H]1O[C@@H]12.[Br-],4,0.0,0.0,0.0
CCN(CC)N=O,4,0.0,0.0,0.0
CC(C)NNC(=O)c1ccncc1,6,0.0,0.0,0.0
CCC(C)n1ncn(-c2ccc(N3CCN(c4ccc(OCC5COC(Cn6cncn6)(c6ccc(Cl)cc6Cl)O5)cc4)CC3)cc2)c1=O,9,0.0,0.0,0.0
CC[C@H](C)C(=O)O[C@H]1C[C@@H](C)C=C2C=C[C@H](C)[C@H](CC[C@@H]3C[C@@H](O)CC(=O)O3)[C@H]21,8,0.0,0.0,0.0
Cc1ccccc1N1C(=O)c2cc(S(N)(=O)=O)c(Cl)cc2NC1C,6,0.0,0.0,0.0
Clc1ccc(COC(Cn2ccnc2)c2ccc(Cl)cc2Cl)c(Cl)c1,6,0.0,0.0,0.0
NC(=O)C[S+]([O-])C(c1ccccc1)c1ccccc1,9,0.0,0.0,0.0
CC[C@H](C)[C@@H](CO[C@@H](Cc1ccccc1)C(=O)N[C@@H](CCS(C)(=O)=O)C(=O)OC(C)C)NC[C@@H](N)CS,4,0.0,0.0,0.0
Cc1c(OCC(F)(F)F)ccnc1C[S+]([O-])c1nc2ccccc2[nH]1,7,0.0,0.0,0.0
CCCCN1CCCC[C@H]1C(=O)Nc1c(C)cccc1C,5,0.0,0.0,0.0
COS(C)(=O)=O,4,0.0,0.0,0.0
CN(C)C=O,4,0.0,0.0,0.0
CCCCC1=NC2(CCCC2)C(=O)N1Cc1ccc(-c2ccccc2-c2nnn[nH]2)cc1,7,0.0,0.0,0.0
CC(C(=O)O)c1ccc(CC2CCCC2=O)cc1,6,0.0,0.0,0.0
COCCc1ccc(OCC(O)CNC(C)C)cc1,7,0.0,0.0,0.0
CC1(C)[C@H]2CC[C@]1(C)C(=O)C2,4,0.0,0.0,0.0
Cc1cnc(NC(=O)C2=C(O)c3ccccc3S(=O)(=O)N2C)s1,8,0.0,0.0,0.0
COC(=O)c1ccccc1O,4,0.0,0.0,0.0
c1ccc(Nc2ccc(Nc3ccccc3)cc2)cc1,5,0.0,0.0,0.0
CC1Cc2ccccc2N1NC(=O)c1ccc(Cl)c(S(N)(=O)=O)c1,7,0.0,0.0,0.0
CCc1c2c(nc3ccc(OC(=O)N4CCC(N5CCCCC5)CC4)cc13)-c1cc3c(c(=O)n1C2)COC(=O)[C@]3(O)CC,4,0.0,0.0,0.0
NC[C@H]1O[C@H](O[C@H]2[C@H](O)[C@@H](O[C@H]3O[C@H](CO)[C@@H](O)[C@H](N)[C@H]3O)[C@H](N)C[C@@H]2N)[C@H](O)[C@@H](O)[C@@H]1O,5,0.0,0.0,0.0
O=c1cc(N2CCOCC2)oc2c(-c3ccccc3)cccc12,4,0.0,0.0,0.0
Cc1ncc([N+](=O)[O-])n1CCO,5,0.0,0.0,0.0
CC(C)(O)c1ccccc1CC[C@@H](SCC1(CC(=O)O)CC1)c1cccc(/C=C/c2ccc3ccc(Cl)cc3n2)c1,6,0.0,0.0,0.0
N[C@@H](Cn1ccc(=O)c(O)c1)C(=O)O,5,0.0,0.0,0.0
CCn1cc(C(=O)O)c(=O)c2cc(F)c(N3CCNC(C)C3)c(F)c21,7,0.0,0.0,0.0
COC(=O)Nc1nc2cc(C(=O)c3ccccc3)ccc2[nH]1,5,0.0,0.0,0.0
C[C@](N)(Cc1ccc(O)c(O)c1)C(=O)O,5,0.0,0.0,0.0
COc1ccc2cc(CCC(C)=O)ccc2c1,5,0.0,0.0,0.0
Nc1nc(N)nc(-c2cc(Cl)ccc2Cl)n1.O=C(O)/C=C\C(=O)O,4,0.0,0.0,0.0
CO[C@@H]1[C@@H](OC)[C@H](C)[C@@](O)(CC(=O)O)O[C@H]1[C@H](C)[C@H]1O[C@@]2(CC[C@@](C)([C@H]3CC[C@@](C)([C@@H]4O[C@@H]([C@H]5O[C@](C)(O)[C@H](C)C[C@@H]5C)C[C@@H]4O[C@@H]4C[C@H](OC)[C@@H](OC)[C@H](C)O4)O3)O2)C[C@H](O)[C@H]1C,4,0.0,0.0,0.0
CC(C)(C(=O)c1cccnc1)c1cccnc1,5,0.0,0.0,0.0
Nc1cc(N2CCCCC2)nc(N)[n+]1[O-],5,0.0,0.0,0.0
Cc1oncc1C(=O)Nc1ccc(C(F)(F)F)cc1,7,0.0,0.0,0.0
C[C@H]1COc2c(N3CCN(C)CC3)c(F)cc3c(=O)c(C(=O)O)cn1c23.C[C@H]1COc2c(N3CCN(C)CC3)c(F)cc3c(=O)c(C(=O)O)cn1c23.O,21,0.0,0.0,0.0
CO[C@@H]1[C@@H](OC)[C@H](C)[C@@](O)(CC(=O)O)O[C@H]1[C@H](C)[C@H]1O[C@@]2(CC[C@@](C)([C@H]3CC[C@@](C)([C@@H]4O[C@@H]([C@H]5O[C@](C)(O)[C@H](C)C[C@@H]5C)C[C@@H]4O[C@@H]4C[C@H](OC)[C@@H](OC)[C@H](C)O4)O3)O2)C[C@H](O)[C@H]1C.N,4,0.0,0.0,0.0
CC[C@@H](CO)NC(=O)[C@@H]1C=C2c3cccc4[nH]cc(c34)C[C@H]2N(C)C1,6,0.0,0.0,0.0
COc1nc(C)nc(Cl)c1NC1=NCCN1,6,0.0,0.0,0.0
CC(C)(C)NCC(O)COc1cccc2c1CC(O)C(O)C2,7,0.0,0.0,0.0
C/C=C\c1ccc(O)c(OC)c1,4,0.0,0.0,0.0
CC(=O)N1CCN(c2ccc(OCC3COC(Cn4ccnc4)(c4ccc(Cl)cc4Cl)O3)cc2)CC1,14,0.0,0.0,0.0
CC(C(=O)O)c1cccc(C(=O)c2ccccc2)c1,6,0.0,0.0,0.0
CCOC(=O)C1=C(C)NC(C)=C(C(=O)OCC)C1c1ccccc1/C=C/C(=O)OC(C)(C)C,6,0.0,0.0,0.0
N#Cc1ccc(C(c2ccc(C#N)cc2)n2cncn2)cc1,4,0.0,0.0,0.0
CCN1CCC[C@H]1CNC(=O)c1cc(S(N)(=O)=O)ccc1OC,7,0.0,0.0,0.0
CC(=O)[C@@]1(O)CC[C@H]2[C@@H]3C[C@H](C)C4=CC(=O)CC[C@]4(C)[C@H]3CC[C@@]21C,4,0.0,0.0,0.0
Cc1cccc(C)c1NC(=O)C1CCCCN1C,7,0.0,0.0,0.0
COc1ccccc1OCC(O)COC(N)=O,5,0.0,0.0,0.0
COc1c(C)c2c(c(O)c1C/C=C(\C)CCC(=O)OCCN1CCOCC1)C(=O)OC2,6,0.0,0.0,0.0
CC(C)(Oc1ccc(C2CCCc3ccccc32)cc1)C(=O)O,4,0.0,0.0,0.0
NNC(=O)c1ccncc1,9,0.0,0.0,0.0
CC[C@H](C)C(=O)O[C@H]1CCC=C2C=C[C@H](C)[C@H](CC[C@@H]3C[C@@H](O)CC(=O)O3)[C@H]21,4,0.0,0.0,0.0
Clc1ccc(C(c2ccccc2Cl)C(Cl)Cl)cc1,7,0.0,0.0,0.0
O=C(c1ccccc1)c1ccc2n1CCC2C(=O)O,5,0.0,0.0,0.0
CC(O)C(=O)O,4,0.0,0.0,0.0
Nc1nc(=O)c2c([nH]1)NCC(CNc1ccc(C(=O)N[C@@H](CCC(=O)O)C(=O)O)cc1)N2C=O,6,0.0,0.0,0.0
CCN(CC)CC(=O)Nc1c(C)cccc1C,10,0.0,0.0,0.0
CCOC(=O)N1CCC(=C2c3ccc(Cl)cc3CCc3cccnc32)CC1,12,0.0,0.0,0.0
C[C@@H](O)[C@H]1C(=O)N2C(C(=O)O)=C(S[C@@H]3CN[C@H](C(=O)N(C)C)C3)[C@H](C)[C@H]12,7,0.0,0.0,0.0
CN(Cc1cnc2nc(N)nc(N)c2n1)c1ccc(C(=O)N[C@@H](CCC(=O)O)C(=O)O)cc1,7,0.0,0.0,0.0
C[C@H]1C[C@@H]2[C@H]([C@@H](O)C[C@@]3(C)[C@H]2CC[C@]3(O)C(=O)CO)[C@@]2(C)C=CC(=O)C=C12,5,0.0,0.0,0.0
COc1c(C)c2c(c(O)c1C/C=C(\C)CCC(=O)O)C(=O)OC2,4,0.0,0.0,0.0
Oc1ccc2c3c1O[C@H]1[C@@H](O)CC[C@@]4(O)[C@@H](C2)N(CC2CCC2)CC[C@]314,4,0.0,0.0,0.0
CC(C)NCC(O)c1ccc(O)c(O)c1,7,0.0,0.0,0.0
O=C1c2c(O)ccc(O)c2C(=O)c2c(NCCNCCO)ccc(NCCNCCO)c21,7,0.0,0.0,0.0
CN1CCC(=C2c3ccccc3CC(=O)c3sccc32)CC1,7,0.0,0.0,0.0
c1ccc([C@H]2CN3CCSC3=N2)cc1,7,0.0,0.0,0.0
CCC[C@@H]1C[C@@H](C(=O)N[C@@H]([C@H]2O[C@H](SC)[C@H](O)[C@@H](O)[C@H]2O)[C@@H](C)O)N(C)C1,7,0.0,0.0,0.0
O=C1Nc2ccc(Cl)cc2C(c2ccccc2Cl)=NC1O,7,0.0,0.0,0.0
COc1cc(C(=O)NS(=O)(=O)c2ccccc2C)ccc1Cc1cn(C)c2ccc(NC(=O)OC3CCCC3)cc12,7,0.0,0.0,0.0
N[C@@H]1[C@H]2CN(c3nc4c(cc3F)c(=O)c(C(=O)O)cn4-c3ccc(F)cc3F)C[C@@H]12,6,0.0,0.0,0.0
CCC(C)C(C(=O)OCC[N+](C)(CC)CC)c1ccccc1.[Br-],4,0.0,0.0,0.0
CCN(C(C)=O)c1cccc(-c2ccnc3c(C#N)cnn23)c1,6,0.0,0.0,0.0
CC1(C)O[C@@H]2C[C@H]3[C@@H]4CCC5=CC(=O)C=C[C@]5(C)[C@@]4(F)[C@@H](O)C[C@]3(C)[C@]2(C(=O)CO)O1,6,0.0,0.0,0.0
COc1ccc(CN2CCNCC2)c(OC)c1OC,6,0.0,0.0,0.0
COc1cc(C(=O)NC2CCCNC2)cc(OC)c1OC,6,0.0,0.0,0.0
CC[C@]1(O)C[C@@H]2CN(CCc3c([nH]c4ccccc34)[C@@](C(=O)OC)(c3cc4c(cc3OC)N(C)[C@H]3[C@@](O)(C(N)=O)[C@H](O)[C@]5(CC)C=CCN6CC[C@]43[C@@H]65)C2)C1,5,0.0,0.0,0.0
CCCOc1ccccc1-c1nc2[nH]nnc2c(=O)[nH]1,4,0.0,0.0,0.0
CN1C(=O)OC(C)(C)C1=O,7,0.0,0.0,0.0
N#CC(C#N)=Cc1ccc(O)c(O)c1,4,0.0,0.0,0.0
CCCCC(=O)N(Cc1ccc(-c2ccccc2-c2nnn[nH]2)cc1)[C@H](C(=O)O)C(C)C,4,0.0,0.0,0.0
NC[C@H]1CC[C@H](C(=O)O)CC1,5,0.0,0.0,0.0
O=C(Nc1ccc(Br)cc1)c1cc(Br)cc(Br)c1O,4,0.0,0.0,0.0
Cc1cc2cc3c(C)cc(=O)oc3c(C)c2o1,5,0.0,0.0,0.0
Cc1c(C)c2c(c(C)c1O)CCC(C)(CN1CCN(c3cc(N4CCCC4)nc(N4CCCC4)n3)CC1)O2,4,0.0,0.0,0.0
CN[C@H](CC(C)C)C(=O)N[C@H]1C(=O)N[C@@H](CC(N)=O)C(=O)N[C@H]2C(=O)N[C@H]3C(=O)N[C@H](C(=O)N[C@H](C(=O)O)c4cc(O)cc(O)c4-c4cc3ccc4O)[C@H](O)c3ccc(c(Cl)c3)Oc3cc2cc(c3O[C@@H]2O[C@H](CO)[C@@H](O)[C@H](O)[C@H]2O[C@H]2C[C@](C)(N)[C@H](O)[C@H](C)O2)Oc2ccc(cc2Cl)[C@H]1O,6,0.0,0.0,0.0
O=c1ncn2nc(Sc3ccc(F)cc3F)ccc2c1-c1c(Cl)cccc1Cl,4,0.0,0.0,0.0
COc1ccc(/C=C/C(=O)Nc2ccccc2C(=O)O)cc1OC,5,0.0,0.0,0.0
CC(c1cc2ccccc2s1)N(O)C(N)=O,7,0.0,0.0,0.0
CC(=O)O[C@H]1C[C@@H]2CC[C@@H]3[C@H](CC[C@@]4(C)[C@H]3C[C@H]([N+]3(C)CCCCC3)[C@@H]4OC(C)=O)[C@@]2(C)C[C@@H]1N1CCCCC1.[Br-],4,0.0,0.0,0.0
CC(=O)CC(c1ccccc1)c1c(O)c2ccccc2oc1=O,8,0.0,0.0,0.0
[Cl-].[Cl-].[Zn+2],4,0.0,0.0,0.0
O=C(O)C(Cl)(Cl)Cl,4,0.0,0.0,0.0
NC(CO)(CO)CO,4,0.0,0.0,0.0
CCOC(N)=O,4,0.0,0.0,0.0
COc1ccc(C(CN(C)C)C2(O)CCCCC2)cc1,5,0.0,0.0,0.0
C[C@@H](N)[C@H]1CC[C@H](C(=O)Nc2ccncc2)CC1,5,0.0,0.0,0.0
O=c1n(CCCN2CCN(c3cccc(Cl)c3)CC2)nc2ccccn12,7,0.0,0.0,0.0
CC(Cl)(Cl)Cl,4,0.0,0.0,0.0
CCN(Cc1ccncc1)C(=O)C(CO)c1ccccc1,5,0.0,0.0,0.0
CC(C)[C@H](N)C(=O)OCCOCn1cnc2c(=O)nc(N)[nH]c21,7,0.0,0.0,0.0
CC(=O)OCC(COC(C)=O)OC(C)=O,4,0.0,0.0,0.0
CN1CCN(CCCN2c3ccccc3Sc3ccc(C(F)(F)F)cc32)CC1,7,0.0,0.0,0.0
CN1[C@@H]2CC[C@H]1C[C@@H](OC(=O)c1c[nH]c3ccccc13)C2,6,0.0,0.0,0.0
CC(=O)S[C@@H]1CC2=CC(=O)CC[C@]2(C)[C@H]2CC[C@@]3(C)[C@@H](CC[C@@]34CCC(=O)O4)[C@H]12,7,0.0,0.0,0.0
O=C1C[C@@H]2OCC=C3CN4CC[C@]56c7ccccc7N1[C@H]5[C@H]2[C@H]3C[C@H]46,4,0.0,0.0,0.0
Cc1noc(NS(=O)(=O)c2ccc(N)cc2)c1C,7,0.0,0.0,0.0
CN(C)[C@@H]1C(O)=C(C(N)=O)C(=O)[C@@]2(O)C(O)=C3C(=O)c4c(O)cccc4[C@@](C)(O)[C@H]3C[C@@H]12,5,0.0,0.0,0.0
Cc1cccc(Nc2ccncc2S(=O)(=O)NC(=O)NC(C)C)c1,5,0.0,0.0,0.0
CC(N)C12CC3CC(CC(C3)C1)C2,5,0.0,0.0,0.0
O=[N+]([O-])c1cc([As](=O)(O)O)ccc1O,4,0.0,0.0,0.0
NC(=O)c1ccccc1O,4,0.0,0.0,0.0
C=CCC1(C(C)CCC)C(=O)NC(=O)NC1=O,4,0.0,0.0,0.0
O=[As][O-].[Na+],4,0.0,0.0,0.0
Cc1nnc(NS(=O)(=O)c2ccc(N)cc2)s1,7,0.0,0.0,0.0
C=CC[C@@H]1/C=C(\C)C[C@H](C)C[C@H](OC)[C@H]2O[C@@](O)(C(=O)C(=O)N3CCCC[C@H]3C(=O)O[C@H](/C(C)=C/[C@@H]3CC[C@@H](O)[C@H](OC)C3)[C@H](C)[C@@H](O)CC1=O)[C@H](C)C[C@@H]2OC,8,0.0,0.0,0.0
CN1C(C(=O)Nc2ccccn2)=C(O)c2sccc2S1(=O)=O,7,0.0,0.0,0.0
CC1=C(CC(=O)O)c2cc(F)ccc2/C1=C\c1ccc([S+](C)[O-])cc1,6,0.0,0.0,0.0
CSc1ccc2c(c1)N(CCC1CCCCN1C)c1ccccc1S2,18,0.0,0.0,0.0
NC[C@H]1O[C@H](O[C@H]2[C@H](O)[C@@H](O[C@H]3O[C@H](CO)[C@@H](O)[C@H](N)[C@H]3O)[C@H](N)C[C@@H]2N)[C@H](N)C[C@@H]1O,4,0.0,0.0,0.0
O=P(O)(O)C(O)(Cc1cccnc1)P(=O)(O)O,8,0.0,0.0,0.0
CC[C@H]1OC(=O)[C@H](C)[C@@H](O[C@H]2C[C@@](C)(OC)[C@@H](O)[C@H](C)O2)[C@H](C)[C@@H](O[C@@H]2O[C@H](C)C[C@H](N(C)C)[C@H]2O)[C@](C)(O)C[C@@H](C)/C(=N\OCOCCOC)[C@H](C)[C@@H](O)[C@]1(C)O,6,0.0,0.0,0.0
O=C(O)c1ccccc1O,4,0.0,0.0,0.0
C#CCN(C)[C@H](C)Cc1ccccc1,7,0.0,0.0,0.0
Cc1cc(NS(=O)(=O)c2ccc(N)cc2)no1,7,0.0,0.0,0.0
CC/C(=C(\c1ccccc1)c1ccc(OCCN(C)C)cc1)c1ccccc1,7,0.0,1.0,0.0
NC1CCN(c2nc3c(cc2F)c(=O)c(C(=O)O)cn3-c2ccc(F)cc2F)C1,6,0.0,0.0,0.0
C[C@]12CCC(=O)C[C@@H]1CC[C@@H]1[C@@H]2CC[C@]2(C)[C@@H](O)CC[C@@H]12,7,0.0,0.0,0.0
Clc1ccc(CSC(Cn2ccnc2)c2ccc(Cl)cc2Cl)cc1,6,0.0,0.0,0.0
CSc1ccc(/C=C2/C(C)=C(CC(=O)O)c3cc(F)ccc32)cc1,4,0.0,0.0,0.0
CCN(CC)CCNC(=O)c1cc(S(C)(=O)=O)ccc1OC,6,0.0,0.0,0.0
Cc1cccc(C)c1NC(=O)C(C)N,8,0.0,0.0,0.0
COc1cc(N)[nH]c2nc(-c3ccc(F)cc3)c(-c3ccncc3)c1-2,4,0.0,0.0,0.0
CC[C@@H](C(=O)[C@@H](C)[C@@H](O)[C@H](C)[C@@H]1O[C@@H]([C@@H](CC)C(=O)O)CC[C@@H]1C)[C@H]1O[C@]2(C=C[C@@H](O)[C@]3(CC[C@@](C)([C@H]4CC[C@](O)(CC)[C@H](C)O4)O3)O2)[C@H](C)C[C@@H]1C,4,0.0,0.0,0.0
CC1CCC(NC(=O)N(CCCl)N=O)CC1,4,0.0,0.0,0.0
Nc1ccc(S(=O)(=O)NC(=O)c2ccccc2)cc1,4,0.0,0.0,0.0
CC1=C(CC(=O)O)c2cc(F)ccc2/C1=C\c1ccc(S(C)(=O)=O)cc1,4,0.0,0.0,0.0
O=C(OC[C@H]1O[C@@H](OC(=O)c2cc(O)c(O)c(OC(=O)c3cc(O)c(O)c(O)c3)c2)[C@H](OC(=O)c2cc(O)c(O)c(OC(=O)c3cc(O)c(O)c(O)c3)c2)[C@@H](OC(=O)c2cc(O)c(O)c(OC(=O)c3cc(O)c(O)c(O)c3)c2)[C@@H]1OC(=O)c1cc(O)c(O)c(OC(=O)c2cc(O)c(O)c(O)c2)c1)c1cc(O)c(O)c(OC(=O)c2cc(O)c(O)c(O)c2)c1,4,0.0,0.0,0.0
CN(C/C=C/C#CC(C)(C)C)Cc1cccc2ccccc12,4,0.0,0.0,0.0
COc1cccc(C2(O)CCCCC2CN(C)C)c1,7,0.0,0.0,0.0
C[C@]12Cc3c[nH]nc3C[C@@H]1CC[C@@H]1[C@@H]2CC[C@@]2(C)[C@H]1CC[C@]2(C)O,4,0.0,0.0,0.0
C#C[C@]1(O)CC[C@H]2[C@@H]3[C@H](C)CC4=C(CCC(=O)C4)[C@H]3CC[C@@]21C,6,0.0,0.0,0.0
Cc1ccc(S(=O)(=O)NC(=O)NN2CCCCCC2)cc1,5,0.0,0.0,0.0
NC(=O)c1ncn([C@@H]2O[C@H](CO)[C@@H](O)[C@H]2O)n1,7,0.0,0.0,0.0
CC(C)NC[C@H](O)COc1cccc2ccccc12,4,0.0,0.0,0.0
CN[C@H]1CC[C@@H](c2ccc(Cl)c(Cl)c2)c2ccccc21,8,0.0,0.0,0.0
CC(C)NCC(O)c1ccc(NS(C)(=O)=O)cc1,6,0.0,0.0,0.0
Nc1ccc(S(=O)(=O)Nc2ncccn2)cc1,5,0.0,0.0,0.0
CC(C)(C)NCC(O)c1cc(O)cc(O)c1,4,0.0,0.0,0.0
CC(C)Cc1ccc([C@@H](C)C(=O)O)cc1,4,0.0,0.0,0.0
Nc1ccc(S(=O)(=O)Nc2ccnn2-c2ccccc2)cc1,4,0.0,0.0,0.0
Clc1ccccc1CN1CCc2sccc2C1,7,0.0,0.0,0.0
CCCCOc1cc(CC2CNC(=O)N2)ccc1OC,5,0.0,0.0,0.0
N[C@H](CSC(=S)NCc1ccccc1)C(=O)O,4,0.0,0.0,0.0
CC(C)(C)NC(=O)[C@@H]1C[C@@H]2CCCC[C@@H]2CN1C[C@@H](O)[C@H](Cc1ccccc1)NC(=O)[C@H](CC(N)=O)NC(=O)c1ccc2ccccc2n1,7,0.0,0.0,0.0
CC(C)CC(N(C)C)C1(c2ccc(Cl)cc2)CCC1,7,0.0,0.0,0.0
CN[C@@H]1[C@H](O[C@H]2[C@H](O[C@H]3[C@H](O)[C@@H](O)[C@H](N=C(N)N)[C@@H](O)[C@@H]3N=C(N)N)O[C@@H](C)[C@]2(O)C=O)O[C@@H](CO)[C@H](O)[C@H]1O,8,0.0,0.0,0.0
O=C(O)c1cc(/N=N/c2ccc(S(=O)(=O)Nc3ccccn3)cc2)ccc1O,5,0.0,0.0,0.0
Cc1cccc(N(C)C(=S)Oc2ccc3ccccc3c2)c1,5,0.0,0.0,0.0
O=C(c1ccc(OCCN2CCCCC2)cc1)c1c(-c2ccc(O)cc2)sc2cc(O)ccc12,7,0.0,0.0,0.0
CO[C@H]1/C=C/O[C@@]2(C)Oc3c(C)c(O)c4c(O)c(c(/C=N/N5CCN(C)CC5)c(O)c4c3C2=O)NC(=O)/C(C)=C\C=C\[C@H](C)[C@H](O)[C@@H](C)[C@@H](O)[C@@H](C)[C@H](OC(C)=O)[C@@H]1C,8,0.0,0.0,0.0
C[C@@](Cc1ccc(O)c(O)c1)(NN)C(=O)O.O,4,0.0,0.0,0.0
O=C(O)c1cn(-c2ccc(F)cc2)c2cc(N3CCNCC3)c(F)cc2c1=O,4,0.0,0.0,0.0
CCCc1nn(C)c2c(=O)[nH]c(-c3cc(S(=O)(=O)N4CCN(C)CC4)ccc3OCC)nc12,16,0.0,0.0,0.0
C1CCN2C[C@@H]3C[C@@H](CN4CCCC[C@@H]34)[C@H]2C1,4,0.0,0.0,0.0
CNS(=O)(=O)Cc1ccc2[nH]cc(CCN(C)C)c2c1,7,0.0,0.0,0.0
CC(=O)N[C@@H]1[C@H](Oc2c3cc4cc2Oc2ccc(cc2Cl)[C@@H](O[C@@H]2O[C@@H](CO)[C@@H](O)[C@H](O)[C@@H]2NC(C)=O)[C@@H]2NC(=O)[C@H](NC(=O)[C@@H]4NC(=O)[C@H]4NC(=O)[C@@H](Cc5ccc(c(Cl)c5)O3)NC(=O)[C@H](N)c3ccc(O)c(c3)Oc3cc(O)cc4c3)c3ccc(O)c(c3)-c3c(O[C@H]4O[C@H](CO)[C@@H](O)[C@@H](O)[C@@H]4O)cc(O)cc3[C@@H](C(=O)O)NC2=O)O[C@@H](CO)[C@@H](O)[C@@H]1O,4,0.0,0.0,0.0
CN(N=O)C(=O)N[C@@H](C=O)[C@@H](O)[C@H](O)[C@H](O)CO,4,0.0,0.0,0.0
Nc1ccc(S(=O)(=O)Nc2nccs2)cc1,7,0.0,0.0,0.0
C[C@]12CC[C@H]3[C@@H](CCC4=CC(=O)CC[C@@]43C)[C@@H]1CC[C@@H]2O,5,0.0,0.0,0.0
CC(=N)S,4,0.0,0.0,0.0
CC(C)(C)NC[C@H](O)COc1nsnc1N1CCOCC1,6,0.0,0.0,0.0
CCOC(=O)[C@H](CCc1ccccc1)N[C@@H](C)C(=O)N1[C@H](C(=O)O)C[C@@H]2CCC[C@@H]21,7,0.0,0.0,0.0
CN(CCOc1ccc(CC2SC(=O)NC2=O)cc1)c1ccccn1,8,0.0,0.0,0.0
C=CCc1ccc2c(c1)OCO2,4,0.0,0.0,0.0
C[S+]([O-])c1ccc(-c2nc(-c3ccc(F)cc3)c(-c3ccncc3)[nH]2)cc1,4,0.0,0.0,0.0
CN[C@@H]1[C@H](O)[C@H](NC)[C@H]2O[C@@]3(O)C(=O)C[C@@H](C)O[C@H]3O[C@@H]2[C@H]1O,5,0.0,0.0,0.0
Cc1ccnc(NS(=O)(=O)c2ccc(N)cc2)n1,7,0.0,0.0,0.0
C[N+](C)(C)CCOC(=O)CCC(=O)OCC[N+](C)(C)C.[Cl-].[Cl-],4,0.0,0.0,0.0
CC1CN(c2cc3c(cc2F)c(=O)c(C(=O)O)cn3-c2ccc(F)cc2F)CCN1,4,0.0,0.0,0.0
O.O.O.O.O.O.[Cl-].[Cl-].[Sr+2],4,0.0,0.0,0.0
O=C1C(CC[S+]([O-])c2ccccc2)C(=O)N(c2ccccc2)N1c1ccccc1,7,0.0,0.0,0.0
CCS(=O)(=O)CCn1c([N+](=O)[O-])cnc1C,7,0.0,0.0,0.0
CC[C@@]1(O)C(=O)OCc2c1cc1n(c2=O)Cc2cc3c(CN(C)C)c(O)ccc3nc2-1,4,0.0,0.0,0.0
C=C(C)[C@H]1Cc2c(ccc3c2O[C@@H]2COc4cc(OC)c(OC)cc4[C@@H]2C3=O)O1,5,0.0,0.0,0.0
CC(C)(C)NCC(O)c1ccc(O)c(CO)c1,7,0.0,0.0,0.0
Cc1ncc([N+](=O)[O-])n1CC(C)O,4,0.0,0.0,0.0
CN[C@@H]1[C@@H](O)[C@@H](O[C@@H]2[C@@H](O)[C@H](O[C@H]3OC(CN)=CC[C@H]3N)[C@@H](N)C[C@H]2N)OC[C@]1(C)O,4,0.0,0.0,0.0
CN(C(=O)Cc1ccc(Cl)c(Cl)c1)C1CCC2(CCCO2)CC1N1CCCC1,4,0.0,0.0,0.0
Cc1cc(C)nc(NS(=O)(=O)c2ccc(N)cc2)n1,5,0.0,0.0,0.0
NC(=O)N1C(=O)/C(=C(\O)c2cccs2)c2cc(Cl)ccc21,4,0.0,0.0,0.0
Cc1ccc([C@H](c2ccc(Cl)cc2Cl)N2CCN(C(=O)NC3CCCCC3)CC2)cc1,2,0.0,0.0,1.0
Cc1ccc([C@@H](c2ccc(Cl)cc2Cl)N2CCN(C(=O)NC3CCCCC3)CC2)cc1,2,0.0,0.0,1.0
[3H]c1cc(-c2cnn3c(=O)n(Cc4ccc(C(F)(F)F)nc4[3H])nc3c2-c2ccncc2)ccc1Cl,2,0.0,0.0,1.0
O=c1n(Cc2ccc(C(F)(F)F)nc2)nc2c(-c3ccncc3)c(-c3ccc(Cl)cc3)cnn12,2,0.0,0.0,1.0
CCCCCCc1ccc(O)cc1OCCCCCCCCCCC(=O)OC(CO)CO,3,0.0,0.0,0.0
CCCCCCC(C)(C)c1cc(O)cc(OCCCCCCCCCCC(=O)OC(CO)CO)c1,3,0.0,0.0,0.0
CCCCCCCCCCCCC/C=C/CCC(=O)N(C)[C@H](CO)COC,2,0.0,0.0,0.0
CCOc1ccc(Cc2nc3cc(N(C)S(=O)(=O)c4cccs4)ccc3n2CC2CCCCC2)nc1,6,0.0,0.0,0.0
C=CCn1c2c(c3cc(C(=O)N4CCC(C)CC4)ccc31)CN(CC1CC1)CC2,3,0.0,0.0,0.0
C=CCn1c2c(c3cc(C(=O)N4CCC(C)CC4)ccc31)CN(C1CCCC1)CC2,3,0.0,0.0,0.0
C=CCn1c2c(c3cc(C(=O)N4CCC(C)CC4)ccc31)CN(C1CCCCC1)CC2,3,0.0,0.0,0.0
CCCn1c2c(c3cc(C(=O)N4CCC(C)CC4)ccc31)CN(C1CCCC1)CC2,3,0.0,0.0,0.0
CCCn1c2c(c3cc(C(=O)N4CCC(C)CC4)ccc31)CN(C1CCOCC1)CC2,3,0.0,0.0,0.0
CC1CCN(C(=O)c2ccc3[nH]c4c(c3c2)CN(C2CCCC2)CC4)CC1,3,0.0,0.0,0.0
CC1CCN(C(=O)c2ccc3c(c2)c2c(n3C)CCN(C3CCCC3)C2)CC1,3,0.0,0.0,0.0
CCn1c2c(c3cc(C(=O)N4CCC(C)CC4)ccc31)CN(C1CCCC1)CC2,3,0.0,0.0,0.0
CCCC(=O)n1c2c(c3cc(C(=O)N4CCC(C)CC4)ccc31)CN(C1CCOCC1)CC2,3,0.0,0.0,0.0
CCCS(=O)(=O)n1c2c(c3cc(C(=O)N4CCC(C)CC4)ccc31)CN(C1CCOCC1)CC2,4,0.0,0.0,0.0
CCCS(=O)(=O)n1c2c(c3cc(C(=O)N4CCC(C)CC4)ccc31)CN(C1CCCC1)CC2,3,0.0,0.0,0.0
CC1CCN(C(=O)c2ccc3c(c2)c2c(n3S(C)(=O)=O)CCN(C3CCCC3)C2)CC1,3,0.0,0.0,0.0
CC1CCN(C(=O)c2ccc3c(c2)c2c(n3S(C)(=O)=O)CCN(C3CCOCC3)C2)CC1,3,0.0,0.0,0.0
CCS(=O)(=O)n1c2c(c3cc(C(=O)N4CCC(C)CC4)ccc31)CN(C1CCCC1)CC2,3,0.0,0.0,0.0
CCS(=O)(=O)n1c2c(c3cc(C(=O)N4CCC(C)CC4)ccc31)CN(C1CCOCC1)CC2,8,0.0,0.0,0.0
CC1CCN(C(=O)c2ccc3c(c2)c2c(n3S(=O)(=O)C(C)C)CCN(C3CCOCC3)C2)CC1,3,0.0,0.0,0.0
CC1CCN(C(=O)c2ccc3c(c2)c2c(n3S(=O)(=O)c3ccccc3)CCN(C3CCOCC3)C2)CC1,3,0.0,0.0,0.0
CC1CCN(C(=O)c2ccc3c(c2)c2c(n3S(=O)(=O)N(C)C)CCN(C3CCCC3)C2)CC1,3,0.0,0.0,0.0
CC1CCN(C(=O)c2ccc3c(c2)c2c(n3S(=O)(=O)N(C)C)CCN(C3CCOCC3)C2)CC1,3,0.0,0.0,0.0
CC1CCN(C(=O)c2ccc3c(c2)c2c(n3C(=O)N(C)C)CCN(C3CCOCC3)C2)CC1,3,0.0,0.0,0.0
CCOc1ccc(Cn2c3c(c4cc(C(=O)N5CCC(C)CC5)ccc42)CN(C2CCOCC2)CC3)cc1,3,0.0,0.0,0.0
CCNS(=O)(=O)n1c2c(c3cc(C(=O)N4CCC(C)CC4)ccc31)CN(C1CCOCC1)CC2,3,0.0,0.0,0.0
CC1CCN(C(=O)c2ccc3c(c2)c2c(n3S(=O)(=O)n3ccnc3)CCN(C3CCOCC3)C2)CC1,3,0.0,0.0,0.0
CCCS(=O)(=O)n1c2c(c3cc(C(=O)N4CCC(C)CC4)ccc31)CN(C1CCOC1)CC2,2,0.0,0.0,1.0
CCS(=O)(=O)n1c2c(c3cc(C(=O)N4CCC(C)CC4)ccc31)CN(C1CCOC1)CC2,2,0.0,0.0,1.0
CC1CCN(C(=O)c2ccc3c(c2)c2c(n3C)CCN(C3CCOCC3)C2)CC1,2,0.0,0.0,1.0
Cn1c2c(c3cc(C(=O)N4CCCCC4)ccc31)CN(C1CCOCC1)CC2,2,0.0,0.0,1.0
C=CCn1c2c(c3cc(C(=O)N4CCC(C)CC4)ccc31)CN(Cc1ccccc1)CC2,2,0.0,0.0,0.0
C=CCn1c2c(c3cc(C(=O)N4CCC(C)CC4)ccc31)CN(CC1CCCC1)CC2,2,0.0,0.0,0.0
C=CCn1c2c(c3cc(C(=O)N4CCC(C)CC4)ccc31)CN(C1CCSC1)CC2,2,0.0,0.0,0.0
C=CCn1c2c(c3cc(C(=O)N4CCC(C)CC4)ccc31)CN(C1CCOCC1)CC2,2,0.0,0.0,0.0
C=CCn1c2c(c3cc(C(=O)N4CCC(C)CC4)ccc31)CN(Cc1ccccn1)CC2,2,0.0,0.0,0.0
C=CCn1c2c(c3cc(C(=O)N4CCC(C)CC4)ccc31)CN(Cc1ccncc1)CC2,2,0.0,0.0,0.0
O=C(c1c(NC(=O)C23CC4CC(CC2C4)C3)sc2c1CCOC2)N1CC(F)(F)C1,3,0.0,0.0,0.0
CCCNC(=O)c1c(NC(=O)C23CC4CC(CC2C4)C3)sc2c1CCOC2,3,0.0,0.0,0.0
COc1cccc2c(-c3nsc(CN4CCN(CC(N)=O)CC4)n3)cn(CC3CCOCC3)c12,2,0.0,0.0,1.0
O=C(NCCO)[C@H]1CCCN(Cc2nc(-c3cn(CC4CCS(=O)(=O)CC4)c4c(Cl)cccc34)ns2)C1,2,0.0,0.0,1.0
NC(=O)CN1CCN(Cc2nc(-c3cn(CC4CCOCC4)c4c(Cl)cccc34)no2)CC1,3,0.0,0.0,1.0
CC(C)(NC(=O)c1cc2c(n(CC3CCCCC3)c1=O)CCCCCC2)C(=O)O,3,0.0,0.0,0.0
O=C(NC1(C(=O)O)CCCCCCC1)c1cc2c(n(CC3CCCCC3)c1=O)CCCCCC2,2,0.0,0.0,1.0
O=C(NC1(C(=O)O)CCCC1)c1cc2c(n(CC3CCCCC3)c1=O)CCCCCC2,2,0.0,0.0,1.0
O=C(NC1(C(=O)O)CCCCC1)c1cc2c(n(CC3CCCCC3)c1=O)CCCCCC2,2,0.0,0.0,1.0
O=C(N[C@H](C(=O)O)C1CCCCC1)c1cc2c(n(CC3CCCCC3)c1=O)CCCCCC2,4,0.0,0.0,0.0
CCCCn1c2c(cc(C(=O)NC3(C(=O)O)CCCCC3)c1=O)CCCCCC2,2,0.0,0.0,0.0
O=C(NC1(C(=O)O)CCCCC1)c1cc2c(n(Cc3ccc(F)cc3)c1=O)CCCCCC2,2,0.0,0.0,1.0
CCc1c(C)cc(C(=O)NC2(C(=O)O)CCCCC2)c(=O)n1Cc1ccc(F)cc1,4,0.0,0.0,0.0
Cc1ccc(Cn2nc(C(=O)N[C@@H]3C(C)(C)[C@@H]4CC[C@@]3(C)C4)cc2-c2ccc(Cl)c(C)c2)cc1,25,0.0,0.0,0.0
O=C(NC1CCCCCC1)c1cccn(Cc2ccc(F)cc2)c1=O,2,0.0,0.0,1.0
O=C(N[C@H](C(=O)O)c1ccccc1)c1cc2c(n(CC3CCCCC3)c1=O)CCCCCC2,3,0.0,0.0,0.0
O=C(N[C@@H](C(=O)O)c1ccccc1)c1cc2c(n(CC3CCCCC3)c1=O)CCCCCC2,3,0.0,0.0,0.0
O=C(N[C@@H](Cc1ccccc1)C(=O)O)c1cc2c(n(CC3CCCCC3)c1=O)CCCCCC2,2,0.0,0.0,1.0
O=C(O)c1ccccc1NC(=O)c1cc2c(n(CC3CCCCC3)c1=O)CCCCCC2,2,0.0,0.0,1.0
O=C(O)c1cccc(NC(=O)c2cc3c(n(CC4CCCCC4)c2=O)CCCCCC3)c1,2,0.0,0.0,1.0
O=C(O)c1ccc(NC(=O)c2cc3c(n(CC4CCCCC4)c2=O)CCCCCC3)cc1,2,0.0,0.0,1.0
O=C(O)Cc1cccc(NC(=O)c2cc3c(n(CC4CCCCC4)c2=O)CCCCCC3)c1,2,0.0,0.0,1.0
O=C(O)Cc1ccc(NC(=O)c2cc3c(n(CC4CCCCC4)c2=O)CCCCCC3)cc1,2,0.0,0.0,0.0
O=C(O)c1csc(NC(=O)c2cc3c(n(CC4CCCCC4)c2=O)CCCCCC3)n1,2,0.0,0.0,0.0
O=C(O)c1cnc(NC(=O)c2cc3c(n(CC4CCCCC4)c2=O)CCCCCC3)s1,2,0.0,0.0,0.0
O=C(O)Cc1csc(NC(=O)c2cc3c(n(CC4CCCCC4)c2=O)CCCCCC3)n1,2,0.0,0.0,1.0
O=C(O)Cc1cnc(NC(=O)c2cc3c(n(CC4CCCCC4)c2=O)CCCCCC3)s1,3,0.0,0.0,0.0
O=C(O)CCc1csc(NC(=O)c2cc3c(n(CC4CCCCC4)c2=O)CCCCCC3)n1,2,0.0,0.0,1.0
C=CC(C)(C)[C@@]12C[C@H]3C(=O)N4[C@@H](C[C@@]5(C(C)(C)C=C)c6ccccc6N[C@@H]45)C(=O)N3[C@@H]1Nc1ccccc12,4,0.0,0.0,0.0
OCC[C@H]1C[C@@H]1c1cncc(OC[C@@H]2CCN2)c1,2,0.0,0.0,0.0
CNC(=O)OCC[C@H]1C[C@@H]1c1cncc(OC[C@@H]2CCN2)c1,2,0.0,0.0,0.0
COCC[C@H]1C[C@@H]1c1cncc(OC[C@@H]2CCN2)c1,2,0.0,0.0,0.0
Cc1c(C(=O)N2CCC(C(N)=O)(c3ccccc3)CC2)nn(-c2ccc(Cl)cc2Cl)c1-c1ccc(Cl)cc1,5,0.0,0.0,0.0
CCNC1(C(N)=O)CCN(C(=O)c2nn(-c3ccc(Cl)cc3Cl)c(-c3ccc(Cl)cc3)c2C)CC1,2,0.0,0.0,1.0
Cc1c(C(=O)N2CCC(NC(=O)OC(C)(C)C)(c3ccccc3)CC2)nn(-c2ccc(Cl)cc2Cl)c1-c1ccc(Cl)cc1,2,0.0,0.0,1.0
Cc1c(C(=O)N2CCC(N)(c3ccccc3)CC2)nn(-c2ccc(Cl)cc2Cl)c1-c1ccc(Cl)cc1,2,0.0,0.0,1.0
CC(=O)NC1(c2ccccc2)CCN(C(=O)c2nn(-c3ccc(Cl)cc3Cl)c(-c3ccc(Cl)cc3)c2C)CC1,2,0.0,0.0,1.0
Cc1c(C(=O)N2CCC(NS(C)(=O)=O)(c3ccccc3)CC2)nn(-c2ccc(Cl)cc2Cl)c1-c1ccc(Cl)cc1,2,0.0,0.0,1.0
Cc1c(C(=O)N2CCC(NC(=O)NC(C)(C)C)(c3ccccc3)CC2)nn(-c2ccc(Cl)cc2Cl)c1-c1ccc(Cl)cc1,2,0.0,0.0,1.0
Cc1c(C(=O)N2CCC(NC(=O)NCc3ccccc3)(c3ccccc3)CC2)nn(-c2ccc(Cl)cc2Cl)c1-c1ccc(Cl)cc1,2,0.0,0.0,1.0
Cc1c(C(=O)N2CCC(NC(=O)Nc3ccc(F)cc3)(c3ccccc3)CC2)nn(-c2ccc(Cl)cc2Cl)c1-c1ccc(Cl)cc1,2,0.0,0.0,1.0
Cc1c(C(=O)N2CCC(NC(=O)Nc3ccc(N(C)C)cc3)(c3ccccc3)CC2)nn(-c2ccc(Cl)cc2Cl)c1-c1ccc(Cl)cc1,2,0.0,0.0,0.0
CCCCCCNC(=O)NC1(c2ccccc2)CCN(C(=O)c2nn(-c3ccc(Cl)cc3Cl)c(-c3ccc(Cl)cc3)c2C)CC1,2,0.0,0.0,1.0
Cc1c(C(=O)N2CCC(NC(=O)NC(C)C)(c3ccccc3)CC2)nn(-c2ccc(Cl)cc2Cl)c1-c1ccc(Cl)cc1,2,0.0,0.0,1.0
CCNC(=O)NC1(c2ccccc2)CCN(C(=O)c2nn(-c3ccc(Cl)cc3Cl)c(-c3ccc(Cl)cc3)c2C)CC1,2,0.0,0.0,1.0
CCCNC(=O)NC1(c2ccccc2)CCN(C(=O)c2nn(-c3ccc(Cl)cc3Cl)c(-c3ccc(Cl)cc3)c2C)CC1,2,0.0,0.0,1.0
Cc1c(C(=O)N2CCC(NC(=O)NC3CCCCC3)(c3ccccc3)CC2)nn(-c2ccc(Cl)cc2Cl)c1-c1ccc(Cl)cc1,2,0.0,0.0,1.0
CCCCNC(=O)NC1(c2ccccc2)CCN(C(=O)c2nn(-c3ccc(Cl)cc3Cl)c(-c3ccc(Cl)cc3)c2C)CC1,2,0.0,0.0,1.0
Cc1c(C(=O)NC2CCN(C(=O)OC(C)(C)C)CC2)nn(-c2ccc(Cl)cc2Cl)c1-c1ccc(Cl)cc1,2,0.0,0.0,1.0
CC(=O)N1CCC(NC(=O)c2nn(-c3ccc(Cl)cc3Cl)c(-c3ccc(Cl)cc3)c2C)CC1,2,0.0,0.0,1.0
Cc1c(C(=O)NC2CCN(C(=O)NC(C)(C)C)CC2)nn(-c2ccc(Cl)cc2Cl)c1-c1ccc(Cl)cc1,2,0.0,0.0,1.0
CCNC(=O)N1CCC(NC(=O)c2nn(-c3ccc(Cl)cc3Cl)c(-c3ccc(Cl)cc3)c2C)CC1,2,0.0,0.0,1.0
Cc1c(C(=O)NC2CCN(C(=O)NC(C)C)CC2)nn(-c2ccc(Cl)cc2Cl)c1-c1ccc(Cl)cc1,2,0.0,0.0,1.0
CCCNC(=O)N1CCC(NC(=O)c2nn(-c3ccc(Cl)cc3Cl)c(-c3ccc(Cl)cc3)c2C)CC1,2,0.0,0.0,1.0
CCCCNC(=O)N1CCC(NC(=O)c2nn(-c3ccc(Cl)cc3Cl)c(-c3ccc(Cl)cc3)c2C)CC1,2,0.0,0.0,1.0
CCOC(=O)N1CCC(NC(=O)c2nn(-c3ccc(Cl)cc3Cl)c(-c3ccc(Cl)cc3)c2C)CC1,2,0.0,0.0,1.0
CC(=O)N1CCC[C@H](NC(=O)c2nn(-c3ccc(Cl)cc3Cl)c(-c3ccc(Cl)cc3)c2C)C1,2,0.0,0.0,1.0
Cc1c(C(=O)N[C@H]2CCCN(S(C)(=O)=O)C2)nn(-c2ccc(Cl)cc2Cl)c1-c1ccc(Cl)cc1,2,0.0,0.0,1.0
CCCNC(=O)N1CCC[C@H](NC(=O)c2nn(-c3ccc(Cl)cc3Cl)c(-c3ccc(Cl)cc3)c2C)C1,2,0.0,0.0,1.0
CCOC(=O)N1CCC[C@H](NC(=O)c2nn(-c3ccc(Cl)cc3Cl)c(-c3ccc(Cl)cc3)c2C)C1,2,0.0,0.0,1.0
Cc1c(C(=O)N[C@@H]2CCCN(C(=O)OC(C)(C)C)C2)nn(-c2ccc(Cl)cc2Cl)c1-c1ccc(Cl)cc1,2,0.0,0.0,1.0
Cc1c(C(=O)N[C@@H]2CCCN(S(C)(=O)=O)C2)nn(-c2ccc(Cl)cc2Cl)c1-c1ccc(Cl)cc1,2,0.0,0.0,1.0
Cc1c(C(=O)N[C@@H]2CCCN(C(=O)NC(C)C)C2)nn(-c2ccc(Cl)cc2Cl)c1-c1ccc(Cl)cc1,2,0.0,0.0,1.0
CCCNC(=O)N1CCC[C@@H](NC(=O)c2nn(-c3ccc(Cl)cc3Cl)c(-c3ccc(Cl)cc3)c2C)C1,2,0.0,0.0,1.0
CCCCNC(=O)N1CCC[C@@H](NC(=O)c2nn(-c3ccc(Cl)cc3Cl)c(-c3ccc(Cl)cc3)c2C)C1,2,0.0,0.0,1.0
CCOC(=O)N1CCC[C@@H](NC(=O)c2nn(-c3ccc(Cl)cc3Cl)c(-c3ccc(Cl)cc3)c2C)C1,2,0.0,0.0,1.0
CCN(CC(=O)NC1CC1)C(=O)c1ccc2c(c1)c1c(n2C)CC[C@H](C2CCOCC2)C1,4,0.0,0.0,0.0
CCN(CC(=O)NC1CC1)C(=O)c1ccc2c(c1)c1c(n2C)CC[C@@H](C2CCOCC2)C1,4,0.0,0.0,0.0
CN(CC(=O)NC1CC1)C(=O)c1ccc2c(c1)c1c(n2C)CC[C@H](C2CCOCC2)C1,4,0.0,0.0,0.0
CN(CC(=O)NC1CC1)C(=O)c1ccc2c(c1)c1c(n2C)CC[C@@H](C2CCOCC2)C1,4,0.0,0.0,0.0
CNC(=O)CCCN(C)C(=O)c1ccc2c(c1)c1c(n2C)CCC(C2CCOCC2)C1,4,0.0,0.0,0.0
CN(CCC(=O)NC1CC1)C(=O)c1ccc2c(c1)c1c(n2C)CCC(C2CCOCC2)C1,4,0.0,0.0,0.0
CCN(CC(=O)NC1CC1)C(=O)c1ccc2c(c1)c1c(n2C)CCC(C2CCOCC2)C1,4,0.0,0.0,0.0
CN(CC(=O)NC1CC1)C(=O)c1ccc2c(c1)c1c(n2C)CCC(C2CCOCC2)C1,4,0.0,0.0,0.0
Cn1c2c(c3cc(C(=O)NCCCC(=O)NC4CC4)ccc31)CC(C1CCOCC1)CC2,4,0.0,0.0,0.0
CCN(CCCC(=O)NC1CC1)C(=O)c1ccc2c(c1)c1c(n2C)CCC(C2CCOCC2)C1,4,0.0,0.0,0.0
CN(CCCC(=O)NC1CC1)C(=O)c1ccc2c(c1)c1c(n2C)CCC(C2CCOCC2)C1,4,0.0,0.0,0.0
CNC(=O)CCCN(C)C(=O)c1ccc2c(c1)c1c(n2C)CC[C@H](C2CCOCC2)C1,4,0.0,0.0,0.0
CNC(=O)CCCN(C)C(=O)c1ccc2c(c1)c1c(n2C)CC[C@@H](C2CCOCC2)C1,4,0.0,0.0,0.0
CCN(CC(=O)NCCF)C(=O)c1ccc2c(c1)c1c(n2C)CC[C@@H](C2CCOCC2)C1,3,0.0,0.0,0.0
CN(CCCC(=O)NCCF)C(=O)c1ccc2c(c1)c1c(n2C)CC[C@@H](C2CCOCC2)C1,3,0.0,0.0,0.0
CCN(CCCC(=O)NCCO)C(=O)c1ccc2c(c1)c1c(n2C)CC[C@@H](C2CCOCC2)C1,3,0.0,0.0,0.0
CN(CCCC(=O)NC1COC1)C(=O)c1ccc2c(c1)c1c(n2C)CC[C@@H](C2CCOCC2)C1,3,0.0,0.0,0.0
CN(C(=O)c1ccc2c(c1)c1c(n2C)CC[C@@H](C2CCOCC2)C1)[C@H](CO)CCC(=O)NCCF,3,0.0,0.0,0.0
CCNC(=O)CC[C@@H](CO)N(C)C(=O)c1ccc2c(c1)c1c(n2C)CC[C@@H](C2CCOCC2)C1,3,0.0,0.0,0.0
CNC(=O)CC[C@@H](CO)N(C)C(=O)c1ccc2c(c1)c1c(n2C)CC[C@@H](C2CCOCC2)C1,3,0.0,0.0,0.0
CN(CCCC(=O)NCCO)C(=O)c1ccc2c(c1)c1c(n2C)CC[C@@H](C2CCOCC2)C1,3,0.0,0.0,0.0
CN(CCCC(=O)NCC#N)C(=O)c1ccc2c(c1)c1c(n2C)CC[C@@H](C2CCOCC2)C1,3,0.0,0.0,0.0
CONC(=O)CCCN(C)C(=O)c1ccc2c(c1)c1c(n2C)CC[C@@H](C2CCOCC2)C1,3,0.0,0.0,0.0
CCN1CCN(c2nc(C)nc3sc(-c4ccccc4)cc23)CC1,3,0.0,0.0,0.0
Cc1nc(N2CCN(C)CC2)c2cc(-c3ccccc3)sc2n1,2,0.0,0.0,0.0
CCN1CCN(c2nc(C)nc3c2nc(-c2ccccc2Cl)n3C)CC1,2,0.0,0.0,0.0
CCN1CCN(c2nc(C)nc3[nH]c(-c4ccccc4Cl)nc23)CC1,3,0.0,0.0,0.0
Cc1nc(N2CCN(C)CC2)c2nc(-c3ccccc3Cl)n(CCO)c2n1,4,0.0,0.0,0.0
COC(=O)NCCn1c(-c2ccccc2Cl)nc2c(N3CCN(C)CC3)nc(C)nc21,2,0.0,0.0,0.0
Cc1nc(N2CCN(C)CC2)c2nc(-c3ccccc3Cl)n([C@@H]3CCOC3)c2n1,2,0.0,0.0,0.0
CC(=O)NC1CCCOc2c1nn(-c1ccccc1Cl)c2-c1ccc(Cl)cc1,2,0.0,0.0,1.0
CCC(=O)NC1CCCOc2c1nn(-c1ccccc1Cl)c2-c1ccc(Cl)cc1,2,0.0,0.0,1.0
CC(C)C(=O)NC1CCCOc2c1nn(-c1ccccc1Cl)c2-c1ccc(Cl)cc1,2,0.0,0.0,1.0
CC(C)C(=O)N[C@@H]1CCCOc2c1nn(-c1ccccc1Cl)c2-c1ccc(Cl)cc1,2,0.0,0.0,1.0
CC(C)C(=O)N[C@H]1CCCOc2c1nn(-c1ccccc1Cl)c2-c1ccc(Cl)cc1,2,0.0,0.0,1.0
O=C(NC1CCCOc2c1nn(-c1ccccc1Cl)c2-c1ccc(Cl)cc1)C1CCCCC1,2,0.0,0.0,1.0
O=C(NC1CCCOc2c1nn(-c1ccccc1Cl)c2-c1ccc(Cl)cc1)C1CCOCC1,2,0.0,0.0,1.0
COCC(=O)NC1CCCOc2c1nn(-c1ccccc1Cl)c2-c1ccc(Cl)cc1,2,0.0,0.0,1.0
CCOCC(=O)NC1CCCOc2c1nn(-c1ccccc1Cl)c2-c1ccc(Cl)cc1,2,0.0,0.0,1.0
COC(=O)NC1CCCOc2c1nn(-c1ccccc1Cl)c2-c1ccc(Cl)cc1,2,0.0,0.0,1.0
CC(C)OC(=O)NC1CCCOc2c1nn(-c1ccccc1Cl)c2-c1ccc(Cl)cc1,2,0.0,0.0,1.0
CCNC(=O)NC1CCCOc2c1nn(-c1ccccc1Cl)c2-c1ccc(Cl)cc1,2,0.0,0.0,1.0
N#CC1(C(=O)NC2CCCOc3c2nn(-c2ccccc2Cl)c3-c2ccc(Cl)cc2)CC1,2,0.0,0.0,1.0
O=C(NC1CCCOc2c1nn(-c1ccccc1Cl)c2-c1ccc(Cl)cc1)c1ccon1,2,0.0,0.0,1.0
O=C(NC1CCCOc2c1nn(-c1ccccc1Cl)c2-c1ccc(Cl)cc1)c1ccno1,2,0.0,0.0,1.0
O=C(NC1CCCOc2c1nn(-c1ccccc1Cl)c2-c1ccc(Cl)cc1)c1cnon1,2,0.0,0.0,1.0
CS(=O)(=O)CC(=O)NC1CCCOc2c1nn(-c1ccccc1Cl)c2-c1ccc(Cl)cc1,2,0.0,0.0,1.0
CC(C)C(=O)N(C)C1CCCOc2c1nn(-c1ccccc1Cl)c2-c1ccc(Cl)cc1,2,0.0,0.0,1.0
O=C1CCCN1C1CCCOc2c1nn(-c1ccccc1Cl)c2-c1ccc(Cl)cc1,2,0.0,0.0,1.0
CCc1c(C(=O)NCCc2ccc(N3CCCC3)cc2)[nH]c2ccc(Cl)cc12,5,0.0,0.0,0.0
CCc1c(C(=O)NCCc2ccc(N3CCN(C)CC3)cc2)[nH]c2ccc(Cl)cc12,2,0.0,0.0,0.0
CCc1c(C(=O)NCCc2ccc([N+](=O)[O-])cc2)[nH]c2ccc(Cl)cc12,13,0.0,0.0,0.0
CCc1c(C(=O)NCCc2ccc(N)cc2)[nH]c2ccc(Cl)cc12,4,0.0,0.0,0.0
CCc1c(C(=O)NCCc2ccc(NC)cc2)[nH]c2ccc(Cl)cc12,2,0.0,0.0,0.0
CCc1c(C(=O)NCCc2ccc(N(C)C)cc2)[nH]c2ccc(Cl)cc12,14,0.0,0.0,0.0
CCc1c(C(=O)NCCc2ccc(C)cc2)[nH]c2ccc(Cl)cc12,12,0.0,0.0,0.0
CCc1c(C(=O)NCCc2ccc(Cl)cc2)[nH]c2ccc(Cl)cc12,14,0.0,0.0,0.0
CCc1c(C(=O)NCCc2ccc(F)cc2)[nH]c2ccc(Cl)cc12,10,0.0,0.0,0.0
CC(O)c1c(C(=O)NCCc2ccc(N3CCCCC3)cc2)[nH]c2ccc(Cl)cc12,10,0.0,0.0,0.0
Cc1c(C(=O)NCCc2ccc(N3CCCCC3)cc2)[nH]c2ccc(Cl)cc12,2,0.0,0.0,0.0
CCc1c(C(=O)NCCc2ccc(N3CCCCC3)cc2)[nH]c2ccccc12,13,0.0,0.0,0.0
O=C(NCCc1ccc(N2CCCCC2)cc1)c1cc2cc(Cl)ccc2[nH]1,6,0.0,0.0,0.0
O=C(NCCc1ccc([N+](=O)[O-])cc1)c1cc2cc(Cl)ccc2[nH]1,9,0.0,0.0,0.0
CN(C)c1ccc(CCNC(=O)c2cc3cc(Cl)ccc3[nH]2)cc1,2,0.0,0.0,0.0
O=C(NCCc1ccc(Cl)cc1)c1cc2cc(Cl)ccc2[nH]1,4,0.0,0.0,0.0
CCc1c(C(=O)NCCc2ccc(N3CCCCC3)cc2)[nH]c2ccc(Cl)cc12,34,0.0,0.0,0.0
CCc1c(C(=O)OCCc2ccc(N3CCCCC3)cc2)[nH]c2ccc(Cl)cc12,4,0.0,0.0,0.0
CCc1c(C(=O)OCCc2ccc([N+](=O)[O-])cc2)[nH]c2ccc(Cl)cc12,2,0.0,0.0,0.0
CCc1c(C(=O)OCCc2ccc(N(C)C)cc2)[nH]c2ccc(Cl)cc12,2,0.0,0.0,0.0
CC(=O)c1c(C(=O)NCCc2ccc(N3CCCCC3)cc2)[nH]c2ccc(Cl)cc12,2,0.0,0.0,0.0
Nc1ccc(CCNC(=O)c2cc3cc(Cl)ccc3[nH]2)cc1,2,0.0,0.0,0.0
CNc1ccc(CCNC(=O)c2cc3cc(Cl)ccc3[nH]2)cc1,2,0.0,0.0,0.0
COc1cnc(-c2cccc3c2C[C@H](NC(=O)c2ccc(COCC(F)(F)F)nc2)CO3)cn1,4,0.0,0.0,0.0
COc1ccc(-c2csc(NC(=O)[C@H]3CCCCN3S(=O)(=O)c3ccc(C)cc3)n2)cc1,3,0.0,0.0,0.0
CCCCCn1cc(C(=O)NCc2ccc(Cl)c(Cl)c2)c(=O)c2ccc(Sc3ccccc3)cc21,3,0.0,0.0,0.0
NC(=O)CN/C(=N\S(=O)(=O)c1ccc(Cl)cc1)N1CC(c2ccccc2)C(c2ccc(Cl)cc2)=N1,4,0.0,0.0,1.0
CC(C)[C@H](N/C(=N\S(=O)(=O)c1ccc(Cl)cc1)N1C[C@H](c2ccccc2)C(c2ccc(Cl)cc2)=N1)C(N)=O,4,0.0,0.0,0.0
CC(C)[C@H](N/C(=N\S(=O)(=O)c1ccc(Cl)cc1)N1C[C@@H](c2ccccc2)C(c2ccc(Cl)cc2)=N1)C(N)=O,4,0.0,0.0,0.0
CN(CCCCCCCOc1ccc(-c2oc3ccccc3c2C(=O)c2cccc3ccccc23)cc1)Cc1ccccc1,3,0.0,0.0,0.0
CCN(CC)Cc1cccc(C(=O)c2c(-c3ccc(OCCCCCCCN(C)Cc4ccccc4)cc3)oc3ccccc23)c1,3,0.0,0.0,0.0
CN(CCCCCCCOc1ccc(-c2oc3ccccc3c2C(=O)c2c3ccccc3cc3ccccc23)cc1)Cc1ccccc1,3,0.0,0.0,0.0
CN(CCCCCCCOc1ccc(-c2oc3ccccc3c2C(=O)c2ccc3ccccc3c2)cc1)Cc1ccccc1,3,0.0,0.0,0.0
CCN(CC)CCOc1ccc(C(=O)c2c(-c3ccc(OCCCCCCCN(C)Cc4ccccc4)cc3)oc3ccccc23)cc1,3,0.0,0.0,0.0
CCN(CC)Cc1ccc(C(=O)c2c(-c3ccc(OCCCCCCCN(C)Cc4ccccc4)cc3)oc3ccccc23)cc1,3,0.0,0.0,0.0
CCN(CC)CCOc1cccc(C(=O)c2c(-c3ccc(OCCCCCCCN(C)Cc4ccccc4)cc3)oc3ccccc23)c1,3,0.0,0.0,0.0
CN(CCCCCCCOc1ccc(-c2oc3ccccc3c2C(=O)c2ccc(-c3ccccc3)cc2)cc1)Cc1ccccc1,3,0.0,0.0,0.0
CN(CCCCCCCOc1ccc(-c2oc3ccccc3c2C(=O)c2ccc(OCCN3CCOCC3)cc2)cc1)Cc1ccccc1,3,0.0,0.0,0.0
CN(CCCCCCCOc1ccc(-c2oc3ccccc3c2C(=O)c2ccccc2)cc1)Cc1ccccc1,3,0.0,0.0,0.0
CN(CCCCCCCOc1ccc(-c2cc3ccccc3o2)cc1)Cc1ccccc1,3,0.0,0.0,0.0
CNc1nn2cc3c(nc2c1S(=O)(=O)c1ccccc1)CCN(C)C3,3,0.0,1.0,0.0
CCCCCn1cc(C(=O)NC(C)C23CC4CC(CC(C4)C2)C3)c(=O)cc1C(C)(C)C,2,0.0,0.0,1.0
CCCCCn1cc(C(=O)NC2C3CC4CC(C3)CC2C4)c(=O)cc1C(C)(C)C,2,0.0,0.0,1.0
CCCCCn1cc(C(=O)NCC2CC2)c(=O)cc1C(C)(C)C,2,0.0,0.0,1.0
CCCCCn1cc(C(=O)Nc2ccccc2)c(=O)cc1C(C)(C)C,2,0.0,0.0,1.0
CCCCCn1cc(C(=O)NCC23CC4CC(CC(C4)C2)C3)c(=O)cc1C,2,0.0,0.0,0.0
CCCCCn1cc(C(=O)NC(C)C23CC4CC(CC(C4)C2)C3)c(=O)cc1C,2,0.0,0.0,0.0
CCCCCn1cc(C(=O)NC2C3CC4CC(C3)CC2C4)c(=O)cc1C,2,0.0,0.0,0.0
CCCCCn1cc(C(=O)NC2CCCCC2)c(=O)cc1C,2,0.0,0.0,0.0
Cc1cc(=O)c(C(=O)NC23CC4CC(CC(C4)C2)C3)cn1CC1CCOCC1,2,0.0,0.0,0.0
Cc1cc(=O)c(C(=O)NC23CC4CC(CC(C4)C2)C3)cn1CCCC(F)(F)F,2,0.0,0.0,0.0
CCCCCn1cc(C(=O)NC23CC4CC(CC(C4)C2)C3)c(=O)c(I)c1C,2,0.0,0.0,1.0
CCCCCn1cc(C(=O)NC23CC4CC(CC(C4)C2)C3)c(=O)c(-c2ccncc2)c1C,3,0.0,0.0,0.0
CCCCCn1cc(C(=O)NC23CC4CC(CC(C4)C2)C3)c(=O)c(-c2ccc(CC)cc2)c1C,2,0.0,0.0,0.0
CCCCCn1cc(C(=O)NC23CC4CC(CC(C4)C2)C3)c(=O)c(C2CC2)c1C,2,0.0,0.0,1.0
CCCCCn1cc(C(=O)NCC23CC4CC(CC(C4)C2)C3)c(=O)cc1C(C)(C)C,2,0.0,0.0,0.0
O=S(=O)(NC1CCN(c2ncnc3c2nc(-c2ccccc2Cl)n3-c2ccc(Cl)cc2)CC1)c1ccccc1,2,0.0,0.0,0.0
CS(=O)(=O)NC1CCN(c2ncnc3c2nc(-c2ccccc2Cl)n3-c2ccc(Cl)cc2)CC1,2,0.0,0.0,0.0
CCCCNC(=O)NC1CCN(c2ncnc3c2nc(-c2ccccc2Cl)n3-c2ccc(Cl)cc2)CC1,2,0.0,0.0,0.0
CCCNC(=O)NC1CCN(c2ncnc3c2nc(-c2ccccc2Cl)n3-c2ccc(Cl)cc2)CC1,2,0.0,0.0,0.0
CC(C)NC(=O)NC1CCN(c2ncnc3c2nc(-c2ccccc2Cl)n3-c2ccc(Cl)cc2)CC1,2,0.0,0.0,0.0
CC(C)(C)OC(=O)NC1CCN(c2ncnc3c2nc(-c2ccccc2Cl)n3-c2ccc(Cl)cc2)CC1,2,0.0,0.0,0.0
CCCCNC(=O)N1CCC(Nc2ncnc3c2nc(-c2ccccc2Cl)n3-c2ccc(Cl)cc2)CC1,2,0.0,0.0,0.0
CC(C)(C)OC(=O)N1CCC(Nc2ncnc3c2nc(-c2ccccc2Cl)n3-c2ccc(Cl)cc2)CC1,3,0.0,0.0,1.0
CCCCNC(=O)NC1(c2ccccc2)CCN(c2ncnc3c2nc(-c2ccccc2Cl)n3-c2ccc(Cl)cc2)CC1,2,0.0,0.0,0.0
CCCNC(=O)NC1(c2ccccc2)CCN(c2ncnc3c2nc(-c2ccccc2Cl)n3-c2ccc(Cl)cc2)CC1,2,0.0,0.0,0.0
CC(C)NC(=O)NC1(c2ccccc2)CCN(c2ncnc3c2nc(-c2ccccc2Cl)n3-c2ccc(Cl)cc2)CC1,2,0.0,0.0,0.0
CCNC(=O)NC1(c2ccccc2)CCN(c2ncnc3c2nc(-c2ccccc2Cl)n3-c2ccc(Cl)cc2)CC1,3,0.0,0.0,1.0
CC(C)(C)NC(=O)NC1(c2ccccc2)CCN(c2ncnc3c2nc(-c2ccccc2Cl)n3-c2ccc(Cl)cc2)CC1,3,0.0,0.0,1.0
CS(=O)(=O)NC1(c2ccccc2)CCN(c2ncnc3c2nc(-c2ccccc2Cl)n3-c2ccc(Cl)cc2)CC1,2,0.0,0.0,0.0
NC1(c2ccccc2)CCN(c2ncnc3c2nc(-c2ccccc2Cl)n3-c2ccc(Cl)cc2)CC1,2,0.0,0.0,0.0
CC(C)(C)OC(=O)NC1(c2ccccc2)CCN(c2ncnc3c2nc(-c2ccccc2Cl)n3-c2ccc(Cl)cc2)CC1,3,0.0,0.0,1.0
NC(=O)C1(c2ccccc2)CCN(c2ncnc3c2nc(-c2ccccc2Cl)n3-c2ccc(Cl)cc2)CC1,2,0.0,0.0,0.0
O=C(NC1CCN(c2ncnc3c2nc(-c2ccccc2Cl)n3-c2ccc(Cl)cc2)CC1)c1ccccc1,2,0.0,0.0,1.0
CCCCCc1cc(OC)c2cc(Cc3ccccc3OC)c(=O)oc2c1,4,0.0,0.0,0.0
CCCCCc1cc(OC)c2cc(Cc3cccc(OC)c3)c(=O)oc2c1,5,0.0,0.0,0.0
Cc1ccc(C(C)C)c2cc(Cc3ccccc3O)c(=O)oc12,5,0.0,0.0,0.0
Cc1ccc(Cc2cc3c(O)cc(C)cc3oc2=O)cc1,3,0.0,0.0,0.0
Cc1cc(O)c2cc(Cc3ccccc3C)c(=O)oc2c1,3,0.0,0.0,0.0
CCCCC1(c2cc(O)c3cc(Cc4ccccc4O)c(=O)oc3c2)CCCCC1,2,0.0,0.0,0.0
CCCCC1(c2cc(OC)c3cc(Cc4ccccc4OC)c(=O)oc3c2)CCCCC1,5,0.0,0.0,0.0
CCCCC1(c2cc(O)c3cc(Cc4ccccc4O)c(=O)oc3c2)CCCC1,2,0.0,0.0,0.0
CCCCC1(c2cc(OC)c3cc(Cc4ccccc4OC)c(=O)oc3c2)CCCC1,2,0.0,0.0,1.0
CCCCCCCC(C)(C)c1cc(O)c2cc(Cc3ccccc3O)c(=O)oc2c1,2,0.0,0.0,0.0
CCCCCCCC(C)(C)c1cc(OC)c2cc(Cc3ccccc3OC)c(=O)oc2c1,5,0.0,0.0,0.0
CCCCCCC(C)(C)c1cc(O)c2cc(Cc3ccccc3O)c(=O)oc2c1,4,0.0,0.0,0.0
CCCCCCC(C)(C)c1cc(OC)c2cc(Cc3ccccc3OC)c(=O)oc2c1,4,0.0,0.0,0.0
CCCCCCC(C)(C)c1cc(O)c2cc(Cc3ccccc3)c(=O)oc2c1,5,0.0,0.0,0.0
CCCCCCC(C)(C)c1cc(OC)c2cc(Cc3ccccc3)c(=O)oc2c1,4,0.0,0.0,0.0
CCCCCc1cc(O)c2cc(Cc3cccc(Cl)c3)c(=O)oc2c1,2,0.0,0.0,0.0
CCCCCc1cc(OC)c2cc(Cc3cccc(Cl)c3)c(=O)oc2c1,2,0.0,0.0,1.0
CCCCCc1cc(O)c2cc(Cc3ccccc3Cl)c(=O)oc2c1,2,0.0,0.0,0.0
CCCCCc1cc(OC)c2cc(Cc3ccccc3Cl)c(=O)oc2c1,2,0.0,0.0,1.0
CCCCCc1cc(O)c2cc(Cc3ccccc3O)c(=O)oc2c1,2,0.0,0.0,0.0
CCCCCc1cc(O)c2cc(Cc3cccc(C)c3)c(=O)oc2c1,2,0.0,0.0,0.0
CCCCCc1cc(OC)c2cc(Cc3cccc(C)c3)c(=O)oc2c1,2,0.0,0.0,1.0
CCCCCc1cc(O)c2cc(Cc3ccccc3C)c(=O)oc2c1,2,0.0,0.0,0.0
CCCCCc1cc(OC)c2cc(Cc3ccccc3C)c(=O)oc2c1,3,0.0,0.0,0.0
CCCCCc1cc(O)c2cc(Cc3ccccc3)c(=O)oc2c1,2,0.0,0.0,0.0
CCCCCc1cc(OC)c2cc(Cc3ccccc3)c(=O)oc2c1,2,0.0,0.0,0.0
CCCCCc1cc(O)c2cc(Cc3cccc(O)c3)c(=O)oc2c1,3,0.0,0.0,0.0
COc1cccc(Cc2cc3c(OC)cc(CO[Si](c4ccccc4)(c4ccccc4)C(C)(C)C)cc3oc2=O)c1,3,0.0,0.0,0.0
COc1cccc(Cc2cc3c(OC)cc(CO)cc3oc2=O)c1,3,0.0,0.0,0.0
COc1cccc(Cc2cc3c(OC)cc(CBr)cc3oc2=O)c1,2,0.0,0.0,0.0
COc1cccc(Cc2cc3c(OC)cc(Br)cc3oc2=O)c1,5,0.0,0.0,0.0
COc1cccc(Cc2cc3c(OC)cccc3oc2=O)c1,2,0.0,0.0,0.0
Cc1noc(-c2ccc3c(c2)c2c(n3CCCSc3cc(F)cc(F)c3)CCCC2)n1,2,0.0,0.0,0.0
N=C(Nc1ccc2c(c1)CCN2C1CCNCC1)c1cccs1,4,0.0,0.0,0.0
CCCn1c(C)c(C(=O)c2ccc(F)c3ccccc23)c2ccccc21,3,0.0,0.0,1.0
O=C(Nc1sc2c(c1C(=O)N1CC(F)(F)C1)CCOC2)c1c(F)cccc1C(F)(F)F,3,0.0,0.0,1.0
O=C(Nc1sc2c(c1C(=O)N1CC(F)(F)C1)CCOC2)c1ccccc1OC(F)(F)F,3,0.0,0.0,0.0
O=C(Nc1sc2c(c1C(=O)N1CC(F)(F)C1)CCOC2)c1ccccc1C(F)(F)F,3,0.0,0.0,1.0
COC1CN(C(=O)c2c(NC(=O)c3ccccc3C(F)(F)F)sc3c2CCOC3)C1,3,0.0,0.0,0.0
COCCNC(=O)c1c(NC(=O)c2c(F)cccc2C(F)(F)F)sc2c1CCOC2,3,0.0,0.0,0.0
COCCNC(=O)c1c(NC(=O)c2ccccc2C(F)(F)F)sc2c1CCOC2,3,0.0,0.0,0.0
O=C(Nc1sc2c(c1C(=O)N1CCCCC1)CCOC2)c1ccccc1OC(F)(F)F,3,0.0,0.0,1.0
O=C(Nc1sc2c(c1C(=O)N1CCCCC1)CCOC2)c1ccccc1C(F)(F)F,3,0.0,0.0,1.0
O=C(Nc1sc2c(c1C(=O)N1CC(F)(F)C1)CCC(F)(F)C2)c1ccccc1OC(F)(F)F,2,0.0,0.0,1.0
COCCNC(=O)c1c(NC(=O)c2ccccc2Cl)sc2c1CCC(F)(F)C2,2,0.0,0.0,1.0
O=C(Nc1sc2c(c1C(=O)N1CC(F)(F)C1)CCC(F)(F)C2)c1ccccc1Cl,2,0.0,0.0,1.0
CC1OCc2sc(NC(=O)CC(C)(C)C)c(C(=O)N3CC(F)(F)C3)c21,2,0.0,0.0,1.0
CC1OCc2sc(NC(=O)CC(C)(C)C)c(C(=O)N3CCCCC3)c21,2,0.0,0.0,0.0
COCCNC(=O)c1c(NC(=O)CC(C)(C)C)sc2c1C(C)(C)CC2,2,0.0,0.0,1.0
CC(C)(C)CC(=O)Nc1sc2c(c1C(=O)NCC1CC1)C(C)(C)CC2,2,0.0,0.0,1.0
CC1(C)CCc2sc(NC(=O)c3ccccc3Cl)c(C(=O)NCC3CC3)c21,2,0.0,0.0,1.0
O=C(CN1CCCCC1)Nc1sc2c(c1C(=O)N1CCC(F)(F)CC1)CCCC2,2,0.0,0.0,0.0
CC(C)(C)CC(=O)Nc1sc2c(c1C(=O)N1CCC(F)(F)CC1)CCCC2,2,0.0,0.0,1.0
CC(C)(C)CC(=O)Nc1sc2c(c1C(=O)N1CC(F)(F)C1)CCCC2,2,0.0,0.0,1.0
COC1CN(C(=O)c2c(NC(=O)CC(C)(C)C)sc3c2CCCC3)C1,2,0.0,0.0,0.0
COCCNC(=O)c1c(NC(=O)C2CCCC2)sc2c1CCCC2,2,0.0,0.0,0.0
COCCNC(=O)c1c(NC(=O)CC(C)(C)C)sc2c1CCCC2,2,0.0,0.0,0.0
O=C(Nc1sc2c(c1C(=O)N1CCC(F)(F)CC1)CCOC2)c1c(F)cccc1C(F)(F)F,2,0.0,0.0,1.0
O=C(Nc1sc2c(c1C(=O)N1CCC(F)(F)CC1)CCOC2)c1ccccc1OC(F)(F)F,2,0.0,0.0,1.0
O=C(Nc1sc2c(c1C(=O)N1CCC(F)(F)CC1)CCOC2)c1ccccc1C(F)(F)F,2,0.0,0.0,1.0
COC1CN(C(=O)c2c(NC(=O)c3c(F)cccc3C(F)(F)F)sc3c2CCOC3)C1,2,0.0,0.0,0.0
COC1CN(C(=O)c2c(NC(=O)c3ccccc3OC(F)(F)F)sc3c2CCOC3)C1,2,0.0,0.0,0.0
O=C(Nc1sc2c(c1C(=O)NCC1CC1)CCOC2)c1c(F)cccc1C(F)(F)F,2,0.0,0.0,1.0
O=C(Nc1sc2c(c1C(=O)NCC1CC1)CCOC2)c1ccccc1OC(F)(F)F,2,0.0,0.0,1.0
O=C(Nc1sc2c(c1C(=O)N1CCCCC1)CCOC2)c1c(F)cccc1C(F)(F)F,2,0.0,0.0,1.0
O=C(Nc1sc2c(c1C(=O)N1CCOCC1)CCOC2)c1c(F)cccc1C(F)(F)F,2,0.0,0.0,0.0
O=C(Nc1sc2c(c1C(=O)N1CCOCC1)CCOC2)c1ccccc1C(F)(F)F,2,0.0,0.0,0.0
CC(C)c1ccccc1C(=O)Nc1sc2c(c1C(=O)N1CCOCC1)CCOC2,2,0.0,0.0,0.0
Cc1ccccc1C(=O)Nc1sc2c(c1C(=O)N1CCOCC1)CCOC2,2,0.0,0.0,0.0
O=C(Nc1sc2c(c1C(=O)N1CCOCC1)CCOC2)c1c(Cl)cccc1Cl,2,0.0,0.0,0.0
O=C(Nc1sc2c(c1C(=O)N1CCOCC1)CCOC2)c1ccccc1Cl,2,0.0,0.0,0.0
O=C(Nc1sc2c(c1C(=O)N1CCOCC1)CCCC2)c1ccccc1Cl,2,0.0,0.0,1.0
Cc1c(C(=O)NCCO)nn(-c2ccc(Cl)cc2Cl)c1-c1ccc(Br)cc1,2,0.0,0.0,0.0
Cc1c(NC(=O)N2CCCCC2)nn(-c2ccc(Cl)cc2Cl)c1-c1ccc(Br)cc1,2,0.0,0.0,1.0
O=C(NN1CCCCC1)c1nn(-c2ccc(Cl)cc2Cl)c2c1CCCc1cc([N+](=O)[O-])ccc1-2,2,0.0,0.0,1.0
O=C(NC1CCCCC1)c1nn(-c2ccc(Cl)cc2Cl)c(-c2ccc(Br)cc2)c1CO,2,0.0,0.0,1.0
Cc1c(C(=O)Nc2ccc(-c3ccsc3)cc2)nn(CCCCCCl)c1-c1ccccc1,2,0.0,0.0,1.0
Cc1c(C(=O)NN2CCCCC2)nn(-c2ccc(Cl)cc2Cl)c1-c1ccc(Br)cc1,2,0.0,0.0,1.0
CCCCCn1nc(C(=O)NN2CCCCC2)cc1-c1ccccc1,2,0.0,0.0,1.0
CCCCCCCn1nc(C(=O)NN2CCCCC2)cc1-c1ccccc1,2,0.0,0.0,1.0
Cc1c(C(=O)NCC23CC4CC(CC(C4)C2)C3)nn(CCCCCCl)c1-c1ccccc1,2,0.0,0.0,1.0
Cc1c(C(=O)NN2CCCCC2)nn(C)c1-c1ccc(Cl)cc1,2,0.0,0.0,0.0
Cc1c(C(=O)NN2CCCCC2)nn(C2CCCCC2)c1-c1ccccc1,2,0.0,0.0,1.0
Cc1c(C(=O)NN2CCCCC2)nn(-c2ccc(Cl)cc2)c1-c1ccc(Cl)cc1,2,0.0,0.0,1.0
Cc1c(C(=O)NN)nn(-c2ccc(Cl)cc2Cl)c1-c1ccc(Cl)cc1,2,0.0,0.0,1.0
Cc1c(C(=O)N(C)c2ccccc2)nn(-c2ccc(Cl)cc2Cl)c1-c1ccc(Br)cc1,2,0.0,0.0,1.0
Cc1c(C(=O)NN2CCCCC2)nn(-c2ccc(Cl)cc2Cl)c1-c1ccc(N)cc1,2,0.0,0.0,1.0
Cc1c(C(=O)NN2CCOCC2)nn(-c2ccc(Cl)cc2Cl)c1-c1ccccc1Br,2,0.0,0.0,1.0
Cc1c(C(=O)NN2CCCCC2)nn(-c2ccc(Cl)cc2Cl)c1-c1ccccc1,2,0.0,0.0,1.0
COCc1c(C(=O)NC2CCCCC2)nn(-c2ccc(Cl)cc2Cl)c1C1C2(C)CCC(C2)C1(C)C,2,0.0,0.0,1.0
COc1ccc(-c2c(F)c(C(=O)NN3CCCCC3)nn2-c2ccc(Cl)cc2Cl)cc1,2,0.0,0.0,1.0
Cc1ccc(Cn2nc(C(=O)NC3CC4CCC3(C)C4(C)C)c(C)c2-c2ccc(Cl)c(C)c2)cc1,2,0.0,0.0,1.0
O=C(NN1CCCCC1)c1nn(-c2ccc(Cl)cc2Cl)c2c1CCCc1c-2cccc1[N+](=O)[O-],2,0.0,0.0,1.0
CCCn1nc(C(=O)NN2CCCCC2)c(C)c1-c1ccccc1,2,0.0,0.0,0.0
CCCCCCCn1nc(C(=O)NN2CCCCC2)c(C)c1-c1ccccc1,2,0.0,0.0,1.0
CCCCCn1nc(C(=O)NN2CCCCC2)c(C)c1-c1ccc(Br)cc1,2,0.0,0.0,1.0
CCCCCn1cc(C(=O)NC2CCCCCC2)c(=O)c2c(-c3ccc(Cl)cc3)nn(C)c21,2,0.0,0.0,0.0
CCCCCn1cc(C(=O)NC2CCCCC2)c(=O)c2c(-c3ccc(Cl)cc3)nn(C)c21,2,0.0,0.0,0.0
CCCCCn1cc(C(=O)NC2CCCCCC2)c(=O)c2c(-c3ccccc3)nn(C)c21,2,0.0,0.0,0.0
CCCCCn1cc(C(=O)NC2CCCCC2)c(=O)c2c(-c3ccccc3)nn(C)c21,2,0.0,0.0,0.0
CCCCCn1cc(C(=O)NC2CCCCC2)c(=O)c2c(C(C)(C)C)nn(C)c21,2,0.0,0.0,0.0
CCCCCn1cc(C(=O)NCc2ccccc2)c(=O)c2c(C)nn(C)c21,2,0.0,0.0,0.0
CCCCCn1cc(C(=O)Nc2ccc(F)cc2)c(=O)c2c(C)nn(C)c21,2,0.0,0.0,0.0
CCCCCn1cc(C(=O)Nc2ccc(OC)cc2)c(=O)c2c(C)nn(C)c21,2,0.0,0.0,0.0
Cc1nn(C)c2c1c(=O)c(C(=O)NC1CCCCC1)cn2CCN1CCOCC1,2,0.0,0.0,0.0
Cc1ccc(Cn2cc(C(=O)NC3CCCCC3)c(=O)c3c(C)nn(C)c32)cc1,2,0.0,0.0,0.0
Cc1nn(C)c2c1c(=O)c(C(=O)NC1CCCCC1)cn2CCCCC#N,2,0.0,0.0,0.0
CCOCCn1cc(C(=O)NC2CCCCC2)c(=O)c2c(C)nn(C)c21,2,0.0,0.0,0.0
C=CCn1cc(C(=O)NC2CCCCC2)c(=O)c2c(C)nn(C)c21,2,0.0,0.0,0.0
CCCCCn1cc(C(=O)NC23CC4CC(CC(C4)C2)C3)c(=O)n2nc(-c3ccccc3)nc12,2,0.0,0.0,1.0
CCCCCn1cc(C(=O)NC23CC4CC(CC(C4)C2)C3)c(=O)n2ncnc12,2,0.0,0.0,1.0
C[S+]([O-])Cc1ccc(C(=O)Nc2ccc(OCCOCCO)nc2C(=O)NCC2CCC2)c2ccccc12,3,0.0,0.0,1.0
C[S+]([O-])Cc1ccc(C(=O)Nc2nccnc2C(=O)NCC2CCC2)c2ccccc12,7,0.0,0.0,1.0
C[S@+]([O-])Cc1ccc(C(=O)Nc2cccnc2C(=O)NCC2CCOCC2)c2ccccc12,3,0.0,0.0,1.0
C[S@@+]([O-])Cc1ccc(C(=O)Nc2cccnc2C(=O)NCC2CCOCC2)c2ccccc12,3,0.0,0.0,1.0
C[S+]([O-])Cc1ccc(C(=O)Nc2cccnc2C(=O)NCC2CCOCC2)c2ccccc12,4,0.0,0.0,1.0
COc1ccc(NC(=O)c2ccc(C[S+](C)[O-])c3ccccc23)c(C(=O)NCC2CCOCC2)n1,4,0.0,0.0,1.0
O=C(NCC1CCOCC1)c1nc(OS(=O)(=O)CCC(F)(F)F)ccc1NC(=O)c1ccc(Cn2ccnn2)c2ccccc12,3,0.0,0.0,1.0
O=C(NCC1CCC1)c1nccnc1NC(=O)c1ccc(Cn2ccnn2)c2ccccc12,3,0.0,0.0,1.0
O=C(NCC1CCOCC1)c1ncccc1NC(=O)c1ccc(Cn2ccnn2)c2ccccc12,3,0.0,0.0,1.0
COc1ccc(NC(=O)c2ccc(Cn3ccnn3)c3ccccc23)c(C(=O)NCC2CCOCC2)n1,4,0.0,0.0,1.0
COc1ccc(NC(=O)c2ccc(Cn3ccnn3)c3ccccc23)c(C(=O)NCC2CCC2)n1,3,0.0,0.0,1.0
COc1ccc(NC(=O)c2ccc(Cn3ccnn3)c3ccccc23)c(C(=O)NCC2CCCCC2)n1,3,0.0,0.0,1.0
CS(=O)(=O)Cc1ccc(C(=O)Nc2cccnc2C(=O)NCC2CCC2)c2ccccc12,3,0.0,0.0,0.0
C[S+]([O-])Cc1ccc(C(=O)Nc2cccnc2C(=O)NCC2CCC2)c2ccccc12,3,0.0,0.0,0.0
O=C(NCC1CCC1)c1nc(OCCOCCO)ccc1NC(=O)c1ccnc2ccccc12,3,0.0,0.0,0.0
O=C(NCC1CCC1)c1nc(OCCO)ccc1NC(=O)c1ccnc2ccccc12,3,0.0,0.0,0.0
O=C(NCC1CCC1)c1ncccc1NC(=O)c1ccc(Cn2ccnn2)c2ccccc12,3,0.0,0.0,1.0
O=C(NCC1CCC1)c1ncccc1NC(=O)c1ccc(Cn2cccn2)c2ccccc12,3,0.0,0.0,0.0
O=C(NCC1CCC1)c1ncccc1NC(=O)c1ccc(Cn2ccnc2)c2ccccc12,3,0.0,0.0,0.0
O=C(NCC1CCC1)c1ncccc1NC(=O)c1ccc(Cn2cccc2)c2ccccc12,3,0.0,0.0,0.0
CN(C)Cc1ccc(C(=O)Nc2cccnc2C(=O)NCC2CCC2)c2ccccc12,3,0.0,0.0,0.0
COCc1ccc(C(=O)Nc2cccnc2C(=O)NCC2CCC2)c2ccccc12,3,0.0,0.0,0.0
O=C(NCC1CCOCC1)c1ncccc1NC(=O)c1ccc(C(=O)O)c2ccccc12,3,0.0,0.0,0.0
COc1ccc(NC(=O)c2ccnc3ccccc23)c(C(=O)NCC2CCC2)n1,3,0.0,0.0,0.0
O=C(NCC1CCC1)c1ncccc1NC(=O)c1ccnc2ccccc12,3,0.0,0.0,1.0
O=C(NCC1CCC1)c1ncccc1NC(=O)c1cccc2cccnc12,3,0.0,0.0,1.0
O=C(NCC1CCC1)c1ncccc1NC(=O)c1cccc2cnccc12,3,0.0,0.0,1.0
O=C(NCC1CCOCC1)c1ncccc1NC(=O)c1cccc2nccnc12,3,0.0,0.0,0.0
O=C(Nc1cccnc1C(=O)NCC1CCOCC1)c1ccc2ncsc2c1,3,0.0,0.0,0.0
O=C(Nc1cccnc1C(=O)NCC1CCOCC1)c1cccc2c1OCCO2,3,0.0,0.0,0.0
O=C(NCC1CCC1)c1ncccc1NC(=O)c1cccc2ccccc12,3,0.0,0.0,1.0
O=C(NCC1CCOCC1)c1ncccc1NC(=O)c1cccc2ccccc12,3,0.0,0.0,1.0
O=C(NCC1CCCCC1)c1cccnc1NC(=O)c1cccc2ccccc12,3,0.0,0.0,0.0
O=C(NCC1CCCCC1)c1ccncc1NC(=O)c1cccc2ccccc12,3,0.0,0.0,0.0
O=C(NCC1CCCCC1)c1cnccc1NC(=O)c1cccc2ccccc12,3,0.0,0.0,0.0
O=C(NCC1CCCCC1)c1nccnc1NC(=O)c1cccc2ccccc12,3,0.0,0.0,1.0
O=C(NCC1CCCCC1)c1ncccc1NC(=O)c1cccc2ccccc12,3,0.0,0.0,1.0
O=C(NCC1CCCCC1)c1cc(Cl)ccc1NC(=O)c1cccc2ccccc12,3,0.0,0.0,1.0
O=C(NC12CC3CC(CC(C3)C1)C2)c1nn(CCN2CCOCC2)c2ccccc12,6,0.0,0.0,0.0
C/C=C/c1ccc(O)c(-c2cc(/C=C/C)ccc2O)c1,3,0.0,0.0,0.0
CCCc1ccc(O)c(-c2cc(CCC)ccc2O)c1,3,0.0,0.0,0.0
C=CCc1ccc(O)c(-c2cc(CC=C)ccc2O)c1,3,0.0,0.0,0.0
C=CCc1ccc(O)c(-c2ccc(O)c(CC=C)c2)c1,4,0.0,0.0,0.0
C=CCc1ccc(O)c(-c2cc(CC(O)CO)ccc2O)c1,2,0.0,0.0,0.0
CCCCCCc1nc(-c2ccc(Cl)cc2)n(-c2ccc(Cl)cc2Cl)n1,2,0.0,0.0,1.0
CC1(C)Oc2cc(C34CC5CC(CC(C5)C3)C4)cc(O)c2-c2cc(CO)ccc21,3,0.0,0.0,1.0
CC1(C)Oc2cc(C34CC5CC(CC(C5)C3)C4)cc(O)c2[C@@H]2CC(CO)=CC[C@H]21,2,0.0,0.0,0.0
CC1(C)Oc2cc(C34CC5CC(CC(C5)C3)C4)cc(O)c2[C@@H]2C[C@H](CO)CC[C@H]21,3,0.0,0.0,1.0
CCCCCn1cc(C(=O)NC23CC4CC(CC(C4)C2)C3)c(=O)n2nc(C)c(-c3ccc(OC)cc3)c12,2,0.0,0.0,0.0
CCCCCn1cc(C(=O)NC23CC4CC(CC(C4)C2)C3)c(=O)n2nc(C)c(-c3ccccc3)c12,2,0.0,0.0,0.0
CCCCCn1cc(C(=O)NC23CC4CC(CC(C4)C2)C3)c(=O)n2nc(C)c(Br)c12,2,0.0,0.0,0.0
CCCCCn1cc(C(=O)NC23CC4CC(CC(C4)C2)C3)c(=O)n2nc(-c3ccc(C)s3)cc12,2,0.0,0.0,0.0
CCCCCn1cc(C(=O)NC23CC4CC(CC(C4)C2)C3)c(=O)n2nc(-c3cc(C)cs3)cc12,2,0.0,0.0,0.0
CCCCCn1cc(C(=O)NC23CC4CC(CC(C4)C2)C3)c(=O)n2nc(-c3cccs3)cc12,2,0.0,0.0,0.0
CCCCCn1cc(C(=O)NC23CC4CC(CC(C4)C2)C3)c(=O)n2nc(-c3ccoc3)cc12,2,0.0,0.0,0.0
CCCCCn1cc(C(=O)NC23CC4CC(CC(C4)C2)C3)c(=O)n2nc(-c3ccco3)cc12,2,0.0,0.0,0.0
CCCCCn1cc(C(=O)NC2CCCCCC2)c(=O)n2nc(-c3ccco3)cc12,2,0.0,0.0,0.0
CCCCCn1cc(C(=O)NC2CCCCC2)c(=O)n2nc(-c3ccco3)cc12,2,0.0,0.0,0.0
CCCCCn1cc(C(=O)NC23CC4CC(CC(C4)C2)C3)c(=O)n2nc(-c3c(Cl)cccc3Cl)cc12,2,0.0,0.0,0.0
CCCCCn1cc(C(=O)NC23CC4CC(CC(C4)C2)C3)c(=O)n2nc(-c3ccc(Cl)cc3Cl)cc12,2,0.0,0.0,0.0
CCCCCn1cc(C(=O)NC2CCCCCC2)c(=O)n2nc(-c3ccc(Cl)cc3Cl)cc12,2,0.0,0.0,0.0
CCCCCn1cc(C(=O)NC2CCCCC2)c(=O)n2nc(-c3ccc(Cl)cc3Cl)cc12,2,0.0,0.0,0.0
CCCCCn1cc(C(=O)NC23CC4CC(CC(C4)C2)C3)c(=O)n2nc(-c3ccc(Cl)cc3)cc12,2,0.0,0.0,0.0
CCCCCn1cc(C(=O)NC2CCCCCC2)c(=O)n2nc(-c3ccc(Cl)cc3)cc12,2,0.0,0.0,0.0
CCCCCn1cc(C(=O)NC2CCCCC2)c(=O)n2nc(-c3ccc(Cl)cc3)cc12,2,0.0,0.0,0.0
CCCCCn1cc(C(=O)NC23CC4CC(CC(C4)C2)C3)c(=O)n2nc(-c3ccccc3Cl)cc12,2,0.0,0.0,0.0
CCCCCn1cc(C(=O)NC2CCCCCC2)c(=O)n2nc(-c3ccccc3Cl)cc12,2,0.0,0.0,0.0
CCCCCn1cc(C(=O)NC2CCCCC2)c(=O)n2nc(-c3ccccc3Cl)cc12,2,0.0,0.0,0.0
CCCCCn1cc(C(=O)NC23CC4CC(CC(C4)C2)C3)c(=O)n2nc(-c3ccc(C)cc3)cc12,2,0.0,0.0,0.0
CCCCCn1cc(C(=O)NC2CCCCCC2)c(=O)n2nc(-c3ccc(C)cc3)cc12,2,0.0,0.0,0.0
CCCCCn1cc(C(=O)NC2CCCCC2)c(=O)n2nc(-c3ccc(C)cc3)cc12,2,0.0,0.0,0.0
CCCCCn1cc(C(=O)NC23CC4CC(CC(C4)C2)C3)c(=O)n2nc(-c3ccccc3C)cc12,2,0.0,0.0,0.0
CCCCCn1cc(C(=O)NC2CCCCCC2)c(=O)n2nc(-c3ccccc3C)cc12,2,0.0,0.0,0.0
CCCCCn1cc(C(=O)NC2CCCCC2)c(=O)n2nc(-c3ccccc3C)cc12,2,0.0,0.0,0.0
CCCCCn1cc(C(=O)NC23CC4CC(CC(C4)C2)C3)c(=O)n2nc(-c3ccccc3)cc12,2,0.0,0.0,0.0
COc1ccc2c(c1)C(=O)N(c1nc(C(=O)Nc3cnccc3N3CCNCC3)cs1)C2,6,0.0,0.0,0.0
CCCCCc1cc(OC)c2cc(Cc3ccc(Br)cc3)c(=O)oc2c1,2,0.0,0.0,0.0
CCCCCc1cc(OC)c2cc(Cc3ccc(Cl)cc3)c(=O)oc2c1,2,0.0,0.0,1.0
Cc1ccccc1Cc1cc2c(C)c(O)c(C)c(C)c2oc1=O,2,0.0,0.0,0.0
Cc1c(O)c(C)c2cc(Cc3ccc(F)cc3)c(=O)oc2c1C,2,0.0,0.0,0.0
COc1c(C)c(C)c2oc(=O)c(Cc3ccc(F)cc3)cc2c1C,2,0.0,0.0,0.0
Cc1c(O)c(C)c2cc(Cc3ccccc3)c(=O)oc2c1C,2,0.0,0.0,0.0
COc1c(C)c(C)c2oc(=O)c(Cc3ccccc3)cc2c1C,2,0.0,0.0,0.0
COc1ccccc1Cc1cc2c(C)ccc(C(C)C)c2oc1=O,2,0.0,0.0,0.0
COc1ccccc1Cc1cc2c(C)ccc(C)c2oc1=O,2,0.0,0.0,0.0
Cc1cc2c(C(C)C)ccc(C)c2oc1=O,2,0.0,0.0,0.0
CN(C)C(=O)[C@H]1C[C@@H]1c1ccc(-c2ncn(C)c2Sc2ccc(Cl)cn2)cc1,2,0.0,0.0,0.0
Clc1cc(Cl)cc(CNc2ncncc2-c2ccc3c(c2)OCO3)c1,2,0.0,0.0,0.0
CCCCCc1c(C(=O)NCCc2ccc(N3CCCCC3)cc2)[nH]c2ccc(Cl)cc12,5,0.0,0.0,0.0
CCCCCCCCCc1c(C(=O)NCCc2ccc(N3CCCCC3)cc2)[nH]c2ccc(Cl)cc12,4,0.0,0.0,0.0
CCCCCc1c(C(=O)NCCc2ccc(N3CCOCC3)cc2)[nH]c2ccc(Cl)cc12,4,0.0,0.0,0.0
CCCCCc1c(C(=O)NCCc2ccc(N(C)C)cc2)[nH]c2ccc(Cl)cc12,6,0.0,0.0,0.0
CCc1c(C(=O)NCCc2ccc(N3CCCCC3)cc2)oc2ccc(Cl)cc12,4,0.0,0.0,0.0
O=S(=O)(NC1CCN(c2ncnc3c2nc(-c2ccccc2Cl)n3-c2ccc(Cl)cc2)CC1)C(F)(F)F,3,0.0,0.0,1.0
O=C(CC1CCCC1)NC1CCN(c2ncnc3c2nc(-c2ccccc2Cl)n3-c2ccc(Cl)cc2)CC1,3,0.0,0.0,1.0
CC(C)CCC(=O)NC1CCN(c2ncnc3c2nc(-c2ccccc2Cl)n3-c2ccc(Cl)cc2)CC1,3,0.0,0.0,1.0
O=C(NC1CCN(c2ncnc3c2nc(-c2ccccc2Cl)n3-c2ccc(Cl)cc2)CC1)C1CCCC1,3,0.0,0.0,1.0
CC(C)CC(=O)NC1CCN(c2ncnc3c2nc(-c2ccccc2Cl)n3-c2ccc(Cl)cc2)CC1,3,0.0,0.0,1.0
O=C(CC1CCCCC1)NC1CCN(c2ncnc3c2nc(-c2ccccc2Cl)n3-c2ccc(Cl)cc2)CC1,3,0.0,0.0,1.0
CCCCC(=O)NC1CCN(c2ncnc3c2nc(-c2ccccc2Cl)n3-c2ccc(Cl)cc2)CC1,3,0.0,0.0,1.0
O=C(NC1CCN(c2ncnc3c2nc(-c2ccccc2Cl)n3-c2ccc(Cl)cc2)CC1)C1CCCCC1,3,0.0,0.0,1.0
O=C(NC1CCN(c2ncnc3c2nc(-c2ccccc2Cl)n3-c2ccc(Cl)cc2)CC1)Oc1ccccc1,2,0.0,0.0,0.0
CCOC(=O)NC1CCN(c2ncnc3c2nc(-c2ccccc2Cl)n3-c2ccc(Cl)cc2)CC1,3,0.0,0.0,1.0
CCCCCn1c2ccc(C(=O)N3CCCCC3)cc2c2ccc(OC)cc21,3,0.0,0.0,0.0
CCCCCn1c2ccccc2c2cc(C(=O)N3CCCCC3)ccc21,3,0.0,0.0,1.0
Cc1csc(NC(=O)c2cc(F)cc(Oc3cncnc3)c2)n1,2,0.0,0.0,0.0
C/C=C/C=C/C=C/CC/C=C/C=C/C(=O)NCC(C)C,4,0.0,0.0,1.0
CCCCCCCCC/C=C/C=C/C(=O)NCC(C)(C)O,2,0.0,0.0,0.0
CC/C=C/C/C=C\CC/C=C/C=C/C(=O)NCC(C)(C)O,2,0.0,0.0,0.0
C/C=C/C=C/C=C/CC/C=C/C=C/C(=O)NCC(C)(C)O,2,0.0,0.0,0.0
C/C=C/C=C/C=C\CC/C=C/C=C/C(=O)NCC(C)(C)O,2,0.0,0.0,1.0
C/C=C/C=C/C=C/CC/C=C/C(=O)NCC(C)(C)O,2,0.0,0.0,1.0
C/C=C/C=C/C=C\CC/C=C/C(=O)NCC(C)(C)O,2,0.0,0.0,0.0
C/C=C/C=C/C=C\CC/C=C/C(=O)NCC(C)(O)CO,2,0.0,0.0,1.0
O=C([C@@H]1CC[C@@H](N2CCOCC2)C[C@H]1c1ccc(Br)cc1)N1CC(c2ccccc2)(c2ccccc2)C1,2,0.0,1.0,0.0
Cc1ccccc1[C@H]1C[C@@H](NCc2ccc(Cl)cc2)CC[C@@H]1C(=O)N1CC(c2ccccc2)(c2ccccc2)C1,2,0.0,1.0,1.0
N#Cc1cc(F)ccc1-c1noc(CCC(=O)Nc2ccc3c(c2)c2ccccc2n3CCF)n1,2,0.0,0.0,0.0
O=C(CCc1nc(-c2ccc(F)cc2Br)no1)Nc1ccc2c(c1)c1ccccc1n2CCF,2,0.0,0.0,0.0
Cc1nc(N2CCN(C)CC2)c2nc(-c3ccccc3F)n(C3CCOCC3)c2n1.Cl,2,0.0,0.0,0.0
COc1cccc(-c2nc3c(N4CCN(C)CC4)nc(C)nc3n2C2CCOCC2)c1.Cl,2,0.0,0.0,0.0
COc1ccccc1-c1nc2c(N3CCN(C)CC3)nc(C)nc2n1C1CCOCC1.Cl,2,0.0,0.0,0.0
Cc1nc(N2CCN(C)CC2)c2nc(-c3cccc(C(F)(F)F)c3)n(C3CCOCC3)c2n1.Cl,2,0.0,0.0,0.0
Cc1nc(N2CCN(C)CC2)c2nc(-c3cccc(Cl)c3)n(C3CCOCC3)c2n1.Cl,2,0.0,0.0,0.0
Cc1nc(N2CCN(C)CC2)c2nc(-c3ccccc3Cl)n(CCS(C)(=O)=O)c2n1.Cl,2,0.0,0.0,0.0
CC(=O)NCCn1c(-c2ccccc2Cl)nc2c(N3CCN(C)CC3)nc(C)nc21.Cl,2,0.0,0.0,0.0
COCCn1c(-c2ccccc2Cl)nc2c(N3CCN4C(=O)CCC4C3)nc(C)nc21.Cl,2,0.0,0.0,0.0
Cc1nc(N2CCN(C)CC2)c2nc(-c3ccccc3Cl)n(CCO)c2n1.Cl,2,0.0,0.0,0.0
CCN1CCN(c2nc(C)nc3[nH]c(-c4ccccc4Cl)nc23)CC1.Cl,2,0.0,0.0,0.0
CCN1CCN(c2nc(C)nc3c2nc(-c2ccccc2Cl)n3C)CC1.Cl,3,0.0,0.0,1.0
CC1(C)OC(=O)N([C@H]2CC[C@H](c3cnc(N)c(-c4ncccn4)c3)CC2)[C@H]1c1ccccc1,2,0.0,0.0,0.0
COc1ccc(CNC(=O)c2cc(-c3cc(Cl)cc(Cl)c3)cnc2-c2cccnc2)cc1OC,6,0.0,0.0,0.0
COCCOc1ncc(C(=O)N[C@@H]2CCCC[C@H]2O)cc1-c1ccc(Cl)cc1,2,0.0,0.0,1.0
O=C(N[C@@H]1CCCC[C@H]1O)c1cnc(OCC2CC2)c(-c2ccc(Cl)cc2)c1,2,0.0,0.0,1.0
O=C(NC12CC3CC(CC(C3)C1)C2)c1nc(C(O)c2cccnc2)c2ccccn12,2,0.0,0.0,0.0
CCn1c(C(=O)NCC(C)(C)C)nc2c(-c3ccccc3)cccc21,2,0.0,0.0,1.0
O=C(NC12CC3CC(CC(C3)C1)C2)c1nc2c(-c3ccccc3)cccc2[nH]1,2,0.0,0.0,1.0
CCn1c(C(=O)NCc2ccccc2Cl)nc2c(-c3ccccc3)cccc21,2,0.0,0.0,1.0
Nc1ccc2c(c1)c(OCc1ccccc1)nn2Cc1ccccc1,2,0.0,0.0,0.0
O=[N+]([O-])c1ccc2c(c1)c(OCc1ccc3ccccc3c1)nn2Cc1ccccc1,2,0.0,0.0,0.0
CCCCCn1nc(OCc2ccc3ccccc3c2)c2cc([N+](=O)[O-])ccc21,2,0.0,0.0,0.0
CCCCCn1nc(OCc2ccc(OC)cc2)c2cc([N+](=O)[O-])ccc21,2,0.0,0.0,1.0
O=[N+]([O-])c1ccc2c(c1)c(OCc1ccccc1)nn2Cc1ccccc1,2,0.0,0.0,0.0
O=[N+]([O-])c1ccc2c(c1)c(OCC1CCCCC1)nn2Cc1ccccc1,4,0.0,0.0,0.0
CCCCCOc1nn(CCCCC)c2ccc([N+](=O)[O-])cc12,2,0.0,0.0,0.0
c1ccc(COc2nn(Cc3ccccc3)c3ccccc23)cc1,2,0.0,0.0,0.0
c1ccc2c(c1)c(OCC1CCCCC1)nn2CC1CCCCC1,2,0.0,0.0,1.0
CC(C)=CCC[C@]1(C)[C@@H](O[C@@H]2O[C@H](CO)[C@@H](O)[C@H](O)[C@@H]2O)CC[C@@]2(C)[C@H]1CC[C@H]1Cc3c([nH]c4ccccc34)[C@@]12C,2,0.0,0.0,0.0
COC(C)(C)/C=C/C[C@]1(C)[C@@H](O)CC[C@@]2(C)[C@H]1CC[C@H]1Cc3c([nH]c4ccccc34)[C@@]12C,2,0.0,0.0,0.0
COc1ccc(-c2nn(C(=O)NC3CCCCC3)c(=O)n2-c2ccc(Cl)cc2)cc1,2,0.0,0.0,0.0
COc1ccc(-c2nn(C(=O)Nc3ccc(C)cc3)c(=O)n2-c2ccc(Cl)cc2)cc1,2,0.0,0.0,0.0
Cc1ccc(NC(=O)n2nc(-c3ccc(C)cc3)n(-c3ccc(Cl)cc3)c2=O)cc1,2,0.0,0.0,0.0
Cc1ccc(-c2nn(C(=O)NC3CCCCC3)c(=O)n2-c2ccc(Cl)cc2)cc1,2,0.0,0.0,0.0
Cc1ccc(Cn2c(-c3ccc(C)cc3)nn(C(=O)Nc3ccc(Cl)cc3)c2=O)cc1,2,0.0,0.0,0.0
Cc1ccc(Cn2c(-c3ccc(C)cc3)nn(C(=O)NC3CCCCC3)c2=O)cc1,2,0.0,0.0,0.0
COc1ccc(-c2nn(C(=O)Nc3ccc(Cl)cc3)c(=O)n2-c2ccc(C)cc2)cc1,2,0.0,0.0,0.0
COc1ccc(-c2nn(C(=O)NC3CCCCC3)c(=O)n2-c2ccc(C)cc2)cc1,2,0.0,0.0,0.0
Cc1ccc(Cn2c(-c3ccc(Cl)cc3)nn(C(=O)Nc3ccc(C)cc3)c2=O)cc1,2,0.0,0.0,0.0
Cc1ccc(Cn2c(-c3ccc(Cl)cc3)nn(C(=O)NC3CCCCC3)c2=O)cc1,2,0.0,0.0,0.0
Cc1ccc(-n2c(-c3ccc(Cl)cc3)nn(C(=O)NC3CCCCC3)c2=O)cc1,2,0.0,0.0,0.0
COc1ccc(-n2c(-c3ccc(Cl)cc3)nn(C(=O)Nc3ccc(C)cc3)c2=O)cc1,2,0.0,0.0,0.0
COc1ccc(-n2c(-c3ccc(Cl)cc3)nn(C(=O)NC3CCCCC3)c2=O)cc1,2,0.0,0.0,0.0
O=C1N2CCCCSC2=NC1(c1ccccc1)c1ccccc1,3,0.0,0.0,0.0
O=C1/C(=C/c2cccc(OCc3ccc(F)cc3)c2)N=C2SCCCCN12,3,0.0,0.0,1.0
O=C1/C(=C/c2cccc(OCc3ccc(Cl)cc3)c2)N=C2SCCCCN12,3,0.0,0.0,1.0
O=C1/C(=C/c2cccc(OCc3ccc(Cl)cc3Cl)c2)N=C2SCCCN12,3,0.0,0.0,0.0
O=C1N=C2SCCCCN2C1(c1ccccc1)c1ccccc1,3,0.0,0.0,0.0
O=C1N2CCCSC2=NC1(c1ccccc1)c1ccccc1,3,0.0,0.0,0.0
O=C1/C(=C/c2cccc(OCc3ccc(Cl)cc3Cl)c2)N=C2SCCCCN12,2,0.0,0.0,0.0
O=C1/C(=C/c2cccc(OCc3cccc(Cl)c3)c2)N=C2SCCCCN12,2,0.0,0.0,0.0
O=C1/C(=C/c2cccc(OCc3ccccc3)c2)N=C2SCCCCN12,2,0.0,0.0,0.0
O=C1/C(=C/c2cccc(Oc3ccccc3)c2)N=C2SCCCCN12,2,0.0,0.0,0.0
O=C1/C(=C/c2cccc(OCc3ccc(Cl)cc3)c2)N=C2SCCCN12,3,0.0,0.0,0.0
O=C1/C(=C/c2cccc(OCc3ccccc3)c2)N=C2SCCCN12,3,0.0,0.0,0.0
O=C1/C(=C/c2cccc(Oc3ccccc3)c2)N=C2SCCCN12,3,0.0,0.0,0.0
O=C1N=C2SCCCN2C1(c1ccccc1)c1ccccc1,2,0.0,0.0,0.0
CCOC(=O)C1CN2C(=O)C(c3ccccc3)(c3ccccc3)N=C2S1,2,0.0,0.0,0.0
CCOC(=O)C1CN2C(=NC(=O)C2(c2ccccc2)c2ccccc2)S1,2,0.0,0.0,0.0
O=C1N=C2SCCN2C1(c1ccccc1)c1ccccc1,2,0.0,0.0,0.0
C/C(=C1/N=C2SCCCCN2C1=O)c1ccccc1,2,0.0,0.0,0.0
O=C1/C(=C/c2ccc(-c3ccccc3)cc2)N=C2SCCCCN12,2,0.0,0.0,0.0
O=C1N=C2SCCCN2/C1=C\C=C\c1ccccc1,2,0.0,0.0,0.0
O=C1/C(=C/C=C/c2ccccc2)N=C2SCCCN12,2,0.0,0.0,0.0
O=C(Oc1cccc(/C=C2\N=C3SCCCN3C2=O)c1)c1ccc(Cl)cc1,2,0.0,0.0,0.0
O=C(Oc1cccc(/C=C2\N=C3SCCCN3C2=O)c1)c1ccccc1,2,0.0,0.0,0.0
O=C1/C(=C/c2cccc(OCc3ccc(Cl)c(Cl)c3)c2)N=C2SCCCN12,2,0.0,0.0,0.0
O=C1/C(=C/c2cccc(OCc3ccccc3Cl)c2)N=C2SCCCN12,2,0.0,0.0,0.0
CN(C)c1ccc(/C=C2\N=C3SCCCN3C2=O)cc1,2,0.0,0.0,0.0
CC(C)c1ccc(/C=C2\N=C3SCCCN3C2=O)cc1,2,0.0,0.0,0.0
COc1ccc(/C=C2\N=C3SCCCN3C2=O)c(OC)c1,2,0.0,0.0,0.0
COc1cccc(/C=C2\N=C3SCCCN3C2=O)c1OC,2,0.0,0.0,0.0
COc1ccc(/C=C2\N=C3SCCCN3C2=O)cc1OC,2,0.0,0.0,0.0
COc1ccccc1/C=C1\N=C2SCCCN2C1=O,2,0.0,0.0,0.0
COc1ccc(/C=C2\N=C3SCCCN3C2=O)cc1,2,0.0,0.0,0.0
O=C1/C(=C/c2cccc([N+](=O)[O-])c2)N=C2SCCCN12,2,0.0,0.0,0.0
O=C1/C(=C/c2ccc([N+](=O)[O-])cc2)N=C2SCCCN12,2,0.0,0.0,0.0
O=C1/C(=C/c2ccc(Br)cc2)N=C2SCCCN12,2,0.0,0.0,0.0
O=C1/C(=C/c2ccc(F)cc2F)N=C2SCCCN12,2,0.0,0.0,0.0
O=C1/C(=C/c2cccc(F)c2F)N=C2SCCCN12,2,0.0,0.0,0.0
O=C1/C(=C/c2ccccc2F)N=C2SCCCN12,2,0.0,0.0,0.0
O=C1/C(=C/c2c(Cl)cccc2Cl)N=C2SCCCN12,2,0.0,0.0,0.0
O=C1/C(=C/c2ccc(Cl)cc2Cl)N=C2SCCCN12,2,0.0,0.0,0.0
O=C1/C(=C/c2cccc(Cl)c2Cl)N=C2SCCCN12,2,0.0,0.0,0.0
O=C1/C(=C/c2ccccc2Cl)N=C2SCCCN12,2,0.0,0.0,0.0
O=C1/C(=C/c2cccc(Cl)c2)N=C2SCCCN12,2,0.0,0.0,0.0
O=C1/C(=C/c2ccc(Cl)cc2)N=C2SCCCN12,2,0.0,0.0,0.0
O=C1/C(=C/c2ccccc2)N=C2SCCCN12,2,0.0,0.0,0.0
CCCCC/C=C\C/C=C\C/C=C\C/C=C\CCCC(=O)O[C@H](CO)COP(=O)(O)O[C@@H]1[C@@H](O)[C@H](O)[C@@H](O)[C@H](O)[C@@H]1O,2,0.0,0.0,0.0
CCCCC/C=C\C/C=C\C/C=C\C/C=C\CCCC(=O)NCC(=O)O,2,0.0,0.0,0.0
Cc1ccc(C(=O)Oc2cccc(/C=C3\N=C4SCCCCN4C3=O)c2)cc1,2,0.0,0.0,0.0
CCCc1c(C(=O)NCCc2ccc(N(C)C)cc2)[nH]c2ccc(Cl)cc12,5,0.0,0.0,0.0
CCCCCCc1c(C(=O)NCCc2ccc(N(C)C)cc2)[nH]c2ccc(Cl)cc12,7,0.0,0.0,0.0
CN(C)CCNc1cnn(C2CC(C)(C)CC(C)(C)C2)c(=O)c1Br,5,0.0,0.0,0.0
CN(C)CCn1c(CC(C)(C)C)nc2cc(S(=O)(=O)C3CN(C(N)=O)C3)ccc21,2,0.0,0.0,0.0
CCCCCCC(C)(C)c1cc(O)c2c(c1)OC(C)(C)[C@@H]1CC=C(C(=O)O)C[C@@H]21,3,0.0,0.0,1.0
CC(C)(CO)c1cc(NC(=O)C(C)(C)S(=O)(=O)C2CCOCC2)on1,7,0.0,0.0,0.0
Cc1nc(N2CCN(C)CC2)c2nc(-c3ccccc3Cl)n(C3CCOCC3)c2n1,4,0.0,0.0,0.0
CC(C)(C)NC(=O)c1nn(-c2ccc(F)cc2F)c2c1[C@H]1CC[C@@H]2C1,2,0.0,0.0,1.0
COc1cccc2c(C(=O)N3C[C@@H](C)N(C)[C@@H](C)C3)cn(CC3CCCCC3)c12.Cl,3,0.0,0.0,1.0
COc1cccc2c(C(=O)N3CCN(C)[C@@H](C)C3)cn(CC3CCCCC3)c12.Cl,3,0.0,0.0,1.0
O=C(Cc1ccccc1)N/N=C1\C(=O)N(CC2CCCCC2)c2cc(OCCN3CCOCC3)ccc21,2,0.0,0.0,1.0
COc1cccc2c(C(=O)N3CCN(C)C(C)(C)C3)cn(CC3CCCCC3)c12.Cl,2,0.0,0.0,1.0
COc1cccc2c(C(=O)N3CCN(C)[C@H](C)C3)cn(CC3CCCCC3)c12.Cl,2,0.0,0.0,1.0
CCN1CCN(C(=O)c2cn(CC3CCCCC3)c3c(OC)cccc23)CC1(C)C.Cl,2,0.0,0.0,1.0
CCN1[C@H](C)CN(C(=O)c2cn(CC3CCCCC3)c3c(OC)cccc23)C[C@@H]1C.Cl,2,0.0,0.0,1.0
CCN1CCN(C(=O)c2cn(CC3CCCCC3)c3c(OC)cccc23)C[C@@H]1C.Cl,2,0.0,0.0,1.0
CCN1CCN(C(=O)c2cn(CC3CCCCC3)c3c(OC)cccc23)C[C@H]1C.Cl,2,0.0,0.0,1.0
CCN1CCN(C(=O)c2cn(CC3CCCCCC3)c3c(OC)cccc23)CC1.Cl,2,0.0,0.0,1.0
CCN1CCN(C(=O)c2cn(CC3CCCC3)c3c(OC)cccc23)CC1.Cl,2,0.0,0.0,1.0
CCN1CCN(C(=O)c2cn(CC3CCCCC3)c3c(C)cccc23)CC1,2,0.0,0.0,1.0
CCN1CCN(C(=O)c2cn(CC3CCCCC3)c3c(Br)cccc23)CC1.Cl,2,0.0,0.0,1.0
CCN1CCN(C(=O)c2cn(CC3CCCCC3)c3c(Cl)cccc23)CC1.Cl,2,0.0,0.0,1.0
CCN1CCN(C(=O)c2cn(CC3CCCCC3)c3c(F)cccc23)CC1.Cl,2,0.0,0.0,1.0
CCN1CCN(C(=O)c2cn(CC3CCCCC3)c3cc(OC)ccc23)CC1.O=C(O)/C=C\C(=O)O,2,0.0,0.0,1.0
Cc1ccc2c(C(=O)N3CCN(C)CC3)cn(CC3CCCCC3)c2c1,2,0.0,0.0,1.0
CCN1CCN(C(=O)c2cn(CC3CCCCC3)c3cc(Br)ccc23)CC1.Cl,2,0.0,0.0,1.0
CCN1CCN(C(=O)c2cn(CC3CCCCC3)c3cc(Cl)ccc23)CC1.Cl,2,0.0,0.0,0.0
CCN1CCN(C(=O)c2cn(CC3CCCCC3)c3cc(F)ccc23)CC1.Cl,2,0.0,0.0,1.0
Cc1ccc2c(c1)c(C(=O)N1CCN(C)CC1)cn2CC1CCCCC1,2,0.0,0.0,0.0
CCN1CCN(C(=O)c2cn(CC3CCCCC3)c3ccc(Cl)cc23)CC1.Cl,2,0.0,0.0,0.0
CCN1CCN(C(=O)c2cn(CC3CCCCC3)c3ccc(F)cc23)CC1.Cl,2,0.0,0.0,1.0
CCN1CCN(C(=O)c2cn(CC3CCCCC3)c3cccc(F)c23)CC1.Cl,2,0.0,0.0,1.0
CCN1CCN(C(=O)c2cn(CC3CCCCC3)c3ccccc23)CC1.O=C(O)C(F)(F)F,2,0.0,0.0,1.0
CN1CCN(C(=O)c2cn(CC3CCCCC3)c3ccccc23)CC1,2,0.0,0.0,1.0
O=C(NCc1ccccc1)c1cn(CC2CCCCC2)c2ccccc12,2,0.0,0.0,1.0
CC(C)(C)c1cc(NC(=O)[C@@H]2CCCN2c2ccc(Cl)cc2)no1,3,0.0,0.0,0.0
CC(C)(C)c1cc(NC(=O)[C@@H]2CCCN2c2ccc(C(F)(F)F)cc2)no1,3,0.0,0.0,1.0
CC(C)(C)c1cc(NC(=O)[C@@H]2CCCCN2c2ccc(C(F)(F)F)cn2)no1,3,0.0,0.0,1.0
CC(C)(C)c1cc(NC(=O)[C@@H]2CCCN2c2ccc(C(F)(F)F)cn2)no1,3,0.0,0.0,1.0
CC(C)(C)c1cc(NC(=O)[C@@H]2CCN2c2ccc(C(F)(F)F)cn2)no1,2,0.0,0.0,0.0
CC(C)(C)c1cc(NC(=O)[C@@H]2CCCN2C2CCOCC2)on1,10,0.0,0.0,0.0
CC(C)(C)c1cc(NC(=O)[C@@H]2CCCCN2C(=O)N2CCS(=O)(=O)CC2)no1,2,0.0,0.0,0.0
CCCCSc1nnc2c(n1)[nH]c1ccccc12,3,0.0,0.0,0.0
N#Cc1ccccc1CSc1nnc2c(n1)[nH]c1ccccc12,2,0.0,0.0,0.0
CSc1nnc2c(n1)[nH]c1ccccc12,2,0.0,0.0,0.0
c1ccc2c(c1)[nH]c1nc(SCC3CCCCC3)nnc12,2,0.0,0.0,0.0
c1ccc(CSc2nnc3c(n2)[nH]c2ccccc23)cc1,2,0.0,0.0,0.0
N#Cc1cccc(CSc2nnc3c(n2)[nH]c2ccccc23)c1,2,0.0,0.0,0.0
Fc1ccccc1CSc1nnc2c(n1)[nH]c1ccccc12,2,0.0,0.0,0.0
Fc1ccc(CSc2nnc3c(n2)[nH]c2ccccc23)cc1,2,0.0,0.0,0.0
Fc1cccc(F)c1CSc1nnc2c(n1)[nH]c1ccccc12,2,0.0,0.0,0.0
Clc1ccccc1CSc1nnc2c(n1)[nH]c1ccccc12,2,0.0,0.0,0.0
Clc1cccc(CSc2nnc3c(n2)[nH]c2ccccc23)c1,2,0.0,0.0,0.0
Clc1ccc(CSc2nnc3c(n2)[nH]c2ccccc23)cc1,2,0.0,0.0,0.0
O=[N+]([O-])c1ccccc1CSc1nnc2c(n1)[nH]c1ccccc12,2,0.0,0.0,0.0
O=[N+]([O-])c1ccc(CSc2nnc3c(n2)[nH]c2ccccc23)cc1,2,0.0,0.0,0.0
FC(F)(F)c1ccccc1CSc1nnc2c(n1)[nH]c1ccccc12,2,0.0,0.0,0.0
FC(F)(F)Oc1ccccc1CSc1nnc2c(n1)[nH]c1ccccc12,2,0.0,0.0,0.0
CCOC(=O)c1ccccc1CSc1nnc2c(n1)[nH]c1ccccc12,2,0.0,0.0,0.0
O=C(O)c1ccccc1CSc1nnc2c(n1)[nH]c1ccccc12,2,0.0,0.0,0.0
N#Cc1ccccc1CSc1nnc2c(n1)[nH]c1c(Br)cccc12,2,0.0,0.0,0.0
N#Cc1ccccc1CSc1nnc2c(n1)[nH]c1cc(Br)ccc12,2,0.0,0.0,0.0
N#Cc1ccccc1CSc1nnc2c(n1)[nH]c1ccc(Br)cc12,2,0.0,0.0,0.0
N#Cc1ccccc1CSc1nnc2c(n1)[nH]c1cccc(Br)c12,2,0.0,0.0,0.0
O=[N+]([O-])c1ccccc1CSc1nnc2c(n1)[nH]c1cccc(Br)c12,2,0.0,0.0,0.0
Cn1c2ccccc2c2nnc(SCc3ccccc3C#N)nc21,2,0.0,0.0,0.0
CCn1c2ccccc2c2nnc(SCc3ccccc3C#N)nc21,2,0.0,0.0,0.0
CCCCn1c2ccccc2c2nnc(SCc3ccccc3C#N)nc21,2,0.0,0.0,0.0
N#Cc1ccccc1CSc1nnc2c3ccccc3n(CC3CC3)c2n1,2,0.0,0.0,0.0
N#Cc1ccccc1CSc1nnc2c3ccccc3n(CC3CCCCC3)c2n1,2,0.0,0.0,0.0
N#Cc1ccccc1CSc1nnc2c3ccccc3n(Cc3ccccc3)c2n1,2,0.0,0.0,1.0
Fc1ccccc1CSc1nnc2c3ccccc3n(Cc3ccccc3)c2n1,2,0.0,0.0,1.0
N#Cc1ccccc1CSc1nnc2c3ccccc3n(Cc3ccccc3[N+](=O)[O-])c2n1,2,0.0,0.0,0.0
N#Cc1ccccc1CSc1nnc2c3ccccc3n(S(=O)(=O)c3ccccc3)c2n1,2,0.0,0.0,0.0
Cc1ccc(S(=O)(=O)n2c3ccccc3c3nnc(SCc4ccccc4C#N)nc32)cc1,2,0.0,0.0,0.0
N#Cc1ccccc1CSc1nnc2c3ccccc3n(S(=O)(=O)c3ccccc3[N+](=O)[O-])c2n1,2,0.0,0.0,0.0
N#Cc1ccccc1CSc1nnc2c3ccccc3n(C(=O)OCc3ccccc3)c2n1,2,0.0,0.0,0.0
CC(=O)n1c2ccccc2c2nnc(SCc3ccccc3C#N)nc21,2,0.0,0.0,0.0
N#Cc1ccccc1CSc1nnc2c3ccccc3n(C(=O)C3CC3)c2n1,2,0.0,0.0,0.0
N#Cc1ccccc1CSc1nnc2c3ccccc3n(C(=O)C3CCCC3)c2n1,2,0.0,0.0,0.0
N#Cc1ccccc1CSc1nnc2c3ccccc3n(C(=O)C3CCCCC3)c2n1,2,0.0,0.0,0.0
COC(=O)CCC(=O)n1c2ccccc2c2nnc(SCc3ccccc3C#N)nc21,2,0.0,0.0,0.0
COC(=O)CCCC(=O)n1c2ccccc2c2nnc(SCc3ccccc3C#N)nc21,2,0.0,0.0,0.0
N#Cc1ccccc1CSc1nnc2c3ccccc3n(C(=O)c3ccccc3)c2n1,2,0.0,0.0,0.0
O=C(c1ccccc1)n1c2ccccc2c2nnc(SCc3ccccc3[N+](=O)[O-])nc21,2,0.0,0.0,0.0
N#Cc1ccccc1CSc1nnc2c3ccccc3n(C(=O)c3ccc(F)cc3)c2n1,2,0.0,0.0,0.0
N#Cc1ccccc1CSc1nnc2c3ccccc3n(C(=O)c3cccc(C(F)(F)F)c3)c2n1,2,0.0,0.0,0.0
N#Cc1ccccc1CSc1nnc2c3ccccc3n(C(=O)c3ccc(F)cc3C(F)(F)F)c2n1,2,0.0,0.0,0.0
N#Cc1ccccc1CSc1nnc2c3ccccc3n(C(=O)c3ccc(OC(F)(F)F)cc3)c2n1,2,0.0,0.0,0.0
CN(C)c1ccc(C(=O)n2c3ccccc3c3nnc(SCc4ccccc4C#N)nc32)cc1,2,0.0,0.0,0.0
COc1ccc(C(=O)n2c3ccccc3c3nnc(SCc4ccccc4C#N)nc32)cc1OC,2,0.0,0.0,0.0
N#Cc1ccccc1CSc1nnc2c3ccccc3n(C(=O)c3ccco3)c2n1,2,0.0,0.0,0.0
N#Cc1ccccc1CSc1nnc2c3ccccc3n(C(=O)c3ccno3)c2n1,2,0.0,0.0,0.0
N#Cc1ccccc1CSc1nnc2c3ccccc3n(C(=O)N3CCOCC3)c2n1,2,0.0,0.0,0.0
CC(C)(NC(=O)c1nn(CCN2CCOCC2)c2c1C[C@H]1C[C@@H]21)c1ccccc1,2,0.0,0.0,0.0
CC(C)(NC(=O)c1nn(CCC2CCOCC2)c2c1C[C@H]1C[C@@H]21)c1ccccc1,2,0.0,0.0,0.0
CC(C)(NC(=O)c1nn(CC2CCOCC2)c2c1C[C@H]1C[C@@H]21)c1ccccc1,2,0.0,0.0,0.0
CC(C)(C)Cn1nc(C(=O)NC(C)(C)c2ccccc2)c2c1[C@@H]1C[C@@H]1C2,2,0.0,0.0,0.0
CC(C)n1nc(C(=O)NC(C)(C)c2ccccc2)c2c1[C@@H]1C[C@@H]1C2,2,0.0,0.0,0.0
CC(C)(NC(=O)c1nn(C(C)(C)C)c2c1C[C@H]1C[C@@H]21)c1ccccc1,2,0.0,0.0,0.0
CC(C)(NC(=O)c1nn(Cc2ccc(F)cc2)c2c1C[C@H]1C[C@@H]21)c1ccccc1,2,0.0,0.0,0.0
CC(C)(NC(=O)c1nn(-c2ccc(F)cc2F)c2c1C[C@H]1C[C@@H]21)c1ccccc1,2,0.0,0.0,0.0
CC(C)(NC(=O)c1nn(-c2ccc(Cl)cc2Cl)c2c1C[C@H]1C[C@@H]21)c1ccccc1,2,0.0,0.0,0.0
CC(C)(NC(=O)c1nn(-c2ccccn2)c2c1C[C@H]1C[C@@H]21)c1ccccc1,2,0.0,0.0,0.0
CC(C)(NC(=O)c1nn(-c2cccnc2)c2c1C[C@H]1C[C@@H]21)c1ccccc1,2,0.0,0.0,0.0
CC(C)(NC(=O)c1nn(-c2ccc(F)cc2F)c2c1C[C@H]1C[C@@H]21)c1ccncc1,2,0.0,0.0,0.0
CC(C)(NC(=O)c1nn(-c2ccc(F)cc2F)c2c1C[C@H]1C[C@@H]21)c1ccccn1,2,0.0,0.0,0.0
CC(C)(CO)NC(=O)c1nn(-c2ccc(F)cc2F)c2c1C[C@H]1C[C@@H]21,4,0.0,0.0,0.0
O=C(NC1(CO)CCC1)c1nn(-c2ccc(F)cc2F)c2c1C[C@H]1C[C@@H]21,2,0.0,0.0,0.0
O=C(NC1(CO)CCCC1)c1nn(-c2ccc(F)cc2F)c2c1C[C@H]1C[C@@H]21,2,0.0,0.0,0.0
CC1(C)[C@H]2CC[C@](C)(C2)[C@H]1NC(=O)c1nn(-c2ccc(F)cc2F)c2c1C[C@H]1C[C@@H]21,2,0.0,0.0,0.0
O=C(NCC1CCOCC1)c1nn(-c2ccc(F)cc2F)c2c1C[C@@H]1C[C@H]21,4,0.0,0.0,0.0
CC(C)(CO)NC(=O)c1nn(-c2cccnc2)c2c1C[C@H]1C[C@@H]21,4,0.0,0.0,0.0
CCN1CCN(c2nc(C)nc3c2nc(-c2ccccc2Cl)n3CCCOC)CC1,2,0.0,0.0,0.0
Cc1nc(N2CCN(C)CC2)c2nc(-c3ccccc3Cl)n(C(C)(C)CO)c2n1,2,0.0,0.0,0.0
CC(=O)NCCn1c(-c2ccccc2Cl)nc2c(N3CCN(C)CC3)nc(C)nc21,2,0.0,0.0,0.0
Cc1cc(O)c2c(c1)OC(C)(C)C1=C2C[C@H](C)CC1,2,0.0,0.0,0.0
C[C@@H]1CCC2=C(C1)c1ccc(O)cc1OC2(C)C,2,0.0,0.0,0.0
CCc1cc2c(cc1O)OC(C)(C)C1=C2C[C@H](C)CC1,2,0.0,0.0,0.0
CCCCCc1cc(O)c2c(c1)OC(C)(C)C1=C2C[C@@H](C)CC1,3,0.0,0.0,0.0
CCCCCc1cc(O)c2c(c1)OC(C)(C)C1=C2C[C@H](C)CC1,3,0.0,0.0,0.0
Cc1c(O)ccc2c1OC(C)(C)C1=C2C[C@H](C)CC1,2,0.0,0.0,0.0
CC1(C)C(=O)N(c2ccc(F)c(C(F)(F)F)c2)C(=O)C1Cc1ccc(F)cc1NC(=O)Nc1ccc(S(N)(=O)=O)cc1,2,0.0,0.0,1.0
CCc1c(C(=O)NN2CCCCC2)nn(-c2ccc(Cl)cc2Cl)c1-c1ccc(C#Cc2ccc(C(F)(F)F)cc2)s1,2,0.0,0.0,1.0
Cc1c(C(=O)NCCCCN)nn(-c2ccc(Cl)cc2Cl)c1-c1ccc(Cl)cc1,3,0.0,0.0,0.0
Cc1c(C(=O)NCCCCCCCCN)nn(-c2ccc(Cl)cc2Cl)c1-c1ccc(Cl)cc1,3,0.0,0.0,1.0
Cc1c(C(=O)NCCCCCCCN(CCCCCCCNC(=O)c2nn(-c3ccc(Cl)cc3Cl)c(-c3ccc(Cl)cc3)c2C)Cc2ccccc2)nn(-c2ccc(Cl)cc2Cl)c1-c1ccc(Cl)cc1,3,0.0,0.0,0.0
Cc1c(C(=O)NCCCCNC(=O)c2cccc(C(=O)NCCCCNC(=O)c3nn(-c4ccc(Cl)cc4Cl)c(-c4ccc(Cl)cc4)c3C)c2)nn(-c2ccc(Cl)cc2Cl)c1-c1ccc(Cl)cc1,3,0.0,0.0,0.0
Cc1c(C(=O)NCCCCCCCCNC(=O)c2cccc(C(=O)NCCCCCCCCNC(=O)c3nn(-c4ccc(Cl)cc4Cl)c(-c4ccc(Cl)cc4)c3C)c2)nn(-c2ccc(Cl)cc2Cl)c1-c1ccc(Cl)cc1,3,0.0,0.0,0.0
Cc1c(C(=O)NCCCCNC(=O)c2ccc(C(=O)NCCCCNC(=O)c3nn(-c4ccc(Cl)cc4Cl)c(-c4ccc(Cl)cc4)c3C)cc2)nn(-c2ccc(Cl)cc2Cl)c1-c1ccc(Cl)cc1,3,0.0,0.0,0.0
Cc1c(C(=O)NCCCCCCCCNC(=O)c2ccc(C(=O)NCCCCCCCCNC(=O)c3nn(-c4ccc(Cl)cc4Cl)c(-c4ccc(Cl)cc4)c3C)cc2)nn(-c2ccc(Cl)cc2Cl)c1-c1ccc(Cl)cc1,3,0.0,0.0,0.0
Cc1c(C(=O)NCCCCNC(=O)[C@H]2CC[C@H](C(=O)NCCCCNC(=O)c3nn(-c4ccc(Cl)cc4Cl)c(-c4ccc(Cl)cc4)c3C)CC2)nn(-c2ccc(Cl)cc2Cl)c1-c1ccc(Cl)cc1,3,0.0,0.0,0.0
Cc1c(C(=O)NCCCCCCCCNC(=O)[C@H]2CC[C@H](C(=O)NCCCCCCCCNC(=O)c3nn(-c4ccc(Cl)cc4Cl)c(-c4ccc(Cl)cc4)c3C)CC2)nn(-c2ccc(Cl)cc2Cl)c1-c1ccc(Cl)cc1,3,0.0,0.0,0.0
Cc1c(C(=O)NCCCCNC(=O)[C@H]2CC[C@@H](C(=O)NCCCCNC(=O)c3nn(-c4ccc(Cl)cc4Cl)c(-c4ccc(Cl)cc4)c3C)CC2)nn(-c2ccc(Cl)cc2Cl)c1-c1ccc(Cl)cc1,3,0.0,0.0,0.0
Cc1c(C(=O)NCCCCCCCCNC(=O)[C@H]2CC[C@@H](C(=O)NCCCCCCCCNC(=O)c3nn(-c4ccc(Cl)cc4Cl)c(-c4ccc(Cl)cc4)c3C)CC2)nn(-c2ccc(Cl)cc2Cl)c1-c1ccc(Cl)cc1,3,0.0,0.0,0.0
Cc1c(C(=O)NCCCCNC(=O)[C@@H]2CCC[C@@H](C(=O)NCCCCNC(=O)c3nn(-c4ccc(Cl)cc4Cl)c(-c4ccc(Cl)cc4)c3C)C2)nn(-c2ccc(Cl)cc2Cl)c1-c1ccc(Cl)cc1,3,0.0,0.0,0.0
Cc1c(C(=O)NCCCCCCCCNC(=O)[C@@H]2CCC[C@@H](C(=O)NCCCCCCCCNC(=O)c3nn(-c4ccc(Cl)cc4Cl)c(-c4ccc(Cl)cc4)c3C)C2)nn(-c2ccc(Cl)cc2Cl)c1-c1ccc(Cl)cc1,3,0.0,0.0,0.0
Cc1c(C(=O)NCCCCNC(=O)[C@@H]2CCC[C@H](C(=O)NCCCCNC(=O)c3nn(-c4ccc(Cl)cc4Cl)c(-c4ccc(Cl)cc4)c3C)C2)nn(-c2ccc(Cl)cc2Cl)c1-c1ccc(Cl)cc1,3,0.0,0.0,0.0
Cc1c(C(=O)NCCCCCCCCNC(=O)[C@@H]2CCC[C@H](C(=O)NCCCCCCCCNC(=O)c3nn(-c4ccc(Cl)cc4Cl)c(-c4ccc(Cl)cc4)c3C)C2)nn(-c2ccc(Cl)cc2Cl)c1-c1ccc(Cl)cc1,3,0.0,0.0,0.0
Cc1c(C(=O)NCCCCNC(=O)[C@H]2CCCC[C@@H]2C(=O)NCCCCNC(=O)c2nn(-c3ccc(Cl)cc3Cl)c(-c3ccc(Cl)cc3)c2C)nn(-c2ccc(Cl)cc2Cl)c1-c1ccc(Cl)cc1,3,0.0,0.0,0.0
Cc1c(C(=O)NCCCCCCCCNC(=O)[C@H]2CCCC[C@@H]2C(=O)NCCCCCCCCNC(=O)c2nn(-c3ccc(Cl)cc3Cl)c(-c3ccc(Cl)cc3)c2C)nn(-c2ccc(Cl)cc2Cl)c1-c1ccc(Cl)cc1,3,0.0,0.0,0.0
Cc1c(C(=O)NCCCCNC(=O)C23CC4CC(C2)CC(C(=O)NCCCCNC(=O)c2nn(-c5ccc(Cl)cc5Cl)c(-c5ccc(Cl)cc5)c2C)(C4)C3)nn(-c2ccc(Cl)cc2Cl)c1-c1ccc(Cl)cc1,3,0.0,0.0,0.0
Cc1c(C(=O)NCCCCCCCCNC(=O)C23CC4CC(C2)CC(C(=O)NCCCCCCCCNC(=O)c2nn(-c5ccc(Cl)cc5Cl)c(-c5ccc(Cl)cc5)c2C)(C4)C3)nn(-c2ccc(Cl)cc2Cl)c1-c1ccc(Cl)cc1,3,0.0,0.0,0.0
Cc1c(C(=O)NCCCCNCc2cccc(CNCCCCNC(=O)c3nn(-c4ccc(Cl)cc4Cl)c(-c4ccc(Cl)cc4)c3C)c2)nn(-c2ccc(Cl)cc2Cl)c1-c1ccc(Cl)cc1,3,0.0,0.0,0.0
Cc1c(C(=O)NCCCCNCc2ccc(CNCCCCNC(=O)c3nn(-c4ccc(Cl)cc4Cl)c(-c4ccc(Cl)cc4)c3C)cc2)nn(-c2ccc(Cl)cc2Cl)c1-c1ccc(Cl)cc1,3,0.0,0.0,0.0
Cc1c(C(=O)NCCCCNC(=O)c2ccccc2)nn(-c2ccc(Cl)cc2Cl)c1-c1ccc(Cl)cc1,3,0.0,0.0,1.0
Cc1c(C(=O)NCCCCCCCCNC(=O)c2ccccc2)nn(-c2ccc(Cl)cc2Cl)c1-c1ccc(Cl)cc1,3,0.0,0.0,1.0
Cc1c(C(=O)NCCCCNC(=O)C2CCCCC2)nn(-c2ccc(Cl)cc2Cl)c1-c1ccc(Cl)cc1,3,0.0,0.0,1.0
Cc1c(C(=O)NCCCCCCCCNC(=O)C2CCCCC2)nn(-c2ccc(Cl)cc2Cl)c1-c1ccc(Cl)cc1,3,0.0,0.0,0.0
Cc1c(C(=O)NCCCCNCc2ccccc2)nn(-c2ccc(Cl)cc2Cl)c1-c1ccc(Cl)cc1,3,0.0,0.0,1.0
Cc1c(C(=O)NCCCCCCCCNCc2ccccc2)nn(-c2ccc(Cl)cc2Cl)c1-c1ccc(Cl)cc1,3,0.0,0.0,1.0
Cc1c(C(=O)NCCCCCCNC(=O)c2cccc(C(=O)NCCNC(=O)c3nn(-c4ccc(Cl)cc4Cl)c(-c4ccc(Cl)cc4)c3C)c2)nn(-c2ccc(Cl)cc2Cl)c1-c1ccc(Cl)cc1,3,0.0,0.0,0.0
Cc1c(C(=O)NCCCCNCc2cccc(C(=O)NCCCCNC(=O)c3nn(-c4ccc(Cl)cc4Cl)c(-c4ccc(Cl)cc4)c3C)c2)nn(-c2ccc(Cl)cc2Cl)c1-c1ccc(Cl)cc1,3,0.0,0.0,0.0
Cc1c(C(=O)NCCCCNCc2ccc(C(=O)NCCCCNC(=O)c3nn(-c4ccc(Cl)cc4Cl)c(-c4ccc(Cl)cc4)c3C)cc2)nn(-c2ccc(Cl)cc2Cl)c1-c1ccc(Cl)cc1,3,0.0,0.0,0.0
CCOC(=O)N1CCC(CN2CCC3(CC2)CN(C(=O)N(C)C)c2ncccc23)CC1.O=C(O)/C=C/C(=O)O,3,0.0,0.0,0.0
CCCCn1c(Cc2ccc(OCC)cc2)nc2cc(C(=O)N(CC)CC)ccc21,2,0.0,0.0,0.0
CCOc1ccc(Cc2nc3cc(C(=O)OC)ccc3n2CCC(C)C)cc1,2,0.0,0.0,0.0
CCOc1ccc(Cc2nc3cc(C(=O)N(CC)CC)ccc3n2CCCCCCCCCCN(C)C)cc1,2,0.0,0.0,0.0
CCOc1ccc(Cc2nc3cc(C(=O)N(CC)CC)ccc3n2CCCN(C)C)cc1,2,0.0,0.0,0.0
CCOc1ccc(Cc2nc3cc(C(=O)N(CC)CC)ccc3n2CCCCCCCCCCN(C)CCCCCCCCCCn2c(Cc3ccc(OCC)cc3)nc3cc(C(=O)N(CC)CC)ccc32)cc1,2,0.0,0.0,0.0
CCOc1ccc(Cc2nc3cc(C(=O)N(CC)CC)ccc3n2CCCN(C)CCCn2c(Cc3ccc(OCC)cc3)nc3cc(C(=O)N(CC)CC)ccc32)cc1,2,0.0,0.0,0.0
CCOc1ccc(Cc2nc3cc(C(=O)N(CC)CC)ccc3n2CCCCN(C)CCCCn2c(Cc3ccc(OCC)cc3)nc3cc(C(=O)N(CC)CC)ccc32)cc1,2,0.0,0.0,0.0
CCOc1ccc(Cc2nc3cc(C(=O)NCCCCCCCCCCN(C)C)ccc3n2CCC(C)C)cc1,2,0.0,0.0,0.0
CCOc1ccc(Cc2nc3cc(C(=O)NCCCN(C)C)ccc3n2CCC(C)C)cc1,3,0.0,0.0,0.0
CCOc1ccc(Cc2nc3cc(C(=O)NCCCCCCCCCCN(C)CCCCCCCCCCNC(=O)c4ccc5c(c4)nc(Cc4ccc(OCC)cc4)n5CCC(C)C)ccc3n2CCC(C)C)cc1,2,0.0,0.0,0.0
CCOc1ccc(Cc2nc3cc(C(=O)NCCCN(C)CCCNC(=O)c4ccc5c(c4)nc(Cc4ccc(OCC)cc4)n5CCC(C)C)ccc3n2CCC(C)C)cc1,2,0.0,0.0,0.0
C=CCNC(=O)CCCCCCCOc1cc(O)cc(C(C)(C)CCCCCC)c1,3,0.0,0.0,0.0
C[C@H]1CC[C@H](NC(=O)c2cc3cc(-c4ccco4)cnc3n(Cc3ccc(F)cc3)c2=O)CC1,2,0.0,0.0,1.0
C[C@H]1CC[C@@H](NC(=O)c2cc3cc(-c4ccco4)cnc3n(Cc3ccc(F)cc3)c2=O)CC1,2,0.0,0.0,1.0
CC1CCC(NC(=O)c2cc3cc(Br)cnc3n(CCN3CCOCC3)c2=O)CC1,4,0.0,0.0,0.0
CC1CCC(NC(=O)c2cc3cc(Br)cnc3n(Cc3ccc(F)cc3)c2=O)CC1,2,0.0,0.0,1.0
O=C(Nc1ccc(Cl)cc1)Nc1cccc(-c2cccc(N3CCCC3)n2)c1,38,0.0,0.0,0.0
O=C(Nc1ccc(Cl)cc1)Nc1cccc(-c2cccc(N3CCCCC3)n2)c1,4,0.0,0.0,0.0
CN(C)c1cccc(-c2cccc(NC(=O)Nc3ccc(Cl)cc3)c2)n1,5,0.0,0.0,0.0
CCN(CC)c1cccc(-c2cccc(NC(=O)Nc3ccc(Cl)cc3)c2)n1,2,0.0,0.0,0.0
CCCN(CCC)c1cccc(-c2cccc(NC(=O)Nc3ccc(Cl)cc3)c2)n1,2,0.0,0.0,0.0
CCCCN(CCCC)c1cccc(-c2cccc(NC(=O)Nc3ccc(Cl)cc3)c2)n1,2,0.0,0.0,0.0
CNc1cccc(-c2cccc(NC(=O)Nc3ccc(Cl)cc3)c2)n1,2,0.0,0.0,0.0
CCNc1cccc(-c2cccc(NC(=O)Nc3ccc(Cl)cc3)c2)n1,2,0.0,0.0,0.0
CCCNc1cccc(-c2cccc(NC(=O)Nc3ccc(Cl)cc3)c2)n1,2,0.0,0.0,0.0
CCCCNc1cccc(-c2cccc(NC(=O)Nc3ccc(Cl)cc3)c2)n1,4,0.0,0.0,0.0
CCCCCNc1cccc(-c2cccc(NC(=O)Nc3ccc(Cl)cc3)c2)n1,2,0.0,0.0,0.0
CCCCCCNc1cccc(-c2cccc(NC(=O)Nc3ccc(Cl)cc3)c2)n1,2,0.0,0.0,0.0
O=C(Nc1ccc(Cl)cc1)Nc1cccc(-c2cccc(NC3CCCC3)n2)c1,2,0.0,0.0,0.0
CCN(C)c1cccc(-c2cccc(NC(=O)Nc3ccc(Cl)cc3)c2)n1,2,0.0,0.0,0.0
CCCN(C)c1cccc(-c2cccc(NC(=O)Nc3ccc(Cl)cc3)c2)n1,2,0.0,0.0,0.0
CCCCN(C)c1cccc(-c2cccc(NC(=O)Nc3ccc(Cl)cc3)c2)n1,2,0.0,0.0,0.0
CC(=O)Nc1cccc(-c2cccc(NC(=O)Nc3ccc(Cl)cc3)c2)n1,2,0.0,0.0,0.0
O=C(Nc1ccccc1)Nc1cccc(-c2cccc(N3CCCC3)n2)c1,2,0.0,0.0,0.0
O=C(Nc1ccc(F)cc1)Nc1cccc(-c2cccc(N3CCCC3)n2)c1,4,0.0,0.0,0.0
O=C(Nc1ccc(Br)cc1)Nc1cccc(-c2cccc(N3CCCC3)n2)c1,2,0.0,0.0,0.0
N#Cc1ccc(NC(=O)Nc2cccc(-c3cccc(N4CCCC4)n3)c2)cc1,6,0.0,0.0,1.0
O=C(Nc1ccc([N+](=O)[O-])cc1)Nc1cccc(-c2cccc(N3CCCC3)n2)c1,2,0.0,0.0,0.0
Cc1ccc(NC(=O)Nc2cccc(-c3cccc(N4CCCC4)n3)c2)cc1,2,0.0,0.0,0.0
COc1ccc(NC(=O)Nc2cccc(-c3cccc(N4CCCC4)n3)c2)cc1,2,0.0,0.0,0.0
CN(C)c1ccc(NC(=O)Nc2cccc(-c3cccc(N4CCCC4)n3)c2)cc1,2,0.0,0.0,0.0
O=C(Nc1cccc(-c2cccc(N3CCCC3)n2)c1)Nc1ccc2c(c1)OCO2,2,0.0,0.0,0.0
COc1cc(NC(=O)Nc2cccc(-c3cccc(N4CCCC4)n3)c2)cc(OC)c1OC,2,0.0,0.0,0.0
Cc1cc(C)cc(NC(=O)Nc2cccc(-c3cccc(N4CCCC4)n3)c2)c1,2,0.0,0.0,0.0
Cc1cccc(C)c1NC(=O)Nc1cccc(-c2cccc(N3CCCC3)n2)c1,2,0.0,0.0,0.0
CCc1ccccc1NC(=O)Nc1cccc(-c2cccc(N3CCCC3)n2)c1,2,0.0,0.0,0.0
CC(C)c1ccccc1NC(=O)Nc1cccc(-c2cccc(N3CCCC3)n2)c1,2,0.0,0.0,0.0
O=C(Nc1cccc(Cl)c1)Nc1cccc(-c2cccc(N3CCCC3)n2)c1,2,0.0,0.0,0.0
O=C(Nc1cccc(-c2cccc(N3CCCC3)n2)c1)Nc1ccc(Cl)c(Cl)c1,2,0.0,0.0,0.0
O=C(Nc1cc(Cl)cc(Cl)c1)Nc1cccc(-c2cccc(N3CCCC3)n2)c1,2,0.0,0.0,0.0
O=C(Nc1ccc(Cl)nc1)Nc1cccc(-c2cccc(N3CCCC3)n2)c1,4,0.0,0.0,0.0
O=C(Nc1cccc(-c2cccc(N3CCCC3)n2)c1)Nc1cccc2ccccc12,2,0.0,0.0,0.0
O=C(Nc1cccc(-c2cccc(N3CCCC3)n2)c1)Nc1ccc2ccccc2c1,2,0.0,0.0,0.0
CCCCCCCCCCCCCCCC(=O)N[C@H](C(=O)N[C@H](C(=O)N[C@@H](CC(C)C)C(=O)N1CCC[C@H]1C(=O)N[C@@H](CC(C)C)C(=O)N[C@@H](Cc1c[nH]c2ccccc12)C(=O)N[C@@H](C)C(=O)N[C@H](C(=O)N[C@@H](Cc1ccc(O)cc1)C(=O)N[C@H](C(=O)N[C@@H](Cc1ccc(O)cc1)C(=O)N[C@@H](CCCNC(=N)N)C(N)=O)[C@@H](C)O)[C@@H](C)O)[C@@H](C)O)C(C)C,2,0.0,0.0,0.0
COc1ccc(-c2cc(C)c(OC)c(C(=O)NC3CCCCCC3)c2)cc1,2,0.0,0.0,0.0
COc1c(C)cc(-c2ccccc2)cc1C(=O)NC1CCCCCC1,2,0.0,0.0,1.0
CCCCc1cc(-c2ccc(OC)cc2)cc(C(=O)NC2CCCCCC2)c1OC,2,0.0,0.0,0.0
CC(C)(C)c1cc(NC(=O)[C@H]2CCCN2c2ccc(C(F)(F)F)cc2)no1,2,0.0,0.0,0.0
CC(C)(C)c1cc(NC(=O)[C@H]2CCCN2c2ccc(Cl)cc2)no1,2,0.0,0.0,0.0
CCc1c(C(=O)NCCc2ccc(N(CC)CC)cc2)[nH]c2ccc(Cl)cc12,2,0.0,0.0,0.0
CCCN(CCC)c1ccc(CCNC(=O)c2[nH]c3ccc(Cl)cc3c2CC)cc1,2,0.0,0.0,0.0
CCCCCCNc1ccc(CCNC(=O)c2[nH]c3ccc(Cl)cc3c2CC)cc1,2,0.0,0.0,0.0
CCc1c(C(=O)NCCc2cccc(N(C)C)c2)[nH]c2ccc(Cl)cc12,2,0.0,0.0,0.0
CCc1c(C(=O)NCCc2ccc(NC(C)=O)cc2)[nH]c2ccc(Cl)cc12,2,0.0,0.0,0.0
CCCC(=O)Nc1ccc(CCNC(=O)c2[nH]c3ccc(Cl)cc3c2CC)cc1,2,0.0,0.0,0.0
CCCCCC(=O)Nc1ccc(CCNC(=O)c2[nH]c3ccc(Cl)cc3c2CC)cc1,2,0.0,0.0,0.0
CCc1c(C(=O)NCCc2ccccc2)[nH]c2ccc(Cl)cc12,2,0.0,0.0,0.0
CCc1c(C(=O)NCCc2ccc(OC)cc2)[nH]c2ccc(Cl)cc12,2,0.0,0.0,0.0
CCc1c(C(=O)NCCc2ccc(C(C)(C)C)cc2)[nH]c2ccc(Cl)cc12,2,0.0,0.0,0.0
CCc1c(C(=O)NCCc2ccccc2Cl)[nH]c2ccc(Cl)cc12,2,0.0,0.0,0.0
CCc1c(C(=O)NCCc2cccc(Cl)c2)[nH]c2ccc(Cl)cc12,2,0.0,0.0,0.0
CCc1c(C(=O)NCCc2cccc(OC)c2)[nH]c2ccc(Cl)cc12,2,0.0,0.0,0.0
CCc1c(C(=O)NCCc2cccc(O)c2)[nH]c2ccc(Cl)cc12,2,0.0,0.0,0.0
CCc1c(C(=O)NCCc2ccc(OC)c(O)c2)[nH]c2ccc(Cl)cc12,2,0.0,0.0,0.0
CCc1c(C(=O)NCCc2ccc(Cl)c(Cl)c2)[nH]c2ccc(Cl)cc12,2,0.0,0.0,0.0
CCc1c(C(=O)NCCc2ccc3c(c2)OCO3)[nH]c2ccc(Cl)cc12,2,0.0,0.0,0.0
CCc1c(C(=O)NC2CCN(Cc3ccccc3)C2)[nH]c2ccc(Cl)cc12,2,0.0,0.0,0.0
CCc1c(C(=O)Nc2cccc(-c3cccc(N(C)C)n3)c2)[nH]c2ccc(Cl)cc12,2,0.0,0.0,0.0
CCc1c(C(=O)N2CCN(c3ccccc3)CC2)[nH]c2ccc(Cl)cc12,2,0.0,0.0,0.0
CCc1c(C(=O)N2CCN(c3ccc(Cl)cc3)CC2)[nH]c2ccc(Cl)cc12,2,0.0,0.0,0.0
CCc1c(C(=O)NCCc2ccc(N(C)C)cc2)[nH]c2ccc(F)cc12,3,0.0,0.0,0.0
CCc1c(C(=O)NCCc2ccc(N(CC)CC)cc2)[nH]c2ccc(F)cc12,2,0.0,0.0,0.0
CCN(CC)c1ccc(CCNC(=O)c2[nH]c3ccc(F)cc3c2C)cc1,2,0.0,0.0,0.0
CCN(CC)c1ccc(CCNC(=O)c2cc3cc(F)ccc3[nH]2)cc1,2,0.0,0.0,0.0
CCN(CC)c1ccc(CCNC(=O)c2cc3cc(Cl)ccc3[nH]2)cc1,3,0.0,0.0,0.0
CCc1c(C(=O)NCCc2ccc(N3CCCCC3)cc2)[nH]c2ccc(F)cc12,2,0.0,0.0,0.0
Cc1c(C(=O)NCCc2ccc(N3CCCCC3)cc2)[nH]c2ccc(F)cc12,2,0.0,0.0,0.0
O=C(NCCc1ccc(N2CCCCC2)cc1)c1cc2cc(F)ccc2[nH]1,2,0.0,0.0,0.0
Cc1cc(C(=O)N2CCc3c(sc(NCc4ccccc4)c3C#N)C2)[nH]n1,2,0.0,0.0,0.0
CN(C)C1(c2nc(-c3cc(C(C)(C)C)c(O)c(C(C)(C)C)c3)cs2)CCSCC1,2,0.0,0.0,0.0
CN(C)C1(c2nc(-c3cc(C(C)(C)C)c(O)c(C(C)(C)C)c3)cs2)CCOCC1,2,0.0,0.0,0.0
CCN(CC)C1(c2nc(-c3cc(C(C)(C)C)c(O)c(C(C)(C)C)c3)cs2)CCOCC1,2,0.0,0.0,0.0
CC(C)(C)c1cc(-c2csc(C3(N4CCCCC4)CCOCC3)n2)cc(C(C)(C)C)c1O,2,0.0,0.0,0.0
CN(C)C1(c2nc(-c3cc(C(C)(C)C)c(O)c(C(C)(C)C)c3)co2)CCOCC1,2,0.0,0.0,0.0
CCc1c(C(=O)OCCc2ccc(NC)cc2)[nH]c2ccc(Cl)cc12,7,0.0,0.0,0.0
O=C(/C=C/C=C/c1ccc2ccccc2c1)NCCO,3,0.0,0.0,0.0
O=C(/C=C/C=C/c1ccc2ccccc2c1)NC1CC1,3,0.0,0.0,0.0
CCOC(=O)CNC(=O)/C=C/C=C/c1ccc2ccccc2c1,3,0.0,0.0,0.0
O=C(/C=C/C=C/c1ccc2c(c1)-c1ccccc1C2)NCCO,3,0.0,0.0,0.0
O=C(/C=C/C=C/c1ccc2c(c1)-c1ccccc1C2)NC1CC1,3,0.0,0.0,0.0
CCOC(=O)CNC(=O)/C=C/C=C/c1ccc2c(c1)-c1ccccc1C2,3,0.0,0.0,0.0
O=C(/C=C/C=C/c1ccc2c(c1)OCCO2)NC1CC1,3,0.0,0.0,0.0
CCOC(=O)CNC(=O)/C=C/C=C/c1ccc2c(c1)OCCO2,3,0.0,0.0,0.0
O=C(CCCCCOc1ccc2ccccc2c1)NCCO,3,0.0,0.0,0.0
O=C(CCCCCOc1ccc2ccccc2c1)NC1CC1,3,0.0,0.0,0.0
CCOC(=O)CNC(=O)CCCCCOc1ccc2ccccc2c1,3,0.0,0.0,0.0
O=C(CCCCCOc1cccc2ccccc12)NCCO,3,0.0,0.0,0.0
O=C(CCCCCOc1cccc2ccccc12)NC1CC1,3,0.0,0.0,0.0
CCOC(=O)CNC(=O)CCCCCOc1cccc2ccccc12,3,0.0,0.0,0.0
CCS(=O)(=O)NCCCCCOc1ccc2ccccc2c1,3,0.0,0.0,0.0
CCNC(=O)NCCCCCOc1ccc2ccccc2c1,3,0.0,0.0,0.0
CCS(=O)(=O)NCCCCCOc1cccc2ccccc12,3,0.0,0.0,0.0
CCNC(=O)NCCCCCOc1cccc2ccccc12,3,0.0,0.0,0.0
NC(=O)NCCCCCOc1cccc2ccccc12,3,0.0,0.0,0.0
CCS(=O)(=O)NCCCCCSc1ccc2ccccc2c1,3,0.0,0.0,0.0
CCNC(=O)NCCCCCSc1ccc2ccccc2c1,3,0.0,0.0,0.0
CCS(=O)(=O)NCCCCCOc1ccc2c(c1)OCO2,3,0.0,0.0,0.0
CCNC(=O)NCCCCCOc1ccc2c(c1)OCO2,3,0.0,0.0,0.0
NC(=O)NCCCCCOc1ccc2c(c1)OCO2,3,0.0,0.0,0.0
C=CCCC/C=C/C=C(\C)CCCC/C=C/CC/C=C\C(=O)NC(CO)CO,2,0.0,0.0,1.0
CCCCCCC(=O)c1cc(O)c(-c2cc(Cl)cc(Cl)c2)c(O)c1,3,0.0,0.0,0.0
O=C(c1cc(O)c(-c2cc(Cl)cc(Cl)c2)c(O)c1)C1CCCCC1,3,0.0,0.0,0.0
Cc1ccc(C(=O)c2cc(O)c(-c3cc(Cl)cc(Cl)c3)c(O)c2)cc1,3,0.0,0.0,0.0
Cc1cccc(C(=O)c2cc(O)c(-c3cc(Cl)cc(Cl)c3)c(O)c2)c1,3,0.0,0.0,0.0
Cc1cc(C)cc(C(=O)c2cc(O)c(-c3cc(Cl)cc(Cl)c3)c(O)c2)c1,3,0.0,0.0,0.0
O=C(c1ccc(C(F)(F)F)cc1)c1cc(O)c(-c2cc(Cl)cc(Cl)c2)c(O)c1,3,0.0,0.0,0.0
O=C(c1cccc(C(F)(F)F)c1)c1cc(O)c(-c2cc(Cl)cc(Cl)c2)c(O)c1,3,0.0,0.0,0.0
CCc1ccc(C(=O)c2cc(O)c(-c3cc(Cl)cc(Cl)c3)c(O)c2)cc1,3,0.0,0.0,0.0
CCc1cccc(C(=O)c2cc(O)c(-c3cc(Cl)cc(Cl)c3)c(O)c2)c1,3,0.0,0.0,0.0
CCCc1ccc(C(=O)c2cc(O)c(-c3cc(Cl)cc(Cl)c3)c(O)c2)cc1,3,0.0,0.0,0.0
CC(C)c1ccc(C(=O)c2cc(O)c(-c3cc(Cl)cc(Cl)c3)c(O)c2)cc1,3,0.0,0.0,0.0
CCCCc1ccc(C(=O)c2cc(O)c(-c3cc(Cl)cc(Cl)c3)c(O)c2)cc1,3,0.0,0.0,0.0
CC(C)(C)c1ccc(C(=O)c2cc(O)c(-c3cc(Cl)cc(Cl)c3)c(O)c2)cc1,3,0.0,0.0,0.0
O=C(c1ccc(O)cc1)c1cc(O)c(-c2cc(Cl)cc(Cl)c2)c(O)c1,3,0.0,0.0,0.0
O=C(c1ccc(Cl)cc1)c1cc(O)c(-c2cc(Cl)cc(Cl)c2)c(O)c1,3,0.0,0.0,0.0
COc1cc(C(=O)c2ccc(C)cc2)cc(O)c1-c1cc(Cl)cc(Cl)c1,3,0.0,0.0,0.0
CCCCc1ccc(C(=O)c2cc(O)c(-c3cc(Cl)cc(Cl)c3)c(OC)c2)cc1,3,0.0,0.0,0.0
COc1cc(C(=O)c2ccc(Cl)cc2)cc(O)c1-c1cc(Cl)cc(Cl)c1,3,0.0,0.0,0.0
COc1cc(C(=O)c2ccc(C)cc2)cc(OC)c1-c1cc(Cl)cc(Cl)c1,3,0.0,0.0,0.0
CCCCc1ccc(C(=O)c2cc(OC)c(-c3cc(Cl)cc(Cl)c3)c(OC)c2)cc1,3,0.0,0.0,0.0
COc1cc(C(=O)c2ccc(Cl)cc2)cc(OC)c1-c1cc(Cl)cc(Cl)c1,3,0.0,0.0,0.0
CCOC(=O)N1[C@@H]2CC[C@H]1C[C@H](CN1CC[C@@H](N3Cc4ccccc4NC3=O)C1)C2,2,0.0,0.0,0.0
CC1(C)CC(n2ncc3c(cnn3CCN3CCOCC3)c2=O)CC(C)(C)C1,4,0.0,0.0,0.0
CC1(C)CC(n2ncc(NCCN3CCOCC3)c(Cl)c2=O)CC(C)(C)C1,4,0.0,0.0,0.0
CCCNc1cnn(C2CC(C)(C)CC(C)(C)C2)c(=O)c1Cl,7,0.0,0.0,0.0
CN(C)CCNc1cnn(C2CC(C)(C)CC(C)(C)C2)c(=O)c1Cl,4,0.0,0.0,0.0
CNc1cnn(C2CC(C)(C)CC(C)(C)C2)c(=O)c1,4,0.0,0.0,0.0
CNc1cnn(C2CC(C)(C)CC(C)(C)C2)c(=O)c1Cl,4,0.0,0.0,0.0
CN(C)c1cnn(C2CC(C)(C)CC(C)(C)C2)c(=O)c1Cl,4,0.0,0.0,0.0
Cc1cc(C)cc(-n2ncc(NCCN3CCOCC3)c(Cl)c2=O)c1,4,0.0,0.0,0.0
CN(C)CCN(C)c1cnn(C2CC(C)(C)CC(C)(C)C2)c(=O)c1Cl,4,0.0,0.0,0.0
CCCn1cc2c(=O)n(C3CC(C)(C)CC(C)(C)C3)ncc2n1,4,0.0,0.0,0.0
CN(C)c1cnn(C2CC(C)(C)CC(C)(C)C2)c(=O)c1,4,0.0,0.0,0.0
CC1(C)CC(n2ncc(Cl)c(Cl)c2=O)CC(C)(C)C1,4,0.0,0.0,0.0
CC1(C)CC(n2ncc(NCCN3CCOCC3)c(Br)c2=O)CC(C)(C)C1,7,0.0,0.0,0.0
CN(C)CCn1ncc2c(=O)n(C3CC(C)(C)CC(C)(C)C3)ncc21,4,0.0,0.0,0.0
CCCNc1cnn(C2CC(C)(C)CC(C)(C)C2)c(=O)c1,4,0.0,0.0,0.0
CC1(C)CC(n2ncc3nn(CCN4CCOCC4)cc3c2=O)CC(C)(C)C1,4,0.0,0.0,0.0
CCCNc1cnn(-c2cc(C(F)(F)F)cc(C(F)(F)F)c2)c(=O)c1Cl,4,0.0,0.0,0.0
CCCn1ncc2c(=O)n(C3CC(C)(C)CC(C)(C)C3)ncc21,4,0.0,0.0,0.0
COCCCN1C[C@@H]2[C@@H](CNC(=O)c3nc(C(C)C)n4ccccc34)[C@@H]2C1,2,0.0,0.0,0.0
O=C(NCCc1ccccc1)c1ccc(NC(=S)NC(=O)c2ccc(-c3ccccc3)cc2)cc1,2,0.0,0.0,0.0
O=C(NC(=S)Nc1ccc(S(=O)(=O)NCCc2ccccc2)cc1)c1ccc(-c2ccccc2)cc1,2,0.0,0.0,0.0
CCCCc1ccc(NS(=O)(=O)c2ccc(NC(=S)NC(=O)c3ccc(-c4ccccc4)cc3)cc2)cc1,2,0.0,0.0,0.0
O=C(NC(=S)Nc1ccc(S(=O)(=O)Nc2ccc(Cl)cc2)cc1)c1ccc(-c2ccccc2)cc1,2,0.0,0.0,0.0
O=C(NC(=S)Nc1ccc(S(=O)(=O)Nc2ccccc2)cc1)c1ccc(-c2ccccc2)cc1,2,0.0,0.0,0.0
O=C(NCc1ccccc1)c1ccc(NC(=S)NC(=O)c2ccc(-c3ccccc3)cc2)cc1,2,0.0,0.0,0.0
COc1ccc(CNS(=O)(=O)c2ccc(NC(=S)NC(=O)c3ccc(-c4ccccc4)cc3)cc2)cc1,2,0.0,0.0,0.0
Cc1ccc(CNS(=O)(=O)c2ccc(NC(=S)NC(=O)c3ccc(-c4ccccc4)cc3)cc2)cc1,2,0.0,0.0,0.0
O=C(NC(=S)Nc1ccc(S(=O)(=O)NCc2ccc(I)cc2)cc1)c1ccc(-c2ccccc2)cc1,2,0.0,0.0,0.0
O=C(NC(=S)Nc1ccc(S(=O)(=O)NCc2ccc(F)cc2)cc1)c1ccc(-c2ccccc2)cc1,2,0.0,0.0,0.0
O=C(NC(=S)Nc1ccc(S(=O)(=O)NCc2ccccc2)cc1)c1ccc(-c2ccccc2)cc1,2,0.0,0.0,0.0
CC(=O)NS(=O)(=O)c1ccc(NC(=S)NC(=O)c2cccc3ccccc23)cc1,2,0.0,0.0,0.0
CC(=O)NS(=O)(=O)c1ccc(NC(=S)NC(=O)c2ccc(C(C)C)cc2)cc1,2,0.0,0.0,0.0
Cc1ccc(C(=O)NC(=S)Nc2ccc(S(=O)(=O)NC(C)C)cc2)c(Br)c1,2,0.0,0.0,0.0
COc1ccc(C(=O)NC(=S)Nc2ccc(S(=O)(=O)NC(C)C)cc2)cc1,2,0.0,0.0,0.0
Cc1ccc(C(=O)NC(=S)Nc2ccc(S(=O)(=O)NC(C)(C)C)cc2)cc1,2,0.0,0.0,0.0
C=CCN(CC=C)S(=O)(=O)c1ccc(NC(=S)NC(=O)c2ccc([N+](=O)[O-])cc2)cc1,2,0.0,0.0,0.0
CN1CCN(S(=O)(=O)c2ccc(NC(=S)NC(=O)c3ccc(-c4ccccc4)cc3)cc2)CC1,2,0.0,0.0,0.0
CN(C)S(=O)(=O)c1ccc(NC(=S)NC(=O)c2ccc(-c3ccccc3)cc2)cc1,2,0.0,0.0,0.0
O=C(NC(=S)Nc1ccc(S(=O)(=O)NCc2ccco2)cc1)c1ccc(-c2ccccc2)cc1,2,0.0,0.0,0.0
O=C(NC(=S)Nc1ccc(S(=O)(=O)NCCc2c[nH]c3ccccc23)cc1)c1ccc(-c2ccccc2)cc1,2,0.0,0.0,0.0
C=CCNS(=O)(=O)c1ccc(NC(=S)NC(=O)c2ccc(-c3ccccc3)cc2)cc1,2,0.0,0.0,0.0
CCCNS(=O)(=O)c1ccc(NC(=S)NC(=O)c2ccc(-c3ccccc3)cc2)cc1,2,0.0,0.0,0.0
CC(C)CNS(=O)(=O)c1ccc(NC(=S)NC(=O)c2ccc(-c3ccccc3)cc2)cc1,2,0.0,0.0,0.0
NS(=O)(=O)c1ccc(NC(=S)NC(=O)c2ccc(-c3ccccc3)cc2)cc1,2,0.0,0.0,0.0
CCc1c(C(=O)NCCc2ccc(N3CCCCC3)cc2)[nH]c2ccc(N=C=S)cc12,12,0.0,0.0,1.0
O=C(Nc1ccc(C(=O)c2ccccc2)cc1)Nc1cccc(-c2cccc(N3CCCC3)n2)c1,5,0.0,0.0,1.0
O=C(Nc1ccc(N=C=S)cc1)Nc1cccc(-c2cccc(N3CCCC3)n2)c1,5,0.0,0.0,1.0
[N-]=[N+]=Nc1ccc(NC(=O)Nc2cccc(-c3cccc(N4CCCC4)n3)c2)cc1,5,0.0,0.0,1.0
O=C(NCCc1ccc(N2CCCCC2)cc1)c1[nH]c2ccc(Cl)cc2c1CCN=C=S,5,0.0,0.0,1.0
[N-]=[N+]=NCCc1c(C(=O)NCCc2ccc(N3CCCCC3)cc2)[nH]c2ccc(Cl)cc12,5,0.0,0.0,1.0
CCc1c(C(=O)NCCc2ccc(N3CCCCC3)cc2)[nH]c2ccc(N=[N+]=[N-])cc12,5,0.0,0.0,1.0
CCCOC(=O)N1CCC(NC(=O)c2nn(-c3ccc(Cl)cc3Cl)c(-c3ccc(Cl)cc3)c2C)CC1,3,0.0,0.0,0.0
Cc1c(C(=O)NC2CCN(S(=O)(=O)c3ccccc3)CC2)nn(-c2ccc(Cl)cc2Cl)c1-c1ccc(Cl)cc1,2,0.0,0.0,0.0
Cc1c(C(=O)NC2CCN(S(=O)(=O)CC(C)C)CC2)nn(-c2ccc(Cl)cc2Cl)c1-c1ccc(Cl)cc1,2,0.0,0.0,0.0
Cc1c(C(=O)NC2CCN(S(=O)(=O)CCC(F)(F)F)CC2)nn(-c2ccc(Cl)cc2Cl)c1-c1ccc(Cl)cc1,2,0.0,0.0,0.0
CCS(=O)(=O)N1CCC(NC(=O)c2nn(-c3ccc(Cl)cc3Cl)c(-c3ccc(Cl)cc3)c2C)CC1,2,0.0,0.0,0.0
Cc1c(C(=O)NC2CCN(C(=O)c3ccccc3)CC2)nn(-c2ccc(Cl)cc2Cl)c1-c1ccc(Cl)cc1,2,0.0,0.0,0.0
Cc1c(C(=O)NC2CCN(C(=O)C3CCCC3)CC2)nn(-c2ccc(Cl)cc2Cl)c1-c1ccc(Cl)cc1,2,0.0,0.0,0.0
Cc1c(C(=O)NC2CCN(C(=O)CC(C)C)CC2)nn(-c2ccc(Cl)cc2Cl)c1-c1ccc(Cl)cc1,2,0.0,0.0,0.0
CCCCC(=O)N1CCC(NC(=O)c2nn(-c3ccc(Cl)cc3Cl)c(-c3ccc(Cl)cc3)c2C)CC1,2,0.0,0.0,0.0
Cc1c(C(=O)NC2CCN(C(=O)C(F)(F)F)CC2)nn(-c2ccc(Cl)cc2Cl)c1-c1ccc(Cl)cc1,2,0.0,0.0,0.0
Cc1c(C(=O)NC2CCN(C(=O)OC(C)C)CC2)nn(-c2ccc(Cl)cc2Cl)c1-c1ccc(Cl)cc1,2,0.0,0.0,0.0
O=C(NN1CCCC1)c1nn(-c2ccc(Cl)cc2Cl)c2c1Cc1cc(C3CCCCC3)ccc1-2,2,0.0,0.0,0.0
O=C(c1nn(-c2ccc(Cl)cc2Cl)c2c1ccc1cc(C3CC3)ccc12)N1CCCCC1,2,0.0,0.0,0.0
O=C(NN1CCCC1)c1nn(-c2ccc(Cl)cc2Cl)c2c1ccc1cc(C3CC3)ccc12,2,0.0,0.0,0.0
CC1(C)C2CCC(CNC(=O)c3nn(-c4ccc(Cl)cc4Cl)c4c3CCc3cc(C5CC5)ccc3-4)C1C2,2,0.0,0.0,0.0
O=C(c1nn(-c2ccc(Cl)cc2Cl)c2c1Cc1cc(C3CC3)ccc1-2)N1CCCCC1,2,0.0,0.0,0.0
O=C(NN1CCOCC1)c1nn(-c2ccc(Cl)cc2Cl)c2c1Cc1cc(C3CC3)ccc1-2,2,0.0,0.0,0.0
O=C(NN1CCCC1)c1nn(-c2ccc(Cl)cc2Cl)c2c1Cc1cc(C3CC3)ccc1-2,2,0.0,0.0,0.0
O=C(NC12CC3CC(CC(C3)C1)C2)c1nn(-c2ccc(Cl)cc2Cl)c2c1Cc1cc(C3CC3)ccc1-2,2,0.0,0.0,0.0
CC1(C)[C@@H]2CC[C@]1(C)[C@H](NC(=O)c1nn(-c3ccc(Cl)cc3Cl)c3c1Cc1cc(C4CC4)ccc1-3)C2,2,0.0,0.0,0.0
CC1(C)C2CC[C@@](C)(C2)C1NC(=O)c1nn(-c2ccc(Cl)cc2Cl)c2c1Cc1cc(C3CCCCC3)ccc1-2,2,0.0,0.0,0.0
CC1(C)C2CC[C@@](C)(C2)C1NC(=O)c1nn(-c2ccc(Cl)cc2Cl)c2c1ccc1cc(C3CC3)ccc12.Cl,2,0.0,0.0,0.0
CC1(C)C2CC[C@@](C)(C2)C1NC(=O)c1nn(-c2ccc(Cl)cc2Cl)c2c1CCc1cc(C3CC3)ccc1-2,2,0.0,0.0,0.0
CC1(C)C2CC[C@@](C)(C2)C1NC(=O)c1nn(-c2ccc(Cl)cc2Cl)c2c1Cc1cc(C3CC3)ccc1-2,2,0.0,0.0,0.0
O=C(NN1CCCCC1)c1nn(-c2ccc(Cl)cc2Cl)c2c1Cc1cc(C3CCCCC3)ccc1-2,2,0.0,0.0,0.0
O=C(NN1CCCCC1)c1nn(-c2ccc(Cl)cc2Cl)c2c1ccc1cc(C3CC3)ccc12,2,0.0,0.0,0.0
Cl.O=C(NN1CCCCC1)c1nn(-c2ccc(Cl)cc2Cl)c2c1CCc1cc(C3CC3)ccc1-2,2,0.0,0.0,0.0
O=C(NN1CCCCC1)c1nn(-c2ccc(Cl)cc2Cl)c2c1Cc1cc(C3CC3)ccc1-2,2,0.0,0.0,0.0
CCc1c(C(=O)NC2CCCCC2)cc(C)n1-c1ccccc1,2,0.0,0.0,0.0
Cc1cc(C(=O)NC2CCCCC2)c(C)n1-c1ccccc1,2,0.0,0.0,0.0
CCc1c(C(=O)NC(C)c2ccccc2)cc(C)n1-c1ccccc1,2,0.0,0.0,0.0
Cc1cc(C(=O)NC(C)c2ccccc2)c(C)n1-c1ccccc1,2,0.0,0.0,0.0
CCc1c(C(=O)NCCc2ccccc2)cc(C)n1-c1ccccc1,2,0.0,0.0,0.0
Cc1cc(C(=O)NCCc2ccccc2)c(C)n1-c1ccccc1,2,0.0,0.0,0.0
CCc1c(C(=O)NC23CC4CC(CC(C4)C2)C3)cc(C)n1-c1ccccc1,2,0.0,0.0,0.0
Cc1cc(C(=O)NC23CC4CC(CC(C4)C2)C3)c(C)n1-c1ccccc1,2,0.0,0.0,0.0
CCc1c(C(=O)Nc2ccc3ccccc3c2)cc(C)n1-c1ccccc1,2,0.0,0.0,0.0
Cc1cc(C(=O)Nc2ccc3ccccc3c2)c(C)n1-c1ccccc1,2,0.0,0.0,0.0
CCc1c(C(=O)Nc2cccc3ccccc23)cc(C)n1-c1ccccc1,2,0.0,0.0,0.0
Cc1cc(C(=O)Nc2cccc3ccccc23)c(C)n1-c1ccccc1,2,0.0,0.0,0.0
CCc1c(C(=O)O)cc(C)n1-c1ccccc1,2,0.0,0.0,0.0
Cc1cc(C(=O)O)c(C)n1-c1ccccc1,2,0.0,0.0,0.0
CCOC(=O)c1cc(-c2ccccc2)sc1N(S(=O)(=O)c1ccc2ccccc2c1)S(=O)(=O)c1ccc2ccccc2c1,2,0.0,0.0,0.0
CCOC(=O)c1c(NS(=O)(=O)c2ccc3ccccc3c2)sc2c1CCCC2,2,0.0,0.0,0.0
CCOC(=O)c1c(NS(=O)(=O)c2cccc3ccccc23)sc2c1CCCC2,2,0.0,0.0,0.0
CCOC(=O)c1cc(-c2ccccc2)sc1NS(=O)(=O)c1cccc2ccccc12,2,0.0,0.0,0.0
CCOC(=O)c1c(NS(=O)(=O)c2ccc(Cl)cc2)sc2c1CCCC2,2,0.0,0.0,0.0
CCOC(=O)c1cc(-c2ccccc2)sc1NS(=O)(=O)c1ccc(Cl)cc1,2,0.0,0.0,0.0
CCOC(=O)c1c(NS(=O)(=O)c2ccccc2)sc2c1CCCC2,2,0.0,0.0,0.0
CCOC(=O)c1cc(-c2ccccc2)sc1NS(=O)(=O)c1ccccc1,2,0.0,0.0,0.0
CCOC(=O)c1c(NS(C)(=O)=O)sc2c1CCCC2,2,0.0,0.0,0.0
CCOC(=O)c1cc(-c2ccccc2)sc1NS(C)(=O)=O,2,0.0,0.0,0.0
CCOC(=O)c1c(NC(=O)C23CC4CC(CC(C4)C2)C3)sc2c1CCCC2,2,0.0,0.0,0.0
CCOC(=O)c1c(NC(=O)CCc2ccccc2)sc2c1CCCC2,2,0.0,0.0,0.0
CCOC(=O)c1c(NC(=O)c2ccc3ccccc3c2)sc2c1CCCC2,2,0.0,0.0,0.0
CCOC(=O)c1cc(-c2ccccc2)sc1NC(=O)c1ccc2ccccc2c1,2,0.0,0.0,0.0
CCOC(=O)c1c(NC(=O)c2cccc3ccccc23)sc2c1CCCC2,2,0.0,0.0,0.0
CCOC(=O)c1cc(-c2ccccc2)sc1NC(=O)c1cccc2ccccc12,2,0.0,0.0,0.0
CCOC(=O)c1c(N)sc2c1CCCC2,2,0.0,0.0,0.0
CS(=O)(=O)O.Cc1c(C(=O)c2cccc3ccccc23)c2cccc3c2n1[C@H](CN1CCOCC1)CO3,2,0.0,0.0,1.0
COc1ccc(C(=O)c2c(-c3ccc(OC)cc3)sc3ccccc23)cc1,3,0.0,0.0,1.0
COc1ccc(-c2sc3ccccc3c2C(=O)c2cccc3ccccc23)cc1,3,0.0,0.0,0.0
O=C(c1cc2ccccc2s1)c1cccc2ccccc12,3,0.0,0.0,0.0
O=C(c1cccc2ccccc12)c1csc2ccccc12,3,0.0,0.0,0.0
COc1ccc(C(=O)c2c(CC(C)C)sc3ccccc23)cc1,3,0.0,0.0,0.0
CCCCCc1sc2ccccc2c1C(=O)c1ccc(OC)cc1,3,0.0,0.0,0.0
CCCc1sc2ccccc2c1C(=O)c1ccc(OC)cc1,3,0.0,0.0,0.0
CCc1sc2ccccc2c1C(=O)c1ccc(OC)cc1,3,0.0,0.0,0.0
CC(C)Cc1sc2ccccc2c1C(=O)c1cccc2ccccc12,3,0.0,0.0,1.0
CCCCCc1sc2ccccc2c1C(=O)c1cccc2ccccc12,3,0.0,0.0,1.0
CCCc1sc2ccccc2c1C(=O)c1cccc2ccccc12,3,0.0,0.0,1.0
CCc1sc2ccccc2c1C(=O)c1cccc2ccccc12,3,0.0,0.0,0.0
COc1ccc(C(=O)n2c(C3CCC3)nc3ccccc32)cc1,3,0.0,0.0,0.0
COc1ccc(C(=O)n2c(-c3ccc(OC)cc3)nc3ccccc32)cc1,3,0.0,0.0,0.0
COc1ccc(C(=O)n2c(C3CCCC3)nc3ccccc32)cc1,3,0.0,0.0,0.0
COc1ccc(C(=O)n2c(C3CCCCC3)nc3ccccc32)cc1,3,0.0,0.0,0.0
COc1ccc(C(=O)n2c(C(C)(C)C)nc3ccccc32)cc1,3,0.0,0.0,0.0
COc1ccc(C(=O)n2c(C(C)C)nc3ccccc32)cc1,3,0.0,0.0,0.0
COc1ccc(C(=O)n2c(CC(C)C)nc3ccccc32)cc1,3,0.0,0.0,0.0
CCCCc1nc2ccccc2n1C(=O)c1ccc(OC)cc1,3,0.0,0.0,0.0
CCCc1nc2ccccc2n1C(=O)c1ccc(OC)cc1,3,0.0,0.0,0.0
COc1ccc(C(=O)n2c(C)nc3ccccc32)cc1,3,0.0,0.0,0.0
O=C(c1cccc2ccccc12)n1c(C2CCC2)nc2ccccc21,3,0.0,0.0,0.0
COc1ccc(-c2nc3ccccc3n2C(=O)c2cccc3ccccc23)cc1,3,0.0,0.0,0.0
O=C(c1cccc2ccccc12)n1c(C2CCCC2)nc2ccccc21,3,0.0,0.0,0.0
O=C(c1cccc2ccccc12)n1c(C2CCCCC2)nc2ccccc21,3,0.0,0.0,0.0
CC(C)(C)c1nc2ccccc2n1C(=O)c1cccc2ccccc12,3,0.0,0.0,0.0
CC(C)c1nc2ccccc2n1C(=O)c1cccc2ccccc12,3,0.0,0.0,0.0
CC(C)Cc1nc2ccccc2n1C(=O)c1cccc2ccccc12,3,0.0,0.0,0.0
CCCCc1nc2ccccc2n1C(=O)c1cccc2ccccc12,3,0.0,0.0,0.0
CCCc1nc2ccccc2n1C(=O)c1cccc2ccccc12,3,0.0,0.0,0.0
Cc1nc2ccccc2n1C(=O)c1cccc2ccccc12,3,0.0,0.0,0.0
COc1ccc(Cn2c(-c3ccc(OC)cc3)nc3ccccc32)cc1,3,0.0,0.0,0.0
Cc1cccc(-c2c(O)cc(C(=O)c3ccccc3)cc2O)c1,6,0.0,0.0,0.0
NC(=O)C1(c2ccccc2)CCC(c2ncnc3c2nc(-c2ccccc2Cl)n3-c2ccc(Cl)cc2)CC1,2,0.0,0.0,1.0
CS(=O)(=O)NCC1CCC(CNc2ncnc3c2nc(-c2ccccc2Cl)n3-c2ccc(Cl)cc2)CC1,2,0.0,0.0,1.0
NS(=O)(=O)NCC1CCC(CNc2ncnc3c2nc(-c2ccccc2Cl)n3-c2ccc(Cl)cc2)CC1,2,0.0,0.0,1.0
O=S1(=O)CCN(c2ncnc3c2nc(-c2ccccc2Cl)n3-c2ccc(Cl)cc2)CC1,2,0.0,0.0,1.0
O=c1cc(CCc2cccc(Cl)c2)c2cc(C(O)(c3ccc(Cl)cc3)c3nccs3)ccc2[nH]1,2,0.0,0.0,0.0
Cn1c(=O)cc(CCc2cccc(Cl)c2)c2cc(C(c3ccc(Cl)cc3)c3nccs3)ccc21,2,0.0,0.0,0.0
O=c1cc(CCc2cccc(Cl)c2)c2cc(C(c3ccc(Cl)cc3)c3nccs3)ccc2[nH]1,3,0.0,0.0,1.0
O=c1cc(/C=C/c2cccc(F)c2)c2cc(C(c3ccc(Cl)cc3)c3ccsc3)ccc2[nH]1,2,0.0,0.0,1.0
O=c1cc(/C=C/c2ccc(C(F)(F)F)cc2)c2cc(C(c3ccc(Cl)cc3)c3cccs3)ccc2[nH]1,2,0.0,0.0,1.0
O=c1cc(/C=C/c2ccccc2)c2cc(C(c3ccc(Cl)cc3)c3cccs3)ccc2[nH]1,2,0.0,0.0,0.0
O=c1cc(/C=C/c2ccccc2)c2cc(C(c3ccc(Cl)cc3)c3nccs3)ccc2[nH]1,3,0.0,0.0,1.0
O=c1cc(/C=C/c2ccc(C(F)(F)F)cc2)c2cc(C(c3ccc(Cl)cc3)c3nccs3)ccc2[nH]1,2,0.0,0.0,1.0
O=c1cc(/C=C/c2ccc(C(F)(F)F)cc2)c2cc(C(c3ccccc3)c3ccc(Cl)cc3)ccc2[nH]1,2,0.0,0.0,0.0
O=c1cc(NC2CCNCC2)c2cc(C(c3ccc(Cl)cc3)c3nccs3)ccc2[nH]1,2,0.0,0.0,1.0
CC(C)S(=O)(=O)N1CCC(Nc2cc(=O)[nH]c3ccc(C(c4ccc(Cl)cc4)c4nccs4)cc23)CC1,2,0.0,0.0,1.0
O=c1cc(NC2CCN(S(=O)(=O)C(F)(F)F)CC2)c2cc(C(c3ccc(Cl)cc3)c3nccs3)ccc2[nH]1,4,0.0,0.0,1.0
CC(C)(C)OC(=O)N1CC(CNc2cc(=O)[nH]c3ccc(C(c4ccc(Cl)cc4)c4nccs4)cc23)C1,2,0.0,0.0,0.0
O=c1cc(NC2CCN(S(=O)(=O)C(F)(F)F)CC2)c2cc(C(c3ccc(Cl)cc3)c3ccc(Cl)cc3)ccc2[nH]1,6,0.0,0.0,0.0
O=c1cc(N[C@@H]2CCN(S(=O)(=O)C(F)(F)F)C2)c2cc(C(c3ccc(Cl)cc3)c3nccs3)ccc2[nH]1,3,0.0,0.0,1.0
Cn1c(=O)cc(NC2CCN(S(=O)(=O)C(F)(F)F)CC2)c2cc(C(c3ccc(Cl)cc3)c3ccc(Cl)cc3)ccc21,2,0.0,0.0,1.0
O=c1cc(NC2CCN(S(=O)(=O)C(F)(F)F)CC2)c2cc(C(c3ccc(Cl)cc3)c3ccc(Cl)c(Cl)c3)ccc2[nH]1,2,0.0,0.0,1.0
COc1ccc(C(c2ccc(Cl)cc2)c2ccc3[nH]c(=O)cc(NC4CCN(S(=O)(=O)C(F)(F)F)CC4)c3c2)cc1,2,0.0,0.0,1.0
O=c1cc(NC2CCN(S(=O)(=O)C(F)(F)F)CC2)c2cc(C(c3ccc(Cl)cc3)c3ccc4c(c3)OCO4)ccc2[nH]1,2,0.0,0.0,1.0
O=c1cc(NC2CCN(c3ncccn3)CC2)c2cc(C(c3ccc(Cl)cc3)c3ccc(Cl)cc3)ccc2[nH]1,2,0.0,0.0,1.0
O=c1cc(NC2CCN(S(=O)(=O)C(F)(F)F)CC2)c2cc(C(c3ccc(Cl)cc3)c3ccc(C(F)(F)F)cc3)ccc2[nH]1,2,0.0,0.0,1.0
CS(=O)(=O)N1CCC(Nc2cc(=O)[nH]c3ccc(C(c4ccc(Cl)cc4)c4ccc(Cl)cc4)cc23)CC1,2,0.0,0.0,1.0
O=c1cc(NC2CCN(S(=O)(=O)C(F)(F)F)CC2)c2cc(C(c3ccc(Cl)cc3)c3nc4ccccc4s3)ccc2[nH]1,2,0.0,0.0,1.0
O=c1cc(NC2CCN(S(=O)(=O)C(F)(F)F)CC2)c2cc(C(c3ccc(Cl)cc3)c3ccc(Cl)nc3)ccc2[nH]1,2,0.0,0.0,1.0
O=c1cc(NC2CCN(S(=O)(=O)c3ccccc3)CC2)c2cc(C(c3ccc(Cl)cc3)c3ccc(Cl)cc3)ccc2[nH]1,2,0.0,0.0,1.0
O=C(O)c1cccc(S(=O)(=O)N2CCC(Nc3cc(=O)[nH]c4ccc(C(c5ccc(Cl)cc5)c5ccc(Cl)cc5)cc34)CC2)c1,2,0.0,0.0,1.0
CCOC(=O)CC(=O)N1CCC(Nc2cc(=O)[nH]c3ccc(C(c4ccc(Cl)cc4)c4ccc(Cl)cc4)cc23)CC1,2,0.0,0.0,1.0
O=C(O)CC(=O)N1CCC(Nc2cc(=O)[nH]c3ccc(C(c4ccc(Cl)cc4)c4ccc(Cl)cc4)cc23)CC1,2,0.0,0.0,1.0
COCCNc1cc(C(c2ccc(Cl)cc2)c2ccc(Cl)cc2)cc2c(NC3CCN(S(=O)(=O)C(F)(F)F)CC3)cc(=O)[nH]c12,2,0.0,0.0,1.0
NC(=O)CC(=O)N1CCC(Nc2cc(=O)[nH]c3ccc(C(c4ccc(Cl)cc4)c4ccc(Cl)cc4)cc23)CC1,2,0.0,0.0,0.0
O=C(O)CCCNc1cc(C(c2ccc(Cl)cc2)c2ccc(Cl)cc2)cc2c(NC3CCN(S(=O)(=O)C(F)(F)F)CC3)cc(=O)[nH]c12,2,0.0,0.0,1.0
COCCn1c(=O)cc(NC2CCN(S(=O)(=O)C(F)(F)F)CC2)c2cc(C(c3ccc(Cl)cc3)c3ccc(Cl)cc3)ccc21,2,0.0,0.0,1.0
O=C(O)c1ccc(C(=O)N2CCC(Nc3cc(=O)[nH]c4ccc(C(c5ccc(Cl)cc5)c5ccc(Cl)cc5)cc34)CC2)cc1,2,0.0,0.0,1.0
O=C(O)CN1CCC(Nc2cc(=O)[nH]c3ccc(C(c4ccc(Cl)cc4)c4ccc(Cl)cc4)cc23)CC1,2,0.0,0.0,0.0
O=C(O)c1ccc(S(=O)(=O)N2CCC(Nc3cc(=O)[nH]c4ccc(C(c5ccc(Cl)cc5)c5ccc(Cl)cc5)cc34)CC2)cc1,2,0.0,0.0,1.0
O=C(O)c1ccc(CN2CCC(Nc3cc(=O)[nH]c4ccc(C(c5ccc(Cl)cc5)c5ccc(Cl)cc5)cc34)CC2)cc1,2,0.0,0.0,1.0
O=C(O)c1cccc(CN2CCC(Nc3cc(=O)[nH]c4ccc(C(c5ccc(Cl)cc5)c5ccc(Cl)cc5)cc34)CC2)c1,2,0.0,0.0,1.0
O=c1cc(NC2CCN(S(=O)(=O)C(F)(F)F)CC2)c2cc(C(Cc3ccc(F)cc3)c3ccc(Cl)cc3)ccc2[nH]1,2,0.0,0.0,0.0
O=c1cc(NC2CCN(S(=O)(=O)C(F)(F)F)CC2)c2cc(C(Oc3ccc(Cl)cc3)c3ccc(Cl)cc3)ccc2[nH]1,2,0.0,0.0,1.0
O=c1cc(NC2CCN(S(=O)(=O)C(F)(F)F)CC2)c2cc(C(c3ccc(Cl)cc3)N3CCN(c4ccccc4)CC3)ccc2[nH]1,2,0.0,0.0,1.0
COCCCc1cc(C(c2ccc(Cl)cc2)c2ccc(Cl)cc2)cc2c(NC3CCN(S(=O)(=O)C(F)(F)F)CC3)cc(=O)[nH]c12,2,0.0,0.0,1.0
NCCCCNc1cc(C(c2ccc(Cl)cc2)c2ccc(Cl)cc2)cc2c(NC3CCN(S(=O)(=O)C(F)(F)F)CC3)cc(=O)[nH]c12,2,0.0,0.0,1.0
OC(c1ccc(Cl)cc1)(c1ccc(Cl)cc1)c1ccc2nccc(/C=C/c3ccccc3)c2c1,2,0.0,0.0,1.0
O=c1cc(/C=C/c2ccccc2)c2cc(C(c3ccc(Cl)cc3)c3ccc(Cl)cc3)ccc2[nH]1,2,0.0,0.0,1.0
Clc1ccc(C(c2ccc(Cl)cc2)c2ccc3nccc(/C=C/c4ccccc4)c3c2)cc1,2,0.0,0.0,1.0
COc1ccc(C(O)(c2ccc3nccc(/C=C/c4ccccc4)c3c2)c2nccs2)cc1,2,0.0,0.0,0.0
OC(c1ccc(Cl)cc1)(c1ccc2nccc(/C=C/c3ccccc3)c2c1)c1cccs1,2,0.0,0.0,1.0
OC(c1ccc(Cl)cc1)(c1ccsc1)c1ccc2nccc(/C=C/c3ccccc3)c2c1,2,0.0,0.0,1.0
Clc1ccc(C(c2ccc3nccc(/C=C/c4ccccc4)c3c2)c2cccs2)cc1,2,0.0,0.0,1.0
Clc1ccc(C(c2ccc3nccc(/C=C/c4ccccc4)c3c2)c2nccs2)cc1,2,0.0,0.0,1.0
COCCOc1cc(NC2CCN(S(=O)(=O)C(F)(F)F)CC2)c2cc(C(c3ccc(Cl)cc3)c3ccc(Cl)cc3)ccc2n1,2,0.0,0.0,1.0
O=C(O)COc1cc(NC2CCN(S(=O)(=O)C(F)(F)F)CC2)c2cc(C(c3ccc(Cl)cc3)c3ccc(Cl)cc3)ccc2n1,2,0.0,0.0,0.0
O=C(O)CCCCCOc1cc(NC2CCN(S(=O)(=O)C(F)(F)F)CC2)c2cc(C(c3ccc(Cl)cc3)c3ccc(Cl)cc3)ccc2n1,2,0.0,0.0,1.0
O=C(O)CCCCOc1cc(C(c2ccc(Cl)cc2)c2ccc(Cl)cc2)cc2c(NC3CCN(S(=O)(=O)C(F)(F)F)CC3)ccnc12,2,0.0,0.0,1.0
NC(=O)CCCCOc1cc(C(c2ccc(Cl)cc2)c2ccc(Cl)cc2)cc2c(NC3CCN(S(=O)(=O)C(F)(F)F)CC3)ccnc12,2,0.0,0.0,1.0
O=S(=O)(N1CCC(Nc2ccnc3c(O)cc(C(c4ccc(Cl)cc4)c4ccc(Cl)cc4)cc23)CC1)C(F)(F)F,2,0.0,0.0,1.0
NCCCCOc1cc(C(c2ccc(Cl)cc2)c2ccc(Cl)cc2)cc2c(NC3CCN(S(=O)(=O)C(F)(F)F)CC3)ccnc12,2,0.0,0.0,1.0
CN1CC(NC(=O)c2ccc(N3CC(F)(F)C3)c(OCC3CC3)n2)CC1=O,4,0.0,0.0,0.0
CCCCCCC(C)(C)c1ccc(C2CC(O)CCC2CCCO)c(O)c1,2,0.0,0.0,1.0
CCCCCCC(C)(C)c1cc(OC)c(C2=C[C@H]3CC[C@]2(C(=O)OC)C3(C)C)c(OC)c1,2,0.0,0.0,0.0
Cc1csc(C(C)(C)NC(=O)c2cnc(C3CC3)c(OCC3CC3)n2)n1,2,0.0,0.0,0.0
Cc1nc(C(C)(NC(=O)c2cc(O[C@@H](C)C(F)(F)F)c(C3CC3)cn2)C2CC2)no1,2,0.0,0.0,1.0
Cc1nc(C(C)(NC(=O)c2cc(O[C@H](C)C(F)(F)F)c(C3CC3)cn2)C2CC2)no1,2,0.0,0.0,1.0
Cc1nc(C(C)(CC2CC2)NC(=O)c2cc(O[C@@H](C)C(F)(F)F)c(C3CC3)cn2)no1,2,0.0,0.0,1.0
Cc1nc(C(C)(CC2CC2)NC(=O)c2cc(OCC(F)(F)F)c(C3CCC3)cn2)no1,3,0.0,0.0,0.0
Cc1nc(C(C)(CS(C)(=O)=O)NC(=O)c2cc(OCC(F)(F)F)c(C3CCC3)cn2)no1,3,0.0,0.0,0.0
Cc1nc(C(C)(CC2CC2)NC(=O)c2cc(O[C@@H](C)C(F)(F)F)c(C3CCC3)cn2)no1,3,0.0,0.0,0.0
Cc1nc(C(C)(CS(C)(=O)=O)NC(=O)c2cc(O[C@@H](C)C(F)(F)F)c(C3CCC3)cn2)no1,3,0.0,0.0,0.0
Cc1nc(C(C)(CO)NC(=O)c2cc(OCC(F)(F)F)c(C3CC3)cn2)no1,3,0.0,0.0,0.0
Cc1nc(C(C)(CS(C)(=O)=O)NC(=O)c2cc(O[C@@H](C)C(F)(F)F)c(C3(F)CCC3)cn2)no1,3,0.0,0.0,0.0
Cc1nc(C(C)(CC2CC2)NC(=O)c2cc(OCC(F)(F)F)c(C3(F)COC3)cn2)no1,3,0.0,0.0,0.0
Cc1nc(C(C)(CS(C)(=O)=O)NC(=O)c2cc(OCC(F)(F)F)c(C3(F)COC3)cn2)no1,2,0.0,0.0,0.0
Cc1nc(C(C)(NC(=O)c2cc(OCC(F)(F)F)c(C3(F)COC3)cn2)C2CC2)no1,3,0.0,0.0,0.0
Cc1nc(C(C)(CC2CC2)NC(=O)c2cc(O[C@@H](C)C(F)(F)F)c(C3(F)COC3)cn2)no1,3,0.0,0.0,0.0
Cc1nc(C(C)(NC(=O)c2cc(O[C@@H](C)C(F)(F)F)c(C3(F)COC3)cn2)C2CC2)no1,2,0.0,0.0,0.0
Cc1nc(C(C)(CC2CC2)NC(=O)c2cc(OCC(F)F)c(C3CC3)cn2)no1,3,0.0,0.0,0.0
Cc1nc(C(C)(CC2CC2)NC(=O)c2cc(OCCF)c(C3CC3)cn2)no1,3,0.0,0.0,0.0
CNC(=O)C(C)(NC(=O)c1cc(OCC(F)(F)F)c(C2CC2)cn1)c1noc(C)n1,3,0.0,0.0,0.0
Cn1nnnc1C(C)(CC1CC1)NC(=O)c1cc(OCC(F)(F)F)c(C2CC2)cn1,2,0.0,0.0,0.0
Cc1csc(C2(NC(=O)c3cc(OCC(F)(F)F)c(C4CC4)cn3)CCOCC2)n1,2,0.0,0.0,0.0
Cc1nc(C(NC(=O)c2cc(OCC(F)(F)F)c(C3CC3)cn2)C(C)(C)C)no1,3,0.0,0.0,0.0
Cn1nnc(C(NC(=O)c2cc(OCC(F)(F)F)c(C3CC3)cn2)C(C)(C)C)n1,3,0.0,0.0,0.0
CC(CC1CC1)(NC(=O)c1cc(OCC(F)(F)F)c(C2CC2)cn1)c1noc(N)n1,3,0.0,0.0,0.0
Cc1nnc(C(C)(CC2CC2)NC(=O)c2cc(OCC(F)(F)F)c(C3CC3)cn2)o1,3,0.0,0.0,0.0
Cc1nnc(C(NC(=O)c2cc(OCC(F)(F)F)c(C3CC3)cn2)C(C)(C)C)o1,3,0.0,0.0,0.0
CC(C)(C)C(NC(=O)c1cc(OCC(F)(F)F)c(C2CC2)cn1)c1noc(N)n1,3,0.0,0.0,0.0
C[C@H](Oc1cc(C(=O)NC(C(N)=O)C(C)(C)C)ncc1C1CC1)C(F)(F)F,3,0.0,0.0,0.0
Cn1nnnc1C(NC(=O)c1cc(OCC(F)(F)F)c(C2CC2)cn1)C(C)(C)C,2,0.0,0.0,0.0
C[C@H](Oc1cc(C(=O)NC(c2noc(N)n2)C(C)(C)C)ncc1C1CC1)C(F)(F)F,4,0.0,0.0,0.0
Cc1nc(C(NC(=O)c2cc(O[C@@H](C)C(F)(F)F)c(C3CC3)cn2)C(C)(C)C)no1,2,0.0,0.0,0.0
C[C@H](Oc1cc(C(=O)NC(c2nnn(C)n2)C(C)(C)C)ncc1C1CC1)C(F)(F)F,2,0.0,0.0,0.0
CNC(=O)C(NC(=O)c1cc(OCC(F)(F)F)c(C2CC2)cn1)C(C)(C)C,2,0.0,0.0,0.0
CNC(=O)CC(C)(NC(=O)c1cc(OCC(F)(F)F)c(C2CC2)cn1)C1CC1,3,0.0,0.0,0.0
CC(CC(N)=O)(NC(=O)c1cc(OCC(F)(F)F)c(C2CC2)cn1)C1CC1,3,0.0,0.0,0.0
CNC(=O)C(NC(=O)c1cc(O[C@@H](C)C(F)(F)F)c(C2CC2)cn1)C(C)(C)O,3,0.0,0.0,0.0
CNC(=O)CC(C)(NC(=O)c1cc(O[C@@H](C)C(F)(F)F)c(C2CC2)cn1)C1CC1,3,0.0,0.0,0.0
C[C@H](Oc1cc(C(=O)NC(C)(CC(N)=O)C2CC2)ncc1C1CC1)C(F)(F)F,3,0.0,0.0,0.0
Cc1nc(C(NC(=O)c2cc(O[C@@H](C)C(F)(F)F)c(C3CC3)cn2)C2(C)COC2)no1,2,0.0,0.0,0.0
CC(C)(C)C(NC(=O)c1cc(OCC(F)(F)F)c(N2CC(F)(F)C2)cn1)C(N)=O,3,0.0,0.0,0.0
CC(C)(C)C(NC(=O)c1cc(OCC2CC2)c(N2CC(F)(F)C2)cn1)C(N)=O,3,0.0,0.0,0.0
CC1(C(NC(=O)c2cc(OCC(F)(F)F)c(C3CC3)cn2)C(N)=O)COC1,2,0.0,0.0,0.0
CC(CC(N)=O)(NC(=O)c1cc(OCCF)c(C2CC2)cn1)C1CC1,2,0.0,0.0,0.0
CC(CC(N)=O)(NC(=O)c1cc(OCC(F)F)c(C2CC2)cn1)C1CC1,2,0.0,0.0,0.0
CC(CC(N)=O)(NC(=O)c1cc(OCC(F)(F)F)c(N2CC(F)(F)C2)cn1)C1CC1,2,0.0,0.0,0.0
Cc1nc(C(C)(CS(C)(=O)=O)NC(=O)c2cc(OCCF)c(C3CC3)cn2)no1,2,0.0,0.0,0.0
Cc1nc(C(C)(CS(C)(=O)=O)NC(=O)c2cc(OCC(F)F)c(C3CC3)cn2)no1,2,0.0,0.0,0.0
Cc1nc(C(C)(CC2CC2)NC(=O)c2cc(OC(C)CF)c(C3CC3)cn2)no1,4,0.0,0.0,0.0
CC(CF)Oc1cc(C(=O)NC2(CC(N)=O)CS(=O)(=O)C2)ncc1C1CC1,2,0.0,0.0,0.0
CC(CF)Oc1cc(C(=O)NC(C)(CC(N)=O)C2CC2)ncc1C1CC1,6,0.0,0.0,1.0
Cc1nc(C(C)(CS(C)(=O)=O)NC(=O)c2cc(OC(C)CF)c(C3CC3)cn2)no1,4,0.0,0.0,0.0
CC(CC(N)=O)(NC(=O)c1cc(OCC(F)(F)F)c(C2(F)CCC2)cn1)C1CC1,3,0.0,0.0,0.0
Cc1nc(C(C)(NC(=O)c2cc(OCC(F)(F)F)c(C3(F)CCC3)cn2)C2CC2)no1,2,0.0,0.0,1.0
O=S(=O)(NCCN1CCOCC1)c1ccc(Nc2ccc(Cl)cc2Cl)cc1C(F)(F)F,2,0.0,0.0,0.0
O=S(=O)(NCC1CC1)c1ccc(Nc2ccc(Cl)cc2Cl)cc1C(F)(F)F,4,0.0,0.0,0.0
COc1cc(Nc2ccc(S(=O)(=O)NCC3CC3)c(C(F)(F)F)c2)cc(OC)c1,8,0.0,0.0,1.0
COc1ccc(Nc2ccc(S(=O)(=O)NCC3CC3)c(C(F)(F)F)c2)cc1,4,0.0,0.0,0.0
O=S(=O)(NCC1CC1)c1ccc(Nc2ccccc2)cc1C(F)(F)F,2,0.0,0.0,0.0
O=S(=O)(NCC1CCCO1)c1ccc(Nc2ccc(Cl)cc2Cl)cc1C(F)(F)F,4,0.0,0.0,0.0
CCCCNS(=O)(=O)c1ccc(Nc2ccc(Cl)cc2Cl)cc1C(F)(F)F,2,0.0,0.0,0.0
COc1cc(Nc2ccc(S(=O)(=O)NCC3CC3)c(OC(F)(F)F)c2)cc(OC)c1,4,0.0,0.0,0.0
COc1cc(Nc2ccc(S(=O)(=O)NCC3CC3)cc2)cc(OC)c1,5,0.0,0.0,0.0
COc1cc(OC)nc(Nc2ccc(S(=O)(=O)NCC3CC3)c(C(F)(F)F)c2)n1,2,0.0,0.0,0.0
COc1cc(Nc2ccc(S(=O)(=O)NCC3CCCO3)c(F)c2)cc(OC)c1,2,0.0,0.0,0.0
COc1cc(Nc2ccc(S(=O)(=O)NCC3CCCO3)c(C(F)(F)F)c2)cc(OC)c1,4,0.0,0.0,0.0
O=S(=O)(NCC1CCCO1)c1ccc(NC2CC3CCC2C3)cc1C(F)(F)F,2,0.0,0.0,0.0
COc1cc(Nc2cc(Cl)c(S(=O)(=O)NCC3CCCO3)c(Cl)c2)cc(OC)c1,2,0.0,0.0,1.0
COc1cc(Nc2ccc(S(=O)(=O)NCc3ccco3)c(C(F)(F)F)c2)cc(OC)c1,2,0.0,0.0,0.0
O=S(=O)(NCC1CCCO1)c1ccc(N2CCc3ccccc32)cc1C(F)(F)F,2,0.0,0.0,0.0
CCCN(CC1CC1)c1ccc(S(=O)(=O)NCC2CCCO2)c(C(F)(F)F)c1,2,0.0,0.0,0.0
COc1cc(Nc2ccc(S(=O)(=O)N3CCc4ccccc43)c(C(F)(F)F)c2)cc(OC)c1,2,0.0,0.0,0.0
COCCN(CCOC)S(=O)(=O)c1ccc(Nc2cc(OC)cc(OC)c2)cc1C(F)(F)F,2,0.0,0.0,0.0
O=S(=O)(NCC1CCOCC1)c1ccc(Nc2ccc(Cl)cc2Cl)cc1C(F)(F)F,2,0.0,0.0,0.0
O=S(=O)(NCC1CC1)c1ccc(Nc2ccc(F)cc2F)cc1C(F)(F)F,4,0.0,0.0,0.0
O=S(=O)(NCc1ccco1)c1ccc(Nc2ccc(F)cc2F)cc1C(F)(F)F,4,0.0,0.0,0.0
O=S(=O)(NCC1CCOCC1)c1ccc(NC2CC3CCC2C3)cc1C(F)(F)F,4,0.0,0.0,0.0
COc1ccc(Nc2ccc(S(=O)(=O)NCC3CC3)c(C(F)(F)F)c2)c(OC)c1,4,0.0,0.0,0.0
O=S(=O)(NCC1CC1)c1ccc(NC2CC3CCC2C3)cc1C(F)(F)F,4,0.0,0.0,0.0
CC(C)(NS(=O)(=O)c1ccc(NC2CC3CCC2C3)cc1C(F)(F)F)C1CC1,4,0.0,0.0,0.0
O=S(=O)(NCC1CC1)c1ccc(NC2CCCCCC2)cc1C(F)(F)F,2,0.0,0.0,0.0
O=S(=O)(NCC1CC1)c1ccc(NC2CCCCCCC2)cc1C(F)(F)F,2,0.0,0.0,0.0
O=S(=O)(NCC1CC1)c1ccc(NC2CCCCC2)cc1C(F)(F)F,2,0.0,0.0,0.0
O=S(=O)(NCC1CC1)c1ccc(NN2CCCCC2)cc1C(F)(F)F,2,0.0,0.0,0.0
O=S(=O)(NCC1CC1)c1ccc(NN2CCCCCC2)cc1C(F)(F)F,2,0.0,0.0,1.0
CC(C)(NS(=O)(=O)c1ccc(NC2CCCCC2)cc1C(F)(F)F)C1CC1,2,0.0,0.0,0.0
CCN(CC)c1ccnc(-c2cccc(NC(=O)Nc3ccc(C#N)cc3)c2)n1,2,0.0,0.0,0.0
O=C(Nc1ccc(O)cc1)Nc1cccc(-c2nccc(N3CCCC3)n2)c1,2,0.0,0.0,0.0
O=C(Nc1ccc(C(=O)O)cc1)Nc1cccc(-c2nccc(N3CCCC3)n2)c1,2,0.0,0.0,0.0
N#Cc1ccc(NC(=O)Nc2cccc(-c3nccc(N4CCCC4)n3)c2)cc1,4,0.0,0.0,0.0
O=C(Nc1ccc(Cl)cc1)Nc1cccc(-c2nccc(N3CCCC3)n2)c1,2,0.0,0.0,0.0
N#Cc1ccc(NC(=O)Nc2cccc(-c3ccnc(N4CCCC4)n3)c2)cc1,4,0.0,0.0,0.0
O=C(Nc1ccc(Cl)cc1)Nc1cccc(-c2ccnc(N3CCCC3)n2)c1,2,0.0,0.0,0.0
CCCCCCC(C)(C)c1cc(OC)c([C@H]2C=C(CO)[C@H]3C[C@@H]2C3(C)C)c(OC)c1,3,0.0,0.0,0.0
O=C(NC1CCCCCC1)c1c2c(nn(Cc3ccc(F)cc3)c1=O)-c1ccccc1C2,2,0.0,0.0,0.0
O=C(NC1CCCCCC1)c1cc(-c2ccccc2)nn(C2CCCC2)c1=O,2,0.0,0.0,0.0
O=C(NC12CC3CC(CC(C3)C1)C2)c1cc(-c2ccccc2)nn(C2CCCC2)c1=O,2,0.0,0.0,0.0
Cc1ccc(-c2cc(C(=O)NC34CC5CC(CC(C5)C3)C4)c(=O)n(C3CCCC3)n2)cc1Cl,2,0.0,0.0,0.0
C[C@H]1CC[C@H](NC(=O)c2cc(-c3ccccc3)nn(Cc3ccc(F)cc3)c2=O)CC1,2,0.0,0.0,0.0
C[C@H]1CC[C@@H](NC(=O)c2cc(-c3ccccc3)nn(Cc3ccc(F)cc3)c2=O)CC1,2,0.0,0.0,0.0
O=C(NC12CC3CC(CC(C3)C1)C2)c1cc(-c2ccccc2)nn(Cc2ccc(F)cc2)c1=O,2,0.0,0.0,0.0
O=C(NC1CCCCCC1)c1cc(-c2ccccc2)nn(Cc2ccc(F)cc2)c1=O,2,0.0,0.0,0.0
O=C(NC1CCCCC1)c1cc(-c2ccccc2)nn(Cc2ccc(F)cc2)c1=O,2,0.0,0.0,0.0
Cc1cc(-c2cc(C(=O)NCCN3CCOCC3)c(=O)n(Cc3ccc(F)cc3)n2)ccc1Cl,2,0.0,0.0,0.0
Cc1cc(-c2cc(C(=O)N[C@H]3CC[C@H](C)CC3)c(=O)n(Cc3ccc(F)cc3)n2)ccc1Cl,2,0.0,0.0,0.0
Cc1cc(-c2cc(C(=O)N[C@H]3CC[C@@H](C)CC3)c(=O)n(Cc3ccc(F)cc3)n2)ccc1Cl,2,0.0,0.0,0.0
Cc1cc(-c2cc(C(=O)N[C@@H]3C(C)(C)[C@@H]4CC[C@@]3(C)C4)c(=O)n(Cc3ccc(F)cc3)n2)ccc1Cl,2,0.0,0.0,0.0
Cc1cc(-c2cc(C(=O)NC34CC5CC(CC(C5)C3)C4)c(=O)n(Cc3ccc(F)cc3)n2)ccc1Cl,2,0.0,0.0,0.0
Cc1cc(-c2cc(C(=O)NC3CCCCCC3)c(=O)n(Cc3ccc(F)cc3)n2)ccc1Cl,2,0.0,0.0,0.0
Cc1cc(-c2cc(C(=O)NC3CCCCC3)c(=O)n(Cc3ccc(F)cc3)n2)ccc1Cl,2,0.0,0.0,0.0
Cc1ccc(Cn2nc(-c3ccc(Cl)c(C)c3)cc(C(=O)NC34CC5CC(CC(C5)C3)C4)c2=O)cc1,2,0.0,0.0,0.0
Cc1ccc(Cn2nc(-c3ccc(Cl)c(C)c3)cc(C(=O)NC3CCCCCC3)c2=O)cc1,2,0.0,0.0,0.0
Cc1ccc(Cn2nc(-c3ccc(Cl)c(C)c3)cc(C(=O)NC3CCCCC3)c2=O)cc1,2,0.0,0.0,0.0
Cc1c(C(=O)NN2CCCCC2)nc(-c2ccc(Cl)cc2Cl)n1-c1ccc(OCCC(F)(F)F)cc1,5,0.0,0.0,1.0
Cc1c(C(=O)NN2CCCCC2)nc(-c2ccc(Cl)cc2Cl)n1-c1ccc(OCCCF)cc1,5,0.0,0.0,1.0
Cc1c(C(=O)NN2CCCCC2)nc(-c2ccc(Cl)cc2Cl)n1-c1ccc(OCc2ccccc2)cc1,5,0.0,0.0,1.0
Cc1c(C(=O)NN2CCCCC2)nc(-c2ccc(Cl)cc2Cl)n1-c1ccc(OCCCC(F)(F)F)cc1,5,0.0,0.0,1.0
CCCS(=O)(=O)Oc1ccc(-n2c(-c3ccc(Cl)cc3Cl)nc(C(=O)NN3CCCCC3)c2C)cc1,8,0.0,0.0,1.0
Cc1c(C(=O)NN2CCCCC2)nc(-c2ccc(Cl)cc2Cl)n1-c1ccc(OS(=O)(=O)CCCF)cc1,5,0.0,0.0,1.0
Cc1c(C(=O)NN2CCCCC2)nc(-c2ccc(Cl)cc2Cl)n1-c1ccc(OS(=O)(=O)CCC(F)(F)F)cc1,5,0.0,0.0,1.0
CCCCS(=O)(=O)Oc1ccc(-n2c(-c3ccc(Cl)cc3Cl)nc(C(=O)NN3CCCCC3)c2C)cc1,5,0.0,0.0,1.0
Cc1c(C(=O)NN2CCCCC2)nc(-c2ccc(Cl)cc2Cl)n1-c1ccc(OS(=O)(=O)CCCC(F)(F)F)cc1,5,0.0,0.0,1.0
Cc1c(C(=O)NN2CCCCC2)nc(-c2ccc(Cl)cc2Cl)n1-c1ccc(OS(=O)(=O)CCC(C)C)cc1,5,0.0,0.0,1.0
Cc1c(C(=O)NN2CCCCC2)nc(-c2ccc(Cl)cc2Cl)n1-c1ccc(OS(=O)(=O)CCC(C)(C)C)cc1,5,0.0,0.0,1.0
Cc1c(C(=O)NN2CCCC(O)C2)nc(-c2ccc(Cl)cc2Cl)n1-c1ccc(OS(=O)(=O)CCC(F)(F)F)cc1,5,0.0,0.0,1.0
Cc1c(C(=O)N[C@H]2CCC[C@H](O)C2)nc(-c2ccc(Cl)cc2Cl)n1-c1ccc(OS(=O)(=O)CCC(F)(F)F)cc1,5,0.0,0.0,1.0
Cc1c(C(=O)N[C@@H]2CCCC[C@H]2O)nc(-c2ccc(Cl)cc2Cl)n1-c1ccc(OS(=O)(=O)CCC(F)(F)F)cc1,5,0.0,0.0,1.0
Cc1c(C(=O)N[C@@H]2CCCC[C@@H]2O)nc(-c2ccc(Cl)cc2Cl)n1-c1ccc(OS(=O)(=O)CCC(F)(F)F)cc1,5,0.0,0.0,1.0
Cc1c(C(=O)NC2CCC(O)CC2)nc(-c2ccc(Cl)cc2Cl)n1-c1ccc(OS(=O)(=O)CCC(F)(F)F)cc1,5,0.0,0.0,1.0
Cc1c(C(=O)N[C@H]2CCCC[C@H]2N)nc(-c2ccc(Cl)cc2Cl)n1-c1ccc(OS(=O)(=O)CCC(F)(F)F)cc1,5,0.0,0.0,1.0
Cc1c(C(=O)N[C@@H]2CCCC[C@@H]2N(C)C)nc(-c2ccc(Cl)cc2Cl)n1-c1ccc(OS(=O)(=O)CCC(F)(F)F)cc1,5,0.0,0.0,1.0
Cc1c(C(=O)Nc2ccc(OC(F)(F)F)cc2)nc(-c2ccc(Cl)cc2Cl)n1-c1ccc(OS(=O)(=O)CCC(F)(F)F)cc1,5,0.0,0.0,1.0
Cc1c(C(=O)Nc2ccc(F)nc2)nc(-c2ccc(Cl)cc2Cl)n1-c1ccc(OS(=O)(=O)CCC(F)(F)F)cc1,8,0.0,0.0,1.0
Cc1c(C(=O)Nc2ccc(C(F)(F)F)nc2)nc(-c2ccc(Cl)cc2Cl)n1-c1ccc(OS(=O)(=O)CCC(F)(F)F)cc1,5,0.0,0.0,1.0
Cc1ccc(NC(=O)c2nc(-c3ccc(Cl)cc3Cl)n(-c3ccc(OS(=O)(=O)CCC(F)(F)F)cc3)c2C)nc1,5,0.0,0.0,1.0
Cc1c(C(=O)Nc2ccc(C(F)(F)F)cn2)nc(-c2ccc(Cl)cc2Cl)n1-c1ccc(OS(=O)(=O)CCC(F)(F)F)cc1,10,0.0,0.0,1.0
CCOc1ccc(Nc2nc3cc(C(=O)N(CC)CC)ccc3n2CCC(C)C)cc1,2,0.0,0.0,0.0
CCOc1ccc(Cc2nc3cc(C(=O)N(CC)CC)ccc3n2CCN2CCCCC2)cc1,2,0.0,0.0,0.0
CCOc1ccc(Cc2nc3cc(C(=O)N4CCCCC4)ccc3n2CCC(C)C)cc1,2,0.0,0.0,0.0
Cc1cccc(Cn2nc(C(=O)N3CCC(Cc4ccccc4)CC3)cc2-c2ccc(O)cc2)c1,2,0.0,0.0,0.0
O=C(O[C@H](CO)C(F)(F)F)N1C[C@@H]2[C@H](C1)[C@H]2c1ccn(-c2ccc(F)cc2)n1,2,0.0,0.0,0.0
CCCCCn1cc(C(=O)NC23CC4CC(CC(C4)C2)C3)c2ccccc21,8,0.0,0.0,1.0
O=C(NC12CC3CC(CC(C3)C1)C2)c1cn(CCN2CCOCC2)c2ccccc12,3,0.0,0.0,0.0
Cc1cccc2c(C(=O)NC34CC5CC(CC(C5)C3)C4)cn(CCN3CCOCC3)c12,3,0.0,0.0,0.0
O=C(NC12CC3CC(CC(C3)C1)C2)c1cn(CC2CCOCC2)c2ccccc12,3,0.0,0.0,0.0
N#CCCCn1cc(C(=O)NC23CC4CC(CC(C4)C2)C3)c2ccccc21,3,0.0,0.0,0.0
O=C(NC12CC3CC(CC(C3)C1)C2)c1cn(CCCCO)c2ccccc12,3,0.0,0.0,0.0
O=C(NC12CC3CC(CC(C3)C1)C2)c1cn(CCCCCO)c2ccccc12,3,0.0,0.0,0.0
CCCCC(C)(C)c1ccc([C@@H]2C[C@H](O)CC[C@H]2CCCO)c(O)c1,2,0.0,0.0,0.0
O=C(NC12CC3CC(CC(C3)C1)C2)c1c[nH]c2ccccc12,3,0.0,0.0,0.0
COc1cccc2c1c(C(=O)NC13CC4CC(CC(C4)C1)C3)cn2CCN1CCOCC1,3,0.0,0.0,0.0
COc1ccc2c(c1)c(C(=O)NC13CC4CC(CC(C4)C1)C3)cn2CCN1CCOCC1,3,0.0,0.0,0.0
COc1cccc2c(C(=O)NC34CC5CC(CC(C5)C3)C4)cn(CCN3CCOCC3)c12,3,0.0,0.0,0.0
CSc1cccc2c(C(=O)NC34CC5CC(CC(C5)C3)C4)cn(CCN3CCOCC3)c12,3,0.0,0.0,0.0
C[S+]([O-])c1cccc2c(C(=O)NC34CC5CC(CC(C5)C3)C4)cn(CCN3CCOCC3)c12,3,0.0,0.0,0.0
Cc1cccc2c(C(=O)NC34CC5CC(CC(C5)C3)C4)c[nH]c12,3,0.0,0.0,0.0
N#CCn1cc(C(=O)NC23CC4CC(CC(C4)C2)C3)c2ccccc21,3,0.0,0.0,0.0
N#CCCn1cc(C(=O)NC23CC4CC(CC(C4)C2)C3)c2ccccc21,3,0.0,0.0,0.0
COCCCCCn1cc(C(=O)NC23CC4CC(CC(C4)C2)C3)c2ccccc21,3,0.0,0.0,0.0
O=C(NC12CC3CC(CC(C3)C1)C2)c1cc2ccccc2[nH]1,5,0.0,0.0,0.0
CCCCCn1c(C(=O)NC23CC4CC(CC(C4)C2)C3)cc2ccccc21,5,0.0,0.0,0.0
N#CCCn1c(C(=O)NC23CC4CC(CC(C4)C2)C3)cc2ccccc21,3,0.0,0.0,0.0
N#CCCCn1c(C(=O)NC23CC4CC(CC(C4)C2)C3)cc2ccccc21,3,0.0,0.0,0.0
N#CCCCCn1c(C(=O)NC23CC4CC(CC(C4)C2)C3)cc2ccccc21,3,0.0,0.0,0.0
O=C(O)CCCCn1c(C(=O)NC23CC4CC(CC(C4)C2)C3)cc2ccccc21,3,0.0,0.0,0.0
O=C(NC12CC3CC(CC(C3)C1)C2)c1cc2ccccc2n1CCCCCF,3,0.0,0.0,0.0
O=C(NC12CC3CC(CC(C3)C1)C2)c1cc2ccccc2n1CCCC(F)(F)F,3,0.0,0.0,0.0
O=C(NC12CC3CC(CC(C3)C1)C2)c1cc2ccccc2n1CC1CCOCC1,3,0.0,0.0,0.0
O=C(NC12CC3CC(CC(C3)C1)C2)c1cc2ccccc2n1CCN1CCOC1=O,3,0.0,0.0,0.0
N#CCCCCn1c(C(=O)Nc2ccccc2)cc2ccccc21,3,0.0,0.0,0.0
O=C(NC12CC3CC(CC(C3)C1)C2)c1[nH]c2ccccc2c1F,3,0.0,0.0,0.0
O=C(NC12CC3CC(CC(C3)C1)C2)c1cc2ccccc2n1CCCO,3,0.0,0.0,0.0
O=C(NC12CC3CC(CC(C3)C1)C2)c1cc2ccccc2n1CCCCO,5,0.0,0.0,0.0
O=C(NC12CC3CC(CC(C3)C1)C2)c1cc2ccccc2n1CCCCCO,3,0.0,0.0,0.0
O=C(NC12CC3CC(CC(C3)C1)C2)c1c(F)c2ccccc2n1CCCCO,3,0.0,0.0,0.0
O=C(NC12CC3CC(CC(C3)C1)C2)c1c(F)c2ccccc2n1CCCCCO,3,0.0,0.0,0.0
O=CCCCCn1c(C(=O)NC23CC4CC(CC(C4)C2)C3)cc2ccccc21,3,0.0,0.0,0.0
O=C(NC12CC3CC(CC(C3)C1)C2)c1cc2ccccc2n1CCCCC(F)F,3,0.0,0.0,0.0
CC(C)(C)NC(=O)c1cc2ccccc2n1CCCCCO,3,0.0,0.0,0.0
O=C(NC1CCCC1)c1cc2ccccc2n1CCCCCO,3,0.0,0.0,0.0
O=C(NC1CCCCC1)c1cc2ccccc2n1CCCCCO,3,0.0,0.0,0.0
NCCCCn1c(C(=O)NC23CC4CC(CC(C4)C2)C3)cc2ccccc21,3,0.0,0.0,0.0
NCCCCCn1c(C(=O)NC23CC4CC(CC(C4)C2)C3)cc2ccccc21,3,0.0,0.0,0.0
N=C(N)NCCCCCn1c(C(=O)NC23CC4CC(CC(C4)C2)C3)cc2ccccc21,3,0.0,0.0,0.0
COc1cccc(-c2cccc(NC(=O)Nc3ccc(Cl)cc3)c2)n1,2,0.0,0.0,0.0
Cc1ccnc(-c2cccc(NC(=O)Nc3ccc(Cl)cc3)c2)c1,2,0.0,0.0,0.0
COc1cc(-c2cccc(NC(=O)Nc3ccc(Cl)cc3)c2)ccn1,2,0.0,0.0,0.0
O=C(Nc1ccc(Cl)cc1)Nc1cccc(-c2ccccn2)c1,5,0.0,0.0,0.0
O=C(Nc1ccc(Cl)cc1)Nc1cccc(-c2cccnc2)c1,2,0.0,0.0,0.0
O=C(Nc1ccc(Cl)cc1)Nc1cccc(-c2ccncc2)c1,2,0.0,0.0,0.0
O=C(Nc1ccc(Cl)cc1)Nc1cccc(-c2cncnc2)c1,2,0.0,0.0,0.0
O=C(Nc1ccc(Cl)cc1)Nc1cccc(-c2ccccc2)c1,5,0.0,0.0,1.0
COc1cccc(-c2cccc(NC(=O)Nc3ccc(Cl)cc3)c2)c1,2,0.0,0.0,0.0
O=C(Nc1ccc(Cl)cc1)Nc1cccc(-c2cccc(O)c2)c1,2,0.0,0.0,0.0
CC(C)Oc1cccc(-c2cccc(NC(=O)Nc3ccc(Cl)cc3)c2)c1,2,0.0,0.0,0.0
O=C(Nc1ccc(Cl)cc1)Nc1cccc(-c2ccc3c(c2)OCO3)c1,2,0.0,0.0,0.0
Cc1cccc(-c2cccc(NC(=O)Nc3ccc(Cl)cc3)c2)c1,2,0.0,0.0,0.0
Cc1ccccc1-c1cccc(NC(=O)Nc2ccc(Cl)cc2)c1,2,0.0,0.0,0.0
O=C(Nc1ccc(Cl)cc1)Nc1cccc(-c2cccc([N+](=O)[O-])c2)c1,5,0.0,0.0,1.0
O=C(Nc1ccc(Cl)cc1)Nc1cccc(-c2ccc(Cl)cc2)c1,2,0.0,0.0,0.0
O=C(Nc1ccc(Cl)cc1)Nc1cccc(-c2cc(Cl)cc(Cl)c2)c1,5,0.0,0.0,1.0
O=C(Nc1ccc(Cl)cc1)Nc1cccc(-c2ccc(Cl)c(Cl)c2)c1,2,0.0,0.0,0.0
O=C(Nc1ccc(Cl)cc1)Nc1cccc(-c2c(Cl)cccc2Cl)c1,2,0.0,0.0,0.0
O=C(Nc1ccc(Cl)cc1)Nc1cccc(-c2ccc(F)cc2)c1,7,0.0,0.0,1.0
O=C(Nc1ccc(Cl)cc1)Nc1cccc(-c2ccc(F)cc2F)c1,5,0.0,0.0,1.0
CC(C)(C)c1ccc(-c2cccc(NC(=O)Nc3ccc(Cl)cc3)c2)cc1,2,0.0,0.0,0.0
CC(C)(C)c1cc(-c2cccc(NC(=O)Nc3ccc(Cl)cc3)c2)cc(C(C)(C)C)c1,2,0.0,0.0,0.0
O=C(Nc1ccc(Cl)cc1)Nc1cccc(-c2cccc(-c3ccccc3)c2)c1,2,0.0,0.0,0.0
O=C(Nc1ccc(Cl)cc1)Nc1cccc(-c2ccc(-c3ccccc3)cc2)c1,2,0.0,0.0,0.0
O=C(Nc1ccc(Cl)cc1)Nc1cccc(-c2ccc(C(=O)c3ccccc3)cc2)c1,2,0.0,0.0,0.0
O=C(Nc1ccc(Cl)cc1)Nc1cccc(-c2ccc3occc3c2)c1,2,0.0,0.0,0.0
O=C(Nc1ccc(Cl)cc1)Nc1cccc(-c2ccc3ccccc3c2)c1,2,0.0,0.0,0.0
O=C(Nc1ccc(Cl)cc1)Nc1cccc(-c2ccc3ccccc3n2)c1,2,0.0,0.0,0.0
O=C(Nc1ccc(Cl)cc1)Nc1cccc(-c2cnc3ccccc3c2)c1,2,0.0,0.0,0.0
O=C(Nc1ccc(Cl)cc1)Nc1cccc(-c2ccc3c(c2)Cc2ccccc2-3)c1,2,0.0,0.0,0.0
CCC(C)/C=C(C)/C=C/C=C/C=C/C(=O)c1c(O)c(-c2ccc(O)cc2)c[nH]c1=O,2,0.0,0.0,0.0
CCCCCCCCCCOC(=O)c1c(O)c(-c2ccc(O)cc2)c[nH]c1=O,2,0.0,0.0,0.0
CCCCCCCC(=O)c1c(O)c(-c2ccc(O)cc2)c[nH]c1=O,2,0.0,0.0,0.0
CCCCCCCCCCCC(=O)c1c(O)c(-c2ccc(O)cc2)c[nH]c1=O,2,0.0,0.0,1.0
CCCCCCCCCCCCCCCCCC(=O)c1c(O)c(-c2ccc(O)cc2)c[nH]c1=O,2,0.0,0.0,0.0
CCCCNc1nnc(C(=O)NC2C3CC4CC(C3)CC2C4)cc1C(C)C,2,0.0,0.0,0.0
CC(C)c1cc(C(=O)NC2C3CC4CC(C3)CC2C4)nnc1NCC1CC1,2,0.0,0.0,0.0
CC(C)c1cc(C(=O)NC2C3CC4CC(C3)CC2C4)nnc1NC1CCCC1,3,0.0,0.0,0.0
CC(C)c1cc(C(=O)NC2C3CC4CC(C3)CC2C4)nnc1NC1CCCCC1,3,0.0,0.0,0.0
CC(C)c1cc(C(=O)NC2C3CC4CC(C3)CC2C4)nnc1N1CCCCC1,3,0.0,0.0,0.0
CC(C)c1cc(Nc2cccc(Cl)c2)nnc1C(=O)NC1C2CC3CC(C2)CC1C3,3,0.0,0.0,0.0
CC(C)c1cc(NC(C)C(C)C)nnc1C(=O)NC1C2CC3CC(C2)CC1C3,3,0.0,0.0,0.0
CC(C)c1cc(NCC2CC2)nnc1C(=O)NC1C2CC3CC(C2)CC1C3,3,0.0,0.0,0.0
CC(C)c1cc(NC2CC2)nnc1C(=O)NC1C2CC3CC(C2)CC1C3,3,0.0,0.0,0.0
CC(C)c1cc(NC2CCCCC2)nnc1C(=O)NC1C2CC3CC(C2)CC1C3,3,0.0,0.0,0.0
CC(C)c1cc(N2CCN(C)CC2)nnc1C(=O)NC1C2CC3CC(C2)CC1C3,3,0.0,0.0,0.0
CC(C)c1cc(N2CCCCC2)nnc1C(=O)NC1C2CC3CC(C2)CC1C3,3,0.0,0.0,0.0
CC(C)c1cc(NCCO)nnc1C(=O)NC1C2CC3CC(C2)CC1C3,3,0.0,0.0,0.0
CCCCNc1cc(C(C)C)c(C(=O)NC2C3CC4CC(C3)CC2C4)nn1,2,0.0,0.0,0.0
CC(C)c1cc(NC2CCCC2)nnc1C(=O)NC1C2CC3CC(C2)CC1C3,3,0.0,0.0,0.0
CC(C)c1cc(NCCO)nnc1C(=O)NC12CC3CC(CC(C3)C1)C2,3,0.0,0.0,0.0
CCCCNc1cc(C(C)C)c(C(=O)NC23CC4CC(CC(C4)C2)C3)nn1,2,0.0,0.0,0.0
CC(C)c1cc(NC2CCCC2)nnc1C(=O)NC12CC3CC(CC(C3)C1)C2,3,0.0,0.0,0.0
CC(C)c1cc(NCCO)nnc1C(=O)NC1CCCCC1,2,0.0,0.0,0.0
CCCCNc1cc(C(C)C)c(C(=O)NC2CCCCC2)nn1,3,0.0,0.0,0.0
CC(C)c1cc(NC2CCCC2)nnc1C(=O)NC1CCCCC1,2,0.0,0.0,0.0
CC(C)c1cc(C(=O)NC2C3CC4CC(C3)CC2C4)nnc1N1CCOCC1,3,0.0,0.0,0.0
CC(C)c1cc(C(=O)NC23CC4CC(CC(C4)C2)C3)nnc1N1CCOCC1,3,0.0,0.0,0.0
CC(C)c1cc(C(=O)NC2CCCCC2)nnc1N1CCOCC1,3,0.0,0.0,0.0
CC(C)c1cc(N2CCOCC2)nnc1C(=O)NC1C2CC3CC(C2)CC1C3,2,0.0,0.0,0.0
CC(C)c1cc(N2CCOCC2)nnc1C(=O)NC12CC3CC(CC(C3)C1)C2,3,0.0,0.0,0.0
CC(C)c1cc(N2CCOCC2)nnc1C(=O)NC1CCCCC1,3,0.0,0.0,0.0
O=C(NC1C2CC3CC(C2)CC1C3)c1ccc(N2CCOCC2)nn1,3,0.0,0.0,0.0
O=C(NC12CC3CC(CC(C3)C1)C2)c1ccc(N2CCOCC2)nn1,3,0.0,0.0,0.0
O=C(NC1CCCCC1)c1ccc(N2CCOCC2)nn1,3,0.0,0.0,0.0
CCC(CC)Nc1nnc(C(=O)NC2C3CC4CC(C3)CC2C4)cc1C(C)C,3,0.0,0.0,0.0
CC(C)c1cc(C(=O)NC2C3CC4CC(C3)CC2C4)nnc1NCCO,3,0.0,0.0,0.0
CC(C)c1cc(C(=O)NC2C3CC4CC(C3)CC2C4)nnc1Nc1cccc(Cl)c1,3,0.0,0.0,0.0
CCCc1ccc(C(=O)NCCCN(C)Cc2ccccc2)cc1,2,0.0,0.0,0.0
CN(CCCNC(=O)c1ccc(C(F)(F)F)cc1)Cc1ccccc1,2,0.0,0.0,0.0
CN(CCNC(=O)c1ccc(Cl)cc1)Cc1ccccc1,2,0.0,0.0,0.0
CN(CCCNC(=O)c1ccc(Cl)cc1)Cc1ccccc1,2,0.0,0.0,0.0
CN(CCCNC(=O)c1cccc(Br)c1)Cc1ccccc1,2,0.0,0.0,0.0
CN(CCCNC(=O)c1ccc(Br)cc1)Cc1ccccc1,2,0.0,0.0,0.0
COc1cccc(C(=O)NCCCN(C)Cc2ccccc2)c1,2,0.0,0.0,0.0
COc1ccc(C(=O)NCCCN(C)Cc2ccccc2)cc1,2,0.0,0.0,0.0
CN(CCNC(=O)c1ccc(C#N)cc1)Cc1ccccc1,2,0.0,0.0,0.0
CN(CCNC(=O)c1ccc([N+](=O)[O-])cc1)Cc1ccccc1,2,0.0,0.0,0.0
CN(CCCNC(=O)c1ccc([N+](=O)[O-])cc1)Cc1ccccc1,2,0.0,0.0,0.0
CN(CCCNC(=O)c1ccc(Cl)cc1)CCc1ccccc1,2,0.0,0.0,0.0
CC(C)(C)[C@@H](CF)NC(=O)c1nn(-c2c[n+]([O-])ccn2)c2c1C[C@@H]1C[C@H]21,2,0.0,0.0,0.0
CC(C)[C@@H](CF)NC(=O)c1nn(-c2c[n+]([O-])ccn2)c2c1C[C@@H]1C[C@H]21,2,0.0,0.0,0.0
CC/C=C\C/C=C\C/C=C\CC1OC1C/C=C\C/C=C\CCC(=O)NCCO,4,0.0,0.0,0.0
CC/C=C\C/C=C\C/C=C\CC1OC1C/C=C\C/C=C\CCC(=O)NCCCO,4,0.0,0.0,0.0
CC/C=C\C/C=C\C/C=C\CC1OC1C/C=C\C/C=C\CCC(=O)NC(C)CO,4,0.0,0.0,0.0
CC/C=C\C/C=C\C/C=C\CC1OC1C/C=C\C/C=C\CCC(=O)NC1CC1,4,0.0,0.0,0.0
Cc1ccn(Cc2ccc(F)cc2)c(=O)c1C(=O)NC1CCCCCC1,3,0.0,0.0,0.0
Cc1c(Br)cn(Cc2ccc(F)cc2)c(=O)c1C(=O)NC1CCCCCC1,4,0.0,0.0,0.0
Cc1c(-c2ccccc2)cn(Cc2ccc(F)cc2)c(=O)c1C(=O)NC1CCCCCC1,3,0.0,0.0,0.0
COc1ccc(-c2cn(Cc3ccc(F)cc3)c(=O)c(C(=O)NC3CCCCCC3)c2C)cc1,4,0.0,0.0,0.0
O=C(NC1CCCCCC1)c1c(-c2ccccc2)ccn(Cc2ccc(F)cc2)c1=O,3,0.0,0.0,0.0
COc1ccc(-c2ccn(Cc3ccc(F)cc3)c(=O)c2C(=O)NC2CCCCCC2)cc1,3,0.0,0.0,0.0
O=C(NC1CCCCCC1)c1c(-c2ccccc2)c(Br)cn(Cc2ccc(F)cc2)c1=O,3,0.0,0.0,0.0
COc1ccc(-c2c(Br)cn(Cc3ccc(F)cc3)c(=O)c2C(=O)NC2CCCCCC2)cc1,3,0.0,0.0,0.0
O=C(NC1CCCCCC1)c1c(-c2ccccc2)c(-c2ccccc2)cn(Cc2ccc(F)cc2)c1=O,3,0.0,0.0,0.0
COc1ccc(-c2cn(Cc3ccc(F)cc3)c(=O)c(C(=O)NC3CCCCCC3)c2-c2ccccc2)cc1,3,0.0,0.0,0.0
Cc1ccnc(OCc2ccc(F)cc2)c1C(=O)NC1CCCCCC1,3,0.0,0.0,0.0
Cc1c(Br)cnc(OCc2ccc(F)cc2)c1C(=O)NC1CCCCCC1,4,0.0,0.0,0.0
O=C1/C(=C/c2cccc(OCc3ccc(F)cc3)c2)N=C2SCCCN12,2,0.0,0.0,0.0
O=C1/C(=C/c2cccc(OCc3ccc(Br)cc3)c2)N=C2SCCCN12,2,0.0,0.0,0.0
Cc1ccc(COc2cccc(/C=C3\N=C4SCCCN4C3=O)c2)cc1,2,0.0,0.0,0.0
O=C1/C(=C/c2cccc(OCCc3ccccc3)c2)N=C2SCCCN12,2,0.0,0.0,0.0
O=C1/C(=C/c2cccc(OCCCc3ccccc3)c2)N=C2SCCCN12,2,0.0,0.0,0.0
O=C1/C(=C/c2cccc(OCCOc3ccc(Cl)cc3)c2)N=C2SCCCN12,2,0.0,0.0,0.0
O=C1/C(=C/c2cccc(OCCCOc3ccc(Cl)cc3)c2)N=C2SCCCN12,2,0.0,0.0,0.0
O=C1/C(=C/c2cccc(OCCCCOc3ccc(Cl)cc3)c2)N=C2SCCCN12,2,0.0,0.0,0.0
O=C1/C(=C/c2cccc(OCCCCCOc3ccc(Cl)cc3)c2)N=C2SCCCN12,2,0.0,0.0,0.0
O=C1/C(=C/c2cccc(OCCCCCCOc3ccc(Cl)cc3)c2)N=C2SCCCN12,2,0.0,0.0,0.0
O=C1/C(=C/c2cccc(OCCCCCCCOc3ccc(Cl)cc3)c2)N=C2SCCCN12,2,0.0,0.0,0.0
O=C1/C(=C/c2cccc(OCCCCCCCCOc3ccc(Cl)cc3)c2)N=C2SCCCN12,2,0.0,0.0,0.0
Cc1ccc(OCCCCCCOc2cccc(/C=C3\N=C4SCCCN4C3=O)c2)cc1,2,0.0,0.0,0.0
CCc1ccc(OCCCCCCOc2cccc(/C=C3\N=C4SCCCN4C3=O)c2)cc1,2,0.0,0.0,0.0
CC(C)c1ccc(OCCCCCCOc2cccc(/C=C3\N=C4SCCCN4C3=O)c2)cc1,2,0.0,0.0,0.0
Cc1cccc(C)c1OCCCCCCOc1cccc(/C=C2\N=C3SCCCN3C2=O)c1,2,0.0,0.0,0.0
O=C1/C(=C/c2cccc(OCCCCCCOc3ccccc3Cl)c2)N=C2SCCCN12,2,0.0,0.0,0.0
O=C1/C(=C/c2cccc(OCCCCCCOc3cccc(Cl)c3)c2)N=C2SCCCN12,2,0.0,0.0,0.0
O=C1NC(=S)N/C1=C\c1cccc(OCc2ccc(Cl)cc2)c1,2,0.0,0.0,0.0
O=C1NC(=S)S/C1=C\c1cccc(OCc2ccc(Cl)cc2)c1,2,0.0,0.0,0.0
CN1C(=N)NC(=O)/C1=C/c1cccc(OCc2ccc(Cl)cc2)c1,2,0.0,0.0,0.0
O=C1NC(=O)/C(=C/c2cccc(OCc3ccc(Cl)cc3)c2)S1,2,0.0,0.0,0.0
CSC1=N/C(=C\c2cccc(OCc3ccc(Cl)cc3)c2)C(=O)N1C,2,0.0,0.0,0.0
O=C1NC(SCc2ccccc2)=N/C1=C\c1cccc(OCc2ccc(Cl)cc2)c1,2,0.0,0.0,0.0
O=C1NC(SCc2ccc(F)cc2)=N/C1=C\c1cccc(OCc2ccc(Cl)cc2)c1,2,0.0,0.0,0.0
O=C1NC(SCc2ccc(Cl)cc2)=N/C1=C\c1cccc(OCc2ccc(Cl)cc2)c1,2,0.0,0.0,0.0
O=C1NC(SCc2ccc(Br)cc2)=N/C1=C\c1cccc(OCc2ccc(Cl)cc2)c1,2,0.0,0.0,0.0
Cc1ccc(CSC2=N/C(=C\c3cccc(OCc4ccc(Cl)cc4)c3)C(=O)N2)cc1,2,0.0,0.0,0.0
Cc1ccc(CSC2=N/C(=C\c3cccc(OCc4ccc(Cl)cc4)c3)C(=O)N2C)cc1,2,0.0,0.0,0.0
O=C1NC(SCCc2ccccc2)=N/C1=C\c1cccc(OCc2ccc(Cl)cc2)c1,2,0.0,0.0,0.0
O=C1N=C2SCCN2/C1=C\c1cccc(OCc2ccc(Cl)cc2)c1,2,0.0,0.0,0.0
O=C1/C(=C/c2cccc(OCc3ccc(Cl)cc3)c2)N=C2SCCN12,2,0.0,0.0,0.0
O=C(c1cccc2ccccc12)c1ccc(OCCCCCCO)c2ccccc12,3,0.0,0.0,0.0
O=C(c1cccc2ccccc12)c1ccc(OCCCCCO)c2ccccc12,3,0.0,0.0,0.0
O=C(c1cccc2ccccc12)c1ccc(OCCCCO)c2ccccc12,3,0.0,0.0,0.0
O=C(c1cccc2ccccc12)c1ccc(OCCCO)c2ccccc12,3,0.0,0.0,0.0
COC(=O)CCCCOc1ccc(C(=O)c2cccc3ccccc23)c2ccccc12,3,0.0,0.0,0.0
COC(=O)CCCOc1ccc(C(=O)c2cccc3ccccc23)c2ccccc12,3,0.0,0.0,0.0
O=C(O)CCCCOc1ccc(C(=O)c2cccc3ccccc23)c2ccccc12,3,0.0,0.0,0.0
O=C(O)CCCOc1ccc(C(=O)c2cccc3ccccc23)c2ccccc12,3,0.0,0.0,0.0
N#Cc1cc(S(=O)(=O)Nc2ncns2)ccc1Oc1ccc(-c2cccc(C(F)(F)F)c2)cc1-c1ccnc(CNCCC2CCNCC2)c1,3,0.0,0.0,0.0
O=C(Nc1ccc(Cl)cc1)Nc1cccc(Nc2cccc(N3CCCC3)c2)c1,3,0.0,0.0,0.0
O=C(Nc1ccc(Cl)cc1)Nc1cccc(-c2cccc(N3CCCC3)c2)c1,4,0.0,0.0,1.0
O=C(Nc1ccc(Cl)cc1)Nc1cccc(Nc2cccc(N3CCCC3)n2)c1,3,0.0,0.0,0.0
O=C(Cc1ccc(Cl)cc1)Nc1cccc(-c2cccc(N3CCCC3)c2)c1,4,0.0,0.0,0.0
O=C(O[C@@H]1Cc2c(O)cc(O)cc2O[C@@H]1c1cc(O)c(O)c(O)c1)c1cc(O)c(O)c(O)c1,2,0.0,0.0,0.0
Cc1ccc(Cn2nc(-c3ccc(C)cc3)cc(SNC3CCCCCC3)c2=O)cc1,2,0.0,0.0,0.0
Cc1ccc(Cn2nc(-c3ccc(C)cc3)cc(S(=O)(=O)NC3CCCCCC3)c2=O)cc1,2,0.0,0.0,0.0
Cc1ccc(-c2cc(SNC3CCCCCC3)nnc2-c2ccc(C)cc2)cc1,2,0.0,0.0,0.0
Cc1ccc(-c2cc(SNC3CCCC3)nnc2-c2ccc(C)cc2)cc1,2,0.0,0.0,0.0
Cc1ccc(-c2cc(SNC3CC(C)CCC3C(C)C)nnc2-c2ccc(C)cc2)cc1,2,0.0,0.0,0.0
Cc1ccc(-c2cc(SNC3CC4CCC3(C)C4(C)C)nnc2-c2ccc(C)cc2)cc1,3,0.0,0.0,1.0
Cc1ccc(-c2cc(SNC3CC4CC(C3C)C4(C)C)nnc2-c2ccc(C)cc2)cc1,3,0.0,0.0,1.0
Cc1ccc(-c2cc(SNCC3CCC4CC3C4(C)C)nnc2-c2ccc(C)cc2)cc1,2,0.0,0.0,0.0
Cc1ccc(-c2cc(SNCC3C4(C)CCC(C4)C3(C)C)nnc2-c2ccc(C)cc2)cc1,2,0.0,0.0,0.0
Cc1ccc(-c2cc(SNCC34CC5CC(CC(C5)C3)C4)nnc2-c2ccc(C)cc2)cc1,2,0.0,0.0,0.0
Cc1ccc(-c2cc(S(=O)(=O)NCCN3CCOCC3)nnc2-c2ccc(C)cc2)cc1,2,0.0,0.0,0.0
Cc1ccc(-c2cc(S(=O)(=O)NC3CCCCCC3)nnc2-c2ccc(C)cc2)cc1,2,0.0,0.0,0.0
Cc1ccc(-c2cc(S(=O)(=O)NC3CCCC3)nnc2-c2ccc(C)cc2)cc1,2,0.0,0.0,0.0
Cc1ccc(-c2cc(S(=O)(=O)NC3CCCCC3)nnc2-c2ccc(C)cc2)cc1,2,0.0,0.0,0.0
Cc1ccc(-c2cc(S(=O)(=O)NC3CC(C)CCC3C(C)C)nnc2-c2ccc(C)cc2)cc1,2,0.0,0.0,0.0
Cc1ccc(-c2cc(S(=O)(=O)NC3CC4CCC3(C)C4(C)C)nnc2-c2ccc(C)cc2)cc1,2,0.0,0.0,0.0
Cc1ccc(-c2cc(S(=O)(=O)NC3CC4CC(C3C)C4(C)C)nnc2-c2ccc(C)cc2)cc1,3,0.0,0.0,1.0
Cc1ccc(-c2cc(S(=O)(=O)NCC3CCC4CC3C4(C)C)nnc2-c2ccc(C)cc2)cc1,2,0.0,0.0,0.0
Clc1ccc(-n2c(-c3ccccc3Cl)nc3c(N4CCN(Cc5ccncc5Cl)CC4)ncnc32)cc1,2,0.0,0.0,1.0
Clc1ccc(-n2c(-c3ccccc3Cl)nc3c(N4CCN(Cc5ccccc5Cl)CC4)ncnc32)cc1,4,0.0,0.0,0.0
Fc1ccccc1CN1CCN(c2ncnc3c2nc(-c2ccccc2Cl)n3-c2ccc(Cl)cc2)CC1,2,0.0,0.0,1.0
CC(c1ccncc1)N1CCN(c2ncnc3c2nc(-c2ccccc2Cl)n3-c2ccc(Cl)cc2)CC1,2,0.0,0.0,1.0
Clc1ccc(-n2c(-c3ccccc3Cl)nc3c(N4CCN(Cc5ccncc5)CC4)ncnc32)cc1,2,0.0,0.0,1.0
N#CC(c1ccccc1)N1CCN(c2ncnc3c2nc(-c2ccccc2Cl)n3-c2ccc(Cl)cc2)CC1,2,0.0,0.0,1.0
CC(c1ccccc1)N1CCN(c2ncnc3c2nc(-c2ccccc2Cl)n3-c2ccc(Cl)cc2)CC1,2,0.0,0.0,1.0
Clc1ccc(-n2c(-c3ccccc3Cl)nc3c(N4CCN(Cc5ccccc5)CC4)ncnc32)cc1,2,0.0,0.0,1.0
COc1ccc(N2CCN(c3ncnc4c3nc(-c3ccccc3Cl)n4-c3ccc(Cl)cc3)CC2)cc1,2,0.0,0.0,1.0
N#Cc1ccc(N2CCN(c3ncnc4c3nc(-c3ccccc3Cl)n4-c3ccc(Cl)cc3)CC2)cc1,2,0.0,0.0,1.0
Fc1ccc(N2CCN(c3ncnc4c3nc(-c3ccccc3Cl)n4-c3ccc(Cl)cc3)CC2)cc1,2,0.0,0.0,1.0
Oc1cccc(N2CCN(c3ncnc4c3nc(-c3ccccc3Cl)n4-c3ccc(Cl)cc3)CC2)c1,2,0.0,0.0,1.0
COc1ccccc1N1CCN(c2ncnc3c2nc(-c2ccccc2Cl)n3-c2ccc(Cl)cc2)CC1,2,0.0,0.0,1.0
N#Cc1ccccc1N1CCN(c2ncnc3c2nc(-c2ccccc2Cl)n3-c2ccc(Cl)cc2)CC1,2,0.0,0.0,1.0
Clc1ccc(-n2c(-c3ccccc3Cl)nc3c(N4CCN(c5ccccn5)CC4)ncnc32)cc1,2,0.0,0.0,1.0
Clc1ccc(-n2c(-c3ccccc3Cl)nc3c(N4CCN(c5ccccc5)CC4)ncnc32)cc1,2,0.0,0.0,1.0
Clc1ccc(-n2c(-c3ccccc3Cl)nc3c(N4CCN(C5CCCCC5)CC4)ncnc32)cc1,2,0.0,0.0,1.0
Cc1ccccc1CN1CCN(c2ncnc3c2nc(-c2ccccc2Cl)n3-c2ccc(Cl)cc2)CC1,2,0.0,0.0,1.0
FC(F)(F)c1ccccc1CN1CCN(c2ncnc3c2nc(-c2ccccc2Cl)n3-c2ccc(Cl)cc2)CC1,2,0.0,0.0,1.0
FC(F)(F)Oc1ccccc1CN1CCN(c2ncnc3c2nc(-c2ccccc2Cl)n3-c2ccc(Cl)cc2)CC1,2,0.0,0.0,1.0
N#Cc1ccccc1CN1CCN(c2ncnc3c2nc(-c2ccccc2Cl)n3-c2ccc(Cl)cc2)CC1,2,0.0,0.0,1.0
Clc1ccc(-n2c(-c3ccccc3Cl)nc3c(N4CCN(Cc5cccc(Cl)c5)CC4)ncnc32)cc1,2,0.0,0.0,1.0
Fc1ccc(CN2CCN(c3ncnc4c3nc(-c3ccccc3Cl)n4-c3ccc(Cl)cc3)CC2)cc1,2,0.0,0.0,1.0
Clc1ccc(CN2CCN(c3ncnc4c3nc(-c3ccccc3Cl)n4-c3ccc(Cl)cc3)CC2)cc1,2,0.0,0.0,1.0
Cc1ccc(CN2CCN(c3ncnc4c3nc(-c3ccccc3Cl)n4-c3ccc(Cl)cc3)CC2)cc1,2,0.0,0.0,1.0
COc1ccc(CN2CCN(c3ncnc4c3nc(-c3ccccc3Cl)n4-c3ccc(Cl)cc3)CC2)cc1,2,0.0,0.0,1.0
Cc1c(CN2CCN(c3ncnc4c3nc(-c3ccccc3Cl)n4-c3ccc(Cl)cc3)CC2)cnn1C,2,0.0,0.0,1.0
Cc1nc(CN2CCN(c3ncnc4c3nc(-c3ccccc3Cl)n4-c3ccc(Cl)cc3)CC2)no1,2,0.0,0.0,1.0
Clc1ccc(-n2c(-c3ccccc3Cl)nc3c(N4CCN(CCc5ccccc5)CC4)ncnc32)cc1,2,0.0,0.0,1.0
Clc1ccc(-n2c(-c3ccccc3Cl)nc3c(N4CCN(CCc5ccncc5)CC4)ncnc32)cc1,2,0.0,0.0,1.0
CS(=O)(=O)N1CCN(c2ncnc3c2nc(-c2ccccc2Cl)n3-c2ccc(Cl)cc2)CC1,2,0.0,0.0,1.0
CCS(=O)(=O)N1CCN(c2ncnc3c2nc(-c2ccccc2Cl)n3-c2ccc(Cl)cc2)CC1,2,0.0,0.0,1.0
CC(C)S(=O)(=O)N1CCN(c2ncnc3c2nc(-c2ccccc2Cl)n3-c2ccc(Cl)cc2)CC1,2,0.0,0.0,1.0
O=S(=O)(C1CC1)N1CCN(c2ncnc3c2nc(-c2ccccc2Cl)n3-c2ccc(Cl)cc2)CC1,2,0.0,0.0,1.0
CCCS(=O)(=O)N1CCN(c2ncnc3c2nc(-c2ccccc2Cl)n3-c2ccc(Cl)cc2)CC1,2,0.0,0.0,1.0
O=S(=O)(CCC(F)(F)F)N1CCN(c2ncnc3c2nc(-c2ccccc2Cl)n3-c2ccc(Cl)cc2)CC1,2,0.0,0.0,1.0
CC(C)CS(=O)(=O)N1CCN(c2ncnc3c2nc(-c2ccccc2Cl)n3-c2ccc(Cl)cc2)CC1,2,0.0,0.0,1.0
CCCCS(=O)(=O)N1CCN(c2ncnc3c2nc(-c2ccccc2Cl)n3-c2ccc(Cl)cc2)CC1,2,0.0,0.0,1.0
O=S(=O)(CC1CCCCC1)N1CCN(c2ncnc3c2nc(-c2ccccc2Cl)n3-c2ccc(Cl)cc2)CC1,2,0.0,0.0,1.0
O=S(=O)(CC1CCOCC1)N1CCN(c2ncnc3c2nc(-c2ccccc2Cl)n3-c2ccc(Cl)cc2)CC1,2,0.0,0.0,1.0
CC(C)(C)OC(=O)N1CCN(c2ncnc3c2nc(-c2ccccc2Cl)n3-c2ccc(Cl)cc2)CC1,2,0.0,0.0,1.0
O=C(OC1CCC1)N1CCN(c2ncnc3c2nc(-c2ccccc2Cl)n3-c2ccc(Cl)cc2)CC1,2,0.0,0.0,1.0
O=C(OCC1CCC1)N1CCN(c2ncnc3c2nc(-c2ccccc2Cl)n3-c2ccc(Cl)cc2)CC1,2,0.0,0.0,1.0
O=C(N1CCN(c2ncnc3c2nc(-c2ccccc2Cl)n3-c2ccc(Cl)cc2)CC1)C(F)(F)F,2,0.0,0.0,1.0
CCCCC(=O)N1CCN(c2ncnc3c2nc(-c2ccccc2Cl)n3-c2ccc(Cl)cc2)CC1,2,0.0,0.0,1.0
CCOCC(=O)N1CCN(c2ncnc3c2nc(-c2ccccc2Cl)n3-c2ccc(Cl)cc2)CC1,2,0.0,0.0,1.0
CC(C)(C)CC(=O)N1CCN(c2ncnc3c2nc(-c2ccccc2Cl)n3-c2ccc(Cl)cc2)CC1,2,0.0,0.0,1.0
O=C(C1CCSCC1)N1CCN(c2ncnc3c2nc(-c2ccccc2Cl)n3-c2ccc(Cl)cc2)CC1,2,0.0,0.0,1.0
O=C(C1COc2ccccc2O1)N1CCN(c2ncnc3c2nc(-c2ccccc2Cl)n3-c2ccc(Cl)cc2)CC1,2,0.0,0.0,1.0
O=C(CC1CCCC1)N1CCN(c2ncnc3c2nc(-c2ccccc2Cl)n3-c2ccc(Cl)cc2)CC1,2,0.0,0.0,1.0
O=C(CC1CCOC1)N1CCN(c2ncnc3c2nc(-c2ccccc2Cl)n3-c2ccc(Cl)cc2)CC1,2,0.0,0.0,1.0
O=C(CN1CCCCC1)N1CCN(c2ncnc3c2nc(-c2ccccc2Cl)n3-c2ccc(Cl)cc2)CC1,2,0.0,0.0,1.0
CC(C(=O)N1CCN(c2ncnc3c2nc(-c2ccccc2Cl)n3-c2ccc(Cl)cc2)CC1)c1ccccc1,2,0.0,0.0,1.0
O=C(N1CCCC1)N1CCN(c2ncnc3c2nc(-c2ccccc2Cl)n3-c2ccc(Cl)cc2)CC1,2,0.0,0.0,1.0
O=C(NC1CCCC1)N1CCN(c2ncnc3c2nc(-c2ccccc2Cl)n3-c2ccc(Cl)cc2)CC1,2,0.0,0.0,1.0
O=C(NC1(C(F)(F)F)CCCC1)N1CCN(c2ncnc3c2nc(-c2ccccc2Cl)n3-c2ccc(Cl)cc2)CC1,2,0.0,0.0,1.0
O=C(NC1CCCCC1)N1CCN(c2ncnc3c2nc(-c2ccccc2Cl)n3-c2ccc(Cl)cc2)CC1,2,0.0,0.0,1.0
O=C(NCC1CCCCC1)N1CCN(c2ncnc3c2nc(-c2ccccc2Cl)n3-c2ccc(Cl)cc2)CC1,2,0.0,0.0,1.0
O=C(Nc1ccccc1)N1CCN(c2ncnc3c2nc(-c2ccccc2Cl)n3-c2ccc(Cl)cc2)CC1,2,0.0,0.0,1.0
O=C(Nc1ccccn1)N1CCN(c2ncnc3c2nc(-c2ccccc2Cl)n3-c2ccc(Cl)cc2)CC1,2,0.0,0.0,1.0
O=C(Nc1ccccc1F)N1CCN(c2ncnc3c2nc(-c2ccccc2Cl)n3-c2ccc(Cl)cc2)CC1,2,0.0,0.0,1.0
O=C(Nc1ccc(F)cc1F)N1CCN(c2ncnc3c2nc(-c2ccccc2Cl)n3-c2ccc(Cl)cc2)CC1,2,0.0,0.0,1.0
O=C(Nc1ccc(F)c(F)c1)N1CCN(c2ncnc3c2nc(-c2ccccc2Cl)n3-c2ccc(Cl)cc2)CC1,2,0.0,0.0,1.0
O=C(Nc1ccc(F)cc1)N1CCN(c2ncnc3c2nc(-c2ccccc2Cl)n3-c2ccc(Cl)cc2)CC1,2,0.0,0.0,1.0
O=C(Nc1ccc(OC(F)F)nc1)N1CCN(c2ncnc3c2nc(-c2ccccc2Cl)n3-c2ccc(Cl)cc2)CC1,3,0.0,0.0,1.0
O=C(NS(=O)(=O)c1ccccc1F)N1CCN(c2ncnc3c2nc(-c2ccccc2Cl)n3-c2ccc(Cl)cc2)CC1,2,0.0,0.0,1.0
CCCCCc1cc2c(c(OS(=O)(=O)c3ccc(C)cc3)c1)[C@@H]1CC(C)(OO)C=C[C@H]1C(C)(C)O2,5,0.0,0.0,0.0
C=C1C[C@H]2c3c(cc(CCCCC)cc3OS(=O)(=O)c3ccc(C)cc3)OC(C)(C)[C@@H]2CC1OO,2,0.0,0.0,0.0
CCCCCc1cc(OC(C)=O)c2c(c1)OC(C)(C)[C@@H]1CC=C(C)C[C@@H]21,4,0.0,0.0,1.0
CCCCCC1=CC(=O)C2=C(OC(C)(C)[C@@H]3CC[C@](C)(OCC)C=C23)C1=O,2,0.0,0.0,1.0
CCCCCc1cc2c(c(OS(=O)(=O)c3ccc(C)cc3)c1)[C@H]1[C@@H](CC=C(C)[C@@H]1OO)C(C)(C)O2,2,0.0,0.0,1.0
CCCCCc1cc2c(c(OS(=O)(=O)c3ccc(C)cc3)c1)[C@@H]1[C@H](O)C(C)=CC[C@H]1C(C)(C)O2,2,0.0,0.0,1.0
CCCCCc1cc(O)c2c(c1)OC(C)(C)[C@@H]1C=C[C@@](C)(O)C[C@@H]21,4,0.0,0.0,1.0
CCCCCc1cc(OC(C)=O)c2c(c1)OC(C)(C)C1=C2C2OC2(C)CC1,2,0.0,0.0,1.0
CCCCCc1cc(O)c2c(c1)OC(C)(C)C1=C2C(O)C(C)(OC)CC1,3,0.0,0.0,0.0
CCCCCc1cc(O)c2c(c1)OC(C)(C)C1=C2C(OC(C)=O)C(C)(OC)CC1,2,0.0,0.0,0.0
COc1ccc(C(=O)c2cn(CCN3CCOCC3)c3ccc(O)cc23)cc1,5,0.0,0.0,0.0
O=C(c1cccc2ccccc12)c1cn(CCN2CCOCC2)c2ccc(O)cc12,5,0.0,0.0,0.0
O=C(c1cn(CCN2CCOCC2)c2ccc(O)cc12)C1CCCCC1,5,0.0,0.0,0.0
COc1ccc(C(=O)c2cn(CC3CCOCC3)c3ccc(O)cc23)cc1,5,0.0,0.0,0.0
COc1ccc(C(=O)c2cn(CC3CCOCC3)c3c(O)cccc23)cc1,5,0.0,0.0,0.0
O=C(c1cccc2ccccc12)c1cn(CC2CCOCC2)c2ccc(O)cc12,5,0.0,0.0,0.0
COc1ccc(C(=O)c2cn(CCN3CCOCC3)c3ccc(OCC(=O)O)cc23)cc1,2,0.0,0.0,0.0
O=C(O)COc1ccc2c(c1)c(C(=O)c1cccc3ccccc13)cn2CCN1CCOCC1,2,0.0,0.0,0.0
COc1ccc(C(=O)c2cn(CC3CCOCC3)c3ccc(OCC(=O)O)cc23)cc1,5,0.0,0.0,0.0
COc1ccc(C(=O)c2cn(CC3CCOCC3)c3c(OCC(=O)O)cccc23)cc1,5,0.0,0.0,0.0
CCCOc1ccc2c(c1)c(C(=O)c1ccc(OC)cc1)cn2CC1CCOCC1,4,0.0,0.0,0.0
CCCOc1cccc2c(C(=O)c3ccc(OC)cc3)cn(CC3CCOCC3)c12,4,0.0,0.0,0.0
COC(=O)CCCCOc1cccc2c(C(=O)c3ccc(OC)cc3)cn(CC3CCOCC3)c12,5,0.0,0.0,0.0
COc1ccc(C(=O)c2cn(CC3CCOCC3)c3c(OCCCCC(=O)O)cccc23)cc1,5,0.0,0.0,0.0
COc1ccc(C(=O)c2cn(CCN3CCOCC3)c3ccc(OCC(=O)NCCCCCCCCN)cc23)cc1,2,0.0,0.0,0.0
COc1ccc(C(=O)c2cn(CCN3CCOCC3)c3ccc(OCC(=O)NCCOCCOCCN)cc23)cc1,2,0.0,0.0,0.0
COc1ccc(C(=O)c2cn(CCN3CCOCC3)c3ccc(OCC(=O)NCCOCCOCCNC(C)=O)cc23)cc1,2,0.0,0.0,0.0
NCCCCCCCCNC(=O)COc1ccc2c(c1)c(C(=O)c1cccc3ccccc13)cn2CCN1CCOCC1,2,0.0,0.0,0.0
NCCOCCOCCNC(=O)COc1ccc2c(c1)c(C(=O)c1cccc3ccccc13)cn2CCN1CCOCC1,2,0.0,0.0,0.0
COc1ccc(C(=O)c2cn(CC3CCOCC3)c3c(OCCCCC(=O)NCCOCCOCCNC(C)=O)cccc23)cc1,2,0.0,0.0,0.0
COc1ccc(C(=O)c2cn(CCN3CCOCC3)c3ccc(OCC(=O)N[C@@H](C)C(=O)N[C@@H](C)C(=O)NCCN)cc23)cc1,2,0.0,0.0,0.0
C[C@H](NC(=O)COc1ccc2c(c1)c(C(=O)c1cccc3ccccc13)cn2CCN1CCOCC1)C(=O)N[C@@H](C)C(=O)NCCN,2,0.0,0.0,0.0
COc1ccc(C(=O)c2cn(CC3CCOCC3)c3ccc(OCC(=O)N[C@@H](C)C(=O)N[C@@H](C)C(=O)NCCN)cc23)cc1,2,0.0,0.0,0.0
COc1ccc(C(=O)c2cn(CC3CCOCC3)c3c(OCCCCCCNC(C)=O)cccc23)cc1,5,0.0,0.0,0.0
CCCCCCCCCCCCC/C(=N\O)c1cc(-c2ccc(O)c(F)c2)ccc1O,2,0.0,0.0,0.0
CCCCCCCCCCC/C(=N\O)c1cc(-c2ccc(O)c(F)c2)ccc1O,2,0.0,0.0,0.0
COCCOCCOCCOCCOc1cc(NC2CCN(S(=O)(=O)C(F)(F)F)CC2)c2cc(C(c3ccc(Cl)cc3)c3ccc(Cl)cc3)ccc2n1,4,0.0,0.0,0.0
COCCOCCOCCOCCOCCOCCOCCOc1cc(NC2CCN(S(=O)(=O)C(F)(F)F)CC2)c2cc(C(c3ccc(Cl)cc3)c3ccc(Cl)cc3)ccc2n1,4,0.0,0.0,0.0
Cc1c(Br)cn(Cc2ccc(F)cc2)c(=O)c1NC(=O)C1CCCCCC1,6,0.0,0.0,0.0
Cc1ccc2c(C(C[N+](=O)[O-])c3cccs3)c(-c3ccccc3)[nH]c2c1,14,0.0,0.0,1.0
O=C(Nc1ccc(Oc2ccc(F)cc2)cc1)N1CCc2ncccc2[C@@H]1c1ccc(Cl)cc1,2,0.0,0.0,0.0
O=C(Nc1cnc(Oc2ccc(F)cc2)nc1)N1CCc2ncccc2[C@@H]1c1ccc(F)cc1,4,0.0,0.0,0.0
COC(=O)c1c(NC(=O)Oc2ccccc2)sc2c1CCCC2,2,0.0,0.0,0.0
COC(=O)c1c(NC(=O)N2CCCCC2)sc2c1CCCC2,2,0.0,0.0,0.0
COC(=O)c1c(NC(=O)N2CCOCC2)sc2c1CCCC2,2,0.0,0.0,0.0
COC(=O)c1c(NC(=O)NC23CC4CC(CC(C4)C2)C3)sc2c1CCCC2,2,0.0,0.0,0.0
COC(=O)c1c(C)noc1NC(=O)C12CC3CC(CC(C3)C1)C2,2,0.0,0.0,0.0
COC(=O)c1nn(C)cc1NC(=O)C12CC3CC(CC(C3)C1)C2,2,0.0,0.0,0.0
COC(=O)c1c(NC(=O)C23CC4CC(CC(C4)C2)C3)cnn1C,2,0.0,0.0,0.0
COC(=O)c1[nH]ccc1NC(=O)C12CC3CC(CC(C3)C1)C2,2,0.0,0.0,0.0
COC(=O)c1cccnc1NC(=O)C12CC3CC(CC(C3)C1)C2,2,0.0,0.0,0.0
CCc1c(C)sc(NC(=O)c2ccc(F)cc2)c1C(=O)OC,2,0.0,0.0,0.0
CCc1c(C)sc(NC(=O)c2ccc(Cl)cc2)c1C(=O)OC,2,0.0,0.0,0.0
COC(=O)c1c(NC(=O)C23CC4CC(CC(C4)C2)C3)sc2c1CCS(=O)(=O)C2,2,0.0,0.0,0.0
COC(=O)c1c(NC(=O)C23CC4CC(CC(C4)C2)C3)sc2c1CCSC2,2,0.0,0.0,0.0
COC(=O)c1c(NC(=O)C23CC4CC(CC(C4)C2)C3)sc2c1CCCC2,2,0.0,0.0,0.0
CCCCCc1sc(NC(=O)C23CC4CC(CC(C4)C2)C3)c(C(=O)OC)c1-c1ccccc1,2,0.0,0.0,0.0
COC(=O)c1c(-c2ccccc2)csc1NC(=O)C12CC3CC(CC(C3)C1)C2,2,0.0,0.0,0.0
CCCCc1sc(NC(=O)C23CC4CC(CC(C4)C2)C3)c(C(=O)OC)c1C,2,0.0,0.0,0.0
CCCc1c(C)sc(NC(=O)C23CC4CC(CC(C4)C2)C3)c1C(=O)OC,3,0.0,0.0,0.0
CCc1c(C)sc(NC(=O)C23CC4CC(CC(C4)C2)C3)c1C(=O)OC,2,0.0,0.0,0.0
CCc1sc(NC(=O)C23CC4CC(CC(C4)C2)C3)c(C(=O)OC)c1C,2,0.0,0.0,0.0
COC(=O)c1c(NC(=O)C23CC4CC(CC(C4)C2)C3)sc(C)c1C,2,0.0,0.0,0.0
COC(=O)c1cc(-c2ccccc2)sc1NC(=O)C12CC3CC(CC(C3)C1)C2,2,0.0,0.0,0.0
CCCc1cc(C(=O)OC)c(NC(=O)C23CC4CC(CC(C4)C2)C3)s1,2,0.0,0.0,0.0
COC(=O)c1cc(C)sc1NC(=O)C12CC3CC(CC(C3)C1)C2,2,0.0,0.0,0.0
COC(=O)c1ccsc1NC(=O)C12CC3CC(CC(C3)C1)C2,2,0.0,0.0,0.0
O=C(Nc1ccc(Cl)cc1)Nc1cccc(-c2ccoc2)c1,3,0.0,0.0,1.0
O=C(Nc1ccc(Cl)cc1)Nc1cccc(-c2ccsc2)c1,3,0.0,0.0,1.0
Cc1cc(-c2cccc(NC(=O)Nc3ccc(Cl)cc3)c2)cs1,3,0.0,0.0,1.0
Cc1ccc(-c2cccc(NC(=O)Nc3ccc(Cl)cc3)c2)s1,3,0.0,0.0,1.0
O=C(Nc1ccc(Cl)cc1)Nc1cccc(N2CCC2)c1,3,0.0,0.0,0.0
CCCCCCN1C(=O)C2C3c4ccccc4C(C)(c4ccccc43)C2C1=O,2,0.0,0.0,0.0
CCCCCCCN1C(=O)C2C3c4ccccc4C(C)(c4ccccc43)C2C1=O,2,0.0,0.0,0.0
CCCCCCCN1C(=O)C2C3c4ccccc4C(Cl)(c4ccccc43)C2C1=O,2,0.0,0.0,0.0
CCCCCCCN1C(=O)C2C3c4ccccc4C(Br)(c4ccccc43)C2C1=O,2,0.0,0.0,0.0
CCCCCCCCN1C(=O)C2C3c4ccccc4C(c4ccccc43)C2C1=O,2,0.0,0.0,0.0
CCCCCCCN1C(=O)C2C3c4ccccc4C(c4ccccc43)C2C1=O,2,0.0,0.0,0.0
CCCCCCN1C(=O)C2C3c4ccccc4C(c4ccccc43)C2C1=O,2,0.0,0.0,0.0
O=C1NC(=O)C2C3c4ccccc4C(c4ccccc43)C12,2,0.0,0.0,0.0
CCCCCCCN1C(=O)C2C3c4ccccc4C(c4cc(Cl)ccc43)C2C1=O,2,0.0,0.0,0.0
CCCCCCCOCC12c3ccccc3C(c3ccccc31)C1C(=O)NC(=O)C12,2,0.0,0.0,0.0
CCCCCCCNCC12c3ccccc3C(c3ccccc31)C1C(=O)NC(=O)C12,2,0.0,0.0,0.0
CCCCCCCOCC12c3ccccc3C(c3ccccc31)C1C(=O)N(CCCCCCC)C(=O)C12,2,0.0,0.0,0.0
CCCCCCCNCC12c3ccccc3C(c3ccccc31)C1C(=O)N(CCCCCCC)C(=O)C12,2,0.0,0.0,0.0
CCCCc1cc(O)c2c(c1)OC(C)(C)[C@@H]1CCC(C)=C[C@@H]21,2,0.0,0.0,1.0
CCCc1cc(O)c2c(c1)OC(C)(C)[C@@H]1CCC(C)=C[C@@H]21,6,0.0,0.0,1.0
CC[C@]12CCCN(C(=O)c3cccc(Br)c3)CCc3c(n(c4ccccc34)C(=O)C1)[C@@H]2OC,2,0.0,0.0,0.0
N#Cc1ccc2c(C(C[N+](=O)[O-])c3cccs3)c(-c3ccccc3)[nH]c2c1,19,0.0,0.0,1.0
N#CCC(c1ccccc1)c1c(-c2ccccc2)[nH]c2cc(Cl)ccc12,5,0.0,0.0,0.0
FC(F)(F)CC(c1ccccc1)c1c(-c2ccccc2)[nH]c2ccccc12,2,0.0,0.0,0.0
O=[N+]([O-])CC(c1cccs1)c1c(-c2ccccc2)[nH]c2cc(Cl)ccc12,5,0.0,0.0,0.0
O=[N+]([O-])CC(c1cccs1)c1c(-c2ccccc2)[nH]c2cc(C(F)(F)F)ccc12,5,0.0,0.0,0.0
Cc1ccc2c(C(C(=O)C(F)(F)F)c3ccccc3)c(-c3ccccc3)[nH]c2c1,2,0.0,0.0,0.0
Cc1ccc2c(C(CC(F)(F)F)c3ccccc3)c(-c3ccccc3)[nH]c2c1,2,0.0,0.0,0.0
FC(F)(F)CC(c1cccs1)c1c(-c2ccccc2)[nH]c2cc(C(F)(F)F)ccc12,5,0.0,0.0,0.0
N#Cc1ccc2c([C@H](CC(F)(F)F)c3cccs3)c(-c3ccccc3)[nH]c2c1,9,0.0,0.0,0.0
N#Cc1ccc2c([C@@H](CC(F)(F)F)c3cccs3)c(-c3ccccc3)[nH]c2c1,9,0.0,0.0,0.0
FC(F)(F)CC(c1cccs1)c1c(C2CCCC2)[nH]c2cc(C(F)(F)F)ccc12,5,0.0,0.0,0.0
COC(=O)c1ccc2c(C(CC(F)(F)F)c3cccs3)c(-c3ccccc3)[nH]c2c1,11,0.0,0.0,0.0
N#Cc1ccc2c(C(CC(F)(F)F)c3cccs3)c(-c3ccccc3)[nH]c2c1,5,0.0,0.0,0.0
CC(=O)c1ccc2c(C(CC(F)(F)F)c3cccs3)c(-c3ccccc3)[nH]c2c1,5,0.0,0.0,0.0
O=C(O)CC(c1ccccc1)c1c(-c2ccccc2)[nH]c2ccccc12,3,0.0,0.0,0.0
CCOc1ccc(Cc2nc3cc(C(=O)N(CC)CC)ccc3n2CCCCCCNc2c3c(nc4ccccc24)CCCC3)cc1,2,0.0,0.0,0.0
CCOc1ccc(Cc2nc3cc(C(=O)NCCCCNc4c5c(nc6ccccc46)CCCC5)ccc3n2CCC(C)C)cc1,2,0.0,0.0,0.0
CCCCCn1cc(C(=O)NC23CC4CC(CC(C4)C2)C3)c2cccnc21,8,0.0,0.0,0.0
CCCCCn1cc(C(=O)N[C@H](C(=O)OC)C(C)C)c2cccnc21,3,0.0,0.0,0.0
CCCCCn1cc(C(=O)N[C@H](C(=O)OC)C(C)(C)C)c2cccnc21,3,0.0,0.0,0.0
COC(=O)[C@@H](NC(=O)c1cn(CCCCCO)c2ncccc12)C(C)(C)C,3,0.0,0.0,0.0
CCCCCn1cc(C(=O)N[C@H](C(N)=O)C(C)C)c2cccnc21,11,0.0,0.0,0.0
CCCCCn1cc(C(=O)N[C@H](C(N)=O)C(C)(C)C)c2cccnc21,11,0.0,0.0,0.0
CC(C)(C)[C@H](NC(=O)c1cn(CCCCCO)c2ncccc12)C(N)=O,3,0.0,0.0,0.0
CCCCCn1cc(C(=O)NC(C)(C)c2ccccc2)c2cccnc21,3,0.0,0.0,0.0
CC(C)(NC(=O)c1cn(CCCCCO)c2ncccc12)c1ccccc1,3,0.0,0.0,0.0
CCCCCn1nc(C(=O)NC23CC4CC(CC(C4)C2)C3)c2cccnc21,3,0.0,0.0,0.0
CCCCCn1c(C(=O)N[C@H](C(=O)OC)C(C)C)cc2ccccc21,2,0.0,0.0,0.0
COC(=O)[C@@H](NC(=O)c1cc2ccccc2n1CCCCCO)C(C)C,2,0.0,0.0,0.0
CCCCCn1c(C(=O)N[C@H](C(=O)OC)C(C)(C)C)cc2ccccc21,2,0.0,0.0,0.0
COC(=O)[C@@H](NC(=O)c1cc2ccccc2n1CCCCCO)C(C)(C)C,2,0.0,0.0,0.0
CC(C)(C)[C@H](NC(=O)c1cc2ccccc2n1CCCCC(F)F)C(N)=O,2,0.0,0.0,0.0
CCCCCn1c(C(=O)N[C@H](C(N)=O)C(C)C)cc2ccccc21,2,0.0,0.0,0.0
CC(C)[C@H](NC(=O)c1cc2ccccc2n1CCCCCO)C(N)=O,2,0.0,0.0,0.0
CCCCCn1c(C(=O)N[C@H](C(N)=O)C(C)(C)C)cc2ccccc21,3,0.0,0.0,0.0
CC(C)(C)[C@H](NC(=O)c1cc2ccccc2n1CCCCCO)C(N)=O,2,0.0,0.0,0.0
CCCCCn1c(C(=O)NC(C)(C)c2ccccc2)cc2ccccc21,2,0.0,0.0,0.0
CC(C)(NC(=O)c1cc2ccccc2n1CCCCCO)c1ccccc1,2,0.0,0.0,0.0
O=C(NC12CC3CC(CC(C3)C1)C2)c1cn(CCCCCO)c2ncccc12,3,0.0,0.0,0.0
CCCCCn1c(C(=O)NC23CC4CC(CC(C4)C2)C3)cc2cccnc21,7,0.0,0.0,0.0
CCCCCn1cccc2c(C(=O)NC34CC5CC(CC(C5)C3)C4)cnc1-2,2,0.0,0.0,0.0
COCCN(C)C(=O)NC1CCN(c2ncnc3c2nc(-c2ccccc2Cl)n3-c2ccc(Cl)cc2)CC1,2,0.0,0.0,1.0
CC(C)(C)CNC(=O)NC1CCN(c2ncnc3c2nc(-c2ccccc2Cl)n3-c2ccc(Cl)cc2)CC1,2,0.0,0.0,0.0
CC(C)CN(C)C(=O)NC1CCN(c2ncnc3c2nc(-c2ccccc2Cl)n3-c2ccc(Cl)cc2)CC1,2,0.0,0.0,1.0
CCCN(CC(F)(F)F)C(=O)NC1CCN(c2ncnc3c2nc(-c2ccccc2Cl)n3-c2ccc(Cl)cc2)CC1,2,0.0,0.0,1.0
CCCN(C)C(=O)NC1CCN(c2ncnc3c2nc(-c2ccccc2Cl)n3-c2ccc(Cl)cc2)CC1,2,0.0,0.0,1.0
O=C(NC1CCN(c2ncnc3c2nc(-c2ccccc2Cl)n3-c2ccc(Cl)cc2)CC1)N1CCCC1,2,0.0,0.0,0.0
O=C(NC1CCN(c2ncnc3c2nc(-c2ccccc2Cl)n3-c2ccc(Cl)cc2)CC1)N1CCCCC1,2,0.0,0.0,1.0
O=C(NC1CCN(c2ncnc3c2nc(-c2ccccc2Cl)n3-c2ccc(Cl)cc2)CC1)N1CCOCC1,2,0.0,0.0,0.0
O=C(NC1CCCC1)NC1CCN(c2ncnc3c2nc(-c2ccccc2Cl)n3-c2ccc(Cl)cc2)CC1,2,0.0,0.0,1.0
O=C(NC1CCN(c2ncnc3c2nc(-c2ccccc2Cl)n3-c2ccc(Cl)cc2)CC1)NC1(C(F)(F)F)CCCC1,2,0.0,0.0,1.0
O=C(NC1CCCCC1)NC1CCN(c2ncnc3c2nc(-c2ccccc2Cl)n3-c2ccc(Cl)cc2)CC1,2,0.0,0.0,1.0
O=C(NC1CCN(c2ncnc3c2nc(-c2ccccc2Cl)n3-c2ccc(Cl)cc2)CC1)NC1CCC(F)(F)CC1,2,0.0,0.0,1.0
CC1(NC(=O)NC2CCN(c3ncnc4c3nc(-c3ccccc3Cl)n4-c3ccc(Cl)cc3)CC2)CCC(F)(F)CC1,2,0.0,0.0,1.0
O=C(NCC1CCCC1)NC1CCN(c2ncnc3c2nc(-c2ccccc2Cl)n3-c2ccc(Cl)cc2)CC1,2,0.0,0.0,1.0
O=C(NCC1CCCCC1)NC1CCN(c2ncnc3c2nc(-c2ccccc2Cl)n3-c2ccc(Cl)cc2)CC1,2,0.0,0.0,1.0
O=C(NCC1CCC(F)(F)CC1)NC1CCN(c2ncnc3c2nc(-c2ccccc2Cl)n3-c2ccc(Cl)cc2)CC1,2,0.0,0.0,1.0
CN1CCC(CNC(=O)NC2CCN(c3ncnc4c3nc(-c3ccccc3Cl)n4-c3ccc(Cl)cc3)CC2)CC1,2,0.0,0.0,0.0
O=C(NCc1ccccc1F)NC1CCN(c2ncnc3c2nc(-c2ccccc2Cl)n3-c2ccc(Cl)cc2)CC1,2,0.0,0.0,1.0
O=C(NCc1ccc(F)cc1)NC1CCN(c2ncnc3c2nc(-c2ccccc2Cl)n3-c2ccc(Cl)cc2)CC1,2,0.0,0.0,1.0
O=C(Nc1ccccc1)NC1CCN(c2ncnc3c2nc(-c2ccccc2Cl)n3-c2ccc(Cl)cc2)CC1,2,0.0,0.0,1.0
O=C(Nc1ccccn1)NC1CCN(c2ncnc3c2nc(-c2ccccc2Cl)n3-c2ccc(Cl)cc2)CC1,2,0.0,0.0,0.0
O=C(Nc1ccccc1F)NC1CCN(c2ncnc3c2nc(-c2ccccc2Cl)n3-c2ccc(Cl)cc2)CC1,2,0.0,0.0,1.0
O=C(Nc1ccc(F)cc1F)NC1CCN(c2ncnc3c2nc(-c2ccccc2Cl)n3-c2ccc(Cl)cc2)CC1,4,0.0,0.0,1.0
O=C(Nc1ccc(F)c(F)c1)NC1CCN(c2ncnc3c2nc(-c2ccccc2Cl)n3-c2ccc(Cl)cc2)CC1,2,0.0,0.0,0.0
O=C(Nc1ccc(F)cc1)NC1CCN(c2ncnc3c2nc(-c2ccccc2Cl)n3-c2ccc(Cl)cc2)CC1,2,0.0,0.0,1.0
O=C(Nc1cccnc1C(F)(F)F)NC1CCN(c2ncnc3c2nc(-c2ccccc2Cl)n3-c2ccc(Cl)cc2)CC1,2,0.0,0.0,0.0
O=C(Nc1ccc(C(F)(F)F)nc1)NC1CCN(c2ncnc3c2nc(-c2ccccc2Cl)n3-c2ccc(Cl)cc2)CC1,2,0.0,0.0,1.0
O=C(Nc1ccc(OC(F)F)nc1)NC1CCN(c2ncnc3c2nc(-c2ccccc2Cl)n3-c2ccc(Cl)cc2)CC1,6,0.0,0.0,1.0
O=C(Nc1cc(C(F)(F)F)[nH]n1)NC1CCN(c2ncnc3c2nc(-c2ccccc2Cl)n3-c2ccc(Cl)cc2)CC1,2,0.0,0.0,0.0
Cn1cc(NC(=O)NC2CCN(c3ncnc4c3nc(-c3ccccc3Cl)n4-c3ccc(Cl)cc3)CC2)cn1,2,0.0,0.0,0.0
O=C(NC1CCN(c2ncnc3c2nc(-c2ccccc2Cl)n3-c2ccc(Cl)cc2)CC1)NS(=O)(=O)c1ccccc1F,2,0.0,0.0,1.0
O=C(NCC1CCCCC1)NC1CCN(c2ncnc3c2nc(-c2ccccc2Cl)n3-c2ccc(C(F)(F)F)nc2)CC1,2,0.0,0.0,1.0
O=C(NCC1CCCCC1)NC1CCN(c2ncnc3c2nc(-c2ccccc2Cl)n3-c2ccc(OC(F)F)nc2)CC1,2,0.0,0.0,0.0
O=C(Nc1ccccc1F)NC1CCN(c2ncnc3c2nc(-c2ccccc2Cl)n3-c2ccc(F)cc2)CC1,2,0.0,0.0,0.0
O=C(Nc1ccccc1F)NC1CCN(c2ncnc3c2nc(-c2ccccc2Cl)n3-c2ccc(C(F)(F)F)nc2)CC1,2,0.0,0.0,0.0
O=C(Nc1ccccc1F)NC1CCN(c2ncnc3c2nc(-c2ccccc2Cl)n3-c2ccc(OC(F)F)nc2)CC1,2,0.0,0.0,0.0
CC1(NC(=O)NC2CCCCC2)CCN(c2ncnc3c2nc(-c2ccccc2Cl)n3-c2ccc(Cl)cc2)CC1,2,0.0,0.0,1.0
CC1(NC(=O)NC2CCC(F)(F)CC2)CCN(c2ncnc3c2nc(-c2ccccc2Cl)n3-c2ccc(Cl)cc2)CC1,2,0.0,0.0,1.0
CC1(NC(=O)NCc2ccccc2F)CCN(c2ncnc3c2nc(-c2ccccc2Cl)n3-c2ccc(Cl)cc2)CC1,2,0.0,0.0,1.0
CC1(NC(=O)Nc2ccccc2F)CCN(c2ncnc3c2nc(-c2ccccc2Cl)n3-c2ccc(Cl)cc2)CC1,2,0.0,0.0,1.0
CC1(NC(=O)Nc2ccc(F)cc2F)CCN(c2ncnc3c2nc(-c2ccccc2Cl)n3-c2ccc(Cl)cc2)CC1,2,0.0,0.0,1.0
CC1(NC(=O)Nc2ccc(OC(F)F)nc2)CCN(c2ncnc3c2nc(-c2ccccc2Cl)n3-c2ccc(Cl)cc2)CC1,2,0.0,0.0,1.0
CC1(NC(=O)NS(=O)(=O)c2ccccc2F)CCN(c2ncnc3c2nc(-c2ccccc2Cl)n3-c2ccc(Cl)cc2)CC1,2,0.0,0.0,1.0
CC1(NS(=O)(=O)NC2CCCCC2)CCN(c2ncnc3c2nc(-c2ccccc2Cl)n3-c2ccc(Cl)cc2)CC1,2,0.0,0.0,1.0
COc1ccc(-c2oc3ccccc3c2C(=O)c2ccc(OCCN(C)Cc3ccccc3)cc2)cc1,2,0.0,0.0,1.0
COc1ccc(-c2oc3ccccc3c2C(=O)c2ccc(OCCCN(C)Cc3ccccc3)cc2)cc1,2,0.0,0.0,1.0
COc1ccc(-c2oc3ccccc3c2C(=O)c2ccc(OCCCCN(C)Cc3ccccc3)cc2)cc1,2,0.0,0.0,1.0
COc1ccc(-c2oc3ccccc3c2C(=O)c2ccc(OCCCCCN(C)Cc3ccccc3)cc2)cc1,2,0.0,0.0,0.0
COc1ccc(-c2oc3ccccc3c2C(=O)c2ccc(NCc3ccccc3)cc2)cc1,2,0.0,0.0,0.0
COc1ccc(-c2oc3ccccc3c2C(=O)c2ccc(N(Cc3ccccc3)Cc3ccccc3)cc2)cc1,2,0.0,0.0,0.0
COc1ccc(-c2oc3ccccc3c2C(=O)c2ccc(NCc3ccc(F)cc3)cc2)cc1,2,0.0,0.0,1.0
COc1ccc(-c2oc3ccccc3c2C(=O)c2ccc(N(Cc3ccc(F)cc3)Cc3ccc(F)cc3)cc2)cc1,2,0.0,0.0,0.0
COc1ccc(-c2oc3ccccc3c2C(=O)c2ccc(N(C)Cc3ccc(F)cc3)cc2)cc1,2,0.0,0.0,1.0
COc1ccc(-c2oc3ccccc3c2C(=O)c2ccc(NCc3cc(F)cc(F)c3)cc2)cc1,2,0.0,0.0,0.0
COc1ccc(-c2oc3ccccc3c2C(=O)c2ccc(N(Cc3cc(F)cc(F)c3)Cc3cc(F)cc(F)c3)cc2)cc1,2,0.0,0.0,0.0
COc1ccc(-c2oc3ccccc3c2C(=O)c2ccc(NCc3ccccn3)cc2)cc1,2,0.0,0.0,0.0
COc1ccc(-c2oc3ccccc3c2C(=O)c2ccc(NCc3ccc(C#N)cc3)cc2)cc1,2,0.0,0.0,0.0
COc1ccc(CNc2ccc(C(=O)c3c(-c4ccc(OC)cc4)oc4ccccc34)cc2)cc1,2,0.0,0.0,0.0
COc1ccc(-c2oc3ccccc3c2C(=O)c2ccc(NCC3CC3)cc2)cc1,2,0.0,0.0,1.0
CCCCCNc1ccc(C(=O)c2c(-c3ccc(OC)cc3)oc3ccccc23)cc1,2,0.0,0.0,1.0
CCCCCCCNc1ccc(C(=O)c2c(-c3ccc(OC)cc3)oc3ccccc23)cc1,2,0.0,0.0,0.0
COc1ccc(-c2oc3ccccc3c2C(=O)c2ccc(-n3cc(COc4cccc(F)c4)nn3)cc2)cc1,2,0.0,0.0,0.0
Cc1nc(C(C)(C)C)sc1C(=O)NC12CC3CC(CC(C3)C1)C2,4,0.0,0.0,0.0
CCCCNC(=O)c1sc(-c2ccccc2)nc1C,4,0.0,0.0,0.0
CCCCCCNC(=O)c1sc(-c2ccccc2)nc1C,4,0.0,0.0,0.0
Cc1nc(-c2ccccc2)sc1C(=O)NC1CC1,4,0.0,0.0,0.0
Cc1nc(-c2ccccc2)sc1C(=O)NC1CCCC1,4,0.0,0.0,0.0
Cc1nc(-c2ccccc2)sc1C(=O)NC1CCCCC1,4,0.0,0.0,0.0
Cc1nc(-c2ccccc2)sc1C(=O)N1CCOCC1,4,0.0,0.0,0.0
Cc1nc(-c2ccccc2)sc1C(=O)NCC1CCCCC1,4,0.0,0.0,0.0
Cc1nc(-c2ccccc2)sc1C(=O)NC1CCCc2ccccc21,4,0.0,0.0,0.0
Cc1nc(-c2ccccc2)sc1C(=O)NC12CC3CC(CC(C3)C1)C2,4,0.0,0.0,0.0
Cc1nc(-c2ccccc2)sc1C(=O)NCc1ccccc1,4,0.0,0.0,0.0
Cc1nc(-c2ccccc2)sc1C(=O)NCc1ccccc1F,4,0.0,0.0,0.0
Cc1nc(-c2ccccc2)sc1C(=O)NCc1ccc(F)cc1,4,0.0,0.0,0.0
Cc1nc(-c2ccccc2)sc1C(=O)NCc1ccccc1Cl,4,0.0,0.0,0.0
Cc1nc(C)c(C(=O)NCc2ccccc2)s1,4,0.0,0.0,0.0
Cc1nc(C)c(C(=O)NC2CCCc3ccccc32)s1,4,0.0,0.0,0.0
Cc1nc(C)c(C(=O)NC23CC4CC(CC(C4)C2)C3)s1,4,0.0,0.0,0.0
O=C(NCC1CCCCC1)c1nc2ccccc2s1,4,0.0,0.0,0.0
O=C(NCc1ccccc1)c1nc2ccccc2s1,4,0.0,0.0,0.0
O=C(NCc1ccccc1Cl)c1nc2ccccc2s1,4,0.0,0.0,0.0
O=C(Nc1cccc2ccccc12)c1nc2ccccc2s1,4,0.0,0.0,0.0
O=C(Nc1ccc2ccccc2c1)c1nc2ccccc2s1,4,0.0,0.0,0.0
O=C(NC1CCCc2ccccc21)c1nc2ccccc2s1,4,0.0,0.0,0.0
O=C(NC12CC3CC(CC(C3)C1)C2)c1nc2ccccc2s1,4,0.0,0.0,0.0
O=C(Nc1nc2ccccc2s1)C12CC3CC(CC(C3)C1)C2,4,0.0,0.0,0.0
O=C(Nc1nc2ccccc2s1)c1cccc2ccccc12,4,0.0,0.0,0.0
O=C(Nc1nc2ccccc2s1)c1ccc(C(F)(F)F)cc1,4,0.0,0.0,0.0
O=C(Nc1nc2ccccc2s1)c1cccc(C(F)(F)F)c1,4,0.0,0.0,0.0
CCCCCn1/c(=N\C(=O)C23CC4CC(CC(C4)C2)C3)sc2ccccc21,4,0.0,0.0,0.0
CCCCCn1/c(=N/C(=O)c2cccc3ccccc23)sc2ccccc21,4,0.0,0.0,0.0
CCCCCn1/c(=N/C(=O)c2ccc(C(F)(F)F)cc2)sc2ccccc21,4,0.0,0.0,0.0
CCCCCn1/c(=N/C(=O)c2cccc(C(F)(F)F)c2)sc2ccccc21,4,0.0,0.0,0.0
O=[N+]([O-])CC(c1ccccc1)c1c(-c2ccccc2)[nH]c2ccccc12,38,0.0,0.0,0.0
NCC(c1ccccc1)c1c(-c2ccccc2)[nH]c2ccccc12,2,0.0,0.0,0.0
O=[N+]([O-])CCc1c(-c2ccccc2)[nH]c2ccccc12,2,0.0,0.0,0.0
O=[N+]([O-])CC(c1ccccc1)c1c[nH]c2ccccc12,2,0.0,0.0,0.0
Cn1c(-c2ccccc2)c(C(C[N+](=O)[O-])c2ccccc2)c2ccccc21,2,0.0,0.0,0.0
O=[N+]([O-])CC(c1ccccc1)c1cn(-c2ccccc2)c2ccccc12,2,0.0,0.0,0.0
O=[N+]([O-])CC(c1ccccc1)c1c(C2CCCCC2)[nH]c2ccccc12,2,0.0,0.0,0.0
O=[N+]([O-])CC(c1ccccc1)c1cc[nH]c1-c1ccccc1,2,0.0,0.0,0.0
CCOC(=O)c1ccc(CNC(=O)c2nn(-c3ccc(Cl)cc3Cl)c(-c3ccc(Cl)cc3)c2C)cc1,2,0.0,0.0,1.0
COC(=O)CCCCCNC(=O)c1nn(-c2ccc(Cl)cc2Cl)c(-c2ccc(Cl)cc2)c1C,2,0.0,0.0,1.0
COC(=O)c1ccc(-c2ccc(-c3c(C)c(C(=O)NN4CCCCC4)nn3-c3ccc(Cl)cc3Cl)cc2)cc1,2,0.0,0.0,1.0
Cc1c(C(=O)NN2CCCCC2)nn(-c2ccc(Cl)cc2Cl)c1-c1ccc(C#CCCO)cc1,2,0.0,0.0,1.0
CC(=O)OCCC#Cc1ccc(-c2c(C)c(C(=O)NN3CCCCC3)nn2-c2ccc(Cl)cc2Cl)cc1,2,0.0,0.0,1.0
Cc1c(C(=O)NN2CCCCC2)nn(-c2ccc(Cl)cc2Cl)c1-c1ccc(C#CCCOC(=O)CCCCCNC(=O)OC(C)(C)C)cc1,2,0.0,0.0,1.0
Cc1c(C(=O)NN2CCCCC2)nn(-c2ccc(Cl)cc2Cl)c1-c1ccc(C#CCCOC(=O)CCCCCN)cc1.O=C(O)C(F)(F)F,2,0.0,0.0,0.0
Cc1c(C(=O)NN2CCCCC2)nn(-c2ccc(Cl)cc2Cl)c1-c1ccc(C#CCCOC(=O)CCCCC(=O)OC(C)(C)C)cc1,2,0.0,0.0,1.0
Cc1c(C(=O)NN2CCCCC2)nn(-c2ccc(Cl)cc2Cl)c1-c1ccc(C#CCCOC(=O)CCCCCCCCCCN)cc1.O=C(O)C(F)(F)F,2,0.0,0.0,1.0
CCN(CC)CCCn1c(Cn2nc3ccccc3n2)nc2cc(C(C)=O)ccc21,2,0.0,0.0,0.0
CCOc1ccc(Cc2nc3cc(C(F)(F)F)ccc3n2CCN(CC)CC)cc1,2,0.0,0.0,0.0
CN(C)CCn1c(Cc2ccc(Cl)c(Cl)c2)nc2cc(C(F)(F)F)ccc21,2,0.0,0.0,0.0
CCN(CC)CCCn1c(Cc2ccc(OC)cc2)nc2cc(C(F)(F)F)ccc21,2,0.0,0.0,0.0
COc1ccc(Cc2nc3cc(C(F)(F)F)ccc3n2C[C@@H]2CCCN3CCCC[C@H]23)cc1,2,0.0,0.0,0.0
CCN(CC)CCn1c(Cc2ccc(OC)cc2)nc2cc(C(C)=O)ccc21,2,0.0,0.0,0.0
CCOc1ccc(Cc2nc3cc(C(C)=O)ccc3n2CCN(CC)CC)cc1,2,0.0,0.0,0.0
COc1ccc(Cc2nc3cc(C(C)=O)ccc3n2C[C@@H]2CCCN3CCCC[C@H]23)cc1,2,0.0,0.0,0.0
CCN(CC)CCn1c(Cc2ccc(Cl)cc2)nc2cc(C(C)=O)ccc21,2,0.0,0.0,0.0
CCCCn1c(Cc2ccc(Cl)c(Cl)c2)nc2cc(C(F)(F)F)ccc21,2,0.0,0.0,0.0
COCCn1c(Cc2ccc(Cl)c(Cl)c2)nc2cc(C(F)(F)F)ccc21,2,0.0,0.0,0.0
CCN(CC)CCn1c(-c2ccc(OC)cc2)nc2cc(C(F)(F)F)ccc21,2,0.0,0.0,0.0
CCOc1ccc(Cc2nc3cc(/C(C)=N\N)ccc3n2CCN(CC)CC)cc1,2,0.0,0.0,0.0
Cc1ccc2c(c1)nc(Cn1nnc3ccccc31)n2CCN(C)C,2,0.0,0.0,0.0
CCN(CC)CCn1c(Cn2nnc3ccccc32)nc2cc(C(C)=O)ccc21,2,0.0,0.0,0.0
Clc1ccc2c(c1)nc(Cn1nc3ccccc3n1)n2CC[C@@H]1CCCN2CCCC[C@H]12,2,0.0,0.0,0.0
CCN(CC)CCn1c(Cc2ccc(OC)cc2)nc2cc(C(F)(F)F)ccc21,2,0.0,0.0,0.0
CCN(CC)CCn1c(Cc2ccccc2)nc2cc(C(F)(F)F)ccc21,2,0.0,0.0,0.0
CCCCC/C=C\C/C=C\CCCC/C=C\CCCC(=O)NCCO,2,0.0,0.0,0.0
CCCCCn1nc(C(=O)NC23CC4CC(CC(C4)C2)C3)c2ccccc21,5,0.0,0.0,0.0
O=C(NC12CC3CC(CC(C3)C1)C2)c1n[nH]c2ccccc12,5,0.0,0.0,0.0
O=C(NC12CC3CC(CC(C3)C1)C2)c1c[nH]c2cccnc12,5,0.0,0.0,0.0
O=C(NC12CC3CC(CC(C3)C1)C2)c1c[nH]c2ccncc12,5,0.0,0.0,0.0
O=C(NC12CC3CC(CC(C3)C1)C2)c1c[nH]c2ncccc12,5,0.0,0.0,0.0
CCCCCn1cc(C(=O)NC23CC4CC(CC(C4)C2)C3)c2ncccc21,5,0.0,0.0,0.0
CCCCCn1cc(C(=O)NC23CC4CC(CC(C4)C2)C3)c2cnccc21,5,0.0,0.0,0.0
O=C(NC12CC3CC(CC(C3)C1)C2)c1cn(CCN2CCOCC2)c2cccnc12,5,0.0,0.0,0.0
O=C(NC12CC3CC(CC(C3)C1)C2)c1cn(CCN2CCOCC2)c2ccncc12,5,0.0,0.0,0.0
O=C(NC12CC3CC(CC(C3)C1)C2)c1cn(CCN2CCOCC2)c2ncccc12,5,0.0,0.0,0.0
O=C(NC12CC3CC(CC(C3)C1)C2)c1nc2ccccc2[nH]1,5,0.0,0.0,0.0
CCCCCn1c(C(=O)NC23CC4CC(CC(C4)C2)C3)nc2ccccc21,5,0.0,0.0,0.0
O=C(NC12CC3CC(CC(C3)C1)C2)c1nc2ccccc2n1CCN1CCOCC1,5,0.0,0.0,0.0
O=C(NC12CC3CC(CC(C3)C1)C2)c1cc2ncccc2[nH]1,5,0.0,0.0,0.0
O=C(NC12CC3CC(CC(C3)C1)C2)c1cc2cnccc2[nH]1,5,0.0,0.0,0.0
O=C(NC12CC3CC(CC(C3)C1)C2)c1cc2cccnc2[nH]1,5,0.0,0.0,0.0
CCCCCn1c(C(=O)NC23CC4CC(CC(C4)C2)C3)cc2ncccc21,5,0.0,0.0,0.0
CCCCCn1c(C(=O)NC23CC4CC(CC(C4)C2)C3)cc2cnccc21,5,0.0,0.0,0.0
O=C(NC12CC3CC(CC(C3)C1)C2)c1cc2ncccc2n1CCN1CCOCC1,5,0.0,0.0,0.0
O=C(NC12CC3CC(CC(C3)C1)C2)c1cc2cnccc2n1CCN1CCOCC1,5,0.0,0.0,0.0
O=C(NC12CC3CC(CC(C3)C1)C2)c1cc2cccnc2n1CCN1CCOCC1,5,0.0,0.0,0.0
O=C(NC12CC3CC(CC(C3)C1)C2)c1nc2ccccc2n1CCCCCO,5,0.0,0.0,0.0
O=[N+]([O-])CC(c1ccccc1F)c1c(-c2cccc(F)c2)[nH]c2c(F)cccc12,17,0.0,0.0,0.0
O=[N+]([O-])CC(c1ccccc1F)c1c(-c2cccc(F)c2)[nH]c2cc(F)ccc12,17,0.0,0.0,0.0
O=[N+]([O-])CC(c1ncccc1F)c1c(-c2ccccc2)[nH]c2ccccc12,17,0.0,0.0,0.0
O=[N+]([O-])CC(c1ccccn1)c1c(-c2ccccc2)[nH]c2ccccc12,4,0.0,0.0,0.0
O=[N+]([O-])CC(c1ccccc1)c1c(-c2ccccc2)[nH]c2ncccc12,4,0.0,0.0,0.0
O=[N+]([O-])CC(c1ccccc1)c1c(-c2ccccc2)[nH]c2cccnc12,4,0.0,0.0,0.0
O=[N+]([O-])CC(c1ccc(F)cc1)c1c(-c2ccccc2)[nH]c2c(F)cccc12,4,0.0,0.0,0.0
O=[N+]([O-])CC(c1ccccc1F)c1c(-c2ccccc2)[nH]c2cc(F)ccc12,4,0.0,0.0,0.0
O=[N+]([O-])CC(c1ccccc1F)c1c(-c2ccccc2)[nH]c2ccccc12,8,0.0,0.0,1.0
O=[N+]([O-])CC(c1ccccc1)c1c(-c2ccccc2F)[nH]c2ccccc12,4,0.0,0.0,0.0
O=[N+]([O-])CC(c1ccccc1)c1c(-c2ccccc2)[nH]c2ccc(F)cc12,4,0.0,0.0,0.0
O=[N+]([O-])CC(c1ccncc1)c1c(-c2ccccc2)[nH]c2ccccc12,4,0.0,0.0,0.0
O=[N+]([O-])CC(c1ccccc1)c1c(-c2cccnc2)[nH]c2ccccc12,4,0.0,0.0,0.0
O=[N+]([O-])CC(c1ccccc1)c1c(-c2ccccc2)[nH]c2cc(F)ccc12,4,0.0,0.0,0.0
O=[N+]([O-])CC(c1ccccc1)c1c(-c2ccccc2)[nH]c2c(F)cccc12,4,0.0,0.0,0.0
O=[N+]([O-])CC(c1ccccc1)c1c(-c2cccc(F)c2)[nH]c2ccccc12,4,0.0,0.0,0.0
O=[N+]([O-])CC(c1ccccc1)c1c(-c2ccc(F)cc2)[nH]c2ccccc12,4,0.0,0.0,0.0
O=[N+]([O-])CC(c1cccc(F)c1)c1c(-c2ccccc2)[nH]c2ccccc12,8,0.0,0.0,1.0
O=[N+]([O-])CC(c1ccc(F)cc1)c1c(-c2ccccc2)[nH]c2ccccc12,8,0.0,0.0,1.0
O=[N+]([O-])CC(c1ccc(F)cc1)c1c(-c2cccc(F)c2)[nH]c2cc(F)ccc12,4,0.0,0.0,0.0
O=[N+]([O-])CC(c1ccc(F)cc1)c1c(-c2cccc(F)c2)[nH]c2c(F)cccc12,4,0.0,0.0,0.0
O=[N+]([O-])CC(c1ccccc1)c1c(-c2ccccc2)[nH]c2ccncc12,4,0.0,0.0,0.0
O=[N+]([O-])CC(c1ccccc1)c1c(-c2ccccc2)[nH]c2cnccc12,4,0.0,0.0,0.0
O=[N+]([O-])CC(c1ccccc1)c1c(-c2ccncc2)[nH]c2ccccc12,4,0.0,0.0,0.0
O=[N+]([O-])CC(c1cccnc1)c1c(-c2ccccc2)[nH]c2ccccc12,4,0.0,0.0,0.0
O=[N+]([O-])CC(c1ccccc1)c1c(-c2ccccc2)[nH]c2cccc(F)c12,4,0.0,0.0,0.0
O=[N+]([O-])CC(c1ccc(F)cc1)c1c(-c2ccccc2)[nH]c2cc(F)ccc12,4,0.0,0.0,0.0
O=[N+]([O-])CC(c1ccccc1F)c1c(-c2ccccc2)[nH]c2c(F)cccc12,4,0.0,0.0,0.0
Clc1ccc(-n2c(-c3ccccc3Cl)nc3c(N4CCC(Nc5ccccc5)CC4)ncnc32)cc1,2,0.0,0.0,1.0
Clc1ccc(-n2c(-c3ccccc3Cl)nc3c(N4CCC(Nc5ccccn5)CC4)ncnc32)cc1,2,0.0,0.0,1.0
Clc1ccc(-n2c(-c3ccccc3Cl)nc3c(N4CCC(Nc5ncccn5)CC4)ncnc32)cc1,2,0.0,0.0,0.0
Clc1ccc(-n2c(-c3ccccc3Cl)nc3c(N4CCC(Nc5ccncc5)CC4)ncnc32)cc1,2,0.0,0.0,0.0
Clc1ccc(-n2c(-c3ccccc3Cl)nc3c(N4CCC(NCc5ccccc5)CC4)ncnc32)cc1,2,0.0,0.0,0.0
Clc1ccc(-n2c(-c3ccccc3Cl)nc3c(N4CCC(NCc5ccncc5)CC4)ncnc32)cc1,2,0.0,0.0,0.0
CN(Cc1ccccc1)C1CCN(c2ncnc3c2nc(-c2ccccc2Cl)n3-c2ccc(Cl)cc2)CC1,2,0.0,0.0,1.0
Fc1ccc(CNC2CCN(c3ncnc4c3nc(-c3ccccc3Cl)n4-c3ccc(Cl)cc3)CC2)cc1,2,0.0,0.0,0.0
CN(Cc1ccc(F)cc1)C1CCN(c2ncnc3c2nc(-c2ccccc2Cl)n3-c2ccc(Cl)cc2)CC1,2,0.0,0.0,0.0
O/N=C(\c1ccc(F)cc1)C1CCN(c2ncnc3c2nc(-c2ccccc2Cl)n3-c2ccc(Cl)cc2)CC1,4,0.0,0.0,1.0
Clc1ccc(-n2c(-c3ccccc3Cl)nc3c(N4CCC(c5nc6ccccc6[nH]5)CC4)ncnc32)cc1,2,0.0,0.0,1.0
N=C(NC1CCN(c2ncnc3c2nc(-c2ccccc2Cl)n3-c2ccc(Cl)cc2)CC1)c1ccc(F)cc1,2,0.0,0.0,1.0
N=C(Nc1ccc(F)cc1)NC1CCN(c2ncnc3c2nc(-c2ccccc2Cl)n3-c2ccc(Cl)cc2)CC1,2,0.0,0.0,0.0
COCCC(=O)NC1CCN(c2ncnc3c2nc(-c2ccccc2Cl)n3-c2ccc(Cl)cc2)CC1,2,0.0,0.0,0.0
CCOCC(=O)NC1CCN(c2ncnc3c2nc(-c2ccccc2Cl)n3-c2ccc(Cl)cc2)CC1,2,0.0,0.0,0.0
CS(=O)(=O)CCC(=O)NC1CCN(c2ncnc3c2nc(-c2ccccc2Cl)n3-c2ccc(Cl)cc2)CC1,2,0.0,0.0,0.0
CCCCC(=O)NC1CCN(c2ncnc3c2nc(-c2ccccc2Cl)n3-c2ccc(C(F)(F)F)nc2)CC1,2,0.0,0.0,1.0
CC(C)(C)CC(=O)NC1CCN(c2ncnc3c2nc(-c2ccccc2Cl)n3-c2ccc(Cl)cc2)CC1,2,0.0,0.0,1.0
CC(C)(O)CC(=O)NC1CCN(c2ncnc3c2nc(-c2ccccc2Cl)n3-c2ccc(Cl)cc2)CC1,2,0.0,0.0,0.0
CC(C)(C)OCCC(=O)NC1CCN(c2ncnc3c2nc(-c2ccccc2Cl)n3-c2ccc(Cl)cc2)CC1,2,0.0,0.0,1.0
O=C(NC1CCN(c2ncnc3c2nc(-c2ccccc2Cl)n3-c2ccc(Cl)cc2)CC1)C1CCOC1,2,0.0,0.0,0.0
O=C(NC1CCN(c2ncnc3c2nc(-c2ccccc2Cl)n3-c2ccc(Cl)cc2)CC1)C1CCOCC1,2,0.0,0.0,0.0
O=C(NC1CCN(c2ncnc3c2nc(-c2ccccc2Cl)n3-c2ccc(Cl)cc2)CC1)C1CCSCC1,2,0.0,0.0,1.0
O=C(NC1CCN(c2ncnc3c2nc(-c2ccccc2Cl)n3-c2ccc(Cl)cc2)CC1)C1CCS(=O)(=O)CC1,2,0.0,0.0,0.0
O=C(CC1CCOC1)NC1CCN(c2ncnc3c2nc(-c2ccccc2Cl)n3-c2ccc(Cl)cc2)CC1,2,0.0,0.0,0.0
O=C(CN1CCCCC1)NC1CCN(c2ncnc3c2nc(-c2ccccc2Cl)n3-c2ccc(Cl)cc2)CC1,2,0.0,0.0,0.0
O=C(CC1CCOCC1)NC1CCN(c2ncnc3c2nc(-c2ccccc2Cl)n3-c2ccc(Cl)cc2)CC1,2,0.0,0.0,0.0
O=C(CN1CCOCC1)NC1CCN(c2ncnc3c2nc(-c2ccccc2Cl)n3-c2ccc(Cl)cc2)CC1,2,0.0,0.0,0.0
O=C(NC1CCN(c2ncnc3c2nc(-c2ccccc2Cl)n3-c2ccc(C(F)(F)F)nc2)CC1)c1ccccc1,2,0.0,0.0,1.0
O=C(NC1CCN(c2ncnc3c2nc(-c2ccccc2Cl)n3-c2ccc(Cl)cc2)CC1)c1ccccn1,2,0.0,0.0,0.0
O=C(NC1CCN(c2ncnc3c2nc(-c2ccccc2Cl)n3-c2ccc(Cl)cc2)CC1)c1ccccc1F,3,0.0,0.0,1.0
O=C(NC1CCN(c2ncnc3c2nc(-c2ccccc2Cl)n3-c2ccc(Cl)cc2)CC1)c1ccc(F)cc1,2,0.0,0.0,1.0
O=C(NC1CCN(c2ncnc3c2nc(-c2ccccc2Cl)n3-c2ccc(Cl)cc2)CC1)c1ccc(F)cc1F,2,0.0,0.0,1.0
O=C(NC1CCN(c2ncnc3c2nc(-c2ccccc2Cl)n3-c2ccc(Cl)cc2)CC1)c1ccc(F)c(F)c1,2,0.0,0.0,1.0
CC(C(=O)NC1CCN(c2ncnc3c2nc(-c2ccccc2Cl)n3-c2ccc(Cl)cc2)CC1)c1ccccc1,2,0.0,0.0,1.0
Cn1nnnc1CCC(=O)NC1CCN(c2ncnc3c2nc(-c2ccccc2Cl)n3-c2ccc(Cl)cc2)CC1,2,0.0,0.0,0.0
COCCOC(=O)NC1CCN(c2ncnc3c2nc(-c2ccccc2Cl)n3-c2ccc(Cl)cc2)CC1,2,0.0,0.0,1.0
O=C(NC1CCN(c2ncnc3c2nc(-c2ccccc2Cl)n3-c2ccc(Cl)cc2)CC1)OC1CCC1,2,0.0,0.0,1.0
O=C(NC1CCN(c2ncnc3c2nc(-c2ccccc2Cl)n3-c2ccc(Cl)cc2)CC1)OC1COC1,2,0.0,0.0,0.0
O=C(NC1CCN(c2ncnc3c2nc(-c2ccccc2Cl)n3-c2ccc(Cl)cc2)CC1)OC1CCOCC1,2,0.0,0.0,0.0
O=C(NC1CCN(c2ncnc3c2nc(-c2ccccc2Cl)n3-c2ccc(Cl)cc2)CC1)OCC1COC1,2,0.0,0.0,0.0
CN1CCC(COC(=O)NC2CCN(c3ncnc4c3nc(-c3ccccc3Cl)n4-c3ccc(Cl)cc3)CC2)CC1,2,0.0,0.0,0.0
O=C(NC1CCN(c2ncnc3c2nc(-c2ccccc2Cl)n3-c2ccc(Cl)cc2)CC1)OCc1ccccc1,2,0.0,0.0,1.0
O=S(=O)(CCC(F)(F)F)NC1CCN(c2ncnc3c2nc(-c2ccccc2Cl)n3-c2ccc(Cl)cc2)CC1,2,0.0,0.0,1.0
CCCCCS(=O)(=O)NC1CCN(c2ncnc3c2nc(-c2ccccc2Cl)n3-c2ccc(Cl)cc2)CC1,2,0.0,0.0,1.0
O=S(=O)(CC1CCCCC1)NC1CCN(c2ncnc3c2nc(-c2ccccc2Cl)n3-c2ccc(Cl)cc2)CC1,2,0.0,0.0,1.0
O=S(=O)(NC1CCCCC1)NC1CCN(c2ncnc3c2nc(-c2ccccc2Cl)n3-c2ccc(Cl)cc2)CC1,2,0.0,0.0,1.0
O=S(=O)(NC1CCN(c2ncnc3c2nc(-c2ccccc2Cl)n3-c2ccc(Cl)cc2)CC1)c1ccccc1F,3,0.0,0.0,1.0
O=S(=O)(NC1CCN(c2ncnc3c2nc(-c2ccccc2Cl)n3-c2ccc(F)cc2)CC1)c1ccccc1F,2,0.0,0.0,1.0
O=S(=O)(NC1CCN(c2ncnc3c2nc(-c2ccccc2Cl)n3-c2ccc(C(F)(F)F)nc2)CC1)c1ccccc1F,2,0.0,0.0,1.0
O=S(=O)(NC1CCN(c2ncnc3c2nc(-c2ccccc2Cl)n3-c2ccc(OC(F)F)nc2)CC1)c1ccccc1F,2,0.0,0.0,1.0
O=S(=O)(NC1CCN(c2ncnc3c2nc(-c2ccccc2Cl)n3-c2ccc(Cl)cc2)CC1)c1ccc(F)cc1,2,0.0,0.0,1.0
O=S(=O)(NC1CCN(c2ncnc3c2nc(-c2ccccc2Cl)n3-c2ccc(Cl)cc2)CC1)c1ccc(F)cc1F,2,0.0,0.0,1.0
O=S(=O)(NC1CCN(c2ncnc3c2nc(-c2ccccc2Cl)n3-c2ccc(Cl)cc2)CC1)c1ccc(F)c(F)c1,2,0.0,0.0,1.0
O=S(=O)(NC1CCN(c2ncnc3c2nc(-c2ccccc2Cl)n3-c2ccc(C(F)(F)F)nc2)CC1)c1ccc(F)c(F)c1,2,0.0,0.0,1.0
O=S(=O)(NC1CCN(c2ncnc3c2nc(-c2ccccc2Cl)n3-c2ccc(OC(F)F)nc2)CC1)c1ccc(F)c(F)c1,3,0.0,0.0,1.0
NC(=O)c1ccc(-n2c(-c3ccccc3Cl)nc3c(N4CCC(NS(=O)(=O)c5ccc(F)c(F)c5)CC4)ncnc32)cc1,2,0.0,0.0,0.0
Nc1ccc(-n2c(-c3ccccc3Cl)nc3c(N4CCC(NS(=O)(=O)c5ccc(F)c(F)c5)CC4)ncnc32)cn1,2,0.0,0.0,0.0
CC(=O)Nc1ccc(-n2c(-c3ccccc3Cl)nc3c(N4CCC(NS(=O)(=O)c5ccc(F)c(F)c5)CC4)ncnc32)cn1,2,0.0,0.0,0.0
Cc1cc(-n2c(-c3ccccc3Cl)nc3c(N4CCC(NS(=O)(=O)c5ccc(F)c(F)c5)CC4)ncnc32)no1,2,0.0,0.0,1.0
Cn1cc(-n2c(-c3ccccc3Cl)nc3c(N4CCC(NS(=O)(=O)c5ccc(F)c(F)c5)CC4)ncnc32)cn1,2,0.0,0.0,0.0
Cn1ccc(-n2c(-c3ccccc3Cl)nc3c(N4CCC(NS(=O)(=O)c5ccc(F)c(F)c5)CC4)ncnc32)n1,2,0.0,0.0,0.0
O=S(=O)(NC1CCN(c2ncnc3c2nc(-c2ccccc2Cl)n3-c2cc(C(F)(F)F)[nH]n2)CC1)c1ccc(F)c(F)c1,2,0.0,0.0,0.0
O=C(Nc1ccc(Cl)cc1)Nc1cccc(-c2ccc[nH]2)c1,2,0.0,0.0,1.0
COc1ccc(-c2cccc(N3CCCC3)n2)cc1NC(=O)Nc1ccc(Cl)cc1,4,0.0,0.0,0.0
O=C(Nc1ccc(Cl)cc1)Nc1cc(-c2ccccc2)ccn1,5,0.0,0.0,0.0
O=C(Nc1ccc(Cl)cc1)Nc1cccc(-c2ccccc2)n1,4,0.0,0.0,0.0
O=C(Nc1ccc(Cl)cc1)Nc1cncc(-c2ccccc2)c1,4,0.0,0.0,0.0
O=C(Nc1ccc(Cl)cc1)Nc1ccnc(-c2ccccc2)c1,4,0.0,0.0,0.0
O=C(Nc1ccc(Cl)cc1)Nc1ccc(-c2ccccc2)s1,6,0.0,0.0,0.0
O=C(Nc1ccc(Cl)cc1)Nc1cc(-c2ccccc2)cs1,4,0.0,0.0,0.0
O=C(Nc1ccc(Cl)cc1)Nc1csc(-c2ccccc2)c1,4,0.0,0.0,0.0
O=C(Nc1ccc(Cl)cc1)Nc1ncc(-c2ccccc2)s1,4,0.0,0.0,0.0
O=C(Nc1ccc(Cl)cc1)N[C@H]1C[C@@H]1c1ccccc1,4,0.0,0.0,0.0
O=C(Nc1ccc(Cl)cc1)N[C@H]1C[C@H]1c1ccccc1,4,0.0,0.0,0.0
O=C(Nc1ccc(Cl)cc1)N[C@@H]1CCCN(c2ccccc2)C1,4,0.0,0.0,0.0
O=C(Nc1ccc(Cl)cc1)Nc1ccc(-c2ccc(F)cc2)s1,6,0.0,0.0,0.0
O=C(Nc1ccc(Cl)cc1)Nc1ccc(-c2cccc(F)c2)s1,5,0.0,0.0,0.0
O=C(Nc1ccc(Cl)cc1)Nc1ccc(-c2ccc(F)cc2F)s1,6,0.0,0.0,0.0
O=C(Nc1ccc(Cl)cc1)Nc1ccc(-c2ccccc2Cl)s1,6,0.0,0.0,0.0
O=C(Nc1ccc(Cl)cc1)Nc1ccc(-c2cccc(Cl)c2)s1,5,0.0,0.0,0.0
O=C(Nc1ccc(Cl)cc1)Nc1ccc(-c2ccc(Cl)cc2)s1,5,0.0,0.0,0.0
O=C(Nc1ccc(Cl)cc1)Nc1ccc(-c2ccc(Cl)c(Cl)c2)s1,5,0.0,0.0,0.0
O=C(Nc1ccc(Cl)cc1)Nc1ccc(-c2cc(Cl)cc(Cl)c2)s1,6,0.0,0.0,0.0
CC(=O)c1cccc(-c2ccc(NC(=O)Nc3ccc(Cl)cc3)s2)c1,5,0.0,0.0,0.0
COC(=O)c1cccc(-c2ccc(NC(=O)Nc3ccc(Cl)cc3)s2)c1,5,0.0,0.0,0.0
CS(=O)(=O)c1cccc(-c2ccc(NC(=O)Nc3ccc(Cl)cc3)s2)c1,5,0.0,0.0,0.0
COc1ccccc1-c1ccc(NC(=O)Nc2ccc(Cl)cc2)s1,5,0.0,0.0,0.0
COc1cccc(-c2ccc(NC(=O)Nc3ccc(Cl)cc3)s2)c1,6,0.0,0.0,0.0
COc1ccc(-c2ccc(NC(=O)Nc3ccc(Cl)cc3)s2)cc1,6,0.0,0.0,0.0
Cc1cccc(-c2ccc(NC(=O)Nc3ccc(Cl)cc3)s2)c1,5,0.0,0.0,0.0
CN(C)c1cccc(-c2ccc(NC(=O)Nc3ccc(Cl)cc3)s2)c1,6,0.0,0.0,0.0
O=C(Nc1ccc(Cl)cc1)Nc1ccc(-c2cccnc2)s1,5,0.0,0.0,0.0
O=C(Nc1ccc(Cl)cc1)Nc1ccc(-c2ccncc2)s1,6,0.0,0.0,0.0
CCCCc1ccc(C(=O)C2CCN(C(=O)c3ccc(F)c(O)c3)CC2)cc1,2,0.0,0.0,0.0
CC(C)c1ccc(C(=O)C2CCN(C(=O)c3ccc(F)c(O)c3)CC2)cc1,2,0.0,0.0,0.0
CCCCc1ccc(C(=O)C2CCN(C(=O)c3cc(O)ccc3F)CC2)cc1,2,0.0,0.0,0.0
CC(C)c1ccc(C(=O)C2CCN(C(=O)c3cc(O)ccc3F)CC2)cc1,2,0.0,0.0,0.0
CCCCCc1cc(O)c2c(c1)OC(C)(CCC=C(C)C)C=C2,4,0.0,0.0,1.0
C=C(C)[C@@H]1CCC(C)=C[C@H]1c1c(O)cc(CCC)cc1O,4,0.0,0.0,0.0
CCCCCCC(C)(C)c1cc(OCc2ccccc2)c2c(c1)OC(C)(C)c1cn[nH]c1-2,3,0.0,0.0,0.0
CCCCCCC(C)(C)c1cc(O)c2c(c1)OC(C)(C)c1cn(CCO)nc1-2,3,0.0,0.0,0.0
CCCCCCC(C)(C)c1cc(O)c2c(c1)OC(C)(C)c1cnoc1-2,3,0.0,0.0,0.0
CCCCCn1cc(C(=O)c2cccc3ccccc23)c2c(F)cccc21,3,0.0,0.0,0.0
CCCCCn1cc(C(=O)c2cccc3ccccc23)c2cc(F)ccc21,3,0.0,0.0,0.0
CCCCCn1cc(C(=O)c2cccc3ccccc23)c2ccc(F)cc21,3,0.0,0.0,0.0
CCCCCn1cc(C(=O)c2cccc3ccccc23)c2cccc(F)c21,3,0.0,0.0,0.0
COc1ccc(/C=C2\C=C(CCN3CCOCC3)c3ccccc32)c2ccccc12,3,0.0,0.0,0.0
C1=C(CCN2CCOCC2)c2ccccc2/C1=C/c1ccc2c3c(cccc13)CC2,3,0.0,0.0,0.0
CCc1ccc(/C=C2\C=C(CCN3CCOCC3)c3ccccc32)c2ccccc12,3,0.0,0.0,0.0
CCCc1ccc(/C=C2\C=C(CCN3CCOCC3)c3ccccc32)c2ccccc12,3,0.0,0.0,0.0
CCCCCCCC/C=C\CCCCCCCC(=O)N[C@H](CCCCN)C(=O)O.Cl,2,0.0,0.0,0.0
O=C(NN1CCCCC1)c1cn(-c2ccc(Cl)cc2Cl)c(-c2ccc(C#Cc3ccc(C(F)(F)F)cc3)s2)c1CNS(=O)(=O)N1CCCC1,2,0.0,0.0,1.0
O=C(Nc1cccc(Cl)c1)C1CCN(C(=O)c2ccc3ccccc3c2)CC1,2,0.0,0.0,0.0
O=C(O)c1cc(-c2ccc(C3CCNCC3)cc2)c2ccc(-c3ccc(C(F)(F)F)cc3)cc2c1,3,0.0,0.0,0.0
O=C(O)c1cc(-c2ccc(C3CCNCC3)cc2)cc(-c2cn(-c3ccc(C(F)(F)F)cc3)nn2)c1,2,0.0,0.0,0.0
CCCCCc1cc(OC)cc(OCCCCCCCCCCC(=O)NC2CC2)c1,3,0.0,0.0,0.0
CCCCCCC(C)(C)c1cc(OC)cc(OCCCCCCCC(=O)NC2CC2)c1,3,0.0,0.0,0.0
CCCCCc1cccc(OCCCCCCCCCCC(=O)NC2CC2)c1,3,0.0,0.0,0.0
COc1cc(-c2cncc(-c3ccc(N4CCNCC4)cc3)c2C)cc(OC)c1OC,2,0.0,0.0,0.0
CCCc1cc(O)c2c(c1)OC(C)(C)[C@@H]1CCC(C(=O)O)=C[C@@H]21,2,0.0,0.0,1.0
CCCc1cc(O)c2c(c1)OC(C)(C)[C@@H]1CCC(CO)=C[C@@H]21,2,0.0,0.0,1.0
CCCc1cc(O)c2c(c1)OC(C)(C)[C@@H]1C[C@H](O)C(C)=C[C@@H]21,2,0.0,0.0,1.0
CCCc1cc(O)c2c(c1)OC(C)(C)[C@@H]1C[C@@H](O)C(C)=C[C@@H]21,2,0.0,0.0,0.0
O=[N+]([O-])CC(Cc1ccccc1)c1c(-c2ccccc2)[nH]c2ccccc12,4,0.0,0.0,1.0
O=[N+]([O-])CC(c1c(-c2ccccc2)[nH]c2ccccc12)C1CCCCC1,4,0.0,0.0,1.0
Cc1ccc(C(C[N+](=O)[O-])c2c(-c3ccccc3)[nH]c3ccccc23)cc1,4,0.0,0.0,0.0
Cc1cccc(C(C[N+](=O)[O-])c2c(-c3ccccc3)[nH]c3ccccc23)c1,4,0.0,0.0,1.0
Cc1ccccc1C(C[N+](=O)[O-])c1c(-c2ccccc2)[nH]c2ccccc12,4,0.0,0.0,1.0
COc1ccc(C(C[N+](=O)[O-])c2c(-c3ccccc3)[nH]c3ccccc23)cc1,4,0.0,0.0,0.0
COc1cccc(C(C[N+](=O)[O-])c2c(-c3ccccc3)[nH]c3ccccc23)c1,4,0.0,0.0,1.0
COc1ccccc1C(C[N+](=O)[O-])c1c(-c2ccccc2)[nH]c2ccccc12,4,0.0,0.0,1.0
O=[N+]([O-])CC(c1ccc(Cl)cc1)c1c(-c2ccccc2)[nH]c2ccccc12,4,0.0,0.0,0.0
O=[N+]([O-])CC(c1cccc(Cl)c1)c1c(-c2ccccc2)[nH]c2ccccc12,4,0.0,0.0,1.0
O=[N+]([O-])CC(c1ccccc1Cl)c1c(-c2ccccc2)[nH]c2ccccc12,4,0.0,0.0,1.0
O=[N+]([O-])CC(c1c(Cl)cccc1Cl)c1c(-c2ccccc2)[nH]c2ccccc12,4,0.0,0.0,1.0
O=[N+]([O-])CC(c1ccc(N2CCCC2)cc1)c1c(-c2ccccc2)[nH]c2ccccc12,4,0.0,0.0,1.0
O=[N+]([O-])CC(c1cccc(N2CCCC2)c1)c1c(-c2ccccc2)[nH]c2ccccc12,4,0.0,0.0,1.0
O=[N+]([O-])CC(c1ccccc1N1CCCC1)c1c(-c2ccccc2)[nH]c2ccccc12,4,0.0,0.0,0.0
O=[N+]([O-])CC(c1ccc(C(F)(F)F)cc1)c1c(-c2ccccc2)[nH]c2ccccc12,4,0.0,0.0,0.0
O=[N+]([O-])CC(c1cccc(C(F)(F)F)c1)c1c(-c2ccccc2)[nH]c2ccccc12,4,0.0,0.0,1.0
O=[N+]([O-])CC(c1ccccc1C(F)(F)F)c1c(-c2ccccc2)[nH]c2ccccc12,4,0.0,0.0,1.0
O=[N+]([O-])CC(c1ccc(N2CCCCC2)cc1)c1c(-c2ccccc2)[nH]c2ccccc12,4,0.0,0.0,1.0
O=[N+]([O-])CC(c1ccc(N2CCOCC2)cc1)c1c(-c2ccccc2)[nH]c2ccccc12,4,0.0,0.0,0.0
CC(C)(C)c1ccc(C(C[N+](=O)[O-])c2c(-c3ccccc3)[nH]c3ccccc23)cc1,4,0.0,0.0,1.0
O=[N+]([O-])CC(c1ccc(-c2ccccc2)cc1)c1c(-c2ccccc2)[nH]c2ccccc12,4,0.0,0.0,0.0
O=[N+]([O-])CC(c1ccc2ccccc2c1)c1c(-c2ccccc2)[nH]c2ccccc12,4,0.0,0.0,1.0
O=[N+]([O-])CC(c1cccc2ccccc12)c1c(-c2ccccc2)[nH]c2ccccc12,4,0.0,0.0,0.0
O=[N+]([O-])CC(c1cccs1)c1c(-c2ccccc2)[nH]c2ccccc12,4,0.0,0.0,1.0
O=[N+]([O-])CC(c1ccsc1)c1c(-c2ccccc2)[nH]c2ccccc12,4,0.0,0.0,1.0
O=[N+]([O-])CC(c1ccco1)c1c(-c2ccccc2)[nH]c2ccccc12,4,0.0,0.0,1.0
O=[N+]([O-])CC(c1ccoc1)c1c(-c2ccccc2)[nH]c2ccccc12,4,0.0,0.0,1.0
O=[N+]([O-])CC(c1ccc[nH]1)c1c(-c2ccccc2)[nH]c2ccccc12,4,0.0,0.0,1.0
O=[N+]([O-])CC(c1nccs1)c1c(-c2ccccc2)[nH]c2ccccc12,4,0.0,0.0,1.0
Cc1ccc2c(C(C[N+](=O)[O-])c3nccs3)c(-c3ccccc3)[nH]c2c1,4,0.0,0.0,1.0
O=[N+]([O-])CC(c1ncco1)c1c(-c2ccccc2)[nH]c2ccccc12,4,0.0,0.0,1.0
Cc1ccc2c(C(C[N+](=O)[O-])c3ncco3)c(-c3ccccc3)[nH]c2c1,4,0.0,0.0,1.0
Cn1ccnc1C(C[N+](=O)[O-])c1c(-c2ccccc2)[nH]c2ccccc12,4,0.0,0.0,1.0
Cn1cnc(C(C[N+](=O)[O-])c2c(-c3ccccc3)[nH]c3ccccc23)c1,4,0.0,0.0,0.0
Cn1cncc1C(C[N+](=O)[O-])c1c(-c2ccccc2)[nH]c2ccccc12,4,0.0,0.0,0.0
O=S(=O)(N1CCC(Nc2ncnc3ccc(C(c4ccc(Cl)cc4)c4ccc(Cl)cc4)cc23)CC1)C(F)(F)F,4,0.0,0.0,0.0
OCC(CO)(CO)COc1nc(NCc2cccc(C(F)(F)F)c2)c2cc(C(c3ccc(Cl)cc3)c3ccc(Cl)cc3)ccc2n1,4,0.0,0.0,0.0
O=C(COc1nc(NCc2cccc(C(F)(F)F)c2)c2cc(C(c3ccc(Cl)cc3)c3ccc(Cl)cc3)ccc2n1)NCCO,4,0.0,0.0,0.0
O=S(=O)(N1CCC(Nc2nc(O)nc3ccc(C(c4ccc(Cl)cc4)c4ccc(Cl)cc4)cc23)CC1)C(F)(F)F,4,0.0,0.0,0.0
Nc1nc(NC2CCN(S(=O)(=O)C(F)(F)F)CC2)c2cc(C(c3ccc(Cl)cc3)c3ccc(Cl)cc3)ccc2n1,4,0.0,0.0,0.0
O=C(NC(CO)(CO)CO)c1ccc(S(=O)(=O)N2CCC(Nc3ncnc4ccc(C(c5ccc(Cl)cc5)c5ccc(Cl)cc5)cc34)CC2)cc1,4,0.0,0.0,0.0
O=C(O)c1ccc(S(=O)(=O)N2CCC(Nc3ncnc4ccc(C(c5ccc(Cl)cc5)c5ccc(Cl)cc5)cc34)CC2)cc1,4,0.0,0.0,0.0
O=C(NCc1ncc(C(F)(F)F)cc1Cl)c1ccc2c(c1)C1(CCS(=O)(=O)CC1)[C@H](C1CC1)N2S(=O)(=O)c1ccc(F)cc1,6,0.0,0.0,0.0
O=C1/C(=C/c2cn(Cc3ccccc3)c3ncccc23)N2CCC1CC2,5,0.0,0.0,0.0
O=C1/C(=C/c2cn(Cc3ccc(Cl)cc3)c3ncccc23)N2CCC1CC2,3,0.0,0.0,0.0
O=C1/C(=C/c2cn(Cc3ccc(Br)cc3)c3ncccc23)N2CCC1CC2,3,0.0,0.0,0.0
O=C1/C(=C/c2cn(Cc3ccc(F)cc3)c3ncccc23)N2CCC1CC2,3,0.0,0.0,0.0
CN(C)c1ccc(Nc2nc(-c3ccncc3)nc3c2CC(N)CC3)cc1,2,0.0,0.0,0.0
O=C(Nc1ccc(F)cc1)Nc1cccc(-c2cccc(N3CCCC3)c2)c1,3,0.0,0.0,0.0
O=C(Nc1ccc(Cl)cc1)Nc1cccc(Nc2cccc(N3CCCC3)n2)n1,4,0.0,0.0,0.0
O=C(Nc1ccc(Cl)cc1)Nc1cccc(Nc2cccc(N3CCCCC3)n2)n1,4,0.0,0.0,0.0
O=C(Nc1ccc(Cl)cc1)Nc1cccc(Nc2ccccn2)c1,3,0.0,0.0,0.0
O=C(Nc1ccc(Cl)cc1)Nc1cccc(Nc2ccc(F)cc2)c1,7,0.0,0.0,0.0
O=C(Nc1ccc(Cl)cc1)Nc1cccc(Nc2ccccc2)c1,4,0.0,0.0,0.0
O=C(Nc1ccc(Cl)cc1)Nc1cccc(-c2cccc(N3CCCCC3)c2)c1,5,0.0,0.0,0.0
Cc1ccc(C(=O)NC2CCCCCC2)c(=O)n1Cc1ccc(F)cc1,2,0.0,0.0,1.0
Cc1c(Br)cc(C(=O)NC2CCCCCC2)c(=O)n1Cc1ccc(F)cc1,8,0.0,0.0,0.0
Cc1c(Cl)cc(C(=O)NC2CCCCCC2)c(=O)n1Cc1ccc(F)cc1,2,0.0,0.0,1.0
Cc1c(F)cc(C(=O)NC2CCCCCC2)c(=O)n1Cc1ccc(F)cc1,2,0.0,0.0,1.0
Cc1c(-c2ccccc2)cc(C(=O)NC2CCCCCC2)c(=O)n1Cc1ccc(F)cc1,2,0.0,0.0,1.0
COc1ccc(-c2cc(C(=O)NC3CCCCCC3)c(=O)n(Cc3ccc(F)cc3)c2C)cc1,2,0.0,0.0,1.0
Cc1c(-c2ccc(F)cc2)cc(C(=O)NC2CCCCCC2)c(=O)n1Cc1ccc(F)cc1,2,0.0,0.0,1.0
Cc1ccc(C(=O)NC2CCCCCC2)c(OCc2ccc(F)cc2)n1,2,0.0,0.0,1.0
Cc1nc(OCc2ccc(F)cc2)c(C(=O)NC2CCCCCC2)cc1Br,2,0.0,0.0,1.0
CN(C)c1ccc(CCNC(=O)c2[nH]c3ccc(Cl)cc3c2CN=[N+]=[N-])cc1,5,0.0,0.0,0.0
CCCCCc1c(C(=O)NCCc2ccc(C(=O)c3ccccc3)cc2)[nH]c2ccc(Cl)cc12,5,0.0,0.0,0.0
CCCCCCc1c(C(=O)NCCc2ccc(N=[N+]=[N-])cc2)[nH]c2ccc(Cl)cc12,5,0.0,0.0,0.0
CCc1c(C(=O)NCCc2ccc(C(=O)c3ccccc3)cc2)[nH]c2ccc(Cl)cc12,5,0.0,0.0,0.0
O=S(=O)(N1CCC(Nc2cnnc3ccc(C(c4ccc(Cl)cc4)c4nccs4)cc23)CC1)C(F)(F)F,4,0.0,0.0,0.0
O=C(O)c1ccccc1S(=O)(=O)N1CCC(Nc2cnnc3ccc(C(c4ccc(Cl)cc4)c4ccc(Cl)cc4)cc23)CC1,4,0.0,0.0,0.0
O=C(O)c1cccc(CN2CCC(Nc3cnnc4ccc(C(c5ccc(Cl)cc5)c5ccc(Cl)cc5)cc34)CC2)c1,4,0.0,0.0,0.0
O=S(=O)(N1CCC(Nc2cnnc3ccc(C(c4ccc(Cl)cc4)c4ccc(Cl)cc4)cc23)CC1)C(F)(F)F,4,0.0,0.0,0.0
O=S(=O)(N1CCC(Nc2cnnc3ccc(C(O)(c4ccc(Cl)cc4)c4ccc(Cl)cc4)cc23)CC1)C(F)(F)F,4,0.0,0.0,0.0
O=C(c1cc(O)c(-c2ccncc2)c(O)c1)c1cccs1,3,0.0,0.0,0.0
O=C(c1cc(O)c(-c2cccc(CO)c2)c(O)c1)c1cccs1,3,0.0,0.0,0.0
O=C(c1cc(O)c(-c2cc(Cl)ccc2Cl)c(O)c1)c1cccs1,5,0.0,0.0,0.0
O=C(c1cc(O)c(-c2cc(C(F)(F)F)cc(C(F)(F)F)c2)c(O)c1)c1cccs1,5,0.0,0.0,0.0
Cc1cccc(-c2c(O)cc(C(=O)c3cccs3)cc2O)c1,5,0.0,0.0,0.0
O=C(c1cc(O)c(-c2cccc(C(F)(F)F)c2)c(O)c1)c1cccs1,5,0.0,0.0,0.0
O=C(c1ccccc1)c1cc(O)c(-c2ccoc2)c(O)c1,3,0.0,0.0,0.0
O=C(c1ccccc1)c1cc(O)c(-c2ccsc2)c(O)c1,3,0.0,0.0,0.0
O=C(c1ccccc1)c1cc(O)c(-c2ccnc(Cl)c2)c(O)c1,3,0.0,0.0,0.0
O=C(c1ccccc1)c1cc(O)c(-c2ccnc(F)c2)c(O)c1,3,0.0,0.0,0.0
O=C(c1ccccc1)c1cc(O)c(-c2ccncc2)c(O)c1,3,0.0,0.0,0.0
N#Cc1cc(-c2c(O)cc(C(=O)c3ccccc3)cc2O)ccc1F,5,0.0,0.0,0.0
O=C(c1ccccc1)c1cc(O)c(-c2cccc(CO)c2)c(O)c1,3,0.0,0.0,0.0
O=C(c1ccccc1)c1cc(O)c(-c2ccc3c(c2)OCCO3)c(O)c1,3,0.0,0.0,0.0
O=C(c1ccccc1)c1cc(O)c(-c2ccc3c(c2)OCO3)c(O)c1,3,0.0,0.0,0.0
O=C(c1ccccc1)c1cc(O)c(-c2cc(C(F)(F)F)cc(C(F)(F)F)c2)c(O)c1,5,0.0,0.0,0.0
O=C(c1ccccc1)c1cc(O)c(-c2cc(Cl)ccc2Cl)c(O)c1,5,0.0,0.0,0.0
O=C(c1ccccc1)c1cc(O)c(-c2cc(F)cc(F)c2)c(O)c1,5,0.0,0.0,0.0
O=C(c1ccccc1)c1cc(O)c(-c2cccc(C(F)(F)F)c2)c(O)c1,5,0.0,0.0,0.0
O=[N+]([O-])c1ccc2[nH]nc(OCc3cccc4ccccc34)c2c1,2,0.0,0.0,0.0
Cn1nc(OCCc2ccccc2)c2cc([N+](=O)[O-])ccc21,2,0.0,0.0,0.0
O=C(c1ccc(Sc2ccccc2)cc1)C1CCN(C(=O)c2cc(O)ccc2F)CC1,2,0.0,0.0,0.0
O=C(c1ccc(Cc2ccccc2)cc1)C1CCN(C(=O)c2cc(O)ccc2F)CC1,2,0.0,0.0,0.0
O=C(c1ccc(Sc2ccccc2)cc1)C1CCN(C(=O)c2cc(O)c(F)cc2F)CC1,2,0.0,0.0,0.0
O=C(c1ccc(Cc2ccccc2)cc1)C1CCN(C(=O)c2cc(O)c(F)cc2F)CC1,2,0.0,0.0,0.0
Cn1c(C(C)(C)C)c/c(=N\C(=O)c2cc(C(F)(F)F)ccc2OCC(C)(C)O)n1C[C@H]1CCCO1,2,0.0,0.0,0.0
CN(C(=O)c1cc(C(F)(F)F)ccc1OCC(C)(C)O)c1cc(C(C)(C)C)nn1C[C@H]1CCCO1,3,0.0,0.0,0.0
CC(C)(O)COc1ccc(C(F)(F)F)cc1C(=O)Oc1cc(C(C)(C)C)nn1C[C@H]1CCCO1,3,0.0,0.0,0.0
CC(C)(O)COc1ccc(C(F)(F)F)cc1NC(=O)c1cc(C(C)(C)C)nn1C[C@H]1CCCO1,3,0.0,0.0,0.0
CC(C)(O)COc1ccc(C(F)(F)F)cc1C(=S)Nc1cc(C(C)(C)C)nn1C[C@H]1CCCO1,3,0.0,0.0,0.0
CC(C)(O)COc1ccc(C(F)(F)F)cc1S(=O)(=O)Nc1cc(C(C)(C)C)nn1C[C@H]1CCCO1,3,0.0,0.0,0.0
CC(C)(O)COc1ccc(C(F)(F)F)cc1NC(=O)Nc1cc(C(C)(C)C)nn1C[C@H]1CCCO1,3,0.0,0.0,0.0
CC(C)(O)COc1ccc(C(F)(F)F)cc1CNc1cc(C(C)(C)C)nn1C[C@H]1CCCO1,3,0.0,0.0,0.0
CC(C)(O)COc1ccc(C(F)(F)F)cc1Nc1cc(C(C)(C)C)nn1C[C@H]1CCCO1,3,0.0,0.0,0.0
CC(C)(O)COc1ccc(C(F)(F)F)cc1-c1ccc(-c2cc(C(C)(C)C)nn2C[C@H]2CCCO2)o1,3,0.0,0.0,0.0
CC(C)(O)COc1ccc(C(F)(F)F)cc1-c1cn(-c2cc(C(C)(C)C)nn2C[C@H]2CCCO2)nn1,3,0.0,0.0,0.0
CC(C)(O)COc1ccc(C(F)(F)F)cc1-c1cc(C(C)(C)C)nn1C[C@H]1CCCO1,3,0.0,0.0,0.0
CC(C)(O)COc1ccc(C(F)(F)F)cc1C#Cc1cc(C(C)(C)C)nn1C[C@H]1CCCO1,3,0.0,0.0,0.0
CC(C)(O)COc1ccc(C(F)(F)F)cc1/C=C/c1cc(C(C)(C)C)nn1C[C@H]1CCCO1,3,0.0,0.0,0.0
CC(C)(O)COc1ccc(C(F)(F)F)cc1CCc1cc(C(C)(C)C)nn1C[C@H]1CCCO1,3,0.0,0.0,0.0
CC(C)(O)COc1ccc(C(F)(F)F)cc1-c1ccc2c(C(C)(C)C)nn(C[C@H]3CCCO3)c2c1,3,0.0,0.0,0.0
CC(C)(O)COc1ccc(C(F)(F)F)cc1-c1ncc2c(C(C)(C)C)nn(C[C@H]3CCCO3)c2n1,3,0.0,0.0,0.0
CC(C)(O)COc1ccc(C(F)(F)F)cc1-c1nnc2c(C(C)(C)C)nn(C[C@H]3CCCO3)c2n1,4,0.0,0.0,0.0
CCCCCn1nc(C(=O)NC(C)(C)c2ccc(Cl)cc2)cc1C(C)(C)C,2,0.0,0.0,0.0
CCCCCn1nc(C(=O)NC(C)(C)CO)cc1C(C)(C)C,2,0.0,0.0,0.0
CCCCCn1nc(C(=O)NC23CC4CC(CC(O)(C4)C2)C3)cc1C(C)(C)C,2,0.0,0.0,0.0
CCCCCn1nc(C(C)(C)C)cc1C(=O)Nc1ccc(Cl)cc1,2,0.0,0.0,0.0
CCCCCn1nc(C(C)(C)C)cc1C(=O)NC12CC3CC(CC(O)(C3)C1)C2,2,0.0,0.0,0.0
CCCCCn1nc(C(=O)NC2CCCCC2)cc1C(C)(C)C,2,0.0,0.0,0.0
CCCCCn1nc(C(=O)NCc2ccc(Cl)cc2)cc1C(C)(C)C,2,0.0,0.0,0.0
CCCCCn1nc(C(=O)NC(C)(C)C)cc1C(C)(C)C,2,0.0,0.0,0.0
CCCCCn1nc(C(=O)NC23CC4CC(CC(C4)C2)C3)cc1C(C)(C)C,2,0.0,0.0,0.0
CCCCCn1nc(C(C)(C)C)cc1C(=O)NC(C)(C)CO,2,0.0,0.0,0.0
CCCCCn1nc(C(C)(C)C)cc1C(=O)NC12CC3CC(CC(C3)C1)C2,2,0.0,0.0,0.0
CCCCCn1nc(C(=O)Nc2ccncc2)cc1C(C)(C)C,2,0.0,0.0,0.0
CCCCCn1nc(C(=O)Nc2ccc(Cl)cc2)cc1C(C)(C)C,2,0.0,0.0,0.0
CCCCCn1nc(C(C)(C)C)cc1C(=O)NCc1ccc(Cl)cc1,2,0.0,0.0,0.0
CCCCCn1nc(C(C)(C)C)cc1C(=O)NC(C)(C)C,2,0.0,0.0,0.0
CCCCCn1nc(C(=O)N[C@@H](C(=O)OC)C(C)(C)C)cc1C(C)(C)C,2,0.0,0.0,0.0
CCCCCn1nc(C(=O)N[C@@H](C(=O)OC)C(C)C)cc1C(C)(C)C,2,0.0,0.0,0.0
CCCCCn1nc(C(=O)N[C@H](C(=O)OC)C(C)C)cc1C(C)(C)C,2,0.0,0.0,0.0
CCCCCn1nc(C(=O)NC(C)(C)CO)cc1C(F)(F)F,2,0.0,0.0,0.0
CCCCCn1nc(C(=O)NC(C)(C)CO)cc1C(C)C,2,0.0,0.0,0.0
CCCCCn1nc(C(=O)NC(C)(C)CO)cc1CC(C)(C)C,2,0.0,0.0,0.0
CCCCCn1nc(C(=O)NC(C)(C)CO)cc1C1CC1,2,0.0,0.0,0.0
CCCCCn1nc(C(=O)NC(C)(C)CO)cc1C1CCCCC1,2,0.0,0.0,0.0
CCCCCn1nc(C(=O)NC(C)(C)CO)cc1-c1ccc(F)cc1F,2,0.0,0.0,0.0
CCCCCn1nc(C(=O)NC(C)(C)CO)c(Cl)c1C(C)(C)C,2,0.0,0.0,0.0
CCCCCn1nc(C(=O)NC(C)(C)CO)c(Br)c1C(C)(C)C,2,0.0,0.0,0.0
CCCCCn1nc(C(=O)NC(C)(C)CO)c([N+](=O)[O-])c1C(C)(C)C,2,0.0,0.0,0.0
CCCCCn1nc(C(=O)NC(C)(C)CO)c(N)c1C(C)(C)C,2,0.0,0.0,0.0
CCCn1nc(C(=O)NC(C)(C)CO)cc1C(C)(C)C,2,0.0,0.0,0.0
CCCCn1nc(C(=O)NC(C)(C)CO)cc1C(C)(C)C,2,0.0,0.0,0.0
CCCCCCn1nc(C(=O)NC(C)(C)CO)cc1C(C)(C)C,2,0.0,0.0,0.0
CC(C)(CO)NC(=O)c1cc(C(C)(C)C)n(CCCF)n1,2,0.0,0.0,0.0
CC(C)(CO)NC(=O)c1cc(C(C)(C)C)n(CCCCF)n1,2,0.0,0.0,0.0
CC(C)(CO)NC(=O)c1cc(C(C)(C)C)n(CCCCCF)n1,2,0.0,0.0,0.0
CC(C)(CO)NC(=O)c1cc(C(C)(C)C)n(CC2CC2)n1,2,0.0,0.0,0.0
COCCn1nc(C(=O)NC(C)(C)CO)cc1C(C)(C)C,2,0.0,0.0,0.0
CC(C)(CO)NC(=O)c1cc(C(C)(C)C)n(-c2ccccc2)n1,2,0.0,0.0,0.0
Cc1ccc(-n2nc(C(=O)NC(C)(C)CO)cc2C(C)(C)C)cc1,2,0.0,0.0,0.0
CC(C)(CO)NC(=O)c1cc(C(C)(C)C)n(-c2ccc(F)cc2)n1,2,0.0,0.0,0.0
CC(C)(CO)NC(=O)c1cc(C(C)(C)C)n(-c2ccc(Cl)cc2)n1,2,0.0,0.0,0.0
CC(C)(CO)NC(=O)c1cc(C(C)(C)C)n(-c2ccc(C(F)(F)F)cc2)n1,2,0.0,0.0,0.0
COc1ccc(-n2nc(C(=O)NC(C)(C)CO)cc2C(C)(C)C)cc1,2,0.0,0.0,0.0
CC(C)(CO)NC(=O)c1cc(C(C)(C)C)n(-c2ccc(OC(F)(F)F)cc2)n1,2,0.0,0.0,0.0
CC(C)(CO)NC(=O)c1cc(C(C)(C)C)n(-c2ccc(F)cc2F)n1,2,0.0,0.0,0.0
CC(C)(CO)NC(=O)c1cc(C(C)(C)C)n(-c2ccccn2)n1,2,0.0,0.0,0.0
CC(C)(CO)NC(=O)c1cc(C(C)(C)C)n(-c2cccnc2)n1,2,0.0,0.0,0.0
CC(C)(CO)NC(=O)c1cc(C(C)(C)C)n(-c2ccc(F)cn2)n1,2,0.0,0.0,0.0
CC(C)(CO)NC(=O)c1cc(C(C)(C)C)n(-c2ccc(Cl)cn2)n1,2,0.0,0.0,0.0
CC(C)(CO)NC(=O)c1cc(C(C)(C)C)n(-c2ccc(C(F)(F)F)cn2)n1,5,0.0,0.0,0.0
CC(C)(CO)NC(=O)c1cc(C(C)(C)C)n(-c2ncc(C(F)(F)F)cc2Cl)n1,2,0.0,0.0,0.0
CC(C)(CO)NC(=O)c1cc(C(C)(C)C)n(-c2ncccn2)n1,2,0.0,0.0,0.0
CCCCCn1cc(C(=O)c2cccc3c2CC(C)(C)C3)c2ccccc21,3,0.0,0.0,0.0
CCCCCn1cc(C(=O)c2ccc3c(c2)CC(C)(C)C3)c2ccccc21,3,0.0,0.0,0.0
CCCn1cc(C(=O)c2ccc3c(c2)CC(C)(C)C3)c2ccccc21,3,0.0,0.0,0.0
C=CCCCn1cc(C(=O)c2ccc3c(c2)CC(C)(C)C3)c2ccccc21,3,0.0,0.0,0.0
C#CCCCn1cc(C(=O)c2ccc3c(c2)CC(C)(C)C3)c2ccccc21,3,0.0,0.0,0.0
C#CCCCn1c(C)c(C(=O)c2ccc3c(c2)CC(C)(C)C3)c2ccccc21,3,0.0,0.0,0.0
CC(C)(C)NC(=O)c1nn(-c2ccc(F)cc2F)c2c1CC1CCC2O1,2,0.0,0.0,0.0
CC(C)(C)NC(=O)c1c2c(nn1-c1ccc(F)cc1F)C1CCC(C2)O1,2,0.0,0.0,0.0
CC(C)(C)[C@@H](CO)NC(=O)c1nn(-c2cnccn2)c2c1C[C@@H]1CC[C@H]2O1,2,0.0,0.0,0.0
CC(C)(C)[C@@H](CO)NC(=O)c1nn(-c2cnccn2)c2c1C[C@H]1CC[C@@H]2O1,2,0.0,0.0,0.0
O=C(NC1(C(F)(F)F)CCC1)c1nn(-c2cnccn2)c2c1CC1CCC2O1,2,0.0,0.0,0.0
O=C(NC12CC3CC(CC1C3)C2)c1nn(-c2cnccn2)c2c1CC1CCC2O1,2,0.0,0.0,0.0
O=C(NC12CC(C1)C2)c1nn(-c2c[n+]([O-])ccn2)c2c1CC1CCC2O1,2,0.0,0.0,0.0
O=C(NC12CCC(CC1)CC2)c1nn(-c2c[n+]([O-])ccn2)c2c1CC1CCC2O1,2,0.0,0.0,0.0
CC(C)(C)c1nnc(-c2nn(-c3c[n+]([O-])ccn3)c3c2CC2CCC3O2)s1,2,0.0,0.0,0.0
CC(C)(C)NC(=O)c1c2c(nn1-c1c[n+]([O-])ccn1)C1CCC(C2)O1,2,0.0,0.0,0.0
CCC(C)(C)c1noc(-c2nn(-c3cnccn3)c3c2CC2CCC3O2)n1,2,0.0,0.0,0.0
O=C(NC12CC3CC(CC1C3)C2)c1nn(-c2ccc(F)cc2F)c2c1CC1CCC2O1,2,0.0,0.0,0.0
CC(C)(C)NC(=O)c1c2c(nn1-c1cnccn1)CC1CCC2O1,2,0.0,0.0,0.0
CC(C)(C)NC(=O)c1c2c(nn1-c1c[n+]([O-])ccn1)CC1CCC2O1,2,0.0,0.0,0.0
O=C(NCCc1ccccc1)Nc1ccc(Cl)cc1,8,0.0,0.0,0.0
O=C(NCCc1ccc(N2CCCCC2)cc1)Nc1ccc(Cl)cc1,11,0.0,0.0,0.0
O=C(NCCc1ccc(N2CCCC2)cc1)Nc1ccc(Cl)cc1,4,0.0,0.0,0.0
CCN(CC)c1ccc(CCNC(=O)Nc2ccc(Cl)cc2)cc1,2,0.0,0.0,0.0
CN(C)c1ccc(CCNC(=O)Nc2ccc(Cl)cc2)cc1,6,0.0,0.0,0.0
O=C(NCc1ccccc1)Nc1ccc(Cl)cc1,2,0.0,0.0,0.0
O=C(NCCCc1ccccc1)Nc1ccc(Cl)cc1,2,0.0,0.0,0.0
CC(C)(CNC(=O)Nc1ccc(Cl)cc1)c1ccccc1,2,0.0,0.0,0.0
CC(C)(Cc1ccccc1)NC(=O)Nc1ccc(Cl)cc1,2,0.0,0.0,0.0
O=C(NCC(F)(F)c1ccccc1)Nc1ccc(Cl)cc1,2,0.0,0.0,0.0
O=C(NCC1(c2ccccc2)CC1)Nc1ccc(Cl)cc1,2,0.0,0.0,0.0
O=C(Nc1ccc(Cl)cc1)NC1(Cc2ccccc2)CC1,2,0.0,0.0,0.0
O=C(NC[C@H]1C[C@@H]1c1ccccc1)Nc1ccc(Cl)cc1,2,0.0,0.0,0.0
O=C(NCCc1ccccn1)Nc1ccc(Cl)cc1,2,0.0,0.0,0.0
O=C(NCCc1ccncc1)Nc1ccc(Cl)cc1,2,0.0,0.0,0.0
O=C(NCCc1cccs1)Nc1ccc(Cl)cc1,2,0.0,0.0,0.0
CN1CCN(CCNC(=O)Nc2ccc(Cl)cc2)CC1,4,0.0,0.0,0.0
O=C(NCCN1CCOCC1)Nc1ccc(Cl)cc1,4,0.0,0.0,0.0
O=C(NCCN1CCCC1)Nc1ccc(Cl)cc1,4,0.0,0.0,0.0
O=C(NCCc1cccnc1)Nc1ccc(Cl)cc1,2,0.0,0.0,0.0
O=C(NCCc1ccsc1)Nc1ccc(Cl)cc1,2,0.0,0.0,0.0
Cc1ccc(CCNC(=O)Nc2ccc(Cl)cc2)o1,2,0.0,0.0,0.0
O=C(NCCN1CCCCC1)Nc1ccc(Cl)cc1,2,0.0,0.0,0.0
CC(=O)NCCNC(=O)Nc1ccc(Cl)cc1,2,0.0,0.0,0.0
CCCCCc1cc(O)c2c(c1)OC(C)(C)[C@@H]1CCC(C)=C[C@H]21,2,0.0,0.0,0.0
CCCCCc1cc(O)c2c(c1)OC(C)(C)[C@H]1CCC(C)=C[C@@H]21,2,0.0,0.0,1.0
CCCCC(C)(C)c1cc(OC)c2cc(Cc3ccccc3)c(=O)oc2c1,3,0.0,0.0,0.0
CCCCC(C)(C)c1cc(O)c2cc(Cc3ccccc3)c(=O)oc2c1,2,0.0,0.0,0.0
CCCCC(C)(C)c1cc(OC)c2cc(Cc3ccccc3C)c(=O)oc2c1,3,0.0,0.0,0.0
CCCCC(C)(C)c1cc(O)c2cc(Cc3ccccc3C)c(=O)oc2c1,2,0.0,0.0,0.0
CCCCC(C)(C)c1cc(OC)c2cc(Cc3ccccc3OC)c(=O)oc2c1,3,0.0,0.0,0.0
CCCCC(C)(C)c1cc(O)c2cc(Cc3ccccc3O)c(=O)oc2c1,2,0.0,0.0,0.0
CCCCCCC(C)(C)c1cc(O)c2cc(Cc3ccccc3C)c(=O)oc2c1,2,0.0,0.0,0.0
CCCCCCC(C)(C)c1cc(OC)c2cc(Cc3ccccc3C(F)(F)F)c(=O)oc2c1,2,0.0,0.0,0.0
CCCCCCC(C)(C)c1cc(O)c2cc(Cc3ccccc3C(F)(F)F)c(=O)oc2c1,2,0.0,0.0,0.0
CCCCCc1cc(OC)c2cc(Cc3ccccn3)c(=O)oc2c1,5,0.0,0.0,1.0
CCCCCc1cc(O)c2cc(Cc3ccccn3)c(=O)oc2c1,2,0.0,0.0,0.0
CCCCCc1cc(OC)c2cc(Cc3cccnc3)c(=O)oc2c1,4,0.0,0.0,0.0
CCCCCc1cc(O)c2cc(Cc3cccnc3)c(=O)oc2c1,2,0.0,0.0,0.0
CCCCCc1cc(OC)c2cc(Cc3ccncc3)c(=O)oc2c1,2,0.0,0.0,0.0
CCCCCc1cc(O)c2cc(Cc3ccncc3)c(=O)oc2c1,2,0.0,0.0,0.0
CCCCC1(c2cc(OC)c3cc(Cc4ccccn4)c(=O)oc3c2)CCCC1,2,0.0,0.0,0.0
CCCCC1(c2cc(O)c3cc(Cc4ccccn4)c(=O)oc3c2)CCCC1,2,0.0,0.0,0.0
CCCCC1(c2cc(OC)c3cc(Cc4cccnc4)c(=O)oc3c2)CCCC1,2,0.0,0.0,0.0
CCCCC1(c2cc(O)c3cc(Cc4cccnc4)c(=O)oc3c2)CCCC1,3,0.0,0.0,0.0
CCCCC1(c2cc(OC)c3cc(Cc4ccncc4)c(=O)oc3c2)CCCC1,2,0.0,0.0,0.0
CCCCC1(c2cc(O)c3cc(Cc4ccncc4)c(=O)oc3c2)CCCC1,2,0.0,0.0,0.0
CCCCC1(c2cc(OC)c3cc(Cc4ccccn4)c(=O)oc3c2)CCCCC1,2,0.0,0.0,0.0
CCCCC1(c2cc(O)c3cc(Cc4ccccn4)c(=O)oc3c2)CCCCC1,3,0.0,0.0,0.0
CCCCC1(c2cc(OC)c3cc(Cc4cccnc4)c(=O)oc3c2)CCCCC1,2,0.0,0.0,0.0
CCCCC1(c2cc(OC)c3cc(Cc4ccncc4)c(=O)oc3c2)CCCCC1,2,0.0,0.0,0.0
CCCCC1(c2cc(O)c3cc(Cc4ccncc4)c(=O)oc3c2)CCCCC1,2,0.0,0.0,0.0
CCCCC1(c2cc(OC)c3cc(C)c(=O)oc3c2)CCCC1,2,0.0,0.0,0.0
CCCCC1(c2cc(O)c3cc(C)c(=O)oc3c2)CCCC1,2,0.0,0.0,0.0
CCCCC1(c2cc(OC)c3cc(CC)c(=O)oc3c2)CCCC1,2,0.0,0.0,0.0
CCCCC1(c2cc(O)c3cc(CC)c(=O)oc3c2)CCCC1,3,0.0,0.0,0.0
CCCCC1(c2cc(OC)c3cc(CCC)c(=O)oc3c2)CCCC1,2,0.0,0.0,0.0
CCCCC1(c2cc(O)c3cc(CCC)c(=O)oc3c2)CCCC1,3,0.0,0.0,0.0
CCCCc1cc2c(OC)cc(C3(CCCC)CCCC3)cc2oc1=O,2,0.0,0.0,0.0
CCCCc1cc2c(O)cc(C3(CCCC)CCCC3)cc2oc1=O,3,0.0,0.0,0.0
CCCCC1(c2cc(OC)c3cc(C)c(=O)oc3c2)CCCCC1,2,0.0,0.0,0.0
CCCCC1(c2cc(O)c3cc(C)c(=O)oc3c2)CCCCC1,3,0.0,0.0,0.0
CCCCC1(c2cc(OC)c3cc(CC)c(=O)oc3c2)CCCCC1,2,0.0,0.0,0.0
CCCCC1(c2cc(O)c3cc(CC)c(=O)oc3c2)CCCCC1,3,0.0,0.0,0.0
CCCCC1(c2cc(OC)c3cc(CCC)c(=O)oc3c2)CCCCC1,2,0.0,0.0,0.0
CCCCC1(c2cc(O)c3cc(CCC)c(=O)oc3c2)CCCCC1,5,0.0,0.0,0.0
CCCCc1cc2c(OC)cc(C3(CCCC)CCCCC3)cc2oc1=O,2,0.0,0.0,0.0
CCCCc1cc2c(O)cc(C3(CCCC)CCCCC3)cc2oc1=O,3,0.0,0.0,0.0
CCCCC1(c2cc(OC)c3cc(-c4ccccc4)c(=O)oc3c2)CCCC1,2,0.0,0.0,0.0
CCCCC1(c2cc(O)c3cc(-c4ccccc4)c(=O)oc3c2)CCCC1,2,0.0,0.0,0.0
CCCCC1(c2cc(OC)c3cc(-c4ccccc4C)c(=O)oc3c2)CCCC1,2,0.0,0.0,0.0
CCCCC1(c2cc(O)c3cc(-c4ccccc4C)c(=O)oc3c2)CCCC1,2,0.0,0.0,0.0
CCCCC1(c2cc(OC)c3cc(-c4ccccc4OC)c(=O)oc3c2)CCCC1,2,0.0,0.0,0.0
CCCCC1(c2cc(O)c3cc(-c4ccccc4O)c(=O)oc3c2)CCCC1,2,0.0,0.0,0.0
CCCCC1(c2cc(OC)c3cc(-c4ccc(C(F)(F)F)cc4)c(=O)oc3c2)CCCC1,2,0.0,0.0,0.0
CCCCC1(c2cc(O)c3cc(-c4ccc(C(F)(F)F)cc4)c(=O)oc3c2)CCCC1,2,0.0,0.0,0.0
Cn1cncc1[C@](O)(COc1ccc(C#N)cc1-c1ccc(OC(F)(F)F)cc1)c1ccc(C#N)cc1,3,0.0,0.0,0.0
O=C(N1CCS(=O)(=O)CC1)N1C[C@H](c2ccc(OC(F)(F)F)cc2)C[C@H](c2nc(C3CC3)no2)C1,5,0.0,0.0,0.0
Cc1noc([C@H]2C[C@@H](c3ccc(C(F)(F)F)cc3)CN(C(=O)N3CCS(=O)(=O)C3)C2)n1,2,0.0,0.0,0.0
CN(C)C(=O)Cn1cc(-c2nc([C@@](C)(c3ccc(-c4cnc(N)nc4)cc3)C3CC3)no2)cn1,2,0.0,0.0,0.0
CC(=O)c1c(NS(C)(=O)=O)c2cc(-c3ccc(Cl)cc3)c(-c3ccc(Cl)cc3Cl)nc2n(C)c1=O,2,0.0,0.0,1.0
O=C(Nc1cccnn1)N1CCC(=Cc2cccc(Oc3ccc(C(F)(F)F)cn3)c2)CC1,2,0.0,0.0,0.0
CNC(=O)Nc1ccc2c(c1)CC[C@@]21OC(=O)N(CC(=O)N(Cc2ccc(F)cc2)[C@@H](C)C(F)(F)F)C1=O,2,0.0,0.0,0.0
CNC(=O)Nc1ccc2c(c1)[C@@]1(CC2)OC(=O)N(CC(=O)N(Cc2ccc(F)cc2)[C@@H](C)C(F)(F)F)C1=O,2,0.0,0.0,0.0
N#CC1(c2ccccn2)CCN(Cc2cc(C(=O)O)c(=O)n3ccccc23)CC1,2,0.0,0.0,0.0
CC(C)(CCCCCCN=[N+]=[N-])c1cc(O)c2c(c1)OC(C)(C)[C@@H]1CC[C@@H](CO)C[C@@H]21,2,0.0,0.0,1.0
CC(C)(CCCCCCN=C=S)c1cc(O)c2c(c1)OC(C)(C)[C@@H]1CC[C@@H](CO)C[C@@H]21,2,0.0,0.0,1.0
CC1(C)Oc2cc(C3(CCCCCCN=C=S)CCCC3)cc(O)c2[C@@H]2C[C@H](CO)CC[C@H]21,2,0.0,0.0,1.0
CC1(C)Oc2cc(C3(CCCCCCCN=C=S)CCCC3)cc(O)c2[C@@H]2C[C@H](CO)CC[C@H]21,2,0.0,0.0,1.0
CC(C)(CCCCCCC#N)c1cc(O)c2c(c1)OC(C)(C)[C@@H]1CC[C@@H](CO)C[C@@H]21,2,0.0,0.0,1.0
CC1(C)Oc2cc(C3(CCCCCCC#N)CCCC3)cc(O)c2[C@@H]2C[C@H](CO)CC[C@H]21,2,0.0,0.0,1.0
CC(C)(C)c1ccc(CCNC(=O)Nc2ccc(Cl)cc2)cc1,4,0.0,0.0,0.0
O=C(NCCc1ccc(-c2ccccc2)cc1)Nc1ccc(Cl)cc1,2,0.0,0.0,0.0
CN(C)c1cccc(CCNC(=O)Nc2ccc(Cl)cc2)c1,2,0.0,0.0,0.0
COc1ccccc1CCNC(=O)Nc1ccc(Cl)cc1,2,0.0,0.0,0.0
COc1cccc(CCNC(=O)Nc2ccc(Cl)cc2)c1,4,0.0,0.0,0.0
COc1ccc(CCNC(=O)Nc2ccc(Cl)cc2)cc1,4,0.0,0.0,0.0
COc1ccc(CCNC(=O)Nc2ccc(Cl)cc2)cc1OC,4,0.0,0.0,0.0
COc1cc(CCNC(=O)Nc2ccc(Cl)cc2)cc(OC)c1,2,0.0,0.0,0.0
O=C(NCCc1ccc(O)cc1)Nc1ccc(Cl)cc1,2,0.0,0.0,0.0
COc1cc(CCNC(=O)Nc2ccc(Cl)cc2)ccc1O,2,0.0,0.0,0.0
Cc1cccc(CCNC(=O)Nc2ccc(Cl)cc2)c1,4,0.0,0.0,1.0
Cc1ccc(CCNC(=O)Nc2ccc(Cl)cc2)cc1,4,0.0,0.0,0.0
Cc1ccc(CCNC(=O)Nc2ccc(Cl)cc2)cc1C,4,0.0,0.0,0.0
Cc1cc(C)cc(CCNC(=O)Nc2ccc(Cl)cc2)c1,4,0.0,0.0,0.0
O=C(NCCc1ccc([N+](=O)[O-])cc1)Nc1ccc(Cl)cc1,4,0.0,0.0,0.0
CS(=O)(=O)c1ccc(CCNC(=O)Nc2ccc(Cl)cc2)cc1,2,0.0,0.0,0.0
N#Cc1cccc(CCNC(=O)Nc2ccc(Cl)cc2)c1,4,0.0,0.0,1.0
N#Cc1ccc(CCNC(=O)Nc2ccc(Cl)cc2)cc1,2,0.0,0.0,0.0
O=C(NCCc1cccc(Br)c1)Nc1ccc(Cl)cc1,4,0.0,0.0,1.0
O=C(NCCc1ccc(Br)cc1)Nc1ccc(Cl)cc1,2,0.0,0.0,0.0
O=C(NCCc1ccccc1F)Nc1ccc(Cl)cc1,2,0.0,0.0,0.0
O=C(NCCc1cccc(F)c1)Nc1ccc(Cl)cc1,4,0.0,0.0,0.0
O=C(NCCc1ccc(F)cc1)Nc1ccc(Cl)cc1,4,0.0,0.0,0.0
O=C(NCCc1ccccc1Cl)Nc1ccc(Cl)cc1,2,0.0,0.0,0.0
O=C(NCCc1cccc(Cl)c1)Nc1ccc(Cl)cc1,4,0.0,0.0,0.0
O=C(NCCc1ccc(Cl)cc1)Nc1ccc(Cl)cc1,2,0.0,0.0,0.0
O=C(NCCc1ccccc1C(F)(F)F)Nc1ccc(Cl)cc1,4,0.0,0.0,0.0
O=C(NCCc1cccc(C(F)(F)F)c1)Nc1ccc(Cl)cc1,4,0.0,0.0,1.0
O=C(NCCc1ccc(C(F)(F)F)cc1)Nc1ccc(Cl)cc1,2,0.0,0.0,0.0
O=C(NCCc1cccc(OC(F)(F)F)c1)Nc1ccc(Cl)cc1,4,0.0,0.0,0.0
O=C(NCCc1cc(Cl)cc(Cl)c1)Nc1ccc(Cl)cc1,4,0.0,0.0,0.0
O=C(NCCc1ccc(Cl)cc1Cl)Nc1ccc(Cl)cc1,2,0.0,0.0,0.0
O=C(NCCc1c(F)cccc1Cl)Nc1ccc(Cl)cc1,2,0.0,0.0,0.0
O=C(NCCc1c(F)cc(F)cc1F)Nc1ccc(Cl)cc1,2,0.0,0.0,0.0
O=C(NCCc1c(F)c(F)c(F)c(F)c1F)Nc1ccc(Cl)cc1,2,0.0,0.0,0.0
C/C(N)=N\C(=N\S(=O)(=O)N1CCCCC1)N1CC(c2ccccc2)C(c2ccc(Cl)cc2)=N1,2,0.0,0.0,1.0
CS/C(N)=N\C(=N\S(=O)(=O)N1CCCCC1)N1CC(c2ccccc2)C(c2ccc(Cl)cc2)=N1,2,0.0,0.0,1.0
CC(C)(C)/C(N)=N\C(=N\S(=O)(=O)N1CCCCC1)N1CC(c2ccccc2)C(c2ccc(Cl)cc2)=N1,2,0.0,0.0,1.0
N/C(=N/C(=N/S(=O)(=O)N1CCCCC1)N1CC(c2ccccc2)C(c2ccc(Cl)cc2)=N1)c1ccc(F)cc1,2,0.0,0.0,1.0
N/C(=N/C(=N/S(=O)(=O)N1CCCCC1)N1CC(c2ccccc2)C(c2ccc(Cl)cc2)=N1)c1ccc(Cl)cc1,2,0.0,0.0,1.0
C/C(N)=N\C(=N\S(=O)(=O)N1CCC(F)(F)CC1)N1CC(c2ccccc2)C(c2ccc(Cl)cc2)=N1,2,0.0,0.0,1.0
CS/C(N)=N\C(=N\S(=O)(=O)N1CCC(F)(F)CC1)N1CC(c2ccccc2)C(c2ccc(Cl)cc2)=N1,2,0.0,0.0,1.0
CC(C)(C)/C(N)=N/C(=N/S(=O)(=O)N1CCC(F)(F)CC1)N1CC(c2ccccc2)C(c2ccc(Cl)cc2)=N1,3,0.0,0.0,1.0
N/C(=N\C(=N\S(=O)(=O)N1CCC(F)(F)CC1)N1CC(c2ccccc2)C(c2ccc(Cl)cc2)=N1)c1ccc(F)cc1,2,0.0,0.0,1.0
N/C(=N\C(=N\S(=O)(=O)N1CCC(F)(F)CC1)N1CC(c2ccccc2)C(c2ccc(Cl)cc2)=N1)c1ccc(Cl)cc1,3,0.0,0.0,1.0
C/C(N)=N/C(=N/S(=O)(=O)N1CCC(C(F)(F)F)CC1)N1CC(c2ccccc2)C(c2ccc(Cl)cc2)=N1,2,0.0,0.0,1.0
CS/C(N)=N/C(=N/S(=O)(=O)N1CCC(C(F)(F)F)CC1)N1CC(c2ccccc2)C(c2ccc(Cl)cc2)=N1,2,0.0,0.0,1.0
CC(C)(C)/C(N)=N/C(=N/S(=O)(=O)N1CCC(C(F)(F)F)CC1)N1CC(c2ccccc2)C(c2ccc(Cl)cc2)=N1,3,0.0,0.0,1.0
N/C(=N\C(=N\S(=O)(=O)N1CCC(C(F)(F)F)CC1)N1CC(c2ccccc2)C(c2ccc(Cl)cc2)=N1)c1ccc(F)cc1,2,0.0,0.0,1.0
C/C(N)=N/C(=N/S(=O)(=O)N1CCOCC1)N1CC(c2ccccc2)C(c2ccc(Cl)cc2)=N1,2,0.0,0.0,1.0
CS/C(N)=N/C(=N/S(=O)(=O)N1CCOCC1)N1CC(c2ccccc2)C(c2ccc(Cl)cc2)=N1,2,0.0,0.0,1.0
CC(C)(C)/C(N)=N/C(=N/S(=O)(=O)N1CCOCC1)N1CC(c2ccccc2)C(c2ccc(Cl)cc2)=N1,2,0.0,0.0,1.0
N/C(=N\C(=N\S(=O)(=O)N1CCOCC1)N1CC(c2ccccc2)C(c2ccc(Cl)cc2)=N1)c1ccc(F)cc1,2,0.0,0.0,1.0
N/C(=N\C(=N\S(=O)(=O)N1CCOCC1)N1CC(c2ccccc2)C(c2ccc(Cl)cc2)=N1)c1ccc(Cl)cc1,2,0.0,0.0,1.0
C/C(N)=N/C(=N/S(=O)(=O)N1CCCC1)N1CC(c2ccccc2)C(c2ccc(Cl)cc2)=N1,2,0.0,0.0,1.0
CS/C(N)=N/C(=N/S(=O)(=O)N1CCCC1)N1CC(c2ccccc2)C(c2ccc(Cl)cc2)=N1,2,0.0,0.0,1.0
CC(C)(C)/C(N)=N/C(=N/S(=O)(=O)N1CCCC1)N1CC(c2ccccc2)C(c2ccc(Cl)cc2)=N1,2,0.0,0.0,1.0
N/C(=N\C(=N\S(=O)(=O)N1CCCC1)N1CC(c2ccccc2)C(c2ccc(Cl)cc2)=N1)c1ccc(F)cc1,2,0.0,0.0,1.0
N/C(=N\C(=N\S(=O)(=O)N1CCCC1)N1CC(c2ccccc2)C(c2ccc(Cl)cc2)=N1)c1ccc(Cl)cc1,2,0.0,0.0,1.0
CCN(CC)S(=O)(=O)/N=C(/N=C(/C)N)N1CC(c2ccccc2)C(c2ccc(Cl)cc2)=N1,2,0.0,0.0,1.0
CCN(CC)S(=O)(=O)/N=C(/N=C(\N)SC)N1CC(c2ccccc2)C(c2ccc(Cl)cc2)=N1,2,0.0,0.0,1.0
CCN(CC)S(=O)(=O)/N=C(/N=C(\N)C(C)(C)C)N1CC(c2ccccc2)C(c2ccc(Cl)cc2)=N1,2,0.0,0.0,1.0
CCN(CC)S(=O)(=O)/N=C(/N=C(\N)c1ccc(F)cc1)N1CC(c2ccccc2)C(c2ccc(Cl)cc2)=N1,2,0.0,0.0,1.0
CCN(CC)S(=O)(=O)/N=C(/N=C(\N)c1ccc(Cl)cc1)N1CC(c2ccccc2)C(c2ccc(Cl)cc2)=N1,2,0.0,0.0,1.0
C/C(N)=N\C(=N\S(=O)(=O)N1CCCCC1)N1C[C@H](c2ccccc2)C(c2ccc(Cl)cc2)=N1,3,0.0,0.0,1.0
C/C(N)=N\C(=N\S(=O)(=O)N1CCCCC1)N1C[C@@H](c2ccccc2)C(c2ccc(Cl)cc2)=N1,2,0.0,0.0,0.0
CS/C(N)=N/C(=N/S(=O)(=O)N1CCC(C(F)(F)F)CC1)N1C[C@H](c2ccccc2)C(c2ccc(Cl)cc2)=N1,3,0.0,0.0,1.0
CS/C(N)=N/C(=N/S(=O)(=O)N1CCC(C(F)(F)F)CC1)N1C[C@@H](c2ccccc2)C(c2ccc(Cl)cc2)=N1,2,0.0,0.0,0.0
CCN(CC)S(=O)(=O)/N=C(/N=C(/C)N)N1C[C@H](c2ccccc2)C(c2ccc(Cl)cc2)=N1,3,0.0,0.0,1.0
CCN(CC)S(=O)(=O)/N=C(/N=C(/C)N)N1C[C@@H](c2ccccc2)C(c2ccc(Cl)cc2)=N1,2,0.0,0.0,0.0
N/C(=N\C(=N\S(=O)(=O)N1CCC(C(F)(F)F)CC1)N1CC(c2ccccc2)C(c2ccc(Cl)cc2)=N1)c1ccc(Cl)cc1,2,0.0,0.0,1.0
Cc1c(C(=O)NCc2ccccc2/N=N\c2ccccc2)nn(CCCCCO)c1-c1ccccc1,2,0.0,0.0,0.0
Cc1c(C(=O)NCc2ccccc2/N=N/c2ccccc2)nn(CCCCCO)c1-c1ccccc1,2,0.0,0.0,0.0
O=[N+]([O-])CC(c1ccccc1)c1c(-c2ccc[nH]2)[nH]c2ccccc12,4,0.0,0.0,0.0
O=[N+]([O-])CC(c1ccccc1)c1c(-c2cc[nH]c2)[nH]c2ccccc12,4,0.0,0.0,0.0
CC(C)[Si](C(C)C)(C(C)C)n1ccc(-c2[nH]c3ccccc3c2C(C[N+](=O)[O-])c2ccccc2)c1,4,0.0,0.0,0.0
O=[N+]([O-])CC(c1ccccc1)c1c(-c2cccs2)[nH]c2ccccc12,4,0.0,0.0,0.0
O=[N+]([O-])CC(c1ccccc1)c1c(-c2ccsc2)[nH]c2ccccc12,11,0.0,0.0,0.0
O=[N+]([O-])CC(c1ccccc1)c1c(-c2ccoc2)[nH]c2ccccc12,4,0.0,0.0,0.0
O=[N+]([O-])CC(c1ccccc1)c1c(-c2ccco2)[nH]c2ccccc12,4,0.0,0.0,0.0
O=[N+]([O-])CC(c1ccccc1)c1c(-c2ccn[nH]2)[nH]c2ccccc12,8,0.0,0.0,0.0
O=[N+]([O-])CC(c1ccccc1)c1c(-c2cn[nH]c2)[nH]c2ccccc12,4,0.0,0.0,0.0
O=[N+]([O-])CC(c1ccccc1)c1c(-c2cscn2)[nH]c2ccccc12,4,0.0,0.0,0.0
O=[N+]([O-])CC(c1ccccc1)c1c(-c2nccs2)[nH]c2ccccc12,4,0.0,0.0,0.0
O=[N+]([O-])CC(c1ccccc1)c1c(-c2cncs2)[nH]c2ccccc12,4,0.0,0.0,0.0
O=[N+]([O-])CC(c1ccccc1)c1c(-c2cc3ccccc3[nH]2)[nH]c2ccccc12,4,0.0,0.0,0.0
CC(C)(C)OC(=O)n1c(-c2[nH]c3ccccc3c2C(C[N+](=O)[O-])c2ccccc2)cc2ccccc21,4,0.0,0.0,0.0
O=[N+]([O-])CC(c1ccccc1)c1c(-c2c[nH]c3ccccc23)[nH]c2ccccc12,4,0.0,0.0,0.0
O=[N+]([O-])CC(c1ccccc1)c1c(-c2cc3ccccc3o2)[nH]c2ccccc12,4,0.0,0.0,0.0
O=[N+]([O-])CC(c1ccccc1)c1c(-c2cc3ccccc3s2)[nH]c2ccccc12,4,0.0,0.0,0.0
Cc1cn([C@H](C)CC#N)c(=O)c2cc(Cn3nc(C(F)F)cc3Cl)nn12,2,0.0,0.0,0.0
CCCCCCCc1cc(O)c2c(c1)OC(C)(C)[C@@H]1CCC(C)=C[C@@H]21,2,0.0,0.0,1.0
CCCCCC[Si](C)(C)c1cc(O)c2c(c1)OC(C)(C)c1ccc(C)cc1-2,3,0.0,0.0,0.0
CCCC[Si](C)(C)c1cc(O)c2c(c1)OC(C)(C)c1ccc(C)cc1-2,3,0.0,0.0,0.0
CCCCCC[Si](C)(C)c1cc(O)c2c(c1)OC(C)(C)[C@@H]1CCC(C)=C[C@@H]21,3,0.0,0.0,0.0
CCCC[Si](C)(C)c1cc(O)c2c(c1)OC(C)(C)[C@@H]1CCC(C)=C[C@@H]21,3,0.0,0.0,0.0
CC[Si](C)(C)c1cc(O)c2c(c1)OC(C)(C)[C@@H]1CCC(C)=C[C@@H]21,2,0.0,0.0,0.0
C=C(C)[C@@H]1CCC(C)=C[C@H]1c1c(O)cc([Si](C)(C)CCCCCC)cc1O,3,0.0,0.0,0.0
C=C(C)[C@@H]1CCC(C)=C[C@H]1c1c(O)cc([Si](C)(C)CCCC)cc1O,3,0.0,0.0,0.0
CCCCCC[Si](C)(C)c1cc(O)c([C@H]2C=C(CO)[C@H]3C[C@@H]2C3(C)C)c(O)c1,3,0.0,0.0,0.0
CCCCCC[Si](C)(C)c1cc(OC)c([C@H]2C=C(CO)[C@H]3C[C@@H]2C3(C)C)c(OC)c1,2,0.0,0.0,0.0
CCCC[Si](C)(C)c1cc(OC)c([C@H]2C=C(CO)[C@H]3C[C@@H]2C3(C)C)c(OC)c1,2,0.0,0.0,0.0
CCCCCC[Si](C)(C)c1cc(O)c2c(c1)OC(C)(C)c1ccc(CO)cc1-2,3,0.0,0.0,0.0
CCCC[Si](C)(C)c1cc(O)c2c(c1)OC(C)(C)c1ccc(CO)cc1-2,3,0.0,0.0,0.0
CCCCCC[Si](C)(C)c1cc(O)c2c(c1)OC(C)(C)[C@@H]1CC=C(CO)C[C@@H]21,3,0.0,0.0,0.0
CCCC[Si](C)(C)c1cc(O)c2c(c1)OC(C)(C)[C@@H]1CC=C(CO)C[C@@H]21,3,0.0,0.0,0.0
CCCC[Si](C)(C)c1cc(O)c(C2CCCC2)c(O)c1,2,0.0,0.0,0.0
CCCC[Si](C)(C)c1cc(O)c(C2CCCCC2)c(O)c1,2,0.0,0.0,0.0
CCCC[Si](C)(C)c1cc(O)c(C2CCCCCC2)c(O)c1,3,0.0,0.0,0.0
CCCCCC[Si](C)(C)c1cc(O)c(C2CCCC2)c(O)c1,2,0.0,0.0,0.0
CCCCCC[Si](C)(C)c1cc(O)c(C2CCCCC2)c(O)c1,3,0.0,0.0,0.0
CCCCCC[Si](C)(C)c1cc(O)c(C2CCCCCC2)c(O)c1,3,0.0,0.0,0.0
CCCC[Si](C)(C)c1cc(O)c(C2CCCC2)c(OC)c1,2,0.0,0.0,0.0
CCCC[Si](C)(C)c1cc(O)c(C2CCCCC2)c(OC)c1,2,0.0,0.0,0.0
CCCCCC[Si](C)(C)c1cc(O)c(C2CCCC2)c(OC)c1,3,0.0,0.0,0.0
CCCCCC[Si](C)(C)c1cc(O)c(C2CCCCC2)c(OC)c1,3,0.0,0.0,0.0
CCCCCC[Si](C)(C)c1cc(O)c(C2CCCCCC2)c(OC)c1,3,0.0,0.0,0.0
CCCC[Si](C)(C)c1cc(OC)c2c(c1)OC(C)(C)[C@@H]1CCC(C)=C[C@@H]21,2,0.0,0.0,0.0
CCCCCC[Si](C)(C)c1cc(OC)c2c(c1)OC(C)(C)[C@@H]1CCC(C)=C[C@@H]21,2,0.0,0.0,0.0
CCCC[Si](C)(C)c1cc(O)c(C2CCCCCC2)c(OC)c1,2,0.0,0.0,0.0
O=C(NCCc1ccc2c(c1)OCO2)c1cc2c(F)cc(F)cc2[nH]1,2,0.0,0.0,0.0
O=C(NCc1ccccc1)c1cc2c(F)cc(F)cc2[nH]1,2,0.0,0.0,0.0
O=C(NCc1ccc(F)cc1)c1cc2c(F)cc(F)cc2[nH]1,2,0.0,0.0,0.0
O=C(Nc1nc2ccccc2[nH]1)c1cc2c(F)cc(F)cc2[nH]1,2,0.0,0.0,0.0
O=C(NC12CC3CC(CC(C3)C1)C2)c1c[nH]c2c(Cl)ccc(Cl)c2c1=O,2,0.0,0.0,0.0
O=C(c1cc2c(F)cc(F)cc2[nH]1)N1CCN(C(=O)C23CC4CC(CC(C4)C2)C3)CC1,2,0.0,0.0,0.0
CCCCn1cc(C(=O)N[C@H](C(N)=O)C(C)C)c2ccccc21,8,0.0,0.0,0.0
CCCCn1cc(C(=O)N[C@H](C(N)=O)C(C)(C)C)c2ccccc21,8,0.0,0.0,0.0
CCCCn1cc(C(=O)N[C@@H](Cc2ccccc2)C(N)=O)c2ccccc21,8,0.0,0.0,0.0
CCCCn1nc(C(=O)N[C@H](C(N)=O)C(C)C)c2ccccc21,8,0.0,0.0,0.0
CCCCn1nc(C(=O)N[C@H](C(N)=O)C(C)(C)C)c2ccccc21,8,0.0,0.0,0.0
CCCCn1nc(C(=O)N[C@@H](Cc2ccccc2)C(N)=O)c2ccccc21,8,0.0,0.0,0.0
CCCCn1cc(C(=O)N[C@H](C(N)=O)C(C)C)c2cccnc21,8,0.0,0.0,0.0
CCCCn1cc(C(=O)N[C@H](C(N)=O)C(C)(C)C)c2cccnc21,8,0.0,0.0,0.0
CCCCn1cc(C(=O)N[C@@H](Cc2ccccc2)C(N)=O)c2cccnc21,7,0.0,0.0,0.0
CCCCCn1cc(C(=O)N[C@@H](Cc2ccccc2)C(N)=O)c2cccnc21,6,0.0,0.0,0.0
O=C1NC(Nc2ccccc2)=N/C1=C\c1ccc2c(c1)OCO2,4,0.0,0.0,0.0
O=C1NC(Nc2ccccc2)=N/C1=C\c1ccc2c(c1)OCCCO2,4,0.0,0.0,0.0
O=C1NC(Nc2ccc(N3CCCCC3)cc2)=N/C1=C\c1ccc2c(c1)OCO2,4,0.0,0.0,0.0
COc1cc(/C=C2\N=C(Nc3ccccc3)NC2=O)ccc1O,2,0.0,0.0,0.0
O=C1NC(Nc2ccccc2)=N/C1=C\c1cccc(F)c1,2,0.0,0.0,1.0
CN1C(=O)/C(=C/c2ccc3c(c2)OCO3)N=C1N,2,0.0,0.0,0.0
O=C1NC(N2CCCC2)=N/C1=C\c1ccc2c(c1)OCO2,2,0.0,0.0,0.0
O=C1NC(Nc2ccc(O)cc2)=N/C1=C\c1ccc2c(c1)OCO2,2,0.0,0.0,0.0
CCCCCCc1ccc(NC2=N/C(=C\c3ccc(O)c(OC)c3)C(=O)N2)cc1,2,0.0,0.0,0.0
COc1cc(/C=C2\N=C(Nc3ccc(N4CCN(C)CC4)cc3)NC2=O)ccc1O,2,0.0,0.0,0.0
COc1cc(/C=C2\N=C(Nc3ccc(N4CCCCC4)cc3)NC2=O)ccc1O,2,0.0,0.0,1.0
Cc1c(Br)cn(CCCc2cn(CCCCCn3c(C)c(Br)cc(C(=O)NC4CCCCCC4)c3=O)nn2)c(=O)c1NC(=O)C1CCCCCC1,2,0.0,0.0,0.0
Cc1nc(OCCCCCn2cc(CCCn3cc(Br)c(C)c(NC(=O)C4CCCCCC4)c3=O)nn2)c(C(=O)NC2CCCCCC2)cc1Br,2,0.0,0.0,0.0
CC1(C)Oc2cc(C3(CCCCCC#N)CCC3)cc(O)c2[C@@H]2CC(=O)CC[C@H]21,4,0.0,0.0,0.0
FC1(F)CCN(c2nc3ccccc3c3c2ccn3Cc2cccc(Cl)c2)CC1,2,0.0,0.0,0.0
CCCn1c(C)c(C(=O)c2ccc3ccccc3c2)c2ccccc21,2,0.0,0.0,1.0
CN(C)CCc1c[nH]c2ccc(Cn3cncn3)cc12,4,0.0,0.0,0.0
CN(C)CCC(c1ccc(Cl)cc1)c1ccccn1,9,0.0,0.0,0.0
CN(C)CCCn1c2c(c3ccccc31)CCCCCC2,4,0.0,0.0,0.0
CN(C)CCCN1c2ccccc2CCc2ccccc21,11,0.0,0.0,0.0
CCCCc1ncc(/C=C(\Cc2cccs2)C(=O)O)n1Cc1ccc(C(=O)O)cc1,4,0.0,0.0,0.0
C[C@@H]1CCN(C(=O)CC#N)C[C@@H]1N(C)c1ncnc2[nH]ccc12,2,0.0,0.0,0.0
CN1CCN(CC/C=C2/c3ccccc3Sc3ccc(S(=O)(=O)N(C)C)cc32)CC1,3,0.0,0.0,0.0
N[C@@H](CC(=O)N1CCn2c(nnc2C(F)(F)F)C1)Cc1cc(F)c(F)cc1F,4,0.0,0.0,0.0
CCCCNc1cc(C(=O)O)cc(S(N)(=O)=O)c1Oc1ccccc1,4,0.0,0.0,0.0
CN(C)C(=O)OC1N=C(c2ccccc2)c2cc(Cl)ccc2N(C)C1=O,4,0.0,0.0,0.0
Cc1cn(-c2cc(NC(=O)c3ccc(C)c(Nc4nccc(-c5cccnc5)n4)c3)cc(C(F)(F)F)c2)cn1,4,0.0,0.0,0.0
CC(CCc1ccccc1)NC(C)C(O)c1ccc(O)cc1,4,0.0,0.0,0.0
CCOc1nc2cccc(C(=O)OC(C)OC(=O)OC3CCCCC3)c2n1Cc1ccc(-c2ccccc2-c2nn[nH]n2)cc1,4,0.0,0.0,0.0
CCc1nn(CCCN2CCN(c3cccc(Cl)c3)CC2)c(=O)n1CCOc1ccccc1,3,0.0,0.0,0.0
CC(N)C(O)c1ccccc1,3,0.0,0.0,0.0
OC1(c2ccc(Cl)cc2)c2ccccc2C2=NCCN21,4,0.0,0.0,0.0
O=C(CCCCCCC(=O)Nc1ccccc1)NO,7,0.0,0.0,0.0
CN1CCN(C(=O)OC2c3nccnc3C(=O)N2c2ccc(Cl)cn2)CC1,3,0.0,0.0,0.0
N#Cc1ccc([C@H]2CCc3cncn32)c(F)c1,2,0.0,0.0,0.0
O=C(O)CCCc1ccccc1,2,0.0,0.0,0.0
CCCc1nc(C(C)(C)O)c(C(=O)OCc2oc(=O)oc2C)n1Cc1ccc(-c2ccccc2-c2nnn[nH]2)cc1,3,0.0,0.0,0.0
O=C1CN=C(c2ccccc2)c2cc(Cl)ccc2N1,4,0.0,0.0,0.0
O=C1Nc2ccc(Cl)cc2C(c2ccccc2)=NC1O,4,0.0,0.0,0.0
NCCCC[C@@H]1NC(=O)[C@@H](Cc2c[nH]c3ccccc23)NC(=O)[C@H](c2ccccc2)NC(=O)[C@@H]2C[C@@H](OC(=O)NCCN)CN2C(=O)[C@H](Cc2ccccc2)NC(=O)[C@H](Cc2ccc(OCc3ccccc3)cc2)NC1=O,2,0.0,0.0,0.0
Cn1c(=O)cc(N2CCC[C@@H](N)C2)n(Cc2ccccc2C#N)c1=O,5,0.0,0.0,0.0
C[C@H](N)C(=O)NCC(=O)N[C@H]1CSSC[C@@H](C(=O)O)NC(=O)[C@H](CO)NC(=O)[C@H]([C@@H](C)O)NC(=O)[C@H](Cc2ccccc2)NC(=O)[C@H]([C@@H](C)O)NC(=O)[C@H](CCCCN)NC(=O)[C@H](Cc2c[nH]c3ccccc23)NC(=O)[C@H](Cc2ccccc2)NC(=O)[C@H](Cc2ccccc2)NC(=O)[C@H](CC(N)=O)NC(=O)[C@H](CCCCN)NC1=O,2,0.0,0.0,0.0
COc1ccc2c3c1O[C@H]1[C@@H](O)C=C[C@H]4[C@@H](C2)N(C)CC[C@@]341,5,0.0,0.0,0.0
NCCC(O)(P(=O)(O)O)P(=O)(O)O,3,0.0,0.0,0.0
N#C[C@@H]1CCCN1C(=O)CNC12CC3CC(CC(O)(C3)C1)C2,2,0.0,0.0,0.0
C[N+]1(C)[C@@H]2C[C@@H](OC(=O)C(O)(c3cccs3)c3cccs3)C[C@H]1[C@@H]1O[C@@H]12.O.[Br-],4,0.0,0.0,0.0
CCCCCN(C)CCC(O)(P(=O)(O)O)P(=O)(O)O,4,0.0,0.0,0.0
Cc1ccc(-c2nc3ccc(C)cn3c2CC(=O)N(C)C)cc1,4,0.0,0.0,0.0
CCCCOc1ccc(C(=O)CCN2CCCCC2)cc1,4,0.0,0.0,0.0
Cc1nc(Nc2ncc(C(=O)Nc3c(C)cccc3Cl)s2)cc(N2CCN(CCO)CC2)n1.O,4,0.0,0.0,0.0
Cc1ccc(-c2ncc(Cl)cc2-c2ccc(S(C)(=O)=O)cc2)cn1,4,0.0,0.0,0.0
Cn1nnc2c(C(N)=O)ncn2c1=O,4,0.0,0.0,0.0
CN(C)CCC=C1c2ccccc2C=Cc2ccccc21,3,0.0,0.0,0.0
C[C@]12C=CC(=O)C=C1CC[C@@H]1[C@@H]2CC[C@]2(C)OC(=O)CC[C@@H]12,3,0.0,0.0,0.0
CC1(C)O[C@@H]2C[C@H]3[C@@H]4CCC5=CC(=O)C=C[C@]5(C)[C@H]4[C@@H](O)C[C@]3(C)[C@]2(C(=O)CO)O1,2,0.0,0.0,0.0
C=C1C[C@@H]2[C@H](CC[C@]3(C)C(=O)CC[C@@H]23)[C@@]2(C)C=CC(=O)C=C12,3,0.0,0.0,0.0
C[C@]12C=CC(=O)N[C@@H]1CC[C@@H]1[C@@H]2CC[C@]2(C)[C@@H](C(=O)Nc3cc(C(F)(F)F)ccc3C(F)(F)F)CC[C@@H]12,3,0.0,0.0,0.0
CC12CC3CC(C)(C1)CC(N)(C3)C2,3,0.0,0.0,0.0
C[C@]12CCC(=O)C=C1CC[C@H]1[C@@H]3CC[C@](O)(C(=O)CO)[C@@]3(C)C[C@H](O)[C@@]12F,3,0.0,0.0,0.0
CN(C)CCC(O)(c1ccccc1)c1ccccc1Cl,3,0.0,0.0,0.0
C[N+](C)(C)CCOC(N)=O,3,0.0,0.0,0.0
CNCC[C@H](Oc1cccc2ccccc12)c1cccs1,4,0.0,0.0,0.0
CN(CCCN1c2ccccc2CCc2ccccc21)CC(=O)c1ccc(Cl)cc1,3,0.0,0.0,0.0
OC(c1cc(C(F)(F)F)nc2c(C(F)(F)F)cccc12)C1CCCCN1,11,0.0,0.0,0.0
COc1ccccc1Oc1c(NS(=O)(=O)c2ccc(C(C)(C)C)cc2)nc(-c2ncccn2)nc1OCCO,3,0.0,0.0,0.0
N=C(NCCCCCCNC(=N)NC(=N)Nc1ccc(Cl)cc1)NC(=N)Nc1ccc(Cl)cc1,3,0.0,0.0,0.0
CN(C)[C@@H]1C(O)=C(C(=O)NCNCCCC[C@H](N)C(=O)O)C(=O)[C@@]2(O)C(O)=C3C(=O)c4c(O)cccc4[C@@](C)(O)[C@H]3C[C@@H]12,3,0.0,0.0,0.0
CN(C)[C@@H]1C(O)=C(C(=O)NCN2CCCC2)C(=O)[C@@]2(O)C(O)=C3C(=O)c4c(O)cccc4[C@@](C)(O)[C@H]3C[C@@H]12,3,0.0,0.0,0.0
CC1(C)S[C@@H]2[C@H](NC(=O)C3(N)CCCCC3)C(=O)N2[C@H]1C(=O)O,2,0.0,0.0,0.0
NS(=O)(=O)c1cc(Cl)c(Cl)c(S(N)(=O)=O)c1,2,0.0,0.0,0.0
CC(C)(N)Cc1ccccc1,3,0.0,0.0,0.0
CC(C)(N)Cc1ccc(Cl)cc1,3,0.0,0.0,0.0
CC(C)NCC1CCc2cc(CO)c([N+](=O)[O-])cc2N1,3,0.0,0.0,0.0
CN(C/C=C/c1ccccc1)Cc1cccc2ccccc12,3,0.0,0.0,0.0
CN1CCC(=C2c3ccccc3CCc3cccnc32)CC1,3,0.0,0.0,0.0
CN1CCC(=C2c3ccccc3CCc3sccc32)CC1,3,0.0,0.0,0.0
CN[C@@H](C)[C@H](O)c1ccccc1,3,0.0,0.0,0.0
CN1CC(=O)N2[C@H](c3ccc4c(c3)OCO4)c3[nH]c4ccccc4c3C[C@@H]2C1=O,5,0.0,0.0,0.0
CCOC(=O)C1(c2ccccc2)CCN(C)CC1,6,0.0,0.0,0.0
O=c1[nH]c(=O)n([C@H]2C[C@H](O)[C@@H](CO)O2)cc1C(F)(F)F,3,0.0,0.0,0.0
CCCCC(=O)O[C@]1(C(=O)CO)[C@@H](C)C[C@H]2[C@@H]3CCC4=CC(=O)C=C[C@]4(C)[C@@]3(F)[C@@H](O)C[C@@]21C,3,0.0,0.0,0.0
CC(C)(C)C(=O)OCC(=O)[C@H]1CC[C@H]2[C@@H]3CCC4=CC(=O)CC[C@]4(C)[C@H]3CC[C@]12C,3,0.0,0.0,0.0
C[C@]12CC[C@H]3[C@@H](CC[C@@]45O[C@@H]4C(O)=C(C#N)C[C@]35C)[C@@H]1CC[C@@H]2O,2,0.0,0.0,0.0
Cc1cc(-c2ccccc2)nnc1NCCN1CCOCC1,3,0.0,0.0,0.0
COCCCC/C(=N\OCCN)c1ccc(C(F)(F)F)cc1,3,0.0,0.0,0.0
COC(=O)N[C@H](C(=O)N1CCC[C@H]1c1ncc(-c2ccc(-c3ccc(-c4cnc([C@@H]5CCCN5C(=O)[C@@H](NC(=O)OC)C(C)C)[nH]4)cc3)cc2)[nH]1)C(C)C,2,0.0,0.0,0.0
Nc1ccn([C@H]2CC[C@@H](CO)O2)c(=O)n1,3,0.0,0.0,0.0
CC(C)C(=O)OCC(=O)[C@@]12O[C@H](C3CCCCC3)O[C@@H]1C[C@H]1[C@@H]3CCC4=CC(=O)C=C[C@]4(C)[C@H]3[C@@H](O)C[C@@]12C,3,0.0,0.0,0.0
CCCC(CCC)C(N)=O,3,0.0,0.0,0.0
CCC1(c2ccccc2)CCC(=O)NC1=O,3,0.0,0.0,0.0
C=C[C@H]1CN2CC[C@H]1C[C@@H]2[C@@H](O)c1ccnc2ccc(OC)cc12,8,0.0,0.0,0.0
CCC1(C2=CCCCCC2)C(=O)NC(=O)NC1=O,3,0.0,0.0,0.0
Clc1ccc2nsnc2c1NC1=NCCN1,2,0.0,0.0,0.0
CC[C@@H]1C(=O)OC[C@@H]1Cc1cncn1C,3,0.0,0.0,0.0
CCCC(C)C1(CC)C(=O)NC(=O)NC1=O,3,0.0,0.0,0.0
CCN(CC)C(=O)C1CN2CCc3cc(OC)c(OC)cc3C2CC1OC(C)=O,3,0.0,0.0,0.0
C=CC1=C(C(=O)O)N2C(=O)[C@@H](NC(=O)/C(=N\O)c3csc(N)n3)[C@H]2SC1,3,0.0,0.0,0.0
O=C1NCN(c2ccccc2)C12CCN(CCCC(c1ccc(F)cc1)c1ccc(F)cc1)CC2,3,0.0,0.0,0.0
CCOC(=O)c1cncn1[C@H](C)c1ccccc1,2,0.0,0.0,0.0
CC#CCn1c(N2CCC[C@@H](N)C2)nc2c1c(=O)n(Cc1nc(C)c3ccccc3n1)c(=O)n2C,3,0.0,0.0,0.0
C[C@@H](Oc1cc(-c2cnn(C3CCNCC3)c2)cnc1N)c1c(Cl)ccc(F)c1Cl,3,0.0,0.0,0.0
NCCc1cc[nH]n1,3,0.0,0.0,0.0
N[C@H](Cc1cc(I)c(Oc2cc(I)c(O)c(I)c2)c(I)c1)C(=O)O,3,0.0,0.0,0.0
CCNC(C)Cc1cccc(C(F)(F)F)c1,3,0.0,0.0,0.0
CCN(CC)CCCC(C)Nc1ccnc2cc(Cl)ccc12,5,0.0,0.0,0.0
CCN(CC)CCCN(c1ccccc1)C1Cc2ccccc2C1,3,0.0,0.0,0.0
NC(CO)C(=O)NNCc1ccc(O)c(O)c1O,3,0.0,0.0,0.0
COc1ccc2cccc(CCNC(C)=O)c2c1,3,0.0,0.0,0.0
Cn1cnc2c1c(=O)[nH]c(=O)n2C,4,0.0,0.0,0.0
CN1C(=O)CC(c2ccccc2)C1=O,3,0.0,0.0,0.0
COC(=O)C1=C(C)NC(C)=C(C(=O)OC(C)C)C1c1cccc2nonc12,2,0.0,0.0,0.0
COc1cc(Cc2cnc(N)nc2N)cc(OC)c1OC,6,0.0,0.0,0.0
C[C@H](Cc1ccc(O)c(O)c1)[C@@H](C)Cc1ccc(O)c(O)c1,4,0.0,0.0,0.0
CCc1nc(N)nc(N)c1-c1ccc(Cl)cc1,4,0.0,0.0,0.0
CCCCOc1cc(C(=O)NCCN(CC)CC)c2ccccc2n1,3,0.0,0.0,0.0
CC(C)COCC(CN(Cc1ccccc1)c1ccccc1)N1CCCC1,13,0.0,1.0,0.0
CC(C(=O)O)c1ccc(C(=O)c2ccccc2)s1,3,0.0,0.0,0.0
CCC(=O)O[C@](Cc1ccccc1)(c1ccccc1)[C@H](C)CN(C)C,3,0.0,0.0,0.0
CCC(=O)OCC(=O)[C@@]1(OC(=O)CC)[C@H](C)C[C@H]2[C@H]3[C@H]([C@@H](O)C[C@@]21C)[C@@]1(C)C=CC(=O)C=C1C[C@H]3Cl,3,0.0,0.0,0.0
CCC(=O)O[C@H]1CC[C@H]2[C@@H]3CCC4=CC(=O)CC[C@]4(C)[C@H]3CC[C@]12C,3,0.0,0.0,0.0
O=C1CN2Cc3c(ccc(Cl)c3Cl)N=C2N1,2,0.0,0.0,0.0
O=C1CN=C(c2ccccn2)c2cc(Br)ccc2N1,2,0.0,0.0,0.0
O=C1Nc2ccc(Cl)cc2[C@@](C#CC2CC2)(C(F)(F)F)O1,3,0.0,0.0,0.0
CC(C)(O)C(Cl)(Cl)Cl,2,0.0,0.0,0.0
CCCCC[C@H](O)/C=C/[C@H]1[C@H](O)CC(=O)[C@@H]1CCCCCCC(=O)O,3,0.0,0.0,0.0
CC(=O)Nc1c(I)c(C(=O)N[C@H]2C(O)O[C@H](CO)[C@@H](O)[C@@H]2O)c(I)c(N(C)C(C)=O)c1I,3,0.0,0.0,0.0
CCCN(CCC)CCc1cccc2c1CC(=O)N2,3,0.0,0.0,0.0
CC(C)N(CCC(C(N)=O)(c1ccccc1)c1ccccn1)C(C)C,9,0.0,0.0,0.0
CC(CN(C)C)C(C)(O)Cc1ccc(Cl)cc1,3,0.0,0.0,0.0
CC(C[N+](C)(C)C)OC(N)=O,3,0.0,0.0,0.0
C=CC(N)CCC(=O)O,3,0.0,0.0,0.0
C=CCOc1ccccc1OCC(O)CNC(C)C,3,0.0,0.0,0.0
O=S(=O)(c1cccc2cnccc12)N1CCCNCC1,5,0.0,0.0,0.0
CN1C(=O)CN=C(c2ccccc2F)c2cc([N+](=O)[O-])ccc21,3,0.0,0.0,0.0
CN1C(=O)C(O)N=C(c2ccccc2)c2cc(Cl)ccc21,3,0.0,0.0,0.0
CO/N=C(\C(=O)N[C@@H]1C(=O)N2C(C(=O)[O-])=C(C[N+]3(C)CCCC3)CS[C@H]12)c1csc(N)n1,3,0.0,0.0,0.0
CSc1ccc(C(=O)c2[nH]c(=O)[nH]c2C)cc1,3,0.0,0.0,0.0
CCCCCCCN(CC)CCCC(O)c1ccc(NS(C)(=O)=O)cc1,6,0.0,1.0,0.0
CC(=O)CC(c1ccc([N+](=O)[O-])cc1)c1c(O)c2ccccc2oc1=O,3,0.0,0.0,0.0
COC(=O)[C@@H]1CC2=CC(=O)CC[C@]2(C)[C@@]23O[C@@H]2C[C@@]2(C)[C@@H](CC[C@@]24CCC(=O)O4)[C@H]13,3,0.0,0.0,0.0
CC1=C(/C=C/C(C)=C/C=C/C(C)=C/CO)C(C)(C)CCC1,2,0.0,0.0,0.0
CC(N)Cc1ccccc1,3,0.0,0.0,0.0
CC(=O)OCC(=O)[C@@]1(O)CC[C@H]2[C@@H]3CCC4=CC(=O)CC[C@]4(C)C3=CC[C@@]21C,3,0.0,0.0,0.0
COc1ccc(NS(=O)(=O)c2ccc(N)cc2)nn1,3,0.0,0.0,0.0
COc1ccc2c3c1O[C@H]1C(=O)CC[C@H]4[C@@H](C2)N(C)CC[C@]314,3,0.0,0.0,0.0
NC[C@H](O)c1ccc(O)c(O)c1,3,0.0,0.0,0.0
OCc1cc(C(O)CNCCCCCCOCCCCc2ccccc2)ccc1O,3,0.0,0.0,0.0
COc1cc(C)c(/C=C/C(C)=C/C=C/C(C)=C/C(=O)O)c(C)c1C,3,0.0,0.0,0.0
CC1NCCOC1c1ccccc1,3,0.0,0.0,0.0
CCCC(C)(COC(N)=O)COC(=O)NC(C)C,3,0.0,0.0,0.0
OCCOCCN1CCN(C(c2ccccc2)c2ccc(Cl)cc2)CC1,3,0.0,0.0,0.0
COc1ccc(C(Cl)=C(c2ccc(OC)cc2)c2ccc(OC)cc2)cc1,3,0.0,0.0,0.0
CCCCNC(=O)NS(=O)(=O)c1ccc(C)cc1,3,0.0,0.0,0.0
Nc1ncnc2c1ncn2[C@@H]1O[C@H](COP(=O)(O)OP(=O)(O)OP(=O)(O)O)[C@@H](O)[C@H]1O,3,0.0,0.0,0.0
CCCCCC(=O)O[C@]1(C(C)=O)CC[C@H]2[C@@H]3CCC4=CC(=O)CC[C@]4(C)[C@H]3CC[C@@]21C,3,0.0,0.0,0.0
CN1CCc2cccc3c2[C@H]1Cc1ccc(O)c(O)c1-3,4,0.0,0.0,0.0
NC(=O)OCC(COC(N)=O)c1ccccc1,2,0.0,0.0,0.0
CC(=O)c1ccc(S(=O)(=O)NC(=O)NC2CCCCC2)cc1,3,0.0,0.0,0.0
CCCCNC(=N)NC(=N)N,3,0.0,0.0,0.0
COc1ccc(CCNCC(O)COc2cccc(C)c2)cc1OC,2,0.0,0.0,0.0
CC(C)C[C@H](CN)CC(=O)O,3,0.0,0.0,0.0
NC(=O)C(c1ccccc1)(c1ccccc1)[C@@H]1CCN(CCc2ccc3c(c2)CCO3)C1,3,0.0,0.0,0.0
NC(=O)CCC/N=C(\c1ccc(Cl)cc1)c1cc(F)ccc1O,2,0.0,0.0,0.0
CCN1CCC[C@H]1CNC(=O)c1c(OC)ccc(Br)c1OC,3,0.0,0.0,0.0
C[C@@H](Cc1ccccc1)N(C)Cc1ccccc1,3,0.0,0.0,0.0
C=C1/C(=C\C=C2/CCC[C@]3(C)[C@@H]([C@H](C)CCCC(C)(C)O)CC[C@@H]23)C[C@@H](O)C[C@@H]1O,3,0.0,0.0,0.0
O=C(O)c1ccccc1Nc1cccc(C(F)(F)F)c1,3,0.0,0.0,0.0
CO[C@H]1/C=C/O[C@@]2(C)Oc3c(C)c(O)c4c(O)c(c5c(nc6cc(C)ccn65)c4c3C2=O)NC(=O)/C(C)=C\C=C\[C@H](C)[C@H](O)[C@@H](C)[C@@H](O)[C@@H](C)[C@H](OC(C)=O)[C@@H]1C,3,0.0,0.0,0.0
Clc1ccc(C(Cn2ccnc2)OCc2ccc(Sc3ccccc3)cc2)c(Cl)c1,3,0.0,0.0,0.0
O=C(C[S+]([O-])Cc1ccco1)NC/C=C\COc1cc(CN2CCCCC2)ccn1,3,0.0,0.0,0.0
CC(=O)SCC(Cc1ccccc1)C(=O)NCC(=O)OCc1ccccc1,3,0.0,0.0,0.0
Nc1ccc(S(=O)(=O)Nc2ccccn2)cc1,3,0.0,0.0,0.0
CCN(CC)C(C)C(=O)c1ccccc1,3,0.0,0.0,0.0
CCN(CC)CCn1c(=O)c(Cc2ccc(OC)cc2)nc2ccccc21,3,0.0,0.0,0.0
COc1c(N2C[C@@H]3CCCN[C@@H]3C2)c(F)cc2c(=O)c(C(=O)O)cn(C3CC3)c12,15,0.0,0.0,0.0
CN(C)CCc1c[nH]c2ccc(CS(=O)(=O)N3CCCC3)cc12,2,0.0,0.0,0.0
CN(C)C/C=C(/c1ccc(Br)cc1)c1cccnc1,2,0.0,0.0,0.0
CN(C)CCC=C1c2ccccc2C(C)(C)c2ccccc21,2,0.0,0.0,0.0
CN(C)CC/C=C1\c2ccccc2CSc2ccccc21,2,0.0,0.0,0.0
CN(C)CCC[C@@]1(c2ccc(F)cc2)OCc2cc(C#N)ccc21,2,0.0,0.0,0.0
CN(C)C/C=C/C(=O)Nc1cc2c(Nc3ccc(F)c(Cl)c3)ncnc2cc1O[C@H]1CCOC1,2,0.0,0.0,0.0
CN(C)CCCNc1c2ccccc2nc2cccc([N+](=O)[O-])c12,2,0.0,0.0,0.0
C[C@]12CC[C@@H]3c4ccc(O)cc4C[C@@H](CCCCCCCCC[S+]([O-])CCCC(F)(F)C(F)(F)F)[C@H]3[C@@H]1CC[C@@H]2O,2,0.0,0.0,0.0
CCCS(=O)(=O)Nc1ccc(F)c(C(=O)c2c[nH]c3ncc(-c4ccc(Cl)cc4)cc23)c1F,2,0.0,0.0,0.0
C[C@@H]1CCC[C@H](C)N1NC(=O)c1ccc(Cl)c(S(N)(=O)=O)c1,2,0.0,0.0,0.0
C[C@H]1[C@H](OC(=O)CCC(=O)O)O[C@@H]2O[C@@]3(C)CC[C@H]4[C@H](C)CC[C@@H]1[C@@]24OO3,2,0.0,0.0,0.0
C[C@]12CCC(=O)C=C1C=C[C@@H]1[C@@H]2CC[C@@]2(C)[C@H]1CC[C@@]21CCC(=O)O1,2,0.0,0.0,0.0
C[C@]12CCC(=O)C=C1C=C[C@@H]1[C@@H]2CC[C@@]2(C)[C@H]1CC[C@@]2(O)CCC(=O)[O-].[K+],2,0.0,0.0,0.0
C[C@]12C=CC(=O)C=C1C(Cl)=C[C@@H]1[C@@H]2[C@@H](O)C[C@@]2(C)[C@H]1CC[C@]2(O)C(=O)CO,2,0.0,0.0,0.0
C[C@]12CCC(=O)C(O)=C1CC[C@@H]1[C@@H]2CC[C@]2(C)C(=O)CC[C@@H]12,2,0.0,0.0,0.0
C[N+](C)(C)CC(=O)O,2,0.0,0.0,0.0
CNCC[C@@H](Oc1ccccc1C)c1ccccc1,3,0.0,0.0,0.0
Cc1nnc(SCC2=C(C(=O)O)N3C(=O)[C@@H](NC(=O)Cn4cnnn4)[C@H]3SC2)s1,2,0.0,0.0,0.0
CC(=O)NCCCS(=O)(=O)O,2,0.0,0.0,0.0
CC(=O)NC[C@H]1CN(c2ccc(N3CCOCC3)c(F)c2)C(=O)O1,3,0.0,0.0,0.0
CC(=O)N(CC(O)CO)c1c(I)c(C(=O)NCC(O)CO)c(I)c(C(=O)NCC(O)CO)c1I,2,0.0,0.0,0.0
CC(=O)N[C@@H](CS)C(=O)O,2,0.0,0.0,0.0
COc1ccc(-c2cc(=S)ss2)cc1,2,0.0,0.0,0.0
CCCCCCCCCCCCCCCCOP(=O)([O-])OCC[N+](C)(C)C,2,0.0,0.0,0.0
N[C@@H](C(=O)N[C@@H]1C(=O)N2C(C(=O)O)=C(Cl)CS[C@H]12)c1ccccc1,2,0.0,0.0,0.0
N[C@@H](CSCC(=O)O)C(=O)O,2,0.0,0.0,0.0
S=P(N1CC1)(N1CC1)N1CC1,2,0.0,0.0,0.0
Cc1cccc(N2CC(CO)OC2=O)c1,2,0.0,0.0,0.0
CC(C)(Oc1ccc(Cl)cc1)C(=O)OCCOC(=O)c1cccnc1,2,0.0,0.0,0.0
CC(C(O)c1ccc(O)cc1)N1CCC(Cc2ccccc2)CC1,4,0.0,1.0,0.0
O=C(O)CSCC(=O)NC1CCSC1=O,2,0.0,0.0,0.0
C=CC(=O)Nc1cc(Nc2nccc(-c3cn(C)c4ccccc34)n2)c(OC)cc1N(C)CCN(C)C,3,0.0,0.0,0.0
CC(C)(O/N=C(\C(=O)N[C@@H]1C(=O)N2C(C(=O)[O-])=C(C[n+]3ccccc3)CS[C@H]12)c1csc(N)n1)C(=O)O,4,0.0,0.0,0.0
Cn1nnnc1SCC1=C(C(=O)O)N2C(=O)[C@@H](NC(=O)[C@H](O)c3ccccc3)[C@H]2SC1,2,0.0,0.0,0.0
Oc1cc(Cl)ccc1Oc1ccc(Cl)cc1Cl,2,0.0,0.0,0.0
CC(CC1c2ccccc2CCc2ccccc21)CN(C)C,2,0.0,0.0,0.0
O=C(O)[C@H]1/C(=C/CO)O[C@@H]2CC(=O)N21,2,0.0,0.0,0.0
NS(=O)(=O)c1ccc(N2CCCCS2(=O)=O)cc1,2,0.0,0.0,0.0
NS(=O)(=O)c1cc(C(=O)O)cc(N2CCCC2)c1Oc1ccccc1,2,0.0,0.0,0.0
NS(=O)(=O)c1cc(-c2nnn[nH]2)c(NCc2cccs2)cc1Cl,2,0.0,0.0,0.0
CCNC(=O)CCC/C=C\C[C@@H]1[C@@H](/C=C/[C@@H](O)CCc2ccccc2)[C@H](O)C[C@@H]1O,2,0.0,0.0,0.0
CCCN(CCc1cccs1)[C@H]1CCc2c(O)cccc2C1,2,0.0,0.0,0.0
CCCC(=O)N1CCCN(c2nc(N)c3cc(OC)c(OC)cc3n2)CC1,2,0.0,0.0,0.0
CNCCc1ccc(OC(=O)C(C)C)c(OC(=O)C(C)C)c1,2,0.0,0.0,0.0
CCCN[C@H]1CCc2nc(N)sc2C1,2,0.0,0.0,0.0
CCOc1cc(N)c([N+](=O)[O-])cc1C(=O)NC1CCN(CC2CC=CCC2)CC1,2,0.0,0.0,0.0
CO[C@@]1(NC(=O)C2SC(=C(C(N)=O)C(=O)O)S2)C(=O)N2C(C(=O)O)=C(CSc3nnnn3C)CS[C@@H]21,2,0.0,0.0,0.0
O=C(O)c1nn(Cc2ccc(Cl)cc2Cl)c2ccccc12,2,0.0,0.0,0.0
O=C(O)c1cc(O)c2c3nc4ccccc4oc-3cc(=O)c2n1,2,0.0,0.0,0.0
CN1CCCC(n2nc(Cc3ccc(Cl)cc3)c3ccccc3c2=O)CC1,4,0.0,1.0,0.0
O=C1NCCN1CCN1CCC(c2cn(-c3ccc(F)cc3)c3ccc(Cl)cc23)CC1,16,0.0,1.0,0.0
NC(=O)c1ncn([C@@H]2O[C@H](CO)[C@@H](O)[C@H]2O)c1O,2,0.0,0.0,0.0
NC(=O)c1cn(Cc2c(F)cccc2F)nn1,2,0.0,0.0,0.0
C/N=C(\NC)NCc1ccccc1,2,0.0,0.0,0.0
c1ccc2c(c1)Sc1ccccc1N2CC1CN2CCC1CC2,2,0.0,0.0,0.0
CCOC(=O)C1=C[C@]2(CC)CCCN3CCc4c(n1c1ccccc41)[C@@H]32,3,0.0,0.0,0.0
CCOC(=O)c1c(CSc2ccccc2)n(C)c2cc(Br)c(O)c(CN(C)C)c12,2,0.0,0.0,0.0
CC(C)=CCOc1ccc(/C=C/C(=O)c2ccc(OCC=C(C)C)cc2OCC(=O)O)cc1,2,0.0,0.0,0.0
Cc1cccc(C)c1NC(=O)CC12CCCN1CCC2,4,0.0,0.0,0.0
COc1cccc(N(C)C(=S)Oc2ccc3c(c2)CCCC3)n1,2,0.0,0.0,0.0
CC(Cc1cccc(C(F)(F)F)c1)NCCOC(=O)c1ccccc1,2,0.0,0.0,0.0
OC[C@H]1O[C@@H](n2cnc3c2N=CNC[C@H]3O)C[C@@H]1O,2,0.0,0.0,0.0
C#C[C@]1(O)CC[C@H]2[C@@H]3CCC4=CCCC[C@@H]4[C@H]3CC[C@@]21C,2,0.0,0.0,0.0
CC(C)(C)C(=O)OCOP(=O)(COCCn1cnc2c(N)ncnc21)OCOC(=O)C(C)(C)C,2,0.0,0.0,0.0
C/C(=C(\CCOP(=O)(O)O)SC(=O)c1ccccc1)N(C=O)Cc1cnc(C)nc1N,2,0.0,0.0,0.0
O=C(O)Cc1cn(-c2ccccc2)nc1-c1ccc(Cl)cc1,2,0.0,0.0,0.0
O=C(O)Cc1cc(I)c(Oc2ccc(O)c(I)c2)c(I)c1,2,0.0,0.0,0.0
O=C(O)/C=C/c1ccc(Cn2ccnc2)cc1,2,0.0,0.0,0.0
OC(CCN1CCCCC1)(c1ccccc1)C1CC2C=CC1C2,2,0.0,0.0,0.0
CCCN1CC(NS(=O)(=O)N(CC)CC)CC2Cc3c(O)cccc3CC21,2,0.0,0.0,0.0
Cc1c(-c2ccc(O)cc2)n(Cc2ccc(OCCN3CCCCCC3)cc2)c2ccc(O)cc12,2,0.0,0.0,0.0
CC1CCc2c(N3CCC(O)CC3)c(F)cc3c(=O)c(C(=O)O)cn1c23,2,0.0,0.0,0.0
Cc1cc(N2CCN([C@@H]3CN[C@H](C(=O)N4CCSC4)C3)CC2)n(-c2ccccc2)n1,2,0.0,0.0,0.0
COC(=O)/C=C/C(=O)OC,2,0.0,0.0,0.0
CCOC(=O)C(C)(CC)Oc1ccc(Cc2ccc(Cl)cc2)cc1,2,0.0,0.0,0.0
Cc1ccc(C(=O)Nc2ccc(CN3CCN(C)CC3)c(C(F)(F)F)c2)cc1C#Cc1cnc2cccnn12,2,0.0,0.0,0.0
Cc1ccc(/C(=C\CN2CCCC2)c2cccc(/C=C/C(=O)O)n2)cc1,2,0.0,0.0,0.0
O=C(CCCN1CCC2(CC1)C(=O)NCN2c1ccccc1)c1ccc(F)cc1,2,0.0,0.0,0.0
O=C(CCCN1CCC(n2c(=O)[nH]c3ccccc32)CC1)c1ccc(F)cc1,2,0.0,0.0,0.0
CC1=C(C(=O)OC(C)C)C(c2cccc([N+](=O)[O-])c2)C(C(=O)OC2CN(C(c3ccccc3)c3ccccc3)C2)=C(N)N1,2,0.0,0.0,0.0
CC(C)OC(=O)CCC/C=C\C[C@@H]1[C@@H](CC[C@@H](O)CCc2ccccc2)[C@H](O)C[C@@H]1O,2,0.0,0.0,0.0
CC(C)OC(=O)C(C(=O)OC(C)C)=C1SC=CS1,2,0.0,0.0,0.0
C=C(c1ccccc1OCc1cccc(Cl)c1)n1ccnc1,2,0.0,0.0,0.0
O=C(O)c1ccccc1OP(=O)(O)O,2,0.0,0.0,0.0
O=C1OC(OC(=O)c2cccnc2Nc2cccc(C(F)(F)F)c2)c2ccccc21,2,0.0,0.0,0.0
COCC1=C(C(=O)O)N2C(=O)[C@@H](NC(=O)/C(=N\OC)c3csc(N)n3)[C@H]2SC1,2,0.0,0.0,0.0
CCN1C(=O)NC(c2ccccc2)C1=O,2,0.0,0.0,0.0
C1=Cc2cccc(OCC3CNCCO3)c2C1,2,0.0,0.0,0.0
Nc1c2c(nc3ccccc13)CCCC2O,2,0.0,0.0,0.0
CCC(C(=O)O)c1ccc(CC(C)C)cc1,2,0.0,0.0,0.0
CCC(C)C(CC)C(N)=O,2,0.0,0.0,0.0
CCCCCCCCOc1ccccc1C(=O)Nc1ccc(C(=O)OCC[N+](C)(CC)CC)cc1.[Br-],2,0.0,0.0,0.0
COC(=O)C1=C(C)NC(C)=C(C(=O)OCCN2CCN(C(c3ccccc3)c3ccccc3)CC2)C1c1cccc([N+](=O)[O-])c1,2,0.0,0.0,0.0
COC(=O)c1ccc2c(c1)NC(=O)/C2=C(\Nc1ccc(N(C)C(=O)CN2CCN(C)CC2)cc1)c1ccccc1,2,0.0,0.0,0.0
C[C@H]1CNCCc2ccc(Cl)cc21,2,0.0,0.0,0.0
CCC1(CC)C(=O)NCC(C)C1=O,2,0.0,0.0,0.0
Cc1cc(/C=C/c2ccc3cc(N(C)C)ccc3[n+]2C)c(C)n1-c1ccccc1,2,0.0,0.0,0.0
Clc1ccc(CCCOCCCN2CCCCC2)cc1,2,0.0,0.0,0.0
CC(C)Cc1ccc(CC(=O)O)cc1,2,0.0,0.0,0.0
CCC(C)C1(CC)C(=O)NC(=O)NC1=O,2,0.0,0.0,0.0
CCCCC1(CC)C(=O)NC(=O)NC1=O,2,0.0,0.0,0.0
CCOc1ccc(C[C@H]2NC(=O)CCSSC[C@@H](C(=O)N3CCC[C@H]3C(=O)N[C@@H](CCCN)C(=O)NCC(N)=O)NC(=O)[C@H](CC(N)=O)NC(=O)[C@H]([C@@H](C)O)NC(=O)[C@H]([C@@H](C)CC)NC2=O)cc1,2,0.0,0.0,0.0
CCOc1cc(CC(=O)N[C@@H](CC(C)C)c2ccccc2N2CCCCC2)ccc1C(=O)O,2,0.0,0.0,0.0
CCN(CC)CC(=O)Oc1ccc(NC(C)=O)cc1,2,0.0,0.0,0.0
CCN(CC)C(=O)C1(c2ccccc2)CC1CN,3,0.0,0.0,0.0
CC(C)[C@H](NC(=O)[C@H](CC(=O)O)NC(=O)[C@H](CCCCN)NC(=O)[C@@H](N)CCCN=C(N)N)C(=O)N[C@@H](Cc1ccc(O)cc1)C(=O)O,2,0.0,0.0,0.0
CCCCN1CCCCC1C(=O)Nc1c(C)cccc1C,2,0.0,0.0,0.0
C#C[C@]1(O)CC[C@H]2[C@@H]3CCC4=CC(=O)CCC4=C3C=C[C@@]21CC,2,0.0,0.0,0.0
C#C[C@]1(OC(C)=O)CC[C@H]2[C@@H]3CCC4=C/C(=N/O)CC[C@@H]4[C@H]3CC[C@@]21CC,2,0.0,0.0,0.0
CCc1cc2c(s1)-n1c(C)nnc1CN=C2c1ccccc1Cl,2,0.0,0.0,0.0
C=CC1=C(C(=O)O)N2C(=O)[C@@H](NC(=O)/C(=N\OCC(=O)O)c3csc(N)n3)[C@H]2SC1,2,0.0,0.0,0.0
CC[C@]12CCCN3CCc4c(n(c5cc(Br)ccc45)[C@@](O)(C(=O)OC)C1)[C@@H]32,2,0.0,0.0,0.0
C=CCN1CCc2nc(N)sc2CC1,2,0.0,0.0,0.0
Nc1nc(=O)c2nc(CNc3ccc(C(=O)N[C@@H](CCC(=O)O)C(=O)O)cc3)cnc2[nH]1,2,0.0,0.0,0.0
Nc1nc(NC2CC2)c2ncn([C@H]3C=C[C@@H](CO)C3)c2n1,2,0.0,0.0,0.0
O=c1[nH]c2ccccc2n1CCCN1CCN(C(c2ccccc2)c2ccccc2)CC1,3,0.0,0.0,0.0
C[C@@H](NCCCc1cccc(C(F)(F)F)c1)c1cccc2ccccc12,2,0.0,0.0,0.0
C[C@H](N[C@@H](CCc1ccccc1)C(=O)O)C(=O)N1CCC[C@H]1C(=O)O,2,0.0,0.0,0.0
C[C@H](N)C(=O)N[C@@H](CCC(N)=O)C(=O)O,2,0.0,0.0,0.0
CCC[C@@]1(CCc2ccccc2)CC(O)=C([C@H](CC)c2cccc(NS(=O)(=O)c3ccc(C(F)(F)F)cn3)c2)C(=O)O1,2,0.0,0.0,0.0
CC(C)[C@H]1C(=O)N2CCC[C@H]2[C@]2(O)O[C@](NC(=O)[C@@H]3C[C@@H]4c5cccc6[nH]cc(c56)C[C@H]4N(C)C3)(C(C)C)C(=O)N12,2,0.0,0.0,0.0
CC(CC(c1ccccc1)c1ccccc1)NC(C)(C)C,4,0.0,0.0,0.0
COc1cc(N)c(Cl)cc1C(=O)NC1CCN(Cc2ccccc2)CC1,3,0.0,1.0,0.0
Cc1ccc(S(=O)(=O)NC(=O)N[C@H]2[C@H]3CC[C@@](C)([C@H]2O)C3(C)C)cc1,2,0.0,0.0,0.0
Cc1cc(C(C)(C)C)cc(C)c1CC1=NCCN1,2,0.0,0.0,0.0
CNC1Cc2ccccc2N(C)c2ccccc21,2,0.0,0.0,0.0
CO[C@@H]1[C@@H](OC(N)=O)[C@@H](O)[C@H](Oc2ccc3c(O)c(NC(=O)c4ccc(O)c(CC=C(C)C)c4)c(=O)oc3c2C)OC1(C)C,2,0.0,0.0,0.0
CO[C@H]1C[C@H](O[C@H]2CC[C@@]3(C)[C@H](CC[C@@H]4[C@@H]3CC[C@]3(C)[C@@H](C5=CC(=O)OC5)[C@@H](OC(C)=O)C[C@]43O)C2)O[C@@H](C)[C@@H]1O,2,0.0,0.0,0.0
C[C@@H](O)[C@H]1C(=O)N2C(C(=O)O)=C(SCCNC=N)C[C@H]12,2,0.0,0.0,0.0
CC(=N)N1CC[C@H](SC2=C(C(=O)O)N3C(=O)[C@H]([C@@H](C)O)[C@H]3C2)C1,2,0.0,0.0,0.0
C[C@@H](O)[C@H]1C(=O)N2C(C(=O)O)=C(S[C@@H]3CN[C@H](CNS(N)(=O)=O)C3)[C@H](C)[C@H]12,2,0.0,0.0,0.0
CC1(C)S[C@@H]2[C@H](NC(=O)C(C(=O)O)c3ccccc3)C(=O)N2[C@H]1C(=O)O,2,0.0,0.0,0.0
CC1=C(C(=O)O)N2C(=O)[C@@H](NC(=O)[C@H](N)C3=CCC=CC3)[C@H]2SC1,2,0.0,0.0,0.0
CC1(C)S[C@@H]2[C@H](NC(=O)[C@H](N)c3ccccc3)C(=O)N2[C@H]1C(=O)OCOC(=O)[C@@H]1N2C(=O)C[C@H]2S(=O)(=O)C1(C)C,2,0.0,0.0,0.0
COc1ccccc1OCCNCC(O)c1ccc(C)c(S(N)(=O)=O)c1,2,0.0,0.0,0.0
COc1ccc(C(=O)N2CCN(c3ccc4c(c3)CCC(=O)N4)CC2)cc1OC,6,0.0,0.0,0.0
COc1ccc(C(=O)NCc2ccc(OCCN(C)C)cc2)cc1OC,2,0.0,0.0,0.0
COc1cc(C(=O)OCc2cccc(COC(=O)c3cc(OC)c(OC)c(OC)c3)n2)cc(OC)c1OC,2,0.0,0.0,0.0
COc1ccc(CC(C)(C)NC[C@H](O)c2cc(O)cc3c2OCC(=O)N3)cc1,2,0.0,0.0,0.0
CC(=O)Oc1cccc2c1C(=O)c1c(OC(C)=O)cc(C(=O)O)cc1C2=O,2,0.0,0.0,0.0
CC(=O)OCC1=C(C(=O)O)N2C(=O)[C@@H](NC(=O)CC#N)[C@H]2SC1,2,0.0,0.0,0.0
CC(=O)OCC1=C(C(=O)O)N2C(=O)[C@@H](NC(=O)Cc3cccs3)[C@H]2SC1,2,0.0,0.0,0.0
Oc1ccc2c(c1)CC[C@H](c1ccccc1)[C@@H]2c1ccc(OCCN2CCCC2)cc1,2,0.0,0.0,0.0
CC[N+](C)(C)Cc1ccccc1Br,2,0.0,0.0,0.0
CCN(CC)Cc1cc(Nc2ccnc3cc(Cl)ccc23)ccc1O,2,0.0,0.0,0.0
CCN(CC)Cc1nccn1-c1ccc([N+](=O)[O-])cc1C(=O)c1ccccc1Cl,2,0.0,0.0,0.0
NCC(=O)CCC(=O)O,2,0.0,0.0,0.0
N[C@@H](Cc1cc(I)c(Oc2cc(I)c(O)c(I)c2)c(I)c1)C(=O)O,2,0.0,0.0,0.0
COc1cc2nc(N(C)CCCNC(=O)C3CCCO3)nc(N)c2cc1OC,2,0.0,0.0,0.0
O=C(C[S+]([O-])C(c1ccccc1)c1ccccc1)NO,2,0.0,0.0,0.0
COCCOC(=O)C1=C(C)NC(C)=C(C(=O)OC/C=C/c2ccccc2)C1c1cccc([N+](=O)[O-])c1,2,0.0,0.0,0.0
Oc1cc(O)c(Cl)cn1,2,0.0,0.0,0.0
CCCCCCCCCCCC[N+](C)(C)CCOc1ccccc1,2,0.0,0.0,0.0
N#Cc1ccc(C2CCCc3cncn32)cc1,2,0.0,0.0,0.0
N#Cc1ccccc1-c1cc(-c2ccccn2)cn(-c2ccccc2)c1=O,2,0.0,0.0,0.0
CC(=O)Oc1cc(C(C)C)c(OCCN(C)C)cc1C,2,0.0,0.0,0.0
CCC1(c2ccccc2)NC(=O)N(C)C1=O,2,0.0,0.0,0.0
O=C(O)CCCCCCNC1c2ccccc2CCc2ccccc21,2,0.0,0.0,0.0
O=C(O)CCC(=O)c1ccc(-c2ccccc2)cc1,2,0.0,0.0,0.0
O=C(O)/C=C/C(=O)O,2,0.0,0.0,0.0
CC(C)C(=O)c1c(C(C)C)nn2ccccc12,2,0.0,0.0,0.0
CC(C)(CO)c1cc2cc(NC(=O)C3(c4ccc5c(c4)OC(F)(F)O5)CC3)c(F)cc2n1C[C@@H](O)CO,2,0.0,0.0,0.0
Clc1ccc2c(N3CCN(CCCN4CCN(c5ccnc6cc(Cl)ccc56)CC4)CC3)ccnc2c1,2,0.0,0.0,0.0
Clc1ccc2c(c1)C(c1ccccc1)=NCc1nncn1-2,2,0.0,0.0,0.0
CC(C)c1nc(N(C)S(C)(=O)=O)nc(-c2ccc(F)cc2)c1/C=C/[C@@H](O)C[C@@H](O)CC(=O)O,2,0.0,0.0,0.0
CC(C)c1cc2c(cc1S(=O)(=O)O)[C@@]1(C)CCC[C@@](C)(C(=O)O)[C@@H]1CC2,2,0.0,0.0,0.0
CC(C(=O)O)c1ccc2c(c1)CC(=O)c1ccccc1S2,2,0.0,0.0,0.0
CCC(=O)O[C@H](CC(=O)O)C[N+](C)(C)C,2,0.0,0.0,0.0
CCC(=O)OCC(=O)[C@@]1(OC(=O)CC)[C@@H](C)C[C@H]2[C@@H]3CCC4=CC(=O)C=C[C@]4(C)[C@@]3(F)[C@@H](O)C[C@@]21C,2,0.0,0.0,0.0
CCC(=O)O[C@@H]1CC(=O)O[C@H](C)C/C=C/C=C/[C@H](O)[C@H](C)C[C@H](CC=O)[C@H](O[C@@H]2O[C@H](C)[C@@H](O[C@H]3C[C@@](C)(O)[C@@H](OC(=O)CC)[C@H](C)O3)[C@H](N(C)C)[C@H]2O)[C@H]1OC,2,0.0,0.0,0.0
COc1ccc(-c2ccc3cc(C(=O)O)ccc3c2)cc1C12CC3CC(CC(C3)C1)C2,2,0.0,0.0,0.0
O=C1CN=C(c2ccccc2)c2cc(Cl)ccc2N1CC(F)(F)F,2,0.0,0.0,0.0
CCCOC(C(=O)OC1CCN(C)CC1)(c1ccccc1)c1ccccc1,2,0.0,0.0,0.0
CCCO[C@H]1[C@@H]([C@@H](COCc2ccc(Cl)cc2)OCc2ccc(Cl)cc2)OC(OCC)[C@@H]1O,2,0.0,0.0,0.0
CCCCC[C@H](O)/C=C/[C@H]1[C@H](O)CC(=O)[C@@H]1C/C=C\CCCC(=O)O,2,0.0,0.0,0.0
CCCCC[C@H](O)CC[C@@H]1[C@H]2Cc3cccc(OCC(=O)O)c3C[C@H]2C[C@H]1O,2,0.0,0.0,0.0
CC(=O)Nc1ccc(CC(=O)O)cc1,2,0.0,0.0,0.0
CCCN(CC)C(CC)C(=O)Nc1c(C)cccc1C,2,0.0,0.0,0.0
CC(C)N(CCCCOCC(=O)NS(C)(=O)=O)c1cnc(-c2ccccc2)c(-c2ccccc2)n1,2,0.0,0.0,0.0
CC(C)N(CCCCOCC(=O)O)c1cnc(-c2ccccc2)c(-c2ccccc2)n1,2,0.0,0.0,0.0
CC(COc1ccccc1)N(CCCl)Cc1ccccc1,2,0.0,0.0,0.0
C=C1CC[C@@]2(O)[C@H]3Cc4ccc(O)c5c4[C@@]2(CCN3CC2CC2)[C@H]1O5,2,0.0,0.0,0.0
NCCCC(N)(C(=O)O)C(F)F,2,0.0,0.0,0.0
N=C(N)NCCCCCCC(=O)NC(O)C(=O)NCCCCNCCCN,2,0.0,0.0,0.0
COCCCOc1cc(C[C@@H](C[C@H](N)[C@@H](O)C[C@H](C(=O)NCC(C)(C)C(N)=O)C(C)C)C(C)C)ccc1OC,2,0.0,0.0,0.0
OC[C@H]1O[C@@H](Oc2cc(O)cc(/C=C/c3ccc(O)cc3)c2)[C@H](O)[C@@H](O)[C@@H]1O,2,0.0,0.0,0.0
CN1C(=O)C(O)N=C(c2ccccc2Cl)c2cc(Cl)ccc21,2,0.0,0.0,0.0
Cn1cc(C(=O)[C@@H]2CCc3[nH]cnc3C2)c2ccccc21,2,0.0,0.0,0.0
CCOC(=O)NNc1ccc(N(CC)CC(C)O)nn1,2,0.0,0.0,0.0
CCOC(=O)OC(C)OC(=O)[C@@H]1N2C(=O)[C@@H](NC(=O)[C@H](N)c3ccccc3)[C@H]2SC1(C)C,2,0.0,0.0,0.0
c1ccc(C2(N3CCCCC3)CCCCC2)cc1,2,0.0,0.0,0.0
c1cnc2cc3c(cc2n1)[C@@H]1CNC[C@H]3C1,2,0.0,0.0,0.0
CCC(COC(=O)c1cc(OC)c(OC)c(OC)c1)(c1ccccc1)N(C)C,2,0.0,0.0,0.0
CCCCOC(=O)C(=O)Nc1cccc(-c2nnn[nH]2)c1,2,0.0,0.0,0.0
CO/N=C(\C(=O)N[C@@H]1C(=O)N2C(C(=O)O)=CCS[C@H]12)c1csc(N)n1,2,0.0,0.0,0.0
CO/N=C(\C(=O)N[C@@H]1C(=O)N2C(C(=O)O)=C(CSc3nnnn3C)CS[C@H]12)c1csc(N)n1,2,0.0,0.0,0.0
CO/N=C(\C(=O)N[C@@H]1C(=O)N2C(C(=O)O)=C(COC(N)=O)CS[C@H]12)c1ccco1,2,0.0,0.0,0.0
CO/N=C(\C(=O)N[C@@H]1C(=O)N2C(C(=O)[O-])=C(C[n+]3ccc(N)n3CCO)CS[C@H]12)c1csc(N)n1,2,0.0,0.0,0.0
CO/N=C(\C(=O)N[C@@H]1C(=O)N2C(C(=O)O)=C(CSc3nc(C)c(CC(=O)O)s3)CS[C@H]12)c1csc(N)n1,2,0.0,0.0,0.0
CO/N=C(\C(=O)N[C@@H]1C(=O)N2C(C(=O)O)=C(CSc3nc(=O)c(O)nn3C)CS[C@H]12)c1csc(N)n1,2,0.0,0.0,0.0
CO/N=C(\C(=O)N[C@@H]1C(=O)N2C(C(=O)[O-])=C(C[n+]3ccn4ncccc43)CS[C@H]12)c1nsc(N)n1,2,0.0,0.0,0.0
O=C(NCCNCC(O)COc1ccc(O)cc1)N1CCOCC1,2,0.0,0.0,0.0
OC(CNCC(O)C1CCc2cc(F)ccc2O1)C1CCc2cc(F)ccc2O1,2,0.0,0.0,0.0
CCCCCCCC(=O)CC[C@@H]1[C@@H](C/C=C\CCCC(=O)O)[C@@H](O)C[C@H]1O,2,0.0,0.0,0.0
CCCC(CCC)C(=O)O[C@H]1C[C@H]2CC[C@@H](C1)[N+]2(C)C,2,0.0,0.0,0.0
CC1=C(/C=C/C(C)=C/C=C/C(C)=C/C(=O)Oc2c(C)c(C)c3c(c2C)CCC(C)(CCCC(C)CCCC(C)CCCC(C)C)O3)C(C)(C)CCC1,2,0.0,0.0,0.0
CC(=O)c1ccc2c(c1)N(CCCN1CCC(CCO)CC1)c1ccccc1S2,2,0.0,0.0,0.0
CC(=O)c1ccc2c(c1)N(CCCN1CCN(CCO)CC1)c1ccccc1S2,2,0.0,0.0,0.0
CCCCCCCCCCCCCCCCCCCCCC(=O)Nc1ccn([C@@H]2O[C@H](CO)[C@@H](O)[C@@H]2O)c(=O)n1,2,0.0,0.0,0.0
CC/C=C\C/C=C\C/C=C\C/C=C\C/C=C\CCCC(=O)OCC,2,0.0,0.0,0.0
CC/C=C\C/C=C\C/C=C\CCCCCCCC(=O)O,2,0.0,0.0,0.0
CCN(c1cc(-c2ccc(CN3CCOCC3)cc2)cc(C(=O)NCc2c(C)cc(C)[nH]c2=O)c1C)C1CCOCC1,2,0.0,0.0,0.0
CC(=O)OCC(=O)[C@@]12N=C(C)O[C@@H]1C[C@H]1[C@@H]3CCC4=CC(=O)C=C[C@]4(C)[C@H]3[C@@H](O)C[C@@]12C,2,0.0,0.0,0.0
CC(=O)OCC(=O)[C@@]1(O)[C@H](C)C[C@H]2[C@@H]3CCC4=CC(=O)C=C[C@]4(C)[C@@]3(F)[C@@H](O)C[C@@]21C,2,0.0,0.0,0.0
CC(=O)OCC(=O)NCCCOc1cccc(CN2CCCCC2)c1,2,0.0,0.0,0.0
CC(=O)O[C@H]1CC[C@@]2(C)C(=CC[C@@H]3[C@@H]2CC[C@]2(C)C(c4cccnc4)=CC[C@@H]32)C1,2,0.0,0.0,0.0
C=C[C@@]1(C)CC(=O)[C@]2(O)[C@@]3(C)[C@@H](O)CCC(C)(C)[C@@H]3[C@H](O)[C@H](OC(C)=O)[C@@]2(C)O1,2,0.0,0.0,0.0
C=C[C@@]1(C)CC(=O)[C@]2(O)[C@@]3(C)[C@@H](O)CCC(C)(C)[C@@H]3[C@H](OC(=O)CCN(C)C)[C@H](OC(C)=O)[C@@]2(C)O1,2,0.0,0.0,0.0
CC(=O)O[C@H]1C[C@@H]2CC[C@@H]3[C@H](CC[C@@]4(C)[C@H]3C[C@H]([N+]3(C)CCCCC3)[C@@H]4OC(C)=O)[C@@]2(C)C[C@@H]1N1CCCCC1,2,0.0,0.0,0.0
CC(=O)O[C@H](CC(=O)[O-])C[N+](C)(C)C,2,0.0,0.0,0.0
CN1CCN(c2c(F)cc3c(=O)c(C(=O)O)cn4c3c2SCC4)CC1,2,0.0,0.0,0.0
CCN(CC)C(=O)Nc1ccc(OCC(O)CNC(C)(C)C)c(C(C)=O)c1,2,0.0,0.0,0.0
CCN(CC)C(=O)N[C@H]1C[C@@H]2c3cccc4[nH]cc(c34)C[C@H]2N(C)C1,2,0.0,0.0,0.0
Cc1cc(CC(=O)O)n(C)c1C(=O)c1ccc(Cl)cc1,2,0.0,0.0,0.0
Oc1ccc2c(c1)[C@@]13CCCC[C@@]1(O)[C@@H](C2)N(CC1CCC1)CC3,2,0.0,0.0,0.0
COc1ccc2c3c1O[C@H]1C(=O)CC[C@@]4(O)[C@@H](C2)N(C)CC[C@]314,2,0.0,0.0,0.0
COc1ccc2c3c1O[C@H]1[C@@H](O)CC[C@H]4[C@@H](C2)N(C)CC[C@@]341,2,0.0,0.0,0.0
O=C(Nc1c(Cl)cncc1Cl)c1ccc(OC(F)F)c(OCC2CC2)c1,2,0.0,0.0,0.0
N#C[C@@H]1C[C@@H]2C[C@@H]2N1C(=O)[C@@H](N)C12CC3CC(CC(O)(C3)C1)C2,2,0.0,0.0,0.0
NCCNCCNCCN,2,0.0,0.0,0.0
CNC(=N)NC(=O)Nc1c(C)cccc1C,2,0.0,0.0,0.0
CNC(=O)c1ccccc1Sc1ccc2c(/C=C/c3ccccn3)n[nH]c2c1,2,0.0,0.0,0.0
CNC(=O)c1cc(Oc2ccc(NC(=O)Nc3ccc(Cl)c(C(F)(F)F)c3)cc2)ccn1,2,0.0,0.0,0.0
COc1ccc(-c2nc3cc(C4=NNC(=O)CC4C)ccc3[nH]2)cc1,2,0.0,0.0,0.0
CN(C)CCOC(c1ccc(Cl)cc1)c1ccccn1,2,0.0,0.0,0.0
CN(C)CCOCC(=O)NC12CC3CC(CC(C3)C1)C2,2,0.0,0.0,0.0
OCc1cc([C@@H](O)CNCCCCCCOCCOCc2c(Cl)cccc2Cl)ccc1O,2,0.0,0.0,0.0
OC[C@@H](O)[C@@H](O[C@@H]1O[C@H](CO)[C@H](O)[C@H](O)[C@H]1O)[C@H](O)[C@@H](O)CO,2,0.0,0.0,0.0
OC[C@@H](O)CN1CCN(c2ccccc2)CC1,2,0.0,0.0,0.0
O=C(OCCN1CCOCC1)c1cccnc1Nc1cccc(C(F)(F)F)c1,2,0.0,0.0,0.0
O=C1CC[C@@H](C(=O)N2CSC[C@H]2C(=O)O)N1,2,0.0,0.0,0.0
C/C(O)=C(\C#N)C(=O)Nc1ccc(C(F)(F)F)cc1,2,0.0,0.0,0.0
COC(=O)C1=C(C)NC(C)=C(C(=O)OC2CCCN(Cc3ccccc3)C2)C1c1cccc([N+](=O)[O-])c1,2,0.0,0.0,0.0
CN1CCCN=C1/C=C/c1cccc(O)c1,2,0.0,0.0,0.0
C[N@+]1(CCF)[C@@H]2CC[C@H]1C[C@@H](OC(=O)C(O)(c1ccccc1)c1ccccc1)C2,2,0.0,0.0,0.0
CN1CC2c3ccccc3Oc3ccc(Cl)cc3C2C1,2,0.0,0.0,0.0
C=CCN1CCCC1CNC(=O)c1cc(S(N)(=O)=O)cc(OC)c1OC,2,0.0,0.0,0.0
CCCN1CCCC[C@H]1C(=O)Nc1c(C)cccc1C,2,0.0,0.0,0.0
C=CC[N@@+]12CC[C@@]34c5ccccc5N5/C=C6/[C@H]7C[C@H]8[C@@]9(CC[N@@+]8(CC=C)C/C7=C/CO)c7ccccc7N(/C=C(/[C@@H](C[C@@H]31)/C(=C\CO)C2)[C@H]54)[C@@H]69,2,0.0,0.0,0.0
COc1cc2c(N)nc(N3CCN(C(=O)OCC(C)(C)O)CC3)nc2c(OC)c1OC,2,0.0,0.0,0.0
COc1cc2c(cc1OC)C1CC(=O)C(CC(C)C)CN1CC2,2,0.0,0.0,0.0
COc1cc2/c(=N/c3ccc(Br)cc3F)nc[nH]c2cc1OCC1CCN(C)CC1,2,0.0,0.0,0.0
COc1cc2ncnc(Nc3ccc(F)c(Cl)c3)c2cc1OCCCN1CCOCC1,2,0.0,0.0,0.0
COc1ccc(CCN(C)CCCC(C#N)(c2cc(OC)c(OC)c(OC)c2)C(C)C)cc1OC,2,0.0,0.0,0.0
COc1ccccc1N1CCN(CCCNc2cc(=O)n(C)c(=O)n2C)CC1,2,0.0,0.0,0.0
CCCCCCOc1ccccc1C(N)=O,2,0.0,0.0,0.0
CCCCC(C)(O)C/C=C/[C@H]1[C@H](O)CC(=O)[C@@H]1CCCCCCC(=O)OC,2,0.0,0.0,0.0
CCCCCCOC(=O)CCC(=O)CN,2,0.0,0.0,0.0
CN1Cc2c(N)cccc2C(c2ccccc2)C1,3,0.0,0.0,0.0
CN1CCN=C(c2ccccc2)c2cc(Cl)ccc21,2,0.0,0.0,0.0
CN1CCOC(c2ccccc2)c2ccccc2C1,2,0.0,0.0,0.0
CN1C(C(=O)Nc2ccccn2)=C(O)c2sc(Cl)cc2S1(=O)=O,2,0.0,0.0,0.0
Cn1cnc2c(F)c(Nc3ccc(Br)cc3F)c(C(=O)NOCCO)cc21,2,0.0,0.0,0.0
Cn1c(=O)c2c(ncn2CCOC(=O)C(C)(C)Oc2ccc(Cl)cc2)n(C)c1=O,2,0.0,0.0,0.0
CCOC(=O)[N-]c1c[n+](N2CCOCC2)no1,2,0.0,0.0,0.0
CCOC(=O)Nc1ccc(NCc2ccc(F)cc2)nc1N,2,0.0,0.0,0.0
CCOC(=O)Nc1ccc2c(c1)N(C(=O)CCN1CCOCC1)c1ccccc1S2,2,0.0,0.0,0.0
CCN1CCN(Cc2ccc(Nc3ncc(F)c(-c4cc(F)c5nc(C)n(C(C)C)c5c4)n3)nc2)CC1,2,0.0,0.0,0.0
CCN1CCN(C(=O)N[C@@H](C(=O)N[C@@H]2C(=O)N3C(C(=O)O)=C(CSc4nnnn4C)CS[C@H]23)c2ccc(O)cc2)C(=O)C1=O,2,0.0,0.0,0.0
Cc1ccc(-n2nccn2)c(C(=O)N2CCN(c3nc4cc(Cl)ccc4o3)CC[C@H]2C)c1,2,0.0,0.0,0.0
CCOC(=O)[C@H](CCc1ccccc1)N[C@H]1CCCN2CCC[C@@H](C(=O)O)N2C1=O,2,0.0,0.0,0.0
CCOC(=O)[C@H](CCc1ccccc1)N[C@@H](C)C(=O)N1C(=O)N(C)C[C@H]1C(=O)O,2,0.0,0.0,0.0
O=C(NCCO[N+](=O)[O-])c1cccnc1,2,0.0,0.0,0.0
CCC(C(=O)O)c1ccc(N2Cc3ccccc3C2=O)cc1,2,0.0,0.0,0.0
Nc1ncnc2c1ncn2[C@@H]1O[C@H](CO)[C@@H](O)[C@H]1O,2,0.0,0.0,0.0
Nc1ncnc2c1ncn2[C@@H]1O[C@H](COP(=O)(O)O)[C@@H](O)[C@H]1O,2,0.0,0.0,0.0
Nc1[nH]cnc2ncnc1-2,2,0.0,0.0,0.0
Nc1nc(N)nc(-c2cc(Cl)ccc2Cl)n1,2,0.0,0.0,0.0
NC(=O)OC[C@@H]1[C@H](NC(=O)/C(=N\OCC(=O)O)c2csc(N)n2)C(=O)N1S(=O)(=O)O,4,0.0,0.0,0.0
CCOc1cc([C@@H](CS(C)(=O)=O)N2C(=O)c3cccc(NC(C)=O)c3C2=O)ccc1OC,2,0.0,0.0,0.0
CCOc1ccccc1OC(c1ccccc1)C1CNCCO1,2,0.0,0.0,0.0
Cc1cccc(C)c1NC(=O)CN1CCN(CCCC(c2ccc(F)cc2)c2ccc(F)cc2)CC1,4,0.0,1.0,0.0
CC(C)(C)NCC(O)c1ccccc1Cl,2,0.0,0.0,0.0
CC(C)(C)NCC(O)COc1cccc2c1CCC(=O)N2,2,0.0,0.0,0.0
CCCCN(CCCC)CCC(O)c1cc2c(Cl)cc(Cl)cc2c2cc(C(F)(F)F)ccc12,12,0.0,0.0,0.0
C#CCOc1ccc(N)cc1C(=O)NCCCC,2,0.0,0.0,0.0
O=C(Nc1ccc([N+](=O)[O-])cc1Cl)c1cc(Cl)ccc1O,2,0.0,0.0,0.0
Cc1ccc(=O)n(-c2ccccc2)c1,2,0.0,0.0,0.0
CC1(C)[C@@H](OC(=O)CCC(=O)O)CC[C@]2(C)[C@H]3C(=O)C=C4[C@@H]5C[C@@](C)(C(=O)O)CC[C@]5(C)CC[C@@]4(C)[C@]3(C)CC[C@@H]12,2,0.0,0.0,0.0
Cc1c(Cl)cccc1Nc1ccccc1C(=O)O,2,0.0,0.0,0.0
CN(c1nccc(=O)[nH]1)C1CCN(c2nc3ccccc3n2Cc2ccc(F)cc2)CC1,11,0.0,1.0,0.0
CNc1cc(OC)c(C(=O)NC2CCN(Cc3ccccc3)C2C)cc1Cl,2,0.0,0.0,0.0
Cc1ccc2c(-c3ccccc3)nc(=O)n(C(C)C)c2c1,2,0.0,0.0,0.0
CC(C)/N=c1\cc2n(-c3ccc(Cl)cc3)c3ccccc3nc-2cc1Nc1ccc(Cl)cc1,2,0.0,0.0,0.0
Cc1ccc(Nc2c(F)cccc2Cl)c(CC(=O)O)c1,2,0.0,0.0,0.0
COc1cccc(N2CCN(C3=Nc4c(F)cccc4[C@H](CC(=O)O)N3c3cc(C(F)(F)F)ccc3OC)CC2)c1,2,0.0,0.0,0.0
C[C@H]1C[C@@H]2[C@H]([C@@H](O)C[C@@]3(C)[C@H]2CC[C@]3(O)C(=O)COC(=O)CCC(=O)O)[C@@]2(C)C=CC(=O)C=C12,2,0.0,0.0,0.0
C[C@H]1Oc2cc(cnc2N)-c2c(nn(C)c2C#N)CN(C)C(=O)c2ccc(F)cc21,2,0.0,0.0,0.0
CCCC[C@H](C)C[C@H](O)/C=C/[C@H]1[C@H](O)CC(=O)[C@@H]1CCCC/C=C/C(=O)O,2,0.0,0.0,0.0
Cc1onc(-c2c(F)cccc2Cl)c1C(=O)N[C@@H]1C(=O)N2[C@@H]1SC(C)(C)[C@@H]2C(=O)O,2,0.0,0.0,0.0
Oc1ccc(CCNCCCCCCNCCc2ccccc2)cc1O,2,0.0,0.0,0.0
O=C(CCCN1CCC(O)(c2ccc(Br)cc2)CC1)c1ccc(F)cc1,2,0.0,0.0,0.0
C1COC(NC(C2CC2)C2CC2)=N1,2,0.0,0.0,0.0
NC(=O)CN1CC(O)CC1=O,2,0.0,0.0,0.0
COC(=O)[C@H]1[C@@H](OC(=O)c2ccccc2)C[C@@H]2CC[C@H]1N2C,8,0.0,0.0,0.0
COc1cc(NS(C)(=O)=O)ccc1Nc1c2ccccc2nc2ccccc12,4,0.0,1.0,0.0
CCC(C)(Oc1ccc(C2(c3ccc(OC(C)(CC)C(=O)O)cc3)CCCCC2)cc1)C(=O)O,2,0.0,0.0,0.0
CCCCOc1cc(C(=O)OCCN(CC)CC)ccc1N,2,0.0,0.0,0.0
CCN1CCCC1CNC(=O)c1cc(S(=O)(=O)CC)ccc1OC,2,0.0,0.0,0.0
CCN1CCCC1CNC(=O)c1cc(S(=O)(=O)CC)c(N)cc1OC,2,0.0,0.0,0.0
CC[N+]1(C)CCCC(OC(=O)C(O)(c2ccccc2)c2ccccc2)C1,2,0.0,0.0,0.0
Cc1nnc2n1-c1ccc(Cl)cc1C(c1ccccc1Cl)=NC2,2,0.0,0.0,0.0
CCC(NC(C)C)C(O)c1ccc(O)c2[nH]c(=O)ccc12,2,0.0,0.0,0.0
Fc1ccc(C(c2ccccc2)(c2ccccc2F)n2ccnc2)cc1,2,0.0,0.0,0.0
C[C@H](CCC(=O)O)[C@H]1CC[C@H]2[C@@H]3[C@@H](O)C[C@@H]4C[C@H](O)CC[C@]4(C)[C@H]3CC[C@]12C,2,0.0,0.0,0.0
C[C@H](CCC(=O)O)[C@H]1CC[C@H]2[C@@H]3[C@H](O)C[C@@H]4C[C@H](O)CC[C@]4(C)[C@H]3CC[C@]12C,2,0.0,0.0,0.0
O=C(O)c1ccccc1Nc1cc(Cl)ccc1C(=O)O,2,0.0,0.0,0.0
COc1ccc2nc3cc(Cl)ccc3c(Nc3cc(CN4CCCC4)c(O)c(CN4CCCC4)c3)c2n1,2,0.0,0.0,0.0
Clc1ccc(C(Cn2ccnc2)OCc2c(Cl)cccc2Cl)c(Cl)c1,2,0.0,0.0,0.0
Clc1ccc(Cn2c(CN3CCCC3)nc3ccccc32)cc1,2,0.0,0.0,0.0
C[N+]12CCC(CC1)C(OC(=O)C(O)(c1ccccc1)c1ccccc1)C2,2,0.0,0.0,0.0
c1cnc(N2CCN(Cc3ccc4c(c3)OCO4)CC2)nc1,2,0.0,0.0,0.0
COS(=O)(=O)[O-].COc1cc(N)cn[n+]1-c1ccccc1,2,0.0,0.0,0.0
COc1ccc(CN2CCN(C(c3ccc(F)cc3)c3ccc(F)cc3)CC2)c(OC)c1OC,2,0.0,0.0,0.0
Cc1ccc(NC(=O)C2(c3ccc4c(c3)OC(F)(F)O4)CC2)nc1-c1cccc(C(=O)O)c1,2,0.0,0.0,0.0
Cn1c(NCCN(CCO)CCCc2ccc([N+](=O)[O-])cc2)cc(=O)n(C)c1=O,3,0.0,0.0,0.0
CN1c2ccccc2C(NCCCCCCC(=O)O)c2ccc(Cl)cc2S1(=O)=O,2,0.0,0.0,0.0
CC(=O)SC[C@@H](C)C(=O)N1CCC[C@H]1C(=O)N[C@@H](Cc1ccccc1)C(=O)O,2,0.0,0.0,0.0
CC(S)C(=O)NCC(=O)O,2,0.0,0.0,0.0
COc1ccc(-c2noc(CC(=O)O)c2-c2ccc(OC)cc2)cc1,2,0.0,0.0,0.0
CCN(CC)CCNC(=O)c1c(C)[nH]c(/C=C2\C(=O)Nc3ccc(F)cc32)c1C,3,0.0,1.0,0.0
CC[N+](CC)(CCNC(=O)C(=O)NCC[N+](CC)(CC)Cc1ccccc1Cl)Cc1ccccc1Cl,2,0.0,0.0,0.0
CCN(CC)CCOC(=O)c1ccc(N)cc1Cl,2,0.0,0.0,0.0
CCN(CCCCOC(=O)c1ccc(OC)c(OC)c1)C(C)Cc1ccc(OC)cc1,2,0.0,0.0,0.0
COc1c(O[C@@H]2O[C@H](CO)[C@@H](O)[C@H](O)[C@H]2O)cc2c(c1OC)-c1ccc(SC)c(=O)cc1[C@@H](NC(C)=O)CC2,2,0.0,0.0,0.0
CO[C@@]1(NC(=O)Cc2cccs2)C(=O)N2C(C(=O)O)=C(COC(N)=O)CS[C@@H]21,2,0.0,0.0,0.0
COc1cc2[nH]c(C)c(CCN3CCN(c4ccccc4)CC3)c2cc1OC,2,0.0,0.0,0.0
COc1ccc(C(=O)NCc2cccnc2)cc1C(=O)NCc1cccnc1,2,0.0,0.0,0.0
c1ccc(CC2=NCCN2)cc1,2,0.0,0.0,0.0
Cc1nc([N+](=O)[O-])cn1-c1ccc([N+](=O)[O-])cc1,2,0.0,0.0,0.0
CS(=O)(=O)NC(=O)CCC/C=C\C[C@H]1C(=O)C[C@@H](O)[C@@H]1/C=C/[C@@H](O)COc1ccccc1,2,0.0,0.0,0.0
CCOCC(O)COc1ccc(NC(=O)CC[S+](C)C)cc1,2,0.0,0.0,0.0
CC(=O)[C@H]1CC[C@H]2[C@@H]3C[C@H](C)C4=CC(=O)CC[C@]4(C)[C@H]3[C@@H](O)C[C@]12C,2,0.0,0.0,0.0
CC(C)(O)c1ccc(N2Cc3c(ccnc3-c3ccc(F)cc3OCC(F)(F)F)C2=O)cc1,2,0.0,0.0,0.0
O=C(NC12CC3CC(CC(C3)C1)C2)c1ccccc1OCc1ccccc1,3,0.0,0.0,0.0
CCCCCOc1ccccc1C(=O)NC12CC3CC(CC(C3)C1)C2,3,0.0,0.0,0.0
O=C(NC12CC3CC(CC(C3)C1)C2)c1ccccc1OCC1CCCCC1,3,0.0,0.0,0.0
O=C1CC(c2nc(-c3ccccc3)no2)CCCN1c1ccc(F)cc1,2,0.0,0.0,0.0
O=C1C=C(c2nc(-c3ccccc3)no2)CCCN1c1ccc(F)cc1,2,0.0,0.0,0.0
O=C1CC(c2nc(-c3ccccc3)no2)CCN1c1ccc(F)cc1,2,0.0,0.0,0.0
Fc1ccc(Nc2ccc(-c3nc(-c4ccccc4)no3)cc2)cc1,2,0.0,0.0,0.0
Fc1ccc(Nc2cccc(-c3nc(-c4ccccc4)no3)c2)cc1,2,0.0,0.0,0.0
O=C(c1ccc(F)cc1)N1CC(c2nc(-c3ccccc3)no2)C1,2,0.0,0.0,0.0
O=C(c1ccc(F)cc1)N1CCC(c2nc(-c3ccccc3)no2)CC1,2,0.0,0.0,0.0
O=C(c1ccc(F)cc1)N1CC2(CC(c3nc(-c4ccccc4)no3)C2)C1,2,0.0,0.0,0.0
O=C(NCCc1nc(-c2ccccc2)no1)c1ccc(F)cc1,2,0.0,0.0,0.0
CCCCCCC(C)(C)c1ccc([C@@H]2C[C@H](O)CC[C@H]2c2cccc(O)c2)c(O)c1,2,0.0,0.0,0.0
O=C1CC(c2nc(-c3ccc(F)cc3)no2)CCCN1c1ccc(F)cc1,2,0.0,0.0,0.0
O=C1CC(c2nc(-c3cccc(F)c3)no2)CCCN1c1ccc(F)cc1,2,0.0,0.0,0.0
O=C1CC(c2nc(-c3ccccc3F)no2)CCCN1c1ccc(F)cc1,2,0.0,0.0,0.0
O=C1CC(c2nc(Cc3ccccc3)no2)CCCN1c1ccc(F)cc1,2,0.0,0.0,0.0
O=C1CC(c2nc(Cc3ccc(F)cc3)no2)CCCN1c1ccc(F)cc1,2,0.0,0.0,0.0
O=C1CC(c2nc(Cc3cccc(F)c3)no2)CCCN1c1ccc(F)cc1,2,0.0,0.0,0.0
O=C1CC(c2nc(Cc3ccccc3F)no2)CCCN1c1ccc(F)cc1,2,0.0,0.0,0.0
O=C1CC(c2nc(-c3ccc(Cl)cc3)no2)CCCN1c1ccc(F)cc1,2,0.0,0.0,0.0
O=C1CC(c2nc(-c3ccncc3)no2)CCCN1c1ccc(F)cc1,2,0.0,0.0,0.0
O=C1CC(c2nc(-c3ccc(F)cn3)no2)CCCN1c1ccc(F)cc1,2,0.0,0.0,0.0
O=C1CC(c2nc(-c3ccc(F)cc3F)no2)CCCN1c1ccc(F)cc1,2,0.0,0.0,0.0
O=C1CC(c2nc(-c3ccc(F)cc3Cl)no2)CCCN1c1ccc(F)cc1,2,0.0,0.0,0.0
Cc1cc(F)ccc1-c1noc(C2CCCN(c3ccc(F)cc3)C(=O)C2)n1,2,0.0,0.0,0.0
COc1cc(F)ccc1-c1noc(C2CCCN(c3ccc(F)cc3)C(=O)C2)n1,2,0.0,0.0,0.0
O=C1CC(c2nc(-c3ccc(F)cc3C(F)(F)F)no2)CCCN1c1ccc(F)cc1,2,0.0,0.0,0.0
O=C1CC(c2nc(-c3ccc(F)c4ccccc34)no2)CCCN1c1ccc(F)cc1,2,0.0,0.0,0.0
O=C1CC(c2nc(-c3ccc(F)c4cc[nH]c34)no2)CCCN1c1ccc(F)cc1,2,0.0,0.0,0.0
O=C1CC(c2nc(-c3ccc(F)c4cn[nH]c34)no2)CCCN1c1ccc(F)cc1,2,0.0,0.0,0.0
O=C1C[C@@H](c2nc(-c3ccc(F)c4cn[nH]c34)no2)CCCN1c1ccc(F)cc1,2,0.0,0.0,0.0
O=C1C[C@H](c2nc(-c3ccc(F)c4cn[nH]c34)no2)CCCN1c1ccc(F)cc1,2,0.0,0.0,0.0
O=C1CC(c2nc(-c3ccc(F)c4cn[nH]c34)no2)CCCN1c1ccccc1,2,0.0,0.0,0.0
O=C1CC(c2nc(-c3ccc(F)c4cn[nH]c34)no2)CCCN1c1ccc(Cl)cc1,2,0.0,0.0,0.0
Cc1ccc(N2CCCC(c3nc(-c4ccc(F)c5cn[nH]c45)no3)CC2=O)cc1,2,0.0,0.0,0.0
COc1ccc(N2CCCC(c3nc(-c4ccc(F)c5cn[nH]c45)no3)CC2=O)cc1,2,0.0,0.0,0.0
O=C1CC(c2nc(-c3ccc(F)c4cn[nH]c34)no2)CCCN1c1ccc(C(F)(F)F)cc1,2,0.0,0.0,0.0
O=C1CC(c2nc(-c3ccc(F)c4cn[nH]c34)no2)CCCN1c1ccc(OC(F)(F)F)cc1,2,0.0,0.0,0.0
CC(=O)c1ccc(N2CCCC(c3nc(-c4ccc(F)c5cn[nH]c45)no3)CC2=O)cc1,2,0.0,0.0,0.0
O=C1CC(c2nc(-c3ccc(F)c4cn[nH]c34)no2)CCCN1c1cccc(F)c1,2,0.0,0.0,0.0
O=C1CC(c2nc(-c3ccc(F)c4cn[nH]c34)no2)CCCN1c1ccccc1F,2,0.0,0.0,0.0
O=C1CC(c2nc(-c3ccc(F)c4cn[nH]c34)no2)CCCN1c1ccc(F)cc1F,2,0.0,0.0,0.0
O=C1CC(c2nc(-c3ccc(F)c4cn[nH]c34)no2)CCCN1c1ccc(F)c(F)c1,2,0.0,0.0,0.0
O=C1CC(c2nc(-c3ccc(F)c4cn[nH]c34)no2)CCCN1c1cccc(F)c1F,2,0.0,0.0,0.0
CN1CCCC(c2nc(-c3ccc(F)c4cn[nH]c34)no2)CC1=O,2,0.0,0.0,0.0
O=C(O)Cc1c(C(=O)N2CCC(c3ccccc3F)CC2)nn(-c2ccccc2Cl)c1-c1ccc(Cl)cc1,3,0.0,0.0,1.0
O=C(O)Cc1c(C(=O)N2CCC(c3cccc(F)c3)CC2)nn(-c2ccccc2Cl)c1-c1ccc(Cl)cc1,3,0.0,0.0,1.0
O=C(O)Cc1c(C(=O)N2CCC(c3ccc(F)cc3)CC2)nn(-c2ccccc2Cl)c1-c1ccc(Cl)cc1,3,0.0,0.0,1.0
C[C@@H](NC(=O)c1nn(-c2ccccc2Cl)c(-c2ccc(Cl)cc2)c1Cc1nn[nH]n1)c1ccc(C(F)(F)F)cc1,3,0.0,0.0,1.0
C[C@@H](NC(=O)c1nn(-c2ccccc2Cl)c(-c2ccc(Cl)cc2)c1Cc1nn[nH]n1)c1ccc(OC(F)(F)F)cc1,3,0.0,0.0,1.0
O=C(O)Cc1c(C(=O)N2CCC(Oc3ccc(F)cc3)CC2)nn(-c2ccccc2Cl)c1-c1ccc(Cl)cc1,2,0.0,0.0,1.0
O=C(O)Cc1c(C(=O)N2CCC(Oc3ccc(C(F)(F)F)cc3)CC2)nn(-c2ccccc2Cl)c1-c1ccc(Cl)cc1,2,0.0,0.0,1.0
O=C(O)Cc1c(C(=O)N2CCC(Oc3ccc(Cl)cc3F)CC2)nn(-c2ccccc2Cl)c1-c1ccc(Cl)cc1,2,0.0,0.0,1.0
O=C(O)Cc1c(C(=O)N2CCC(Oc3cc(F)cc(F)c3)CC2)nn(-c2ccccc2Cl)c1-c1ccc(Cl)cc1,2,0.0,0.0,1.0
O=C(O)Cc1c(C(=O)N2CCC(Oc3ccc(OC(F)(F)F)cc3)CC2)nn(-c2ccccc2Cl)c1-c1ccc(Cl)cc1,2,0.0,0.0,1.0
O=C(O)Cc1c(C(=O)N2CCC(Oc3cccc(Cl)c3)CC2)nn(-c2ccccc2Cl)c1-c1ccc(Cl)cc1,2,0.0,0.0,1.0
O=C(O)Cc1c(C(=O)N2CCC(Oc3ccc(Cl)cc3)CC2)nn(-c2ccccc2Cl)c1-c1ccc(Cl)cc1,2,0.0,0.0,1.0
O=C(O)Cc1c(C(=O)N2CCC(Oc3ccc(F)c(F)c3)CC2)nn(-c2ccccc2Cl)c1-c1ccc(Cl)cc1,2,0.0,0.0,1.0
O=C(O)Cc1c(C(=O)N2CCC(Oc3cccc(F)c3)CC2)nn(-c2ccccc2Cl)c1-c1ccc(Cl)cc1,2,0.0,0.0,1.0
O=C(O)Cc1c(C(=O)N2CCC(Oc3cccc(F)c3F)CC2)nn(-c2ccccc2Cl)c1-c1ccc(Cl)cc1,2,0.0,0.0,1.0
O=C(O)Cc1c(C(=O)N2CCC(Oc3cccc(C(F)(F)F)c3)CC2)nn(-c2ccccc2Cl)c1-c1ccc(Cl)cc1,2,0.0,0.0,1.0
N#Cc1cccc(OC2CCN(C(=O)c3nn(-c4ccccc4Cl)c(-c4ccc(Cl)cc4)c3CC(=O)O)CC2)c1,2,0.0,0.0,1.0
C[C@@H](NC(=O)c1nn(-c2ccccc2Cl)c(-c2ccc(Cl)cc2)c1Cc1nn[nH]n1)c1cccc(F)c1,2,0.0,0.0,1.0
C[C@@H](NC(=O)c1nn(-c2ccccc2Cl)c(-c2ccc(Cl)cc2)c1Cc1nn[nH]n1)c1ccc(F)c(Cl)c1,2,0.0,0.0,1.0
C[C@@H](NC(=O)c1nn(-c2ccccc2Cl)c(-c2ccc(Cl)cc2)c1Cc1nn[nH]n1)c1ccc(Br)cc1,2,0.0,0.0,1.0
O=C(c1nn(-c2ccccc2Cl)c(-c2ccc(Cl)cc2)c1Cc1nn[nH]n1)N1CCC(c2ccccc2F)CC1,2,0.0,0.0,1.0
O=C(c1nn(-c2ccccc2Cl)c(-c2ccc(Cl)cc2)c1Cc1nn[nH]n1)N1CCC(Oc2ccc(Cl)cc2)CC1,2,0.0,0.0,1.0
O=C(c1nn(-c2ccccc2Cl)c(-c2ccc(Cl)cc2)c1Cc1nn[nH]n1)N1CCC(Oc2ccc(OC(F)(F)F)cc2)CC1,2,0.0,0.0,1.0
O=C(c1nn(-c2ccccc2Cl)c(-c2ccc(Cl)cc2)c1Cc1nn[nH]n1)N1CCC(Oc2cc(F)cc(F)c2)CC1,2,0.0,0.0,1.0
O=C(c1nn(-c2ccccc2Cl)c(-c2ccc(Cl)cc2)c1Cc1nn[nH]n1)N1CCC(Oc2ccc(F)c(F)c2)CC1,2,0.0,0.0,1.0
O=C(c1nn(-c2ccccc2Cl)c(-c2ccc(Cl)cc2)c1Cc1nn[nH]n1)N1CCC(Oc2cccc(Cl)c2)CC1,2,0.0,0.0,1.0
O=C(c1nn(-c2ccccc2Cl)c(-c2ccc(Cl)cc2)c1Cc1nn[nH]n1)N1CCC(Oc2cccc(F)c2F)CC1,2,0.0,0.0,1.0
O=C(c1nn(-c2ccccc2Cl)c(-c2ccc(Cl)cc2)c1Cc1nn[nH]n1)N1CCC(Oc2ccc(C(F)(F)F)cc2)CC1,2,0.0,0.0,1.0
O=C(c1nn(-c2ccccc2Cl)c(-c2ccc(Cl)cc2)c1Cc1nn[nH]n1)N1CCC(Oc2cccc(F)c2)CC1,2,0.0,0.0,1.0
O=C(c1nn(-c2ccccc2Cl)c(-c2ccc(Cl)cc2)c1Cc1nn[nH]n1)N1CCC(Oc2ccc(F)cc2)CC1,2,0.0,0.0,1.0
CCC(=O)N(CC(CC)N1CCC(c2ccccc2)CC1)c1ccccn1,2,0.0,0.0,0.0
Cc1ccc(Cn2c(NCCc3c[nH]c4ccccc34)nc3c2c(=O)n(C)c(=O)n3C)cc1,2,0.0,0.0,0.0
Cn1c(=O)c2c(nc(NCCc3c[nH]c4ccccc34)n2Cc2ccc(Cl)cc2)n(C)c1=O,2,0.0,0.0,0.0
O=C(CO)Nc1cccc(NC(=O)c2cccnc2)c1,2,0.0,0.0,0.0
Nc1cccc(C(=O)Nc2cccc(NC(=O)CO)c2)c1,2,0.0,0.0,0.0
O=C(NCCO)[C@@H]1Cc2ccccc2CN1C(=O)c1ccc(O)cc1,2,0.0,0.0,0.0
O=C(Nc1ccc(O)cc1)[C@@H]1Cc2ccccc2CN1C(=O)CCO,2,0.0,0.0,0.0
O=C(CCO)N[C@@H](Cc1c[nH]c2ccccc12)C(=O)Nc1ccc(O)cc1,2,0.0,0.0,0.0
O=C(O)CC(=O)N[C@@H](Cc1c[nH]c2ccccc12)C(=O)Nc1ccc(O)cc1,2,0.0,0.0,0.0
O=C(CCO)N[C@@H](Cc1ccc(O)cc1)C(=O)Nc1ccc(O)cc1,2,0.0,0.0,0.0
Cc1ccc(S(=O)(=O)n2cccc2C(=O)c2ccccc2)cc1,2,0.0,0.0,0.0
Cc1ccc(C(=O)c2cccn2S(=O)(=O)c2ccc(C)cc2)cc1,2,0.0,0.0,0.0
Cc1ccc(S(=O)(=O)n2cccc2C(=O)c2ccc(Cl)cc2)cc1,2,0.0,0.0,0.0
CCCCCn1cccc1C(=O)c1ccc(C)cc1,2,0.0,0.0,0.0
Cc1ccc(Cn2cccc2C(=O)c2ccc(Cl)cc2)cc1,2,0.0,0.0,0.0
O=C(c1ccc(Cl)cc1)c1cccn1Cc1ccco1,2,0.0,0.0,0.0
CC(=O)OCCCCn1cccc1C(=O)c1ccccc1Cl,2,0.0,0.0,0.0
O=C(c1ccccc1Cl)c1cccn1CCCCO,2,0.0,0.0,0.0
CCCCCNC(=O)c1cccn1Cc1ccc(F)cc1,2,0.0,0.0,0.0
O=C(NCc1ccccc1)c1cccn1Cc1ccc(F)cc1,2,0.0,0.0,0.0
Cc1ccc(NC(=O)c2cccn2Cc2ccc(F)cc2)cc1,2,0.0,0.0,0.0
O=C(c1ccccc1Cl)c1cccn1CC12CC3CC(CC(C3)C1)C2,2,0.0,0.0,0.0
CC(=O)OCCn1cccc1C(=O)c1ccccc1Cl,2,0.0,0.0,0.0
CC(=O)Oc1ccc(Cn2cccc2C(=O)c2ccccc2Cl)cc1,2,0.0,0.0,0.0
CC(=O)Oc1cccc(Cn2cccc2C(=O)c2ccccc2Cl)c1,2,0.0,0.0,0.0
O=C(c1ccccc1Cl)c1cccn1Cc1ccc(O)cc1,2,0.0,0.0,0.0
O=C(c1ccccc1Cl)c1cccn1Cc1cccc(O)c1,2,0.0,0.0,0.0
O=C(OCCCCn1cccc1C(=O)c1ccccc1Cl)c1ccccc1,2,0.0,0.0,0.0
Cc1ccc(CNC(=O)c2cccn2Cc2ccc(F)cc2)cc1,2,0.0,0.0,0.0
O=C(NCc1ccc(O)cc1)c1cccn1Cc1ccc(F)cc1,2,0.0,0.0,0.0
O=C(Nc1cccc2ccccc12)c1cccn1Cc1ccc(F)cc1,2,0.0,0.0,0.0
O=C(NCc1cccc(O)c1)c1cccn1Cc1ccc(F)cc1,2,0.0,0.0,0.0
O=C(Nc1cccc(CO)c1)c1cccn1Cc1ccc(F)cc1,2,0.0,0.0,0.0
O=C(NC12CC3CC(CC(C3)C1)C2)c1cccn1Cc1ccc(F)cc1,2,0.0,0.0,0.0
O=C(NCc1ccco1)c1cccn1Cc1ccc(-c2ccccc2)cc1,2,0.0,0.0,0.0
O=C(Nc1cccc(-c2ccccc2)c1)c1cccn1Cc1ccc(F)cc1,2,0.0,0.0,1.0
Nc1ccc(CNC(=O)c2cccn2Cc2ccc(F)cc2)cc1,2,0.0,0.0,0.0
CC(=O)OCCCCn1cccc1C(=O)NCc1ccccc1,2,0.0,0.0,0.0
CCOC(=O)CCCn1cccc1C(=O)c1ccccc1Cl,2,0.0,0.0,0.0
CC(=O)NCCCCn1cccc1C(=O)c1ccccc1Cl,2,0.0,0.0,0.0
O=C(O)CCCn1cccc1C(=O)c1ccccc1Cl,2,0.0,0.0,0.0
COC(=O)CCCn1cccc1C(=O)c1ccccc1Cl,2,0.0,0.0,0.0
N=C(N)NCCCn1cccc1C(=O)c1ccccc1Cl,2,0.0,0.0,0.0
C=C(C)[C@@H]1CCC(C)=C[C@H]1c1ccc(C2CC2)c(C(N)=O)c1O,2,0.0,0.0,0.0
C=C(C)[C@@H]1CCC(C)=C[C@H]1c1c(O)cc(C2(CCCC)CC2)c(C(N)=O)c1O,2,0.0,0.0,0.0
C=C(C)[C@@H]1CCC(C)=C[C@H]1c1c(O)cc(C2(CCCC)CC2)c(C(=O)NC)c1O,2,0.0,0.0,0.0
C=C(C)[C@@H]1CCC(C)=C[C@H]1c1c(O)cc(C2(CCCC)CC2)c(C(=O)N(C)C)c1O,2,0.0,0.0,0.0
C=C(C)[C@@H]1CCC(C)=C[C@H]1c1c(O)cc(C(C)(C)CCCC)c(C(=O)NC)c1O,2,0.0,0.0,0.0
C=C(C)[C@@H]1CCC(C)=C[C@H]1c1c(O)cc(CCCCC)c(C(N)=O)c1O,2,0.0,0.0,0.0
C=C(C)[C@@H]1CCC(C)=C[C@H]1c1c(O)cc(CCCCC)c(C(=O)NC)c1O,2,0.0,0.0,0.0
C=C(C)[C@@H]1CCC(C)=C[C@H]1c1c(O)cc(CCCCC)c(C(=O)N(C)C)c1O,2,0.0,0.0,0.0
C=C(C)[C@@H]1CCC(C)=C[C@H]1c1c(O)cc(CCCCC)c(C(=O)NC2CC2)c1O,2,0.0,0.0,0.0
C=C(C)[C@@H]1CCC(C)=C[C@H]1c1c(O)cc(C)cc1O,2,0.0,0.0,0.0
C=C(C)[C@@H]1CCC(C)=C[C@H]1c1c(O)cc(C(C)C)cc1O,2,0.0,0.0,0.0
C=Cc1cc(O)c([C@@H]2C=C(C)CC[C@H]2C(=C)C)c(O)c1,2,0.0,0.0,0.0
C=C(C)[C@@H]1CCC(C)=C[C@H]1c1c(O)cc(C2CC2)cc1O,2,0.0,0.0,0.0
C=C(C)[C@@H]1CCC(C)=C[C@H]1c1c(O)cc(-c2ccccn2)cc1O,2,0.0,0.0,0.0
C=C(C)[C@@H]1CCC(C)=C[C@H]1c1c(O)cc(C#CC)cc1O,2,0.0,0.0,0.0
C=C(C)[C@@H]1CCC(C)=C[C@H]1c1c(O)cc(C(=O)CCCC)cc1O,2,0.0,0.0,0.0
COC(=O)CNC(=O)c1cn(CCCCCF)c2ccccc12,3,0.0,0.0,0.0
COC(=O)[C@H](C)NC(=O)c1cn(CCCCCF)c2ccccc12,3,0.0,0.0,0.0
COC(=O)[C@H](NC(=O)c1cn(CCCCCF)c2ccccc12)C(C)C,3,0.0,0.0,0.0
COC(=O)[C@H](CO)NC(=O)c1cn(CCCCCF)c2ccccc12,3,0.0,0.0,0.0
COC(=O)[C@@H](CO)NC(=O)c1cn(CCCCCF)c2ccccc12,3,0.0,0.0,0.0
COC(=O)[C@@H](NC(=O)c1cn(CCCCCF)c2ccccc12)[C@@H](C)O,3,0.0,0.0,0.0
COC(=O)[C@H](NC(=O)c1cn(CCCCCF)c2ccccc12)[C@H](C)O,3,0.0,0.0,0.0
COC(=O)[C@@H]1CCCN1C(=O)c1cn(CCCCCF)c2ccccc12,3,0.0,0.0,0.0
COC(=O)[C@H]1CCCN1C(=O)c1cn(CCCCCF)c2ccccc12,3,0.0,0.0,0.0
COC(=O)[C@H](CC(C)C)NC(=O)c1cn(CCCCCF)c2ccccc12,3,0.0,0.0,0.0
COC(=O)[C@@H](CC(C)C)NC(=O)c1cn(CCCCCF)c2ccccc12,3,0.0,0.0,0.0
CC[C@H](C)[C@H](NC(=O)c1cn(CCCCCF)c2ccccc12)C(=O)OC,3,0.0,0.0,0.0
CC[C@@H](C)[C@@H](NC(=O)c1cn(CCCCCF)c2ccccc12)C(=O)OC,3,0.0,0.0,0.0
COC(=O)[C@H](NC(=O)c1cn(CCCCCF)c2ccccc12)C(C)(C)C,3,0.0,0.0,0.0
COC(=O)[C@H](Cc1ccccc1)NC(=O)c1cn(CCCCCF)c2ccccc12,3,0.0,0.0,0.0
COC(=O)[C@@H](Cc1ccccc1)NC(=O)c1cn(CCCCCF)c2ccccc12,3,0.0,0.0,0.0
COC(=O)[C@H](Cc1ccc(O)cc1)NC(=O)c1cn(CCCCCF)c2ccccc12,3,0.0,0.0,0.0
COC(=O)[C@@H](Cc1ccc(O)cc1)NC(=O)c1cn(CCCCCF)c2ccccc12,3,0.0,0.0,0.0
COC(=O)[C@H](Cc1c[nH]c2ccccc12)NC(=O)c1cn(CCCCCF)c2ccccc12,3,0.0,0.0,0.0
COC(=O)[C@@H](Cc1c[nH]c2ccccc12)NC(=O)c1cn(CCCCCF)c2ccccc12,3,0.0,0.0,0.0
COC(=O)[C@H](CCCCN)NC(=O)c1cn(CCCCCF)c2ccccc12,3,0.0,0.0,0.0
COC(=O)[C@H](CCSC)NC(=O)c1cn(CCCCCF)c2ccccc12,3,0.0,0.0,0.0
COC(=O)[C@@H](CCSC)NC(=O)c1cn(CCCCCF)c2ccccc12,3,0.0,0.0,0.0
COC(=O)[C@@H](CCC(N)=O)NC(=O)c1cn(CCCCCF)c2ccccc12,3,0.0,0.0,0.0
COC(=O)[C@@H](NC(=O)c1cn(CCCCCF)c2ccccc12)C(C)C,3,0.0,0.0,0.0
COC(=O)[C@@H](NC(=O)c1cn(CCCCCF)c2ccccc12)C(C)(C)C,3,0.0,0.0,0.0
Cc1cc(NC(=O)C(=O)N2C[C@@H](C)CC[C@@H]2c2ccc3scnc3c2)cnc1N,2,0.0,0.0,0.0
O=C1c2ccc(OS(=O)(=O)c3cccs3)cc2OC2(CCCCC2)N1Cc1ccccc1,2,0.0,0.0,0.0
COc1cc(C#N)ccc1S(=O)(=O)Nc1ccc2c(c1)cc(C)c(=O)n2C,2,0.0,0.0,0.0
COc1cc2c(cc1NS(=O)(=O)c1ccc(Br)cc1C)n(C)c(=O)n2C,2,0.0,0.0,0.0
COc1ccccc1C(=O)Nc1cc2c(cc1N1CCCC1)n(C)c(=O)n2C,2,0.0,0.0,0.0
O=S(=O)(N1CCN(c2n[nH]c3ccc(C(c4ccc(Cl)cc4)c4ccc(Cl)cc4)cc23)CC1)C(F)(F)F,6,0.0,0.0,0.0
CC(C)(C)c1nc(N2CCC(F)(F)C2)c2ncn(Cc3ccc(Cl)cc3)c2n1,3,0.0,0.0,0.0
CC(C)(C)c1nc(N2CCC(F)(F)C2)c2ncn(Cc3ccccc3Cl)c2n1,3,0.0,0.0,0.0
Cc1ccc(Cn2cnc3c(N4CCC(F)(F)C4)nc(C(C)(C)C)nc32)cc1,3,0.0,0.0,0.0
CC(C)(C)c1nc(N2CCC(F)(F)C2)c2ncn(Cc3ccc(F)cc3Cl)c2n1,3,0.0,0.0,0.0
CC(C)(C)c1nc(N2CCC(F)(F)C2)c2ncn(Cc3ccccc3C(F)(F)F)c2n1,3,0.0,0.0,0.0
CC(C)(C)c1nc(N2CCC(F)(F)C2)c2ncn(Cc3cccnc3Cl)c2n1,3,0.0,0.0,0.0
Cc1noc(Cn2cnc3c(N4CCC(F)(F)C4)nc(C(C)(C)C)nc32)n1,3,0.0,0.0,0.0
CC(C)(C)c1nc(N2CCC(F)(F)C2)c2ncn(CC3CCCCC3)c2n1,3,0.0,0.0,0.0
CCn1cnc2c(N3CCC(F)(F)C3)nc(C(C)(C)C)nc21,3,0.0,0.0,0.0
CCCn1cnc2c(N3CCC(F)(F)C3)nc(C(C)(C)C)nc21,3,0.0,0.0,0.0
Cc1nnc(Cn2cnc3c(N4CCC(F)(F)C4)nc(C(C)(C)C)nc32)o1,3,0.0,0.0,0.0
CC(C)(C)c1nc(N2CCC(F)(F)C2)c2ncn(C3CCOC3)c2n1,3,0.0,0.0,0.0
CC(C)(C)c1nc(N2CCC(F)(F)C2)c2ncn(CCc3ccccc3)c2n1,3,0.0,0.0,0.0
Cn1nnnc1Cn1cnc2c(N3CCC(F)(F)C3)nc(C(C)(C)C)nc21,3,0.0,0.0,0.0
COCCn1cnc2c(N3CCC(F)(F)C3)nc(C(C)(C)C)nc21,3,0.0,0.0,0.0
Cc1nonc1Cn1cnc2c(N3CCC(F)(F)C3)nc(C(C)(C)C)nc21,3,0.0,0.0,0.0
CC(C)(C)c1nc(N2CCC(F)(F)C2)c2ncn(CC(=O)c3ccccc3Cl)c2n1,3,0.0,0.0,0.0
CC(C)(C)c1nc(N2CCC(F)(F)C2)c2ncn(Cc3ccccc3S(C)(=O)=O)c2n1,3,0.0,0.0,0.0
CC(C)(C)c1nc(N2CCC(F)(F)C2)c2ncn(CCC(F)(F)F)c2n1,3,0.0,0.0,0.0
COc1ccc(Cn2cnc3c(N4CCC(F)(F)C4)nc(C(C)(C)C)nc32)cc1,3,0.0,0.0,0.0
CC(C)(C)c1nc(N2CCC(F)(F)C2)c2ncn(Cc3ncccc3Cl)c2n1,3,0.0,0.0,0.0
CC(C)(C)c1nc(N2CCC(O)C2)c2ncn(Cc3ccccc3Cl)c2n1,3,0.0,0.0,0.0
CC(C)(C)c1nc(N2CCC(F)(F)C2)c2ncn(CCc3cccnc3)c2n1,3,0.0,0.0,0.0
CC(C)(C)c1nc(N2CCC(F)(F)C2)c2ncn(CC(=O)c3ccccn3)c2n1,3,0.0,0.0,0.0
CC(C)(C)c1nc(N2CCC(O)C2)c2ncn(Cc3cccc(Cl)c3)c2n1,3,0.0,0.0,0.0
CC(C)(C)c1nc(N2CCC(O)C2)c2ncn(Cc3ccc(Cl)cc3)c2n1,3,0.0,0.0,0.0
CC(C)(C)c1nc(N2CCC(F)(F)C2)c2ncn(C3CS(=O)(=O)C3)c2n1,3,0.0,0.0,0.0
CC(C)(C)c1nc(N2CCC(O)C2)c2ncn(Cc3ccccc3C(F)(F)F)c2n1,3,0.0,0.0,0.0
Cc1noc(Cn2cnc3c(N4CCC(O)C4)nc(C(C)(C)C)nc32)n1,3,0.0,0.0,0.0
Cn1nnnc1Cn1cnc2c(N3CCC(O)C3)nc(C(C)(C)C)nc21,3,0.0,0.0,0.0
COc1ccc(Cn2cnc3c(N4CCC(O)C4)nc(C(C)(C)C)nc32)cc1,3,0.0,0.0,0.0
CC(C)(C)c1nc(N2CCC(O)C2)c2ncn(Cc3ncccc3Cl)c2n1,3,0.0,0.0,0.0
CC(C)(C)c1nc(N2CCC(O)C2)c2ncn(Cc3cccnc3Cl)c2n1,3,0.0,0.0,0.0
CC(C)(C)c1nc(N2CCC(O)C2)c2ncn(Cc3ccccc3S(C)(=O)=O)c2n1,3,0.0,0.0,0.0
CCn1cnc2c(N3CCC(O)C3)nc(C(C)(C)C)nc21,3,0.0,0.0,0.0
CCCn1cnc2c(N3CCC(O)C3)nc(C(C)(C)C)nc21,3,0.0,0.0,0.0
COCCn1cnc2c(N3CCC(O)C3)nc(C(C)(C)C)nc21,3,0.0,0.0,0.0
CC(C)(C)c1nc(N2CCC(O)C2)c2ncn(CCc3ccccc3)c2n1,3,0.0,0.0,0.0
Cc1ccc(Cn2cnc3c(N4CCC(O)C4)nc(C(C)(C)C)nc32)cc1,3,0.0,0.0,0.0
CC(C)(C)c1nc(N2CCC(O)C2)c2ncn(CC3CCCCC3)c2n1,3,0.0,0.0,0.0
CC(C)(C)c1nc(N2CCC(F)(F)C2)c2ncn(Cc3c[nH]nc3C(F)(F)F)c2n1,3,0.0,0.0,0.0
CC(C)(C)c1nc(N2CCC(O)C2)c2ncn(Cc3ccc(F)cc3Cl)c2n1,3,0.0,0.0,0.0
Cc1nonc1Cn1cnc2c(N3CCC(O)C3)nc(C(C)(C)C)nc21,3,0.0,0.0,0.0
CC(C)(C)c1nc(N2CCC(O)C2)c2ncn(Cc3c[nH]nc3C(F)(F)F)c2n1,3,0.0,0.0,0.0
CC(C)(C)c1nc(N2CCC(O)C2)c2ncn(CCC(F)(F)F)c2n1,3,0.0,0.0,0.0
CC(C)(C)c1nc(N2CCC(O)C2)c2ncn(C3CCOC3)c2n1,3,0.0,0.0,0.0
CC(C)(C)c1nc(N2CCC(O)C2)c2ncn(CC(=O)c3ccccc3Cl)c2n1,3,0.0,0.0,0.0
CC(=O)N[C@H]1CCN(c2nc(C(C)(C)C)nc3c2ncn3Cc2ccccc2Cl)C1,3,0.0,0.0,0.0
CC(=O)N[C@H]1CCN(c2nc(C(C)(C)C)nc3c2ncn3Cc2cccc(Cl)c2)C1,3,0.0,0.0,0.0
CC(=O)N[C@H]1CCN(c2nc(C(C)(C)C)nc3c2ncn3Cc2ccc(Cl)cc2)C1,3,0.0,0.0,0.0
CC(=O)N[C@H]1CCN(c2nc(C(C)(C)C)nc3c2ncn3Cc2ccccc2C(F)(F)F)C1,3,0.0,0.0,0.0
CC(=O)N[C@H]1CCN(c2nc(C(C)(C)C)nc3c2ncn3Cc2ccccc2S(C)(=O)=O)C1,3,0.0,0.0,0.0
CC(=O)N[C@H]1CCN(c2nc(C(C)(C)C)nc3c2ncn3Cc2cccnc2Cl)C1,3,0.0,0.0,0.0
CC(=O)N[C@H]1CCN(c2nc(C(C)(C)C)nc3c2ncn3Cc2ncccc2Cl)C1,3,0.0,0.0,0.0
CC(=O)N[C@H]1CCN(c2nc(C(C)(C)C)nc3c2ncn3Cc2nonc2C)C1,3,0.0,0.0,0.0
CC(C)(C)c1nc(N2CCC3(COC3)C2)c2ncn(Cc3ccccc3Cl)c2n1,3,0.0,0.0,0.0
CC(C)(C)c1nc(N2CCC3(COC3)C2)c2ncn(Cc3cccc(Cl)c3)c2n1,3,0.0,0.0,0.0
CC(C)(C)c1nc(N2CCC3(COC3)C2)c2ncn(Cc3ccc(Cl)cc3)c2n1,3,0.0,0.0,0.0
CC(C)(C)c1nc(N2CCC3(COC3)C2)c2ncn(Cc3ccccc3C(F)(F)F)c2n1,3,0.0,0.0,0.0
CC(C)(C)c1nc(N2CCC3(COC3)C2)c2ncn(Cc3ccccc3S(C)(=O)=O)c2n1,3,0.0,0.0,0.0
CC(C)(C)c1nc(N2CCC3(COC3)C2)c2ncn(Cc3cccnc3Cl)c2n1,3,0.0,0.0,0.0
Cc1nonc1Cn1cnc2c(N3CCC4(COC4)C3)nc(C(C)(C)C)nc21,3,0.0,0.0,0.0
COCCn1cnc2c(N3CCC4(COC4)C3)nc(C(C)(C)C)nc21,3,0.0,0.0,0.0
CC1(O)CCN(c2nc(C(C)(C)C)nc3c2ncn3Cc2ccccc2Cl)C1,3,0.0,0.0,0.0
CC1(O)CCN(c2nc(C(C)(C)C)nc3c2ncn3Cc2cccc(Cl)c2)C1,3,0.0,0.0,0.0
CC1(O)CCN(c2nc(C(C)(C)C)nc3c2ncn3Cc2ccc(Cl)cc2)C1,3,0.0,0.0,0.0
CC1(O)CCN(c2nc(C(C)(C)C)nc3c2ncn3Cc2ccccc2C(F)(F)F)C1,3,0.0,0.0,0.0
CC1(O)CCN(c2nc(C(C)(C)C)nc3c2ncn3Cc2cccnc2Cl)C1,3,0.0,0.0,0.0
CC1(O)CCN(c2nc(C(C)(C)C)nc3c2ncn3Cc2ncccc2Cl)C1,3,0.0,0.0,0.0
Cc1nonc1Cn1cnc2c(N3CCC(C)(O)C3)nc(C(C)(C)C)nc21,3,0.0,0.0,0.0
COCCn1cnc2c(N3CCC(C)(O)C3)nc(C(C)(C)C)nc21,3,0.0,0.0,0.0
CC(C)(C)c1nc(N2CC(F)(F)C(F)(F)C2)c2ncn(Cc3ccccc3Cl)c2n1,3,0.0,0.0,0.0
CC(C)(C)c1nc(N2CC(F)(F)C(F)(F)C2)c2ncn(Cc3cccc(Cl)c3)c2n1,3,0.0,0.0,0.0
CC1(O)CCN(c2nc(C(C)(C)C)nc3c2ncn3Cc2ccccc2S(C)(=O)=O)C1,3,0.0,0.0,0.0
CC(=O)N[C@H]1CCN(c2nc(C(C)(C)C)nc3c2ncn3Cc2c[nH]nc2C(F)(F)F)C1,3,0.0,0.0,0.0
CC(C)(C)c1nc(N2CCC3(COC3)C2)c2ncn(Cc3c[nH]nc3C(F)(F)F)c2n1,3,0.0,0.0,0.0
CC(=O)N[C@H]1CCN(c2nc(C(C)(C)C)nc3c2ncn3Cc2n[nH]cc2C(F)(F)F)C1,3,0.0,0.0,0.0
CC(C)(C)c1nc(N2CCC3(COC3)C2)c2ncn(Cc3n[nH]cc3C(F)(F)F)c2n1,3,0.0,0.0,0.0
Cc1nnc(Cn2cnc3c(N4CC(F)(F)C(F)(F)C4)nc(C(C)(C)C)nc32)o1,3,0.0,0.0,0.0
Cc1noc(Cn2cnc3c(N4CC(F)(F)C(F)(F)C4)nc(C(C)(C)C)nc32)n1,3,0.0,0.0,0.0
Cn1nnnc1Cn1cnc2c(N3CC(F)(F)C(F)(F)C3)nc(C(C)(C)C)nc21,3,0.0,0.0,0.0
Cc1nonc1Cn1cnc2c(N3CC(F)(F)C(F)(F)C3)nc(C(C)(C)C)nc21,3,0.0,0.0,0.0
COCCn1cnc2c(N3CC(F)(F)C(F)(F)C3)nc(C(C)(C)C)nc21,3,0.0,0.0,0.0
CC1(O)CCN(c2nc(C(C)(C)C)nc3c2ncn3Cc2c[nH]nc2C(F)(F)F)C1,3,0.0,0.0,0.0
CC1(O)CCN(c2nc(C(C)(C)C)nc3c2ncn3Cc2n[nH]cc2C(F)(F)F)C1,3,0.0,0.0,0.0
CC(C)(C)c1nc(N2CC[C@H](O)C2)c2ncn(Cc3ccccc3C(F)(F)F)c2n1,3,0.0,0.0,0.0
CC(C)(C)c1nc(N2CC[C@H](O)C2)c2ncn(Cc3cccc(Cl)c3)c2n1,3,0.0,0.0,0.0
CC(C)(C)c1nc(N2CC[C@H](O)C2)c2ncn(Cc3ccc(Cl)cc3)c2n1,3,0.0,0.0,0.0
CC(C)(C)c1nc(N2CCC3(COC3)C2)c2ncn(CCC(F)(F)F)c2n1,3,0.0,0.0,0.0
CC(C)(C)c1nc(N2CC[C@H](O)C2)c2ncn(Cc3ccccc3S(C)(=O)=O)c2n1,3,0.0,0.0,0.0
CC(C)(C)c1nc(N2CC[C@H](O)C2)c2ncn(Cc3cccnc3Cl)c2n1,3,0.0,0.0,0.0
CC(C)(C)c1nc(N2CC[C@H](O)C2)c2ncn(Cc3ncccc3Cl)c2n1,3,0.0,0.0,0.0
CC(C)(C)c1nc(N2CC(F)(F)C(F)(F)C2)c2ncn(CCC(F)(F)F)c2n1,3,0.0,0.0,0.0
COCCn1cnc2c(N3CC[C@H](O)C3)nc(C(C)(C)C)nc21,3,0.0,0.0,0.0
Cn1nnnc1Cn1cnc2c(N3CC[C@H](O)C3)nc(C(C)(C)C)nc21,3,0.0,0.0,0.0
Cc1nonc1Cn1cnc2c(N3CC[C@H](O)C3)nc(C(C)(C)C)nc21,3,0.0,0.0,0.0
CC(C)(C)c1nc(N2CC[C@H](O)C2)c2ncn(Cc3ccccc3Cl)c2n1,3,0.0,0.0,0.0
CC(C)(C)c1nc(N2CC[C@H](O)C2)c2ncn(Cc3c[nH]nc3C(F)(F)F)c2n1,3,0.0,0.0,0.0
CC(C)(C)c1nc(N2CC[C@H](O)C2)c2ncn(CCC(F)(F)F)c2n1,3,0.0,0.0,0.0
CC(C)(C)c1nc(N2CC[C@H](O)C2)c2ncn(Cc3n[nH]cc3C(F)(F)F)c2n1,3,0.0,0.0,0.0
Cc1noc(Cn2cnc3c(N4CC[C@H](O)C4)nc(C(C)(C)C)nc32)n1,3,0.0,0.0,0.0
CC1(O)CCN(c2nc(C(C)(C)C)nc3c2ncn3CCC(F)(F)F)C1,3,0.0,0.0,0.0
CC(=O)N[C@H]1CCN(c2nc(C(C)(C)C)nc3c2ncn3CCC(F)(F)F)C1,3,0.0,0.0,0.0
CC(C)(C)c1nc(N2CCC3(COC3)C2)c2ncn(Cc3ncccc3Cl)c2n1,3,0.0,0.0,0.0
CC(C)(C)c1nc(N2CC(F)(F)C(F)(F)C2)c2ncn(Cc3ccccc3C(F)(F)F)c2n1,3,0.0,0.0,0.0
CC(C)(C)c1nc(N2CC(F)(F)C(F)(F)C2)c2ncn(Cc3ccccc3S(C)(=O)=O)c2n1,3,0.0,0.0,0.0
CC(C)(C)Nc1nc(N2CCC(F)(F)C2)c2ncn(Cc3ccccc3Cl)c2n1,3,0.0,0.0,0.0
CC(C)(C)Nc1nc(N2CCC(F)(F)C2)c2ncn(Cc3ccccc3C(F)(F)F)c2n1,3,0.0,0.0,0.0
Cc1nnc(Cn2cnc3c(N4CCC(F)(F)C4)nc(NC(C)(C)C)nc32)o1,3,0.0,0.0,0.0
CC(C)(C)Nc1nc(N2CCC(F)(F)C2)c2ncn(CCC(F)(F)F)c2n1,3,0.0,0.0,0.0
Cc1nonc1Cn1cnc2c(N3CCC(F)(F)C3)nc(NC(C)(C)C)nc21,3,0.0,0.0,0.0
CC(C)(C)Nc1nc(N2CCC(F)(F)C2)c2ncn(Cc3ncccc3Cl)c2n1,3,0.0,0.0,0.0
Cn1nnnc1Cn1cnc2c(N3CCC(F)(F)C3)nc(NC(C)(C)C)nc21,3,0.0,0.0,0.0
CC(C)(C)Nc1nc(N2CCC(F)(F)C2)c2ncn(Cc3ccccc3S(C)(=O)=O)c2n1,3,0.0,0.0,0.0
Cc1noc(Cn2cnc3c(N4CCC(F)(F)C4)nc(NC(C)(C)C)nc32)n1,3,0.0,0.0,0.0
CC(C)(C)Nc1nc(N2CC[C@H](O)C2)c2ncn(Cc3ccccc3Cl)c2n1,3,0.0,0.0,0.0
CC(C)(C)Nc1nc(N2CC[C@H](O)C2)c2ncn(Cc3ccccc3C(F)(F)F)c2n1,3,0.0,0.0,0.0
CC(C)(C)Nc1nc(N2CC[C@H](O)C2)c2ncn(Cc3ncccc3Cl)c2n1,3,0.0,0.0,0.0
Cc1nonc1Cn1cnc2c(N3CC[C@H](O)C3)nc(NC(C)(C)C)nc21,3,0.0,0.0,0.0
CC1(O)CCN(c2nc(NC(C)(C)C)nc3c2ncn3Cc2ccccc2Cl)C1,3,0.0,0.0,0.0
CC1(O)CCN(c2nc(NC(C)(C)C)nc3c2ncn3Cc2ccccc2C(F)(F)F)C1,3,0.0,0.0,0.0
CC(C)(C)Nc1nc(N2CC[C@H](O)C2)c2ncn(Cc3c[nH]nc3C(F)(F)F)c2n1,3,0.0,0.0,0.0
Cc1nonc1Cn1cnc2c(N3CCC(C)(O)C3)nc(NC(C)(C)C)nc21,3,0.0,0.0,0.0
CC(C)(C)COc1nc(N2CCC(F)(F)C2)c2ncn(Cc3ccccc3Cl)c2n1,3,0.0,0.0,0.0
CC(C)(C)COc1nc(N2CCC(F)(F)C2)c2ncn(Cc3ccccc3C(F)(F)F)c2n1,3,0.0,0.0,0.0
CC(C)(C)COc1nc(N2CCC(F)(F)C2)c2ncn(Cc3ccccc3S(C)(=O)=O)c2n1,3,0.0,0.0,0.0
Cc1nnc(Cn2cnc3c(N4CCC(F)(F)C4)nc(OCC(C)(C)C)nc32)o1,3,0.0,0.0,0.0
Cc1noc(Cn2cnc3c(N4CCC(F)(F)C4)nc(OCC(C)(C)C)nc32)n1,3,0.0,0.0,0.0
Cn1nnnc1Cn1cnc2c(N3CCC(F)(F)C3)nc(OCC(C)(C)C)nc21,3,0.0,0.0,0.0
CC(C)(C)Nc1nc(N2CC[C@H](O)C2)c2ncn(CCC(F)(F)F)c2n1,3,0.0,0.0,0.0
CC(C)(C)COc1nc(N2CCC(C)(O)C2)c2ncn(Cc3ccccc3Cl)c2n1,3,0.0,0.0,0.0
CC(C)(C)COc1nc(N2CCC(C)(O)C2)c2ncn(Cc3ccccc3C(F)(F)F)c2n1,3,0.0,0.0,0.0
CC(C)(C)COc1nc(N2CCC(C)(O)C2)c2ncn(Cc3ccccc3S(C)(=O)=O)c2n1,3,0.0,0.0,0.0
CC(C)(C)COc1nc(N2CCC(C)(O)C2)c2ncn(Cc3ncccc3Cl)c2n1,3,0.0,0.0,0.0
Cc1nonc1Cn1cnc2c(N3CCC(C)(O)C3)nc(OCC(C)(C)C)nc21,3,0.0,0.0,0.0
CC1(O)CCN(c2nc(NC(C)(C)C)nc3c2ncn3Cc2c[nH]nc2C(F)(F)F)C1,3,0.0,0.0,0.0
CC(C)(C)Nc1nc(N2CC3(COC3)C2)c2ncn(Cc3ccccc3C(F)(F)F)c2n1,3,0.0,0.0,0.0
CC(C)(C)Nc1nc(N2CC3(COC3)C2)c2ncn(Cc3ccccc3Cl)c2n1,3,0.0,0.0,0.0
CC(C)(C)c1nc(N2CC[C@H](O)C2)c2ncn(Cc3nnnn3C3CC3)c2n1,3,0.0,0.0,0.0
Cc1nonc1Cn1cnc2c(C3CCC(F)(F)C3)nc(OCC(C)(C)C)cc21,3,0.0,0.0,0.0
Cc1noc(Cn2cnc3c(N4CC5(COC5)C4)nc(NC(C)(C)C)nc32)n1,3,0.0,0.0,0.0
CC(C)(C)Nc1nc(N2CC3(COC3)C2)c2ncn(CCC(F)(F)F)c2n1,3,0.0,0.0,0.0
CC(C)(C)COc1nc(N2CC3(COC3)C2)c2ncn(Cc3ccccc3Cl)c2n1,3,0.0,0.0,0.0
Cc1nonc1Cn1cnc2c(N3CCN(C)CC3)nc(C(C)(C)C)nc21,3,0.0,0.0,0.0
Cc1nonc1Cn1cnc2c(N3CCC[C@@H]3CO)nc(C(C)(C)C)nc21,3,0.0,0.0,0.0
CC(C)(C)c1nc(N2CCC[C@@H]2CO)c2ncn(Cc3nnnn3C3CC3)c2n1,3,0.0,0.0,0.0
CC(C)(C)c1nc(N2CCC[C@@H]2C#N)c2ncn(Cc3nnnn3C3CC3)c2n1,3,0.0,0.0,0.0
Cc1nonc1Cn1cnc2c(N3CCC[C@@H]3C#N)nc(C(C)(C)C)nc21,3,0.0,0.0,0.0
Cc1nonc1Cn1cnc2c(N3CC4(COC4)C3)nc(C(C)(C)C)nc21,3,0.0,0.0,0.0
Cc1nonc1Cn1cnc2c(N3CCSC3)nc(C(C)(C)C)nc21,3,0.0,0.0,0.0
CC(C)(C)COc1nc(N2CCC(F)(F)C2)c2nc[nH]c2n1,3,0.0,0.0,0.0
CC(=O)O[C@H]1CCN(c2nc(NC(C)(C)C)nc3c2ncn3Cc2nonc2C)C1,3,0.0,0.0,0.0
CC(=O)OC1(C)CCN(c2nc(NC(C)(C)C)nc3c2ncn3Cc2nonc2C)C1,3,0.0,0.0,0.0
FC1(F)CCN(c2nc(Cl)nc3c2ncn3Cc2ccccc2)C1,3,0.0,0.0,0.0
CC(C)n1nnnc1Cn1cnc2c(N3CC[C@H](O)C3)nc(C(C)(C)C)nc21,3,0.0,0.0,0.0
CC(C)(C)c1nc(N2CCC(F)(F)C2)c2ncn(Cc3nnnn3C3CC3)c2n1,3,0.0,0.0,0.0
CC(C)(C)c1nc(N2CCC[C@@H]2CO)c2ncn(Cc3ncccc3Cl)c2n1,3,0.0,0.0,0.0
CCCn1nnnc1Cn1cnc2c(N3CC[C@H](O)C3)nc(C(C)(C)C)nc21,3,0.0,0.0,0.0
CC(C)(C)c1nc(N2CC[C@H](O)[C@H]2CO)c2ncn(Cc3ncccc3Cl)c2n1,3,0.0,0.0,0.0
CC(C)(C)c1nc(N2CC(F)(F)C2)c2ncn(Cc3ncccc3Cl)c2n1,3,0.0,0.0,0.0
CC(C)(C)c1nc(N2CCSC2)c2ncn(Cc3ncccc3Cl)c2n1,3,0.0,0.0,0.0
CC(C)(C)c1nc(N2CC3(C2)CS(=O)(=O)C3)c2ncn(Cc3ncccc3Cl)c2n1,3,0.0,0.0,0.0
CC(C)(C)c1nc(N2CCC[C@@H]2C#N)c2ncn(Cc3ncccc3Cl)c2n1,3,0.0,0.0,0.0
CC(C)(C)c1nc(N2CC[C@H](O)C2)c2ncn(Cc3nnnn3CC3CC3)c2n1,3,0.0,0.0,0.0
CC(C)(C)c1nc(N2CCC(O)(C(F)(F)F)C2)c2ncn(Cc3ncccc3Cl)c2n1,3,0.0,0.0,0.0
CC(C)(C)c1nc(N2CC[C@H](O)C2)c2ncn(Cc3nnnn3C(C)(C)C)c2n1,3,0.0,0.0,0.0
CC(C)(C)c1nc(N2CC(O)(C(F)(F)F)C2)c2ncn(Cc3ncccc3Cl)c2n1,3,0.0,0.0,0.0
CC(C)(C)c1nc(N2CCC3(C2)CC3(F)F)c2ncn(Cc3ncccc3Cl)c2n1,3,0.0,0.0,0.0
CC1(O)CN(c2nc(C(C)(C)C)nc3c2ncn3Cc2ncccc2Cl)C1,3,0.0,0.0,0.0
COc1ccc(Cn2ncc3c(N4CCC(F)(F)C4)nc(C(C)(C)C)nc32)cc1,6,0.0,0.0,0.0
CC(C)(C)c1nc(N2CCC(F)(F)C2)c2cnn(Cc3ccccc3)c2n1,6,0.0,0.0,0.0
CC(C)(C)c1nc(N2CC[C@H](O)C2)c2cnn(Cc3ccccc3Cl)c2n1,6,0.0,0.0,0.0
CC(C)(C)c1nc(N2CCC(F)(F)C2)c2cnn(Cc3ccccc3Cl)c2n1,6,0.0,0.0,0.0
CCOc1nc(C(C)(C)C)nc2c1cnn2Cc1ccccc1Cl,6,0.0,0.0,0.0
CC(C)(C)c1nc(N2CCC(F)(F)C2)c2cnn(Cc3ccc(F)cc3Cl)c2n1,6,0.0,0.0,0.0
CC(C)(C)c1nc(N2CCC(F)(F)C2)c2cnn(Cc3ccccc3C(F)(F)F)c2n1,6,0.0,0.0,0.0
CC(C)(C)c1nc(N2CCC(F)(F)C2)c2cnn(CCc3ccccc3)c2n1,6,0.0,0.0,0.0
Cc1nonc1Cn1ncc2c(N3CCC(F)(F)C3)nc(C(C)(C)C)nc21,6,0.0,0.0,0.0
CC(C)(C)c1nc(N2CCC(F)(F)C2)c2cnn(Cc3ccccc3S(C)(=O)=O)c2n1,6,0.0,0.0,0.0
CC(C)(C)c1nc(N2CCC(F)(F)C2)c2cnn(CCc3ccccn3)c2n1,6,0.0,0.0,0.0
CC(C)(C)c1nc(N2CCC(F)(F)C2)c2cnn(Cc3cccnc3Cl)c2n1,6,0.0,0.0,0.0
CC(C)(C)c1nc(N2CCC(F)(F)C2)c2cnn(C3CS(=O)(=O)C3)c2n1,6,0.0,0.0,0.0
CC(C)(C)c1nc(N2CCC(F)(F)C2)c2cnn(C3CCOC3)c2n1,6,0.0,0.0,0.0
Cn1nnnc1Cn1ncc2c(N3CCC(F)(F)C3)nc(C(C)(C)C)nc21,9,0.0,0.0,0.0
CC(C)(C)c1nc(N2CCC(F)(F)C2)c2cnn(Cc3nnnn3C3CC3)c2n1,6,0.0,0.0,0.0
Cc1nnc(Cn2ncc3c(N4CCC(F)(F)C4)nc(C(C)(C)C)nc32)n1C,6,0.0,0.0,0.0
Cc1nnc(Cn2ncc3c(N4CC=C(F)C4)nc(C(C)(C)C)nc32)n1C,6,0.0,0.0,0.0
Cn1nncc1Cn1ncc2c(N3CC=C(F)C3)nc(C(C)(C)C)nc21,6,0.0,0.0,0.0
CC(C)(C)c1nc(N2CCC(F)(F)C2)c2cnn(CC(=O)c3ccncc3)c2n1,6,0.0,0.0,0.0
CC(C)(C)c1nc(N2CCC(F)(F)C2)c2cnn(CC(=O)c3ccccn3)c2n1,6,0.0,0.0,0.0
COc1ccc(Cn2ncc3c(N4CC[C@H](O)C4)nc(C(C)(C)C)nc32)cc1,6,0.0,0.0,0.0
COc1ccc(Cn2ncc3c(N4CCC(F)(F)C4)cc(C4CC4)nc32)cc1,6,0.0,0.0,0.0
Cc1nonc1Cn1ncc2c(N3CC[C@H](O)C3)nc(C(C)(C)C)nc21,6,0.0,0.0,0.0
Cc1nonc1CO[C@H]1CCN(c2nc(C(C)(C)C)nc3c2cnn3Cc2nonc2C)C1,6,0.0,0.0,0.0
Cc1nonc1Cn1ncc2c(N3CCC(F)(F)C3)nc(C3CC3)cc21,6,0.0,0.0,0.0
Cc1nonc1Cn1ncc2c(N3CCC(F)(F)C3)cc(C3CC3)nc21,6,0.0,0.0,0.0
CC(C)(C)c1nc(N2CC[C@H](O)C2)c2cnn(Cc3ccccc3C(F)(F)F)c2n1,6,0.0,0.0,0.0
CC(C)(C)c1nc(N2CC[C@H](O)C2)c2cnn(Cc3ccccc3S(C)(=O)=O)c2n1,6,0.0,0.0,0.0
Cn1nnnc1Cn1ncc2c(N3CC[C@H](O)C3)nc(C(C)(C)C)nc21,6,0.0,0.0,0.0
CC(C)(C)c1nc(N2CC[C@H](O)C2)c2cnn(Cc3ncccc3Cl)c2n1,6,0.0,0.0,0.0
CC(C)(C)c1nc(N2CC[C@H](O)C2)c2cnn(Cc3nnnn3C3CC3)c2n1,6,0.0,0.0,0.0
CC(C)(C)c1nc(N2CCC[C@@H]2CO)c2cnn(Cc3ccccc3C(F)(F)F)c2n1,6,0.0,0.0,0.0
COC[C@H]1CCCN1c1nc(C(C)(C)C)nc2c1cnn2Cc1ccccc1C(F)(F)F,6,0.0,0.0,0.0
COC[C@H]1CCCN1c1nc(C(C)(C)C)nc2c1cnn2Cc1nonc1C,6,0.0,0.0,0.0
FC1(F)CCN(c2nc(Cl)nc3c2cnn3Cc2ccccc2C(F)(F)F)C1,6,0.0,0.0,0.0
CC(C)(C)COc1nc(N2CCC(F)(F)C2)c2cnn(Cc3ccccc3C(F)(F)F)c2n1,6,0.0,0.0,0.0
C[C@@H]1CCCN1C(=O)c1cnc(C2CC2)c(OCC2CC2)n1,3,0.0,0.0,0.0
C[C@@H]1CCCN1C(=O)c1cnc(N2CC(F)(F)C2)c(OCC2CC2)n1,3,0.0,0.0,0.0
COCCN(C(=O)c1cnc(N2CC(F)(F)C2)c(OCC2CC2)n1)C(C)(C)C,3,0.0,0.0,0.0
CC1(C)COCCN1C(=O)c1cnc(N2CC(F)(F)C2)c(OCC2CC2)n1,3,0.0,0.0,0.0
C[C@H]1CCCN1C(=O)c1cnc(N2CC(F)(F)C2)c(OCC2CC2)n1,3,0.0,0.0,0.0
O=C(c1cnc(N2CC(F)(F)C2)c(OCC2CC2)n1)N1CC2CC1CO2,3,0.0,0.0,0.0
CN(C(=O)c1cnc(N2CC(F)(F)C2)c(OCC2CC2)n1)C(C)(C)C,3,0.0,0.0,0.0
O=C(c1cnc(N2CC(F)(F)C2)c(OCC2CC2)n1)N1CCC(F)(F)C1,3,0.0,0.0,0.0
CCN(C(=O)c1cnc(N2CC(F)(F)C2)c(OCC2CC2)n1)C(C)C,3,0.0,0.0,0.0
O=C(c1cnc(N2CC(F)(F)C2)c(OCC2CC2)n1)N1CCOCC12CC2,3,0.0,0.0,0.0
CCOC(=O)CN(C(=O)c1cnc(N2CC(F)(F)C2)c(OCC2CC2)n1)C(C)(C)C,3,0.0,0.0,0.0
COCC(C)(C)N(C)C(=O)c1cnc(N2CC(F)(F)C2)c(OCC2CC2)n1,3,0.0,0.0,0.0
CC1(C)CN(C(=O)c2cnc(N3CC(F)(F)C3)c(OCC3CC3)n2)CCO1,3,0.0,0.0,0.0
COCC(C)(C)N(C)C(=O)c1cnc(C2CC2)c(OCC2CC2)n1,3,0.0,0.0,0.0
CC1(C)CCCN1C(=O)c1cnc(C2CC2)c(OCC2CC2)n1,3,0.0,0.0,0.0
COC(=O)[C@@H]1CCCN1C(=O)c1cnc(C2CC2)c(OCC2CC2)n1,3,0.0,0.0,0.0
O=C(c1cnc(C2CC2)c(OCC2CC2)n1)N1CCOCC12CC2,3,0.0,0.0,0.0
NC(=O)[C@@H]1CC(F)(F)CN1C(=O)c1cnc(C2CC2)c(OCC2CC2)n1,3,0.0,0.0,0.0
NC(=O)[C@@H]1CC(F)(F)CN1C(=O)c1cnc(N2CC(F)(F)C2)c(OCC2CC2)n1,3,0.0,0.0,0.0
O=C(c1cnc(N2CC(F)(F)C2)c(OCC2CC2)n1)N1CCN(CCO)CC1,3,0.0,0.0,0.0
CC1(C)CCCN1C(=O)c1cnc(N2CC(F)(F)C2)c(OCC2CC2)n1,3,0.0,0.0,0.0
COC(=O)[C@H]1CCCN1C(=O)c1cnc(N2CC(F)(F)C2)c(OCC2CC2)n1,3,0.0,0.0,0.0
O=C1CN(C(=O)c2cnc(N3CC(F)(F)C3)c(OCC3CC3)n2)CCO1,3,0.0,0.0,0.0
CN(C)C(=S)[C@H]1CCCN1C(=O)c1cnc(N2CC(F)(F)C2)c(OCC2CC2)n1,3,0.0,0.0,0.0
CC(=O)OC1(C)CCN(C(=O)c2cnc(C3CC3)c(OCC3CC3)n2)C1,3,0.0,0.0,0.0
O=C(c1cnc(C2CC2)c(OCC2CC2)n1)N1CC(F)(F)C(F)(F)C1,3,0.0,0.0,0.0
CC(=O)O[C@H]1CCN(C(=O)c2cnc(N3CC(F)(F)C3)c(OCC3CC3)n2)C1,3,0.0,0.0,0.0
O=C(c1cnc(N2CC(F)(F)C2)c(OCC2CC2)n1)N1CCC2(COC2)C1,3,0.0,0.0,0.0
CC(=O)OC1(C)CCN(C(=O)c2cnc(N3CC(F)(F)C3)c(OCC3CC3)n2)C1,3,0.0,0.0,0.0
O=C(c1cnc(N2CC(F)(F)C2)c(OCC2CC2)n1)N1CC(F)(F)C(F)(F)C1,3,0.0,0.0,0.0
CN(C(=O)c1cnc(N2CC(F)(F)C2)c(OCC(F)(F)F)n1)C(C)(C)C,3,0.0,0.0,0.0
CC1(C)CCCN1C(=O)c1cnc(N2CC(F)(F)C2)c(OCC(F)(F)F)n1,3,0.0,0.0,0.0
NC(=O)C1CCCCN1C(=O)c1cnc(N2CC(F)(F)C2)c(OCC2CC2)n1,6,0.0,0.0,0.0
CC1(C)CC(C(N)=O)N(C(=O)c2cnc(C3CC3)c(OCC3CC3)n2)C1,6,0.0,0.0,0.0
CC1(C)CC(C(N)=O)N(C(=O)c2cnc(N3CC(F)(F)C3)c(OCC3CC3)n2)C1,6,0.0,0.0,0.0
NC(=O)C1CSCCN1C(=O)c1cnc(N2CC(F)(F)C2)c(OCC2CC2)n1,3,0.0,0.0,0.0
NC(=O)C1CC2(CC2)CN1C(=O)c1cnc(N2CC(F)(F)C2)c(OCC2CC2)n1,3,0.0,0.0,0.0
CC1(O)C[C@@H](C(N)=O)N(C(=O)c2cnc(N3CC(F)(F)C3)c(OCC3CC3)n2)C1,3,0.0,0.0,0.0
NC(=O)[C@@H]1CC(F)(F)CN1C(=O)c1cnc(N2CC(F)(F)C2)c(OCC(F)F)n1,3,0.0,0.0,0.0
CCOC(=O)CC1(NC(=O)c2ccc(C3CC3)c(OCC3CC3)n2)COC1,3,0.0,0.0,0.0
CC(C)CC(CC(=O)OC(C)(C)C)NC(=O)c1ccc(N2CC(F)(F)C2)c(OCC2CC2)n1,3,0.0,0.0,0.0
CCOC(=O)CC(NC(=O)c1ccc(N2CC(F)(F)C2)c(OCC2CC2)n1)c1ccccc1,3,0.0,0.0,0.0
CCOC(=O)CC(C)(C)NC(=O)c1ccc(N2CC(F)(F)C2)c(OCC2CC2)n1,3,0.0,0.0,0.0
CNC(=O)CC(C)(C)NC(=O)c1ccc(N2CC(F)(F)C2)c(OCC2CC2)n1,3,0.0,0.0,0.0
CCCCCC(CC(=O)NC)NC(=O)c1ccc(N2CC(F)(F)C2)c(OCC2CC2)n1,3,0.0,0.0,0.0
CNC(=O)CC(CCc1ccccc1)NC(=O)c1ccc(N2CC(F)(F)C2)c(OCC2CC2)n1,3,0.0,0.0,0.0
CCCCC(CC(N)=O)NC(=O)c1ccc(C2CC2)c(OCC2CC2)n1,6,0.0,0.0,0.0
CC(C)CC(CNC(=O)c1ccc(N2CC(F)(F)C2)c(OCC2CC2)n1)C(=O)O,3,0.0,0.0,0.0
NC(=O)[C@@H]1CCCC[C@@H]1NC(=O)c1ccc(C2CC2)c(OCC2CC2)n1,6,0.0,0.0,0.0
CC(C)[C@@H](CC(N)=O)NC(=O)c1ccc(C2CC2)c(OCC2CC2)n1,3,0.0,0.0,0.0
CC(C)[C@H](CC(N)=O)NC(=O)c1ccc(C2CC2)c(OCC2CC2)n1,3,0.0,0.0,0.0
NC(=O)[C@H]1CCCC[C@@H]1NC(=O)c1ccc(C2CC2)c(OCC2CC2)n1,3,0.0,0.0,0.0
NC(=O)CC(NC(=O)c1ccc(C2CC2)c(OCC2CC2)n1)C1CCCCC1,6,0.0,0.0,0.0
CC(C)[C@H](CC(N)=O)NC(=O)c1ccc(N2CC(F)(F)C2)c(OCC2CC2)n1,3,0.0,0.0,0.0
NC(=O)[C@@H]1CCCC[C@@H]1NC(=O)c1ccc(N2CC(F)(F)C2)c(OCC2CC2)n1,3,0.0,0.0,0.0
NC(=O)[C@H]1CCCC[C@H]1NC(=O)c1ccc(N2CC(F)(F)C2)c(OCC2CC2)n1,3,0.0,0.0,0.0
CCOC(=O)CC(CC(C)C)NC(=O)c1ccc(C2CC2)c(OCC2CC2)n1,3,0.0,0.0,0.0
NC(=O)CC1(NC(=O)c2ccc(C3CC3)c(OCC3CC3)n2)COC1,3,0.0,0.0,0.0
CC(C)C[C@@H](CC(N)=O)NC(=O)c1ccc(C2CC2)c(OCC2CC2)n1,3,0.0,0.0,0.0
CC(C)C[C@H](CC(N)=O)NC(=O)c1ccc(C2CC2)c(OCC2CC2)n1,3,0.0,0.0,0.0
NC(=O)CC1(NC(=O)c2ccc(N3CC(F)(F)C3)c(OCC3CC3)n2)COC1,3,0.0,0.0,0.0
NC(=O)CC(NC(=O)c1ccc(C2CC2)c(OCC2CC2)n1)C1CC1,6,0.0,0.0,0.0
CC(C)(C)[C@@H](CC(N)=O)NC(=O)c1ccc(C2CC2)c(OCC2CC2)n1,3,0.0,0.0,0.0
NC(=O)CC(NC(=O)c1ccc(C2CC2)c(OCC2CC2)n1)C1CCOCC1,6,0.0,0.0,0.0
NC(=O)CC(NC(=O)c1ccc(C2CC2)c(OCC2CC2)n1)C(F)(F)F,6,0.0,0.0,0.0
CC(Oc1nc(C(=O)NC2(CC(N)=O)COC2)ccc1C1CC1)C(F)(F)F,3,0.0,0.0,0.0
CC(C)(C)[C@H](CC(N)=O)NC(=O)c1ccc(C2CC2)c(OCC2CC2)n1,3,0.0,0.0,0.0
CC(C)CS(=O)(=O)c1nc(C(=O)NC2(CC(N)=O)COC2)ccc1C1CC1,3,0.0,0.0,0.0
CNC(=O)CC1(NC(=O)c2ccc(N3CC(F)(F)C3)c(OCC3CC3)n2)COC1,3,0.0,0.0,0.0
CNC(=O)CC1(NC(=O)c2ccc(C3CC3)c(OCC3CC3)n2)COC1,3,0.0,0.0,0.0
CNC(=O)CC1(NC(=O)c2ccc(C(F)(F)F)c(OCC3CC3)n2)COC1,3,0.0,0.0,0.0
CN(C)C(=O)CC1(NC(=O)c2ccc(C3CC3)c(OCC3CC3)n2)COC1,3,0.0,0.0,0.0
CN(C)C(=O)CC1(NC(=O)c2ccc(N3CC(F)(F)C3)c(OCC3CC3)n2)COC1,3,0.0,0.0,0.0
CN(C)C(=O)CC1(NC(=O)c2ccc(C(F)(F)F)c(OCC3CC3)n2)COC1,3,0.0,0.0,0.0
NC(=O)C[C@@H](NC(=O)c1ccc(C2CC2)c(OCC2CC2)n1)c1cccc(Cl)c1,3,0.0,0.0,0.0
CC(C)[S+]([O-])c1nc(C(=O)NC2(CC(N)=O)COC2)ccc1Br,3,0.0,0.0,0.0
COC(=O)CC1(NC(=O)c2ccc(C3CC3)c(OCC3CC3)n2)CCN(C(=O)OC(C)(C)C)CC1,3,0.0,0.0,0.0
NC(=O)CC1(NC(=O)c2ccc(OC(F)(F)F)c(OCC3CC3)n2)COC1,3,0.0,0.0,0.0
NC(=O)CC1(NC(=O)c2ccc(OCC3CC3)c(Cl)n2)COC1,3,0.0,0.0,0.0
CC(C)(CC(N)=O)NC(=O)c1ccc(N2CC(F)(F)C2)c(OCC2CC2)n1,3,0.0,0.0,0.0
NC(=O)CC1(NC(=O)c2ccc(C3CC3)c(OCC(F)(F)C(F)(F)F)n2)COC1,3,0.0,0.0,0.0
COC(=O)CC1(NC(=O)c2ccc(N3CC(F)(F)C3)c(OCC3CC3)n2)CNC(=O)C1,3,0.0,0.0,0.0
CCOC(=O)CC1(NC(=O)c2ccc(N3CC(F)(F)C3)c(OCC3CC3)n2)CS(=O)(=O)C1,3,0.0,0.0,0.0
COC(=O)CC1(NC(=O)c2ccc(N3CC(F)(F)C3)c(OCC3CC3)n2)CCOCC1,3,0.0,0.0,0.0
NC(=O)CC(NC(=O)c1ccc(N2CC(F)(F)C2)c(OCC2CC2)n1)C1CCOCC1,9,0.0,0.0,0.0
NC(=O)CC1(NC(=O)c2ccc(N3CC(F)(F)C3)c(OCC3CC3)n2)CNC(=O)C1,3,0.0,0.0,0.0
NC(=O)CC(NC(=O)c1ccc(N2CC(F)(F)C2)c(OCC2CC2)n1)C(F)(F)F,3,0.0,0.0,0.0
O=C(O)CC1(NC(=O)c2ccc(N3CC(F)(F)C3)c(OCC3CC3)n2)CS(=O)(=O)C1,3,0.0,0.0,0.0
O=C(O)CC1(NC(=O)c2ccc(N3CC(F)(F)C3)c(OCC3CC3)n2)CCOCC1,3,0.0,0.0,0.0
NC(=O)CC1(NC(=O)c2ccc(N3CC(F)(F)C3)c(OCC3CC3)n2)CCOCC1,3,0.0,0.0,0.0
NC(=O)CC1(NC(=O)c2ccc(N3CC(F)(F)C3)c(OCC3CC3)n2)CS(=O)(=O)C1,3,0.0,0.0,0.0
NC(=O)CC1(NC(=O)c2ccc(N3CC(F)(F)C3)c(OCC3CC3)n2)CCSCC1,3,0.0,0.0,0.0
NC(=O)CC1(NC(=O)c2ccc(N3CC(F)(F)C3)c(OCC3CC3)n2)CCS(=O)(=O)CC1,3,0.0,0.0,0.0
NC(=O)CC(NC(=O)c1ccc(C2CC2)c(OCC2CC2)n1)C1CCOC1,3,0.0,0.0,0.0
NC(=O)CC1(NC(=O)c2ccc(N3CC(F)(F)C3)c(OCC3CC3)n2)CNC1,3,0.0,0.0,0.0
NC(=O)CC1(NC(=O)c2ccc(C3CC3)c(Cc3ccc(F)cc3)n2)CCNCC1,3,0.0,0.0,0.0
NC(=O)CC(NC(=O)c1ccc(N2CC(F)(F)C2)c(OCC2CC2)n1)C1CCOC1,3,0.0,0.0,0.0
COC(=O)CC1(NC(=O)c2ccc(N3CC(F)(F)C3)c(OCC3CC3)n2)CCC1,3,0.0,0.0,0.0
O=C(O)CC1(NC(=O)c2ccc(N3CC(F)(F)C3)c(OCC3CC3)n2)CCC1,3,0.0,0.0,0.0
NC(=O)CC1(NC(=O)c2ccc(N3CC(F)(F)C3)c(OCC3CC3)n2)CCC1,3,0.0,0.0,0.0
CCOC(=O)C1(CNC(=O)c2ccc(N3CC(F)(F)C3)c(OCC3CC3)n2)CC1,3,0.0,0.0,0.0
CC(=O)N1CCC(CC(N)=O)(NC(=O)c2ccc(C3CC3)c(Cc3ccc(F)cc3)n2)CC1,3,0.0,0.0,0.0
CC(=O)N1CC(CC(N)=O)(NC(=O)c2ccc(N3CC(F)(F)C3)c(OCC3CC3)n2)C1,3,0.0,0.0,0.0
NC(=O)CC1(NC(=O)c2ccc(C3CC3)c(Cc3ccc(F)cc3)n2)CN(C(=O)OCc2ccccc2)C1,3,0.0,0.0,0.0
CC(C)CSc1nc(C(=O)NC2(CC(N)=O)CS(=O)(=O)C2)ccc1C1CC1,3,0.0,0.0,0.0
NC(=O)CC1(NC(=O)c2ccc(C3CC3)c(Cc3ccc(F)cc3)n2)CS(=O)(=O)C1,6,0.0,0.0,0.0
NC(=O)CC1(NC(=O)c2ccc(C3CC3)c(OCC3CC3)n2)CS(=O)(=O)C1,3,0.0,0.0,0.0
NC(=O)CC1(NC(=O)c2ccc(C(F)(F)F)c(OCC3CCOCC3)n2)CS(=O)(=O)C1,3,0.0,0.0,0.0
NC(=O)CC1(NC(=O)c2cccc(-c3ccc(F)c(Cl)c3)n2)CS(=O)(=O)C1,3,0.0,0.0,0.0
NC(=O)CC1(NC(=O)c2ccc(C3CC3)c(OCC3CCCO3)n2)CS(=O)(=O)C1,3,0.0,0.0,0.0
NC(=O)CC1(NC(=O)c2ccc(N3CC(F)(F)C3)c(OCC3CC3)n2)CCOC1,3,0.0,0.0,0.0
NC(=O)CC1(NC(=O)c2ccc(N3CC(F)(F)C3)c(OCC3CC3)n2)CCN(C(=O)OCc2ccccc2)C1,3,0.0,0.0,0.0
NC(=O)CC1(NC(=O)c2ccc(N3CC(F)(F)C3)c(OCC3CC3)n2)CCNC1,3,0.0,0.0,0.0
NC(=O)CC1(NC(=O)c2ccc(N3CC(F)(F)C3)c(OCC3CC3)n2)CCNCC1,3,0.0,0.0,0.0
NC(=O)CC1(NC(=O)c2ccc(C3CC3)c(OCC3CC3)n2)CCNCC1,3,0.0,0.0,0.0
NC(=O)CC1(NC(=O)c2ccc(C3CC3)c(Oc3ccc(F)cc3)n2)CCOC1,3,0.0,0.0,0.0
NC(=O)CC1(NC(=O)c2ccc(C3CC3)c(OCC3CC3)n2)CCOC1,3,0.0,0.0,0.0
NC(=O)CC1(NC(=O)c2ccc(C3(F)CCC3)c(OCC3CC3)n2)COC1,3,0.0,0.0,0.0
NC(=O)CC1(NC(=O)c2ccc(C3(O)CCC3)c(OCC3CC3)n2)COC1,3,0.0,0.0,0.0
NC(=O)CC1(NC(=O)c2ccc(N3CC(F)(F)C3)c(OCC3CC3)n2)CSC1,3,0.0,0.0,0.0
NC(=O)CC1(NC(=O)c2ccc(C3(O)CCC3)c(OCC3CC3)n2)CS(=O)(=O)C1,3,0.0,0.0,0.0
NC(=O)CC1(NC(=O)c2ccc(C3(F)COC3)c(OCC3CC3)n2)COC1,3,0.0,0.0,0.0
NC(=O)CC1(NC(=O)c2ccc(C3(O)COC3)c(OCC3CC3)n2)COC1,3,0.0,0.0,0.0
NC(=O)CC1(NC(=O)c2ccc(C3(O)CCC3)c(OCC3CC3)n2)CSC1,3,0.0,0.0,0.0
NC(=O)CC1(NC(=O)c2ccc(C3CC3)c(OCC3CC3)n2)CSC1,3,0.0,0.0,0.0
NC(=O)CC1(NC(=O)c2ccc(C(F)(F)F)c(OCC3CC3)n2)CSC1,3,0.0,0.0,0.0
NC(=O)CC1(NC(=O)c2ccc(C3(F)COC3)c(OCC3CC3)n2)CSC1,3,0.0,0.0,0.0
Cn1nncc1Cn1ncc2c(N3CCC(F)(F)C3)nc(C(C)(C)C)nc21,3,0.0,0.0,0.0
NC(=O)Cn1nc(N2CCN(S(=O)(=O)C(F)(F)F)CC2)c2cc(C(c3ccc(Cl)cc3)c3ccc(Cl)cc3)ccc21,3,0.0,0.0,0.0
COC(=O)Cn1nc(N2CCN(S(=O)(=O)C(F)(F)F)CC2)c2cc(C(c3ccc(Cl)cc3)c3ccc(Cl)cc3)ccc21,3,0.0,0.0,0.0
CCOC(=O)CS(=O)(=O)N1CCC(c2n[nH]c3ccc(C(c4ccc(Cl)cc4)c4ccc(Cl)cc4)cc23)CC1,3,0.0,0.0,0.0
O=C(O)CS(=O)(=O)N1CCC(c2n[nH]c3ccc(C(c4ccc(Cl)cc4)c4ccc(Cl)cc4)cc23)CC1,3,0.0,0.0,0.0
NS(=O)(=O)N1CCC(c2n[nH]c3ccc(C(c4ccc(Cl)cc4)c4ccc(Cl)cc4)cc23)CC1,3,0.0,0.0,0.0
COC(=O)c1ccc(S(=O)(=O)N2CCC(c3n[nH]c4ccc(C(c5ccc(Cl)cc5)c5ccc(Cl)cc5)cc34)CC2)cc1,3,0.0,0.0,0.0
NC(=O)CS(=O)(=O)N1CCC(c2n[nH]c3ccc(C(c4ccc(Cl)cc4)c4ccc(Cl)cc4)cc23)CC1,3,0.0,0.0,0.0
O=C(O)c1ccc(S(=O)(=O)N2CCC(c3n[nH]c4ccc(C(c5ccc(Cl)cc5)c5ccc(Cl)cc5)cc34)CC2)cc1,3,0.0,0.0,0.0
NC(=O)c1ccc(S(=O)(=O)N2CCC(c3n[nH]c4ccc(C(c5ccc(Cl)cc5)c5ccc(Cl)cc5)cc34)CC2)cc1,3,0.0,0.0,0.0
O=S(=O)(N1CCN(c2nn(S(=O)(=O)C(F)(F)F)c3ccc(C(c4ccc(Cl)cc4)c4ccc(Cl)cc4)cc23)CC1)C(F)(F)F,3,0.0,0.0,0.0
COC(=O)c1ccccc1Cn1nc(N2CCN(S(=O)(=O)C(F)(F)F)CC2)c2cc(C(c3ccc(Cl)cc3)c3ccc(Cl)cc3)ccc21,3,0.0,0.0,0.0
COC(=O)c1ccccc1S(=O)(=O)N1CCC(c2n[nH]c3ccc(C(c4ccc(Cl)cc4)c4ccc(Cl)cc4)cc23)CC1,3,0.0,0.0,0.0
O=S(=O)(c1ccc(C(F)(F)F)cc1)N1CCC(c2n[nH]c3ccc(C(c4ccc(Cl)cc4)c4ccc(Cl)cc4)cc23)CC1,3,0.0,0.0,0.0
O=S(=O)(c1ccccc1C(F)(F)F)N1CCC(c2n[nH]c3ccc(C(c4ccc(Cl)cc4)c4ccc(Cl)cc4)cc23)CC1,3,0.0,0.0,0.0
O=C(O)c1ccccc1S(=O)(=O)N1CCC(c2n[nH]c3ccc(C(c4ccc(Cl)cc4)c4ccc(Cl)cc4)cc23)CC1,3,0.0,0.0,0.0
O=S(=O)(N1CCC(c2n[nH]c3ccc(C(c4ccc(Cl)cc4)c4ccc(Cl)cc4)cc23)CC1)C(F)(F)F,6,0.0,0.0,0.0
O=S(=O)(N1CCC(c2nn(-c3nccs3)c3ccc(C(c4ccc(Cl)cc4)c4ccc(Cl)cc4)cc23)CC1)C(F)(F)F,3,0.0,0.0,0.0
Cc1cnc(-n2nc(C3CCN(S(=O)(=O)C(F)(F)F)CC3)c3cc(C(c4ccc(Cl)cc4)c4ccc(Cl)cc4)ccc32)s1,3,0.0,0.0,0.0
CC(C)(C)OC(=O)N1CCC(c2n[nH]c3ccc(C(c4ccc(Cl)cc4)c4ccc(Cl)cc4)cc23)CC1,3,0.0,0.0,0.0
NC(=O)c1ccccc1S(=O)(=O)N1CCC(c2n[nH]c3ccc(C(c4ccc(Cl)cc4)c4ccc(Cl)cc4)cc23)CC1,3,0.0,0.0,0.0
O=C(O)CC(=O)N1CCC(c2n[nH]c3ccc(C(c4ccc(Cl)cc4)c4ccc(Cl)cc4)cc23)CC1,3,0.0,0.0,0.0
O=S(=O)(N1CCN(c2nn(CCO)c3ccc(C(c4ccc(Cl)cc4)c4ccc(Cl)cc4)cc23)CC1)C(F)(F)F,3,0.0,0.0,0.0
NC(=O)CCC(=O)N1CCC(c2n[nH]c3ccc(C(c4ccc(Cl)cc4)c4ccc(Cl)cc4)cc23)CC1,3,0.0,0.0,0.0
CC(=O)n1nc(N2CCN(S(=O)(=O)C(F)(F)F)CC2)c2cc(C(c3ccc(Cl)cc3)c3ccc(Cl)cc3)ccc21,3,0.0,0.0,0.0
O=C(O)c1ccccc1Cn1nc(N2CCN(S(=O)(=O)C(F)(F)F)CC2)c2cc(C(c3ccc(Cl)cc3)c3ccc(Cl)cc3)ccc21,3,0.0,0.0,0.0
O=S(=O)(N1CCC(c2nn(-c3ccc(C(F)(F)F)cc3)c3ccc(C(c4ccc(Cl)cc4)c4ccc(Cl)cc4)cc23)CC1)C(F)(F)F,3,0.0,0.0,0.0
O=S(=O)(N1CCC(c2nn(-c3cccc(Cl)c3)c3ccc(C(c4ccc(Cl)cc4)c4ccc(Cl)cc4)cc23)CC1)C(F)(F)F,3,0.0,0.0,0.0
O=S(=O)(N1CCC(c2nn(-c3ccccc3Cl)c3ccc(C(c4ccc(Cl)cc4)c4ccc(Cl)cc4)cc23)CC1)C(F)(F)F,3,0.0,0.0,0.0
O=S(=O)(N1CCC(c2nn(-c3ccc(OC(F)(F)F)cc3)c3ccc(C(c4ccc(Cl)cc4)c4ccc(Cl)cc4)cc23)CC1)C(F)(F)F,3,0.0,0.0,0.0
O=S(=O)(N1CCC(c2nn(-c3ccc(F)cc3)c3ccc(C(c4ccc(F)cc4)c4ccc(Cl)cc4)cc23)CC1)C(F)(F)F,3,0.0,0.0,0.0
COC(=O)CC(=O)N1CCC(c2n[nH]c3ccc(C(c4ccc(Cl)cc4)c4ccc(Cl)cc4)cc23)CC1,3,0.0,0.0,0.0
O=C(O)COCCn1nc(N2CCN(S(=O)(=O)C(F)(F)F)CC2)c2cc(C(c3ccc(Cl)cc3)c3ccc(Cl)cc3)ccc21,3,0.0,0.0,0.0
O=S(=O)(CC(F)(F)F)N1CCC(c2n[nH]c3ccc(C(c4ccc(Cl)cc4)c4ccc(Cl)cc4)cc23)CC1,3,0.0,0.0,0.0
O=S(=O)(C1CC1)N1CCC(c2n[nH]c3ccc(C(c4ccc(Cl)cc4)c4ccc(Cl)cc4)cc23)CC1,3,0.0,0.0,0.0
NC(=O)c1ccccc1Cn1nc(N2CCN(S(=O)(=O)C(F)(F)F)CC2)c2cc(C(c3ccc(Cl)cc3)c3ccc(Cl)cc3)ccc21,3,0.0,0.0,0.0
O=C(CC(F)(F)F)N1CCC(c2n[nH]c3ccc(C(c4ccc(Cl)cc4)c4ccc(Cl)cc4)cc23)CC1,3,0.0,0.0,0.0
O=S(=O)(N1CCC(c2nn(-c3cccc(C(F)(F)F)c3)c3ccc(C(c4ccc(Cl)cc4)c4ccc(Cl)cc4)cc23)CC1)C(F)(F)F,3,0.0,0.0,0.0
O=S(=O)(N1CCC(c2nn(-c3ccc(Cl)c(Cl)c3)c3ccc(C(c4ccc(Cl)cc4)c4ccc(Cl)cc4)cc23)CC1)C(F)(F)F,3,0.0,0.0,0.0
O=S(=O)(c1cccc(C(F)(F)F)c1)N1CCC(c2n[nH]c3ccc(C(c4ccc(Cl)cc4)c4ccc(Cl)cc4)cc23)CC1,3,0.0,0.0,0.0
COC(=O)c1cccc(S(=O)(=O)N2CCC(c3n[nH]c4ccc(C(c5ccc(Cl)cc5)c5ccc(Cl)cc5)cc34)CC2)c1,3,0.0,0.0,0.0
O=C(O)c1cccc(S(=O)(=O)N2CCC(c3n[nH]c4ccc(C(c5ccc(Cl)cc5)c5ccc(Cl)cc5)cc34)CC2)c1,3,0.0,0.0,0.0
Cn1nc(C2CCN(S(=O)(=O)c3ccc(C(=O)O)cc3)CC2)c2cc(C(c3ccc(Cl)cc3)c3ccc(Cl)cc3)ccc21,3,0.0,0.0,0.0
Cn1nc(C2CCN(S(=O)(=O)c3cccc(C(=O)O)c3)CC2)c2cc(C(c3ccc(Cl)cc3)c3ccc(Cl)cc3)ccc21,3,0.0,0.0,0.0
Cn1nc(C2CCN(S(=O)(=O)c3ccc(C(N)=O)cc3)CC2)c2cc(C(c3ccc(Cl)cc3)c3ccc(Cl)cc3)ccc21,3,0.0,0.0,0.0
NC(=O)c1cccc(S(=O)(=O)N2CCC(c3n[nH]c4ccc(C(c5ccc(Cl)cc5)c5ccc(Cl)cc5)cc34)CC2)c1,6,0.0,0.0,0.0
COc1ccc(C(c2ccc(OC)cc2)c2ccc3[nH]nc(C4CCN(S(=O)(=O)C(F)(F)F)CC4)c3c2)cc1,3,0.0,0.0,0.0
O=C(O)c1cccc(S(=O)(=O)N2CCC(c3nn(CCO)c4ccc(C(c5ccc(Cl)cc5)c5ccc(Cl)cc5)cc34)CC2)c1,3,0.0,0.0,0.0
NC(=O)c1ccc(S(=O)(=O)N2CCC(c3nn(CCO)c4ccc(C(c5ccc(Cl)cc5)c5ccc(Cl)cc5)cc34)CC2)cc1,3,0.0,0.0,0.0
NC(=O)c1ccccc1S(=O)(=O)N1CCC(c2nn(CCO)c3ccc(C(c4ccc(Cl)cc4)c4ccc(Cl)cc4)cc23)CC1,3,0.0,0.0,0.0
NS(=O)(=O)c1cccc(C(=O)N2CCC(c3nn(CCO)c4ccc(C(c5ccc(Cl)cc5)c5ccc(Cl)cc5)cc34)CC2)c1,3,0.0,0.0,0.0
NS(=O)(=O)c1ccc(C(=O)N2CCC(c3nn(CCO)c4ccc(C(c5ccc(Cl)cc5)c5ccc(Cl)cc5)cc34)CC2)cc1,3,0.0,0.0,0.0
O=C(O)Cn1nc(C2CCN(S(=O)(=O)C(F)(F)F)CC2)c2cc(C(c3ccc(Cl)cc3)c3ccc(Cl)cc3)ccc21,3,0.0,0.0,0.0
CC(C)(C)OC(=O)N1CCC(Nc2n[nH]c3ccc(C(c4ccc(Cl)cc4)c4ccc(Cl)cc4)cc23)CC1,3,0.0,0.0,0.0
CCOC(=O)Cn1nc(C2CCN(S(=O)(=O)C(F)(F)F)CC2)c2cc(C(c3ccc(Cl)cc3)c3ccc(Cl)cc3)ccc21,3,0.0,0.0,0.0
CC(C)(C)OC(=O)N1CCC(c2nn(CCO)c3ccc(C(c4ccc(Cl)cc4)c4ccc(Cl)cc4)cc23)CC1,3,0.0,0.0,0.0
O=S(=O)(N1CCC(Nc2n[nH]c3ccc(C(c4ccc(Cl)cc4)c4ccc(Cl)cc4)cc23)CC1)C(F)(F)F,3,0.0,0.0,0.0
CC(C)S(=O)(=O)N1CCC(Nc2n[nH]c3ccc(C(c4ccc(Cl)cc4)c4ccc(Cl)cc4)cc23)CC1,3,0.0,0.0,0.0
O=S(=O)(N1CCC(c2nn(CCO)c3ccc(C(c4ccc(Cl)cc4)c4ccc(Cl)cc4)cc23)CC1)C(F)(F)F,3,0.0,0.0,0.0
O=C(O)c1ccc(S(=O)(=O)N2CCC(c3nn(CCO)c4ccc(C(c5ccc(Cl)cc5)c5ccc(Cl)cc5)cc34)CC2)cc1,3,0.0,0.0,0.0
O=S(=O)(C(F)F)N1CCC(c2n[nH]c3ccc(C(c4ccc(Cl)cc4)c4ccc(Cl)cc4)cc23)CC1,6,0.0,0.0,0.0
NC(=O)c1cccc(S(=O)(=O)N2CCC(c3nn(CCO)c4ccc(C(c5ccc(Cl)cc5)c5ccc(Cl)cc5)cc34)CC2)c1,3,0.0,0.0,0.0
O=C(O)CCS(=O)(=O)N1CCC(c2nn(CCO)c3ccc(C(c4ccc(Cl)cc4)c4ccc(Cl)cc4)cc23)CC1,3,0.0,0.0,0.0
O=C(O)CS(=O)(=O)N1CCC(c2nn(C3CC3)c3ccc(C(c4ccc(Cl)cc4)c4ccc(Cl)cc4)cc23)CC1,3,0.0,0.0,0.0
O=C(O)c1ccccc1S(=O)(=O)N1CCC(c2nn(C3CC3)c3ccc(C(c4ccc(Cl)cc4)c4ccc(Cl)cc4)cc23)CC1,3,0.0,0.0,0.0
O=C(O)c1cccc(S(=O)(=O)N2CCC(c3nn(C4CC4)c4ccc(C(c5ccc(Cl)cc5)c5ccc(Cl)cc5)cc34)CC2)c1,3,0.0,0.0,0.0
O=C(O)c1ccc(S(=O)(=O)N2CCC(c3nn(C4CC4)c4ccc(C(c5ccc(Cl)cc5)c5ccc(Cl)cc5)cc34)CC2)cc1,3,0.0,0.0,0.0
NC(=O)CC(=O)N1CCC(c2nn(C3CC3)c3ccc(C(c4ccc(Cl)cc4)c4ccc(Cl)cc4)cc23)CC1,3,0.0,0.0,0.0
O=C(CO)N1CCC(c2nn(C3CC3)c3ccc(C(c4ccc(Cl)cc4)c4ccc(Cl)cc4)cc23)CC1,3,0.0,0.0,0.0
NC(=O)CCC(=O)N1CCC(c2nn(C3CC3)c3ccc(C(c4ccc(Cl)cc4)c4ccc(Cl)cc4)cc23)CC1,3,0.0,0.0,0.0
NC(=O)c1ccccc1S(=O)(=O)N1CCC(c2nn(C3CC3)c3ccc(C(c4ccc(Cl)cc4)c4ccc(Cl)cc4)cc23)CC1,3,0.0,0.0,0.0
NC(=O)c1cccc(S(=O)(=O)N2CCC(c3nn(C4CC4)c4ccc(C(c5ccc(Cl)cc5)c5ccc(Cl)cc5)cc34)CC2)c1,3,0.0,0.0,0.0
NC(=O)c1ccc(S(=O)(=O)N2CCC(c3nn(C4CC4)c4ccc(C(c5ccc(Cl)cc5)c5ccc(Cl)cc5)cc34)CC2)cc1,3,0.0,0.0,0.0
NC(=O)c1ccccc1C(=O)N1CCC(c2nn(C3CC3)c3ccc(C(c4ccc(Cl)cc4)c4ccc(Cl)cc4)cc23)CC1,3,0.0,0.0,0.0
O=C(O)c1cccc(C(=O)N2CCC(c3nn(C4CC4)c4ccc(C(c5ccc(Cl)cc5)c5ccc(Cl)cc5)cc34)CC2)c1,3,0.0,0.0,0.0
NC(=O)c1cccc(C(=O)N2CCC(c3nn(C4CC4)c4ccc(C(c5ccc(Cl)cc5)c5ccc(Cl)cc5)cc34)CC2)c1,3,0.0,0.0,0.0
O=C(O)c1ccc(C(=O)N2CCC(c3nn(C4CC4)c4ccc(C(c5ccc(Cl)cc5)c5ccc(Cl)cc5)cc34)CC2)cc1,3,0.0,0.0,0.0
COc1ccccc1S(=O)(=O)N1CCC(Nc2n[nH]c3ccc(C(c4ccc(Cl)cc4)c4ccc(Cl)cc4)cc23)CC1,3,0.0,0.0,0.0
COc1cccc(S(=O)(=O)N2CCC(Nc3n[nH]c4ccc(C(c5ccc(Cl)cc5)c5ccc(Cl)cc5)cc34)CC2)c1,3,0.0,0.0,0.0
O=C(O)CC(=O)N1CCC(c2nn(C3CC3)c3ccc(C(c4ccc(Cl)cc4)c4ccc(Cl)cc4)cc23)CC1,3,0.0,0.0,0.0
O=C(O)c1ccccc1C(=O)N1CCC(c2nn(C3CC3)c3ccc(C(c4ccc(Cl)cc4)c4ccc(Cl)cc4)cc23)CC1,3,0.0,0.0,0.0
NC(=O)c1ccc(C(=O)N2CCC(c3nn(C4CC4)c4ccc(C(c5ccc(Cl)cc5)c5ccc(Cl)cc5)cc34)CC2)cc1,3,0.0,0.0,0.0
O=S(=O)(N1CCC(c2nn(C3CC3)c3ccc(C(c4ccc(Cl)cc4)c4ccc(Cl)cc4)cc23)CC1)C(F)(F)F,6,0.0,0.0,0.0
O=C(O)CCS(=O)(=O)N1CCC(c2nn(C3CC3)c3ccc(C(c4ccc(Cl)cc4)c4ccc(Cl)cc4)cc23)CC1,6,0.0,0.0,0.0
O=C(O)CCC(=O)N1CCC(c2nn(C3CC3)c3ccc(C(c4ccc(Cl)cc4)c4ccc(Cl)cc4)cc23)CC1,3,0.0,0.0,0.0
O=C(CCO)N1CCC(c2nn(C3CC3)c3ccc(C(c4ccc(Cl)cc4)c4ccc(Cl)cc4)cc23)CC1,3,0.0,0.0,0.0
O=C(CO)N1CCC(c2c3cc(C(c4ccc(Cl)cc4)c4ccc(Cl)cc4)ccc3nn2C2CC2)CC1,3,0.0,0.0,0.0
O=C(O)c1cccc(C(=O)N2CCC(c3c4cc(C(c5ccc(Cl)cc5)c5ccc(Cl)cc5)ccc4nn3C3CC3)CC2)c1,3,0.0,0.0,0.0
NC(=O)c1cccc(C(=O)N2CCC(c3c4cc(C(c5ccc(Cl)cc5)c5ccc(Cl)cc5)ccc4nn3C3CC3)CC2)c1,3,0.0,0.0,0.0
O=C(O)c1ccc(C(=O)N2CCC(c3c4cc(C(c5ccc(Cl)cc5)c5ccc(Cl)cc5)ccc4nn3C3CC3)CC2)cc1,3,0.0,0.0,0.0
NC(=O)c1ccc(C(=O)N2CCC(c3c4cc(C(c5ccc(Cl)cc5)c5ccc(Cl)cc5)ccc4nn3C3CC3)CC2)cc1,3,0.0,0.0,0.0
NC(=O)CS(=O)(=O)N1CCC(c2nn(C3CC3)c3ccc(C(c4ccc(Cl)cc4)c4ccc(Cl)cc4)cc23)CC1,3,0.0,0.0,0.0
O=C(O)c1cccc(S(=O)(=O)N2CCC(c3c4cc(C(c5ccc(Cl)cc5)c5ccc(Cl)cc5)ccc4nn3C3CC3)CC2)c1,3,0.0,0.0,0.0
O=C(O)c1ccc(S(=O)(=O)N2CCC(c3c4cc(C(c5ccc(Cl)cc5)c5ccc(Cl)cc5)ccc4nn3C3CC3)CC2)cc1,3,0.0,0.0,0.0
NC(=O)c1ccc(S(=O)(=O)N2CCC(c3c4cc(C(c5ccc(Cl)cc5)c5ccc(Cl)cc5)ccc4nn3C3CC3)CC2)cc1,3,0.0,0.0,0.0
COc1ccc(S(=O)(=O)N2CCC(Nc3n[nH]c4ccc(C(c5ccc(Cl)cc5)c5ccc(Cl)cc5)cc34)CC2)cc1,3,0.0,0.0,0.0
NC(=O)c1ccc(S(=O)(=O)N2CCC(Nc3n[nH]c4ccc(C(c5ccc(Cl)cc5)c5ccc(Cl)cc5)cc34)CC2)cc1,3,0.0,0.0,0.0
NC(=O)c1ccccc1S(=O)(=O)N1CCC(Nc2n[nH]c3ccc(C(c4ccc(Cl)cc4)c4ccc(Cl)cc4)cc23)CC1,3,0.0,0.0,0.0
NC(=O)c1cccc(S(=O)(=O)N2CCC(Nc3n[nH]c4ccc(C(c5ccc(Cl)cc5)c5ccc(Cl)cc5)cc34)CC2)c1,3,0.0,0.0,0.0
O=C(O)c1ccccc1S(=O)(=O)N1CCC(c2c3cc(C(c4ccc(Cl)cc4)c4ccc(Cl)cc4)ccc3nn2C2CC2)CC1,3,0.0,0.0,0.0
NC(=O)c1ccccc1C(=O)N1CCC(c2c3cc(C(c4ccc(Cl)cc4)c4ccc(Cl)cc4)ccc3nn2C2CC2)CC1,6,0.0,0.0,0.0
CS(=O)(=O)N1CCC(Nc2n[nH]c3ccc(C(c4ccc(Cl)cc4)c4ccc(Cl)cc4)cc23)CC1,3,0.0,0.0,0.0
O=C(O)C(=O)N1CCC(c2c3cc(C(c4ccc(Cl)cc4)c4ccc(Cl)cc4)ccc3nn2C2CC2)CC1,3,0.0,0.0,0.0
O=C(O)CCC(=O)N1CCC(c2c3cc(C(c4ccc(Cl)cc4)c4ccc(Cl)cc4)ccc3nn2C2CC2)CC1,6,0.0,0.0,0.0
O=C(O)c1cccc(S(=O)(=O)N2CCC(Nc3n[nH]c4ccc(C(c5ccc(Cl)cc5)c5ccc(Cl)cc5)cc34)CC2)c1,3,0.0,0.0,0.0
O=C(O)c1ccc(S(=O)(=O)N2CCC(Nc3n[nH]c4ccc(C(c5ccc(Cl)cc5)c5ccc(Cl)cc5)cc34)CC2)cc1,3,0.0,0.0,0.0
O=S(=O)(c1ccc(O)cc1)N1CCC(Nc2n[nH]c3ccc(C(c4ccc(Cl)cc4)c4ccc(Cl)cc4)cc23)CC1,3,0.0,0.0,0.0
O=C(O)CS(=O)(=O)N1CCC(c2c3cc(C(c4ccc(Cl)cc4)c4ccc(Cl)cc4)ccc3nn2C2CC2)CC1,3,0.0,0.0,0.0
O=C(CCO)N1CCC(c2c3cc(C(c4ccc(Cl)cc4)c4ccc(Cl)cc4)ccc3nn2C2CC2)CC1,3,0.0,0.0,0.0
O=C(O)CCS(=O)(=O)N1CCC(c2c3cc(C(c4ccc(Cl)cc4)c4ccc(Cl)cc4)ccc3nn2C2CC2)CC1,3,0.0,0.0,0.0
NC(=O)CCS(=O)(=O)N1CCC(c2c3cc(C(c4ccc(Cl)cc4)c4ccc(Cl)cc4)ccc3nn2C2CC2)CC1,3,0.0,0.0,0.0
O=S(=O)(N1CCC(c2c3cc(C(c4ccc(Cl)cc4)c4ccc(Cl)cc4)ccc3nn2C2CC2)CC1)C(F)(F)F,3,0.0,0.0,0.0
NC(=O)CS(=O)(=O)N1CCC(c2c3cc(C(c4ccc(Cl)cc4)c4ccc(Cl)cc4)ccc3nn2C2CC2)CC1,3,0.0,0.0,0.0
NC(=O)C(=O)N1CCC(c2c3cc(C(c4ccc(Cl)cc4)c4ccc(Cl)cc4)ccc3nn2C2CC2)CC1,3,0.0,0.0,0.0
NC(=O)c1ccccc1S(=O)(=O)N1CCC(c2c3cc(C(c4ccc(Cl)cc4)c4ccc(Cl)cc4)ccc3nn2C2CC2)CC1,3,0.0,0.0,0.0
NC(=O)c1cccc(S(=O)(=O)N2CCC(c3c4cc(C(c5ccc(Cl)cc5)c5ccc(Cl)cc5)ccc4nn3C3CC3)CC2)c1,3,0.0,0.0,0.0
O=C(c1nnn[nH]1)N1CCC(c2n[nH]c3ccc(C(c4ccc(Cl)cc4)c4ccc(Cl)cc4)cc23)CC1,3,0.0,0.0,0.0
O=C(c1nnc[nH]1)N1CCC(c2n[nH]c3ccc(C(c4ccc(Cl)cc4)c4ccc(Cl)cc4)cc23)CC1,3,0.0,0.0,0.0
O=C(c1c[nH]nn1)N1CCC(c2n[nH]c3ccc(C(c4ccc(Cl)cc4)c4ccc(Cl)cc4)cc23)CC1,3,0.0,0.0,0.0
COc1cc(S(=O)(=O)N2CCC(c3c4cc(C(c5ccc(Cl)cc5)c5ccc(Cl)cc5)ccc4nn3C3CC3)CC2)ccc1C(N)=O,3,0.0,0.0,0.0
CNC(=O)c1ccc(S(=O)(=O)N2CCC(c3c4cc(C(c5ccc(Cl)cc5)c5ccc(Cl)cc5)ccc4nn3C3CC3)CC2)cc1OC,3,0.0,0.0,0.0
O=S(=O)(c1ccccc1O)N1CCC(c2c3cc(C(c4ccc(Cl)cc4)c4ccc(Cl)cc4)ccc3nn2C2CC2)CC1,3,0.0,0.0,0.0
O=S(=O)(c1cccc(O)c1)N1CCC(c2c3cc(C(c4ccc(Cl)cc4)c4ccc(Cl)cc4)ccc3nn2C2CC2)CC1,6,0.0,0.0,0.0
COc1ccc(S(=O)(=O)N2CCC(c3c4cc(C(c5ccc(Cl)cc5)c5ccc(Cl)cc5)ccc4nn3C3CC3)CC2)cc1,3,0.0,0.0,0.0
NC(=O)c1ccc(S(=O)(=O)N2CCC(c3c4cc(C(c5ccc(Cl)cc5)c5ccc(Cl)cc5)ccc4nn3C3CC3)CC2)cc1Cl,3,0.0,0.0,0.0
CNC(=O)c1ccc(S(=O)(=O)N2CCC(c3c4cc(C(c5ccc(Cl)cc5)c5ccc(Cl)cc5)ccc4nn3C3CC3)CC2)cc1Cl,3,0.0,0.0,0.0
CNC(=O)c1ccc(S(=O)(=O)N2CCC(c3c4cc(C(c5ccc(Cl)cc5)c5ccc(Cl)cc5)ccc4nn3C3CC3)CC2)cn1,3,0.0,0.0,0.0
COc1ccccc1S(=O)(=O)N1CCC(c2c3cc(C(c4ccc(Cl)cc4)c4ccc(Cl)cc4)ccc3nn2C2CC2)CC1,3,0.0,0.0,0.0
COc1ccc(S(=O)(=O)N2CCC(c3c4cc(C(c5ccc(Cl)cc5)c5ccc(Cl)cc5)ccc4nn3C3CC3)CC2)cc1C(=O)O,6,0.0,0.0,0.0
COc1ccc(S(=O)(=O)N2CCC(c3c4cc(C(c5ccc(Cl)cc5)c5ccc(Cl)cc5)ccc4nn3C3CC3)CC2)cc1C(N)=O,3,0.0,0.0,0.0
CNC(=O)c1cc(S(=O)(=O)N2CCC(c3c4cc(C(c5ccc(Cl)cc5)c5ccc(Cl)cc5)ccc4nn3C3CC3)CC2)ccc1OC,3,0.0,0.0,0.0
O=C(O)c1ccc(S(=O)(=O)N2CCC(c3c4cc(C(c5ccc(Cl)cc5)c5ccc(Cl)cc5)ccc4nn3C3CC3)CC2)cn1,3,0.0,0.0,0.0
O=C(O)c1ccc(S(=O)(=O)N2CCC(c3c4cc(C(c5ccc(Cl)cc5)c5ccc(Cl)cc5)ccc4nn3C3CC3)CC2)cc1Cl,3,0.0,0.0,0.0
O=C(O)c1cc(S(=O)(=O)N2CCC(c3c4cc(C(c5ccc(Cl)cc5)c5ccc(Cl)cc5)ccc4nn3C3CC3)CC2)ccc1F,3,0.0,0.0,0.0
NC(=O)c1cc(S(=O)(=O)N2CCC(c3c4cc(C(c5ccc(Cl)cc5)c5ccc(Cl)cc5)ccc4nn3C3CC3)CC2)ccc1F,3,0.0,0.0,0.0
NC(=O)c1ccc(S(=O)(=O)N2CCC(c3c4cc(C(c5ccc(Cl)cc5)c5ccc(Cl)cc5)ccc4nn3C3CC3)CC2)cn1,3,0.0,0.0,0.0
O=C(O)c1ccc(S(=O)(=O)N2CCC(c3c4cc(C(c5ccc(Cl)cc5)c5ccc(Cl)cc5)ccc4nn3C3CC3)CC2)cc1F,9,0.0,0.0,0.0
O=C(O)c1cc(S(=O)(=O)N2CCC(c3c4cc(C(c5ccc(Cl)cc5)c5ccc(Cl)cc5)ccc4nn3C3CC3)CC2)ccc1Cl,3,0.0,0.0,0.0
NC(=O)c1cc(S(=O)(=O)N2CCC(c3c4cc(C(c5ccc(Cl)cc5)c5ccc(Cl)cc5)ccc4nn3C3CC3)CC2)ccc1Cl,3,0.0,0.0,0.0
CNC(=O)c1cc(S(=O)(=O)N2CCC(c3c4cc(C(c5ccc(Cl)cc5)c5ccc(Cl)cc5)ccc4nn3C3CC3)CC2)ccc1Cl,3,0.0,0.0,0.0
O=C(O)c1ccoc1S(=O)(=O)N1CCC(c2c3cc(C(c4ccc(Cl)cc4)c4ccc(Cl)cc4)ccc3nn2C2CC2)CC1,3,0.0,0.0,0.0
NC(=O)c1ccoc1S(=O)(=O)N1CCC(c2c3cc(C(c4ccc(Cl)cc4)c4ccc(Cl)cc4)ccc3nn2C2CC2)CC1,3,0.0,0.0,0.0
NC(=O)COc1ccc(N2CCC(c3nn(C4CC4)c4ccc(C(c5ccc(Cl)cc5)c5ccc(Cl)cc5)cc34)CC2)cc1,3,0.0,0.0,0.0
CNC(=O)c1ccc(S(=O)(=O)N2CCC(c3c4cc(C(c5ccc(Cl)cc5)c5ccc(Cl)cc5)ccc4nn3C3CC3)CC2)cc1F,3,0.0,0.0,0.0
O=C(O)c1cccc(N2CCC(c3nn(C4CC4)c4ccc(C(c5ccc(Cl)cc5)c5ccc(Cl)cc5)cc34)CC2)c1,3,0.0,0.0,0.0
NC(=O)c1cccc(N2CCC(c3nn(C4CC4)c4ccc(C(c5ccc(Cl)cc5)c5ccc(Cl)cc5)cc34)CC2)c1,3,0.0,0.0,0.0
O=C(O)Cc1cccc(N2CCC(c3nn(C4CC4)c4ccc(C(c5ccc(Cl)cc5)c5ccc(Cl)cc5)cc34)CC2)c1,3,0.0,0.0,0.0
O=C(O)Cc1ccc(N2CCC(c3nn(C4CC4)c4ccc(C(c5ccc(Cl)cc5)c5ccc(Cl)cc5)cc34)CC2)cc1,3,0.0,0.0,0.0
NC(=O)Cc1ccc(N2CCC(c3nn(C4CC4)c4ccc(C(c5ccc(Cl)cc5)c5ccc(Cl)cc5)cc34)CC2)cc1,3,0.0,0.0,0.0
O=C(O)c1cccc(N2CCC(c3c4cc(C(c5ccc(Cl)cc5)c5ccc(Cl)cc5)ccc4nn3C3CC3)CC2)c1,6,0.0,0.0,0.0
NC(=O)c1cccc(N2CCC(c3c4cc(C(c5ccc(Cl)cc5)c5ccc(Cl)cc5)ccc4nn3C3CC3)CC2)c1,3,0.0,0.0,0.0
O=C(O)Cc1cccc(N2CCC(c3c4cc(C(c5ccc(Cl)cc5)c5ccc(Cl)cc5)ccc4nn3C3CC3)CC2)c1,3,0.0,0.0,0.0
NC(=O)Cc1ccc(N2CCC(c3c4cc(C(c5ccc(Cl)cc5)c5ccc(Cl)cc5)ccc4nn3C3CC3)CC2)cc1,3,0.0,0.0,0.0
O=C(O)c1ccc(C(O)(c2ccc(Cl)cc2)c2ccc3[nH]nc(C4CCN(S(=O)(=O)C(F)(F)F)CC4)c3c2)cc1,3,0.0,0.0,0.0
NC(=O)c1ccc(N2CCC(c3nn(C4CC4)c4ccc(C(c5ccc(Cl)cc5)c5ccc(Cl)cc5)cc34)CC2)cc1,3,0.0,0.0,0.0
NC(=O)Cc1cccc(N2CCC(c3nn(C4CC4)c4ccc(C(c5ccc(Cl)cc5)c5ccc(Cl)cc5)cc34)CC2)c1,3,0.0,0.0,0.0
O=C(O)COc1cccc(N2CCC(c3nn(C4CC4)c4ccc(C(c5ccc(Cl)cc5)c5ccc(Cl)cc5)cc34)CC2)c1,3,0.0,0.0,0.0
O=C(O)COc1ccc(N2CCC(c3nn(C4CC4)c4ccc(C(c5ccc(Cl)cc5)c5ccc(Cl)cc5)cc34)CC2)cc1,3,0.0,0.0,0.0
O=C(O)c1ccc(N2CCC(c3c4cc(C(c5ccc(Cl)cc5)c5ccc(Cl)cc5)ccc4nn3C3CC3)CC2)cc1,3,0.0,0.0,0.0
NC(=O)c1ccc(N2CCC(c3c4cc(C(c5ccc(Cl)cc5)c5ccc(Cl)cc5)ccc4nn3C3CC3)CC2)cc1,3,0.0,0.0,0.0
O=C(O)COc1ccc(N2CCC(c3c4cc(C(c5ccc(Cl)cc5)c5ccc(Cl)cc5)ccc4nn3C3CC3)CC2)cc1,6,0.0,0.0,0.0
O=C(O)c1ccc(N2CCC(c3nn(C4CC4)c4ccc(C(c5ccc(Cl)cc5)c5ccc(Cl)cc5)cc34)CC2)cc1,3,0.0,0.0,0.0
NC(=O)COc1cccc(N2CCC(c3nn(C4CC4)c4ccc(C(c5ccc(Cl)cc5)c5ccc(Cl)cc5)cc34)CC2)c1,3,0.0,0.0,0.0
CC(C)(O)Cn1nc(C2CCN(S(=O)(=O)C(F)(F)F)CC2)c2cc(C(c3ccc(Cl)cc3)c3ccc(Cl)cc3)ccc21,3,0.0,0.0,0.0
CC(O)Cn1nc(C2CCN(S(=O)(=O)C(F)(F)F)CC2)c2cc(C(c3ccc(Cl)cc3)c3ccc(Cl)cc3)ccc21,3,0.0,0.0,0.0
O=C(O)Cc1ccc(N2CCC(c3c4cc(C(c5ccc(Cl)cc5)c5ccc(Cl)cc5)ccc4nn3C3CC3)CC2)cc1,3,0.0,0.0,0.0
O=C(O)c1ccc(-n2nc(C3CCN(S(=O)(=O)C(F)(F)F)CC3)c3cc(C(c4ccc(Cl)cc4)c4ccc(Cl)cc4)ccc32)cc1,3,0.0,0.0,0.0
NC(=O)c1ccc(-n2nc(C3CCN(S(=O)(=O)C(F)(F)F)CC3)c3cc(C(c4ccc(Cl)cc4)c4ccc(Cl)cc4)ccc32)cc1,3,0.0,0.0,0.0
NC(=O)c1cccc(CN2CCC(c3nn(C4CC4)c4ccc(C(c5ccc(Cl)cc5)c5ccc(Cl)cc5)cc34)CC2)c1,3,0.0,0.0,0.0
O=C(O)c1cccc(CN2CCC(c3nn(C4CC4)c4ccc(C(c5ccc(Cl)cc5)c5ccc(Cl)cc5)cc34)CC2)c1,3,0.0,0.0,0.0
NC(=O)c1ccc(N2CCC(c3n[nH]c4ccc(C(c5ccc(Cl)cc5)c5ccc(Cl)cc5)cc34)CC2)cc1,3,0.0,0.0,0.0
O=C(O)c1ccc(CN2CCC(c3nn(C4CC4)c4ccc(C(c5ccc(Cl)cc5)c5ccc(Cl)cc5)cc34)CC2)cc1,3,0.0,0.0,0.0
NC(=O)c1ccc(CN2CCC(c3nn(C4CC4)c4ccc(C(c5ccc(Cl)cc5)c5ccc(Cl)cc5)cc34)CC2)cc1,3,0.0,0.0,0.0
O=C(O)COc1ccc(N2CCC(c3n[nH]c4ccc(C(c5ccc(Cl)cc5)c5ccc(Cl)cc5)cc34)CC2)cc1,3,0.0,0.0,0.0
O=C(O)c1cccc(N2CCC(c3n[nH]c4ccc(C(c5ccc(Cl)cc5)c5ccc(Cl)cc5)cc34)CC2)c1,3,0.0,0.0,0.0
O=C(O)c1ccc(N2CCC(c3n[nH]c4ccc(C(c5ccc(Cl)cc5)c5ccc(Cl)cc5)cc34)CC2)cc1,3,0.0,0.0,0.0
O=C(O)Cc1cccc(N2CCC(c3n[nH]c4ccc(C(c5ccc(Cl)cc5)c5ccc(Cl)cc5)cc34)CC2)c1,3,0.0,0.0,0.0
O=C(O)Cc1ccc(N2CCC(c3n[nH]c4ccc(C(c5ccc(Cl)cc5)c5ccc(Cl)cc5)cc34)CC2)cc1,3,0.0,0.0,0.0
O=C(O)COc1cccc(N2CCC(c3n[nH]c4ccc(C(c5ccc(Cl)cc5)c5ccc(Cl)cc5)cc34)CC2)c1,3,0.0,0.0,0.0
NC(=O)COc1ccc(N2CCC(c3n[nH]c4ccc(C(c5ccc(Cl)cc5)c5ccc(Cl)cc5)cc34)CC2)cc1,6,0.0,0.0,0.0
NC(=O)c1cccc(N2CCC(c3n[nH]c4ccc(C(c5ccc(Cl)cc5)c5ccc(Cl)cc5)cc34)CC2)c1,3,0.0,0.0,0.0
NC(=O)c1cccc(CN2CCC(c3n[nH]c4ccc(C(c5ccc(Cl)cc5)c5ccc(Cl)cc5)cc34)CC2)c1,3,0.0,0.0,0.0
O=C(O)c1ccc(CN2CCC(c3n[nH]c4ccc(C(c5ccc(Cl)cc5)c5ccc(Cl)cc5)cc34)CC2)cc1,3,0.0,0.0,0.0
NC(=O)c1ccc(CN2CCC(c3n[nH]c4ccc(C(c5ccc(Cl)cc5)c5ccc(Cl)cc5)cc34)CC2)cc1,3,0.0,0.0,0.0
NC(=O)Cc1ccc(N2CCC(c3n[nH]c4ccc(C(c5ccc(Cl)cc5)c5ccc(Cl)cc5)cc34)CC2)cc1,3,0.0,0.0,0.0
O=C(O)c1cccc(CN2CCC(c3n[nH]c4ccc(C(c5ccc(Cl)cc5)c5ccc(Cl)cc5)cc34)CC2)c1,3,0.0,0.0,0.0
Nc1ccc(C(c2ccc(Cl)cc2)c2ccc3[nH]nc(N4CCN(S(=O)(=O)C(F)(F)F)CC4)c3c2)cc1,3,0.0,0.0,0.0
O=C(O)c1csc(CN2CCC(c3nn(C4CC4)c4ccc(C(c5ccc(Cl)cc5)c5ccc(Cl)cc5)cc34)CC2)c1,3,0.0,0.0,0.0
O=C(O)c1ccc(CN2CCC(c3c4cc(C(c5ccc(Cl)cc5)c5ccc(Cl)cc5)ccc4nn3C3CC3)CC2)o1,3,0.0,0.0,0.0
O=C(NCCO)c1ccc(-n2nc(C3CCN(S(=O)(=O)C(F)(F)F)CC3)c3cc(C(c4ccc(Cl)cc4)c4ccc(Cl)cc4)ccc32)cc1,3,0.0,0.0,0.0
O=C(O)CCNC(=O)c1ccc(-n2nc(C3CCN(S(=O)(=O)C(F)(F)F)CC3)c3cc(C(c4ccc(Cl)cc4)c4ccc(Cl)cc4)ccc32)cc1,3,0.0,0.0,0.0
O=C(O)c1ccc([C@H](c2ccc(Cl)cc2)c2ccc3[nH]nc(C4CCN(S(=O)(=O)C(F)(F)F)CC4)c3c2)cc1,3,0.0,0.0,0.0
O=C(O)c1ccc([C@@H](c2ccc(Cl)cc2)c2ccc3[nH]nc(C4CCN(S(=O)(=O)C(F)(F)F)CC4)c3c2)cc1,3,0.0,0.0,0.0
O=C(O)c1ccc([C@H](c2ccc(Cl)cc2)c2ccc3[nH]nc(N4CCN(S(=O)(=O)C(F)(F)F)CC4)c3c2)cc1,3,0.0,0.0,0.0
O=C(O)c1ccc([C@@H](c2ccc(Cl)cc2)c2ccc3[nH]nc(N4CCN(S(=O)(=O)C(F)(F)F)CC4)c3c2)cc1,3,0.0,0.0,0.0
NC(=O)c1csc(CS(=O)(=O)N2CCC(c3nn(C4CC4)c4ccc(C(c5ccc(Cl)cc5)c5ccc(Cl)cc5)cc34)CC2)c1,3,0.0,0.0,0.0
O=C(O)c1ccc(CS(=O)(=O)N2CCC(c3nn(C4CC4)c4ccc(C(c5ccc(Cl)cc5)c5ccc(Cl)cc5)cc34)CC2)s1,3,0.0,0.0,0.0
NC(=O)c1csc(CN2CCC(c3c4cc(C(c5ccc(Cl)cc5)c5ccc(Cl)cc5)ccc4nn3C3CC3)CC2)c1,3,0.0,0.0,0.0
O=C(O)c1ccc(C(c2ccc(Cl)cc2)c2ccc3nn(C4CC4)c(C4CCN(S(=O)(=O)C(F)(F)F)CC4)c3c2)cc1,3,0.0,0.0,0.0
O=C(O)c1csc(CN2CCC(c3c4cc(C(c5ccc(Cl)cc5)c5ccc(Cl)cc5)ccc4nn3C3CC3)CC2)c1,3,0.0,0.0,0.0
O=C(O)c1ccc(C(O)(c2ccc(Cl)cc2)c2ccc3[nH]nc(C4CCN(S(=O)(=O)C(F)(F)F)CC4)c3c2)cn1,3,0.0,0.0,0.0
O=C(O)c1ccc(C(c2ccc(Cl)cc2)c2ccc3[nH]nc(C4CCN(S(=O)(=O)C(F)(F)F)CC4)c3c2)cn1,3,0.0,0.0,0.0
O=C(O)c1ccc(CN2CCC(c3c4cc(C(c5ccc(Cl)cc5)c5ccc(Cl)cc5)ccc4nn3C3CC3)CC2)s1,3,0.0,0.0,0.0
O=C(O)c1cccc(CN2CCC(c3nn(C4CC4)c4ccc(C(c5ccc(F)cc5)c5ccc(F)cc5)cc34)CC2)c1,3,0.0,0.0,0.0
Cc1ccc(C(c2ccc(C)cc2)c2ccc3c(c2)c(C2CCN(Cc4cccc(C(=O)O)c4)CC2)nn3C2CC2)cc1,3,0.0,0.0,0.0
O=C(O)c1cccc(CN2CCC(c3nn(C4CC4)c4ccc(C(c5ccccc5)c5ccc(Cl)cc5)cc34)CC2)c1,3,0.0,0.0,0.0
O=C(O)c1cccc(CN2CCC(c3nn(C4CC4)c4ccc(C(c5ccc(F)cc5)c5ccc(Cl)cc5)cc34)CC2)c1,3,0.0,0.0,0.0
Cc1ccc(C(c2ccc(Cl)cc2)c2ccc3c(c2)c(C2CCN(Cc4cccc(C(=O)O)c4)CC2)nn3C2CC2)cc1,3,0.0,0.0,0.0
O=C(O)c1cccc(CN2CCC(c3nn(C4CC4)c4ccc(C(c5ccc(Cl)cc5)c5ccc(C(F)(F)F)cc5)cc34)CC2)c1,3,0.0,0.0,0.0
NC(=O)c1ccc(C(c2ccc(Cl)cc2)c2ccc3nn(C4CC4)c(C4CCN(S(=O)(=O)C(F)(F)F)CC4)c3c2)cc1,3,0.0,0.0,0.0
O=C(O)c1ccc(CN2CCC(c3nn(C4CC4)c4ccc(C(c5ccc(Cl)cc5)c5ccc(Cl)cc5)cc34)CC2)o1,3,0.0,0.0,0.0
O=C(O)c1cccc(CN2CCC(c3c4cc(C(c5ccc(Cl)cc5)c5ccc(Cl)cc5)ccc4nn3C3CC3)CC2)n1,3,0.0,0.0,0.0
O=C(O)c1ccc(CN2CCC(c3c4cc(C(c5ccc(Cl)cc5)c5ccc(Cl)cc5)ccc4nn3C3CC3)CC2)nc1,3,0.0,0.0,0.0
NC(=O)c1ccc(C(c2ccc(Cl)cc2)c2ccc3[nH]nc(C4CCN(S(=O)(=O)C(F)(F)F)CC4)c3c2)cn1,3,0.0,0.0,0.0
O=C(O)c1ccc(CN2CCC(c3nn(C4CC4)c4ccc(C(c5ccc(Cl)cc5)c5ccc(Cl)cc5)cc34)CC2)s1,3,0.0,0.0,0.0
O=C(O)c1cncc(CN2CCC(c3c4cc(C(c5ccc(Cl)cc5)c5ccc(Cl)cc5)ccc4nn3C3CC3)CC2)c1,3,0.0,0.0,0.0
O=C(O)c1ccc(CN2CCC(c3c4cc(C(c5ccc(Cl)cc5)c5ccc(Cl)cc5)ccc4nn3C3CC3)CC2)cc1,3,0.0,0.0,0.0
O=C(O)c1cccc(CN2CCC(c3c4cc(C(c5ccc(Cl)cc5)c5ccc(Cl)cc5)ccc4nn3C3CC3)CC2)c1,3,0.0,0.0,0.0
COC(=O)c1ccc(CN2CCC(c3n[nH]c4ccc(C(c5ccc(Cl)cc5)c5ccc(Cl)cc5)cc34)CC2)cc1,3,0.0,0.0,0.0
COC(=O)c1cccc(CN2CCC(c3n[nH]c4ccc(C(c5ccc(Cl)cc5)c5ccc(Cl)cc5)cc34)CC2)c1,3,0.0,0.0,0.0
COC(=O)c1ccc(S(=O)(=O)N2CCC(c3n[nH]c4ccc(C(c5ccc(Cl)cc5)c5ccc(Cl)cc5)cc34)CC2)o1,3,0.0,0.0,0.0
O=C(O)c1ccc(S(=O)(=O)N2CCC(c3n[nH]c4ccc(C(c5ccc(Cl)cc5)c5ccc(Cl)cc5)cc34)CC2)s1,3,0.0,0.0,0.0
O=C(NCc1ccccc1)N1CCC(c2n[nH]c3ccc(C(c4ccc(Cl)cc4)c4ccc(Cl)cc4)cc23)CC1,3,0.0,0.0,0.0
O=C(NC1CCCC1)N1CCC(c2n[nH]c3ccc(C(c4ccc(Cl)cc4)c4ccc(Cl)cc4)cc23)CC1,3,0.0,0.0,0.0
CCNC(=O)N1CCC(c2n[nH]c3ccc(C(c4ccc(Cl)cc4)c4ccc(Cl)cc4)cc23)CC1,3,0.0,0.0,0.0
O=C(OCc1ccccc1)N1CCC(c2n[nH]c3ccc(C(c4ccc(Cl)cc4)c4ccc(Cl)cc4)cc23)CC1,3,0.0,0.0,0.0
O=C(Oc1ccccc1)N1CCC(c2n[nH]c3ccc(C(c4ccc(Cl)cc4)c4ccc(Cl)cc4)cc23)CC1,3,0.0,0.0,0.0
CCOC(=O)N1CCC(c2n[nH]c3ccc(C(c4ccc(Cl)cc4)c4ccc(Cl)cc4)cc23)CC1,3,0.0,0.0,0.0
O=C(O)c1ccc(S(=O)(=O)N2CCC(c3n[nH]c4ccc(C(c5ccc(Cl)cc5)c5ccc(Cl)cc5)cc34)C2)cc1,3,0.0,0.0,0.0
O=C(O)c1ccc(S(=O)(=O)N2CCC(c3n[nH]c4ccc(C(c5ccc(Cl)cc5)c5ccc(Cl)cc5)cc34)C2)o1,3,0.0,0.0,0.0
O=C(OC1CCCC1)N1CCC(c2n[nH]c3ccc(C(c4ccc(Cl)cc4)c4ccc(Cl)cc4)cc23)CC1,3,0.0,0.0,0.0
O=C(O)c1cccc(CN2CCC(c3n[nH]c4ccc(C(c5ccc(Cl)cc5)c5ccc(Cl)cc5)cc34)C2)c1,3,0.0,0.0,0.0
O=C(O)c1cccc(S(=O)(=O)N2CCC(c3n[nH]c4ccc(C(c5ccc(Cl)cc5)c5ccc(Cl)cc5)cc34)C2)c1,3,0.0,0.0,0.0
CC(c1cccc(C(=O)O)c1)N1CCC(c2n[nH]c3ccc(C(c4ccc(Cl)cc4)c4ccc(Cl)cc4)cc23)C1,3,0.0,0.0,0.0
O=S(=O)(N1CCC(c2n[nH]c3ccc(C(c4ccc(Cl)cc4)C4CCCC4)cc23)CC1)C(F)(F)F,3,0.0,0.0,0.0
O=S(=O)(N1CCC(c2n[nH]c3ccc(C(c4ccc(Cl)cc4)C4CCCCC4)cc23)CC1)C(F)(F)F,3,0.0,0.0,0.0
O=C(O)c1cccc(CCNc2ncnc3ccc(C(c4ccc(Cl)cc4)c4ccc(Cl)cc4)cc23)c1,3,0.0,0.0,0.0
O=C(O)COc1ccc(S(=O)(=O)N2CCC(Nc3ncnc4ccc(C(c5ccc(Cl)cc5)c5ccc(Cl)cc5)cc34)CC2)cc1,3,0.0,0.0,0.0
CCOC(=O)COc1ccc(S(=O)(=O)N2CCC(Nc3ncnc4ccc(C(c5ccc(Cl)cc5)c5ccc(Cl)cc5)cc34)CC2)cc1,3,0.0,0.0,0.0
O=C(O)c1ccc(CCNc2ncnc3ccc(C(c4ccc(Cl)cc4)c4ccc(Cl)cc4)cc23)cc1,3,0.0,0.0,0.0
O=S1(=O)CCN(CCNc2ncnc3ccc(C(c4ccc(Cl)cc4)c4ccc(Cl)cc4)cc23)CC1,3,0.0,0.0,0.0
CCCCCCOC(=O)NC(=N)c1ccc(S(=O)(=O)N2CCC(Nc3ncnc4ccc(C(c5ccc(Cl)cc5)c5ccc(Cl)cc5)cc34)CC2)cc1,3,0.0,0.0,0.0
O=S(=O)(c1ccc(O)cc1)N1CCC(Nc2ncnc3ccc(C(c4ccc(Cl)cc4)c4ccc(Cl)cc4)cc23)CC1,3,0.0,0.0,0.0
O=S(=O)(NC1CCN(c2ncnc3ccc(C(c4ccc(Cl)cc4)c4ccc(Cl)cc4)cc23)C1)C(F)(F)F,3,0.0,0.0,0.0
O=C(O)c1ccc(CCN2CCC(Nc3ncnc4ccc(C(c5ccc(Cl)cc5)c5ccc(Cl)cc5)cc34)CC2)cc1,3,0.0,0.0,0.0
Clc1ccc(C(c2ccc(Cl)cc2)c2ccc3ncnc(NC4CCN(CCc5ccccc5)CC4)c3c2)cc1,3,0.0,0.0,0.0
Clc1ccc(C(c2ccc(Cl)cc2)c2ccc3ncnc(NCCc4ccccc4)c3c2)cc1,3,0.0,0.0,0.0
O=C(O)c1cccc(CCN2CCC(Nc3ncnc4ccc(C(c5ccc(Cl)cc5)c5ccc(Cl)cc5)cc34)CC2)c1,3,0.0,0.0,0.0
O=C(O)c1ccc(CN2CCC(Nc3ncnc4ccc(C(c5ccc(Cl)cc5)c5ccc(Cl)cc5)cc34)C2)cc1,3,0.0,0.0,0.0
COCCNc1ccc(C(c2ccc(Cl)cc2)c2ccc3ncnc(NC4CCN(S(=O)(=O)C(F)(F)F)CC4)c3c2)cc1,3,0.0,0.0,0.0
O=C(O)c1ccc(C(c2ccc(Cl)cc2)c2ccc3ncnc(NC4CCN(S(=O)(=O)C(F)(F)F)CC4)c3c2)cc1,3,0.0,0.0,0.0
O=C(O)c1cccc(CN2CCC(Nc3ncnc4ccc(C(c5ccc(Cl)cc5)c5ccc(Cl)cc5)cc34)C2)c1,3,0.0,0.0,0.0
O=C(O)c1csc(CN2CCC(Nc3ncnc4ccc(C(c5ccc(Cl)cc5)c5ccc(Cl)cc5)cc34)CC2)c1,3,0.0,0.0,0.0
N#Cc1ccc(C(c2ccc(Cl)cc2)c2ccc3ncnc(NC4CCN(S(=O)(=O)C(F)(F)F)CC4)c3c2)cc1,3,0.0,0.0,0.0
O=S(=O)(N1CCC(Nc2ncnc3ccc(C(c4ccc(Cl)cc4)c4ccc(Br)cc4)cc23)CC1)C(F)(F)F,3,0.0,0.0,0.0
O=C(O)c1ccccc1CN1CCC(Nc2ncnc3ccc(C(c4ccc(Cl)cc4)c4ccc(Cl)cc4)cc23)CC1,3,0.0,0.0,0.0
COc1cc(S(=O)(=O)N2CCC(Nc3ncnc4ccc(C(c5ccc(Cl)cc5)c5ccc(Cl)cc5)cc34)CC2)ccc1C(=O)O,3,0.0,0.0,0.0
O=C(O)c1ccc(S(=O)(=O)N2CCC(Nc3ncnc4ccc(C(c5ccc(Cl)cc5)c5ccc(Cl)cc5)cc34)CC2)cc1Cl,3,0.0,0.0,0.0
O=C(O)c1ccc(S(=O)(=O)N2CCC(Nc3ncnc4ccc(C(c5ccc(Cl)cc5)c5ccc(Cl)cc5)cc34)CC2)s1,3,0.0,0.0,0.0
O=C(NCCCOc1ccc(CO)cc1)c1ccc(S(=O)(=O)N2CCC(Nc3ncnc4ccc(C(c5ccc(Cl)cc5)c5ccc(Cl)cc5)cc34)CC2)cc1,3,0.0,0.0,0.0
Oc1ccc(CN2CCC(Nc3ncnc4ccc(C(c5ccc(Cl)cc5)c5ccc(Cl)cc5)cc34)CC2)cc1,3,0.0,0.0,0.0
Oc1cccc(CN2CCC(Nc3ncnc4ccc(C(c5ccc(Cl)cc5)c5ccc(Cl)cc5)cc34)CC2)c1,3,0.0,0.0,0.0
O=C(NCCCOc1ccc(CCl)cc1)c1ccc(S(=O)(=O)N2CCC(Nc3ncnc4ccc(C(c5ccc(Cl)cc5)c5ccc(Cl)cc5)cc34)CC2)cc1,3,0.0,0.0,0.0
NCCCCOc1nc(NCc2cccc(C(F)(F)F)c2)c2cc(C(c3ccc(Cl)cc3)c3ccc(Cl)cc3)ccc2n1,3,0.0,0.0,0.0
Oc1ccc(N2CCC(Nc3ncnc4ccc(C(c5ccc(Cl)cc5)c5ccc(Cl)cc5)cc34)CC2)cc1,3,0.0,0.0,0.0
CS(=O)(=O)NCCOc1nc(NC2CCN(S(=O)(=O)c3ccc(C(=O)O)cc3)CC2)c2cc(C(c3ccc(Cl)cc3)c3ccc(Cl)cc3)ccc2n1,3,0.0,0.0,0.0
O=C(O)c1ccc(CN2CCC(Nc3ncnc4ccc(C(c5ccc(Cl)cc5)c5ccc(Cl)cc5)cc34)CC2)s1,3,0.0,0.0,0.0
NC(=O)c1cccc(CN2CCC(Nc3ncnc4ccc(C(c5ccc(Cl)cc5)c5ccc(Cl)cc5)cc34)CC2)c1,3,0.0,0.0,0.0
O=C(O)c1cccc(CN2CCC(Nc3ncnc4ccc(C(c5ccc(Cl)cc5)c5ccc(Cl)cc5)cc34)CC2)c1,3,0.0,0.0,0.0
NC(=O)c1ccc(CN2CCC(Nc3ncnc4ccc(C(c5ccc(Cl)cc5)c5ccc(Cl)cc5)cc34)CC2)cc1,3,0.0,0.0,0.0
O=C(O)c1ccc(S(=O)(=O)N2CCC(Nc3nc(OCCO)nc4ccc(C(c5ccc(Cl)cc5)c5ccc(Cl)cc5)cc34)CC2)cc1,3,0.0,0.0,0.0
O=C(NC(CO)(CO)CO)c1ccc(N2CCC(Nc3ncnc4ccc(C(c5ccc(Cl)cc5)c5ccc(Cl)cc5)cc34)CC2)cc1,3,0.0,0.0,0.0
COC(=O)c1ccc(CN2CCC(Nc3ncnc4ccc(C(c5ccc(Cl)cc5)c5ccc(Cl)cc5)cc34)CC2)cc1,3,0.0,0.0,0.0
O=C(O)c1ccc(CN2CCC(Nc3ncnc4ccc(C(c5ccc(Cl)cc5)c5ccc(Cl)cc5)cc34)CC2)cc1,3,0.0,0.0,0.0
O=C(c1ccc(S(=O)(=O)NCCO)cc1)N1CCC(Nc2ncnc3ccc(C(c4ccc(Cl)cc4)c4ccc(Cl)cc4)cc23)CC1,3,0.0,0.0,0.0
COc1nc(NC2CCN(S(=O)(=O)c3ccc(C(=O)O)cc3)CC2)c2cc(C(c3ccc(Cl)cc3)c3ccc(Cl)cc3)ccc2n1,3,0.0,0.0,0.0
N=C(N)c1ccc(S(=O)(=O)N2CCC(Nc3ncnc4ccc(C(c5ccc(Cl)cc5)c5ccc(Cl)cc5)cc34)CC2)cc1,3,0.0,0.0,0.0
O=C(O)CCOCCOc1nc(NCc2cccc(C(F)(F)F)c2)c2cc(C(c3ccc(Cl)cc3)c3ccc(Cl)cc3)ccc2n1,3,0.0,0.0,0.0
OCC(CO)COc1nc(NCc2cccc(C(F)(F)F)c2)c2cc(C(c3ccc(Cl)cc3)c3ccc(Cl)cc3)ccc2n1,3,0.0,0.0,0.0
N#CCCOCCOc1nc(NCc2cccc(C(F)(F)F)c2)c2cc(C(c3ccc(Cl)cc3)c3ccc(Cl)cc3)ccc2n1,3,0.0,0.0,0.0
O=C(O)COc1nc(NCc2cccc(C(F)(F)F)c2)c2cc(C(c3ccc(Cl)cc3)c3ccc(Cl)cc3)ccc2n1,3,0.0,0.0,0.0
N#Cc1ccc(S(=O)(=O)N2CCC(Nc3ncnc4ccc(C(c5ccc(Cl)cc5)c5ccc(Cl)cc5)cc34)CC2)cc1,3,0.0,0.0,0.0
OCCCCOc1nc(NCc2cccc(C(F)(F)F)c2)c2cc(C(c3ccc(Cl)cc3)c3ccc(Cl)cc3)ccc2n1,3,0.0,0.0,0.0
OCCOc1nc(NCc2cccc(C(F)(F)F)c2)c2cc(C(c3ccc(Cl)cc3)c3ccc(Cl)cc3)ccc2n1,3,0.0,0.0,0.0
NC(=O)c1ccc(CNc2ncnc3ccc(C(c4ccc(Cl)cc4)c4ccc(Cl)cc4)cc23)cc1,3,0.0,0.0,0.0
NC(=O)c1cccc(CNc2ncnc3ccc(C(c4ccc(Cl)cc4)c4ccc(Cl)cc4)cc23)c1,3,0.0,0.0,0.0
COc1ccc(C(c2ccc(Cl)cc2)c2ccc3ncnc(NC4CCN(c5ccccc5)CC4)c3c2)cc1,3,0.0,0.0,0.0
O=C(O)c1cccc(CNc2ncnc3ccc(C(c4ccc(Cl)cc4)c4ccc(Cl)cc4)cc23)c1,3,0.0,0.0,0.0
O=C(O)c1ccc(CNc2ncnc3ccc(C(c4ccc(Cl)cc4)c4ccc(Cl)cc4)cc23)cc1,3,0.0,0.0,0.0
COC(=O)c1ccc(CNc2ncnc3ccc(C(c4ccc(Cl)cc4)c4ccc(Cl)cc4)cc23)cc1,3,0.0,0.0,0.0
COC(=O)c1cccc(CNc2ncnc3ccc(C(c4ccc(Cl)cc4)c4ccc(Cl)cc4)cc23)c1,3,0.0,0.0,0.0
Fc1cccc(CNc2ncnc3ccc(C(c4ccc(Cl)cc4)c4ccc(Cl)cc4)cc23)c1,3,0.0,0.0,0.0
CC(C)OC(=O)OCOC(=O)c1ccc(S(=O)(=O)N2CCC(Nc3ncnc4ccc(C(c5ccc(Cl)cc5)c5ccc(Cl)cc5)cc34)CC2)cc1,3,0.0,0.0,0.0
Fc1ccc(CNc2ncnc3ccc(C(c4ccc(Cl)cc4)c4ccc(Cl)cc4)cc23)cc1,3,0.0,0.0,0.0
NC(=O)CCCOc1nc(NCc2ccc(C(F)(F)F)cc2)c2cc(C(c3ccc(Cl)cc3)c3ccc(Cl)cc3)ccc2n1,3,0.0,0.0,0.0
Fc1ccc(C(c2ccc(F)cc2)c2ccc3ncnc(NC4CCN(c5ccccc5)CC4)c3c2)cc1,3,0.0,0.0,0.0
O=C(O)c1ccc(C(=O)N2CCC(Nc3ncnc4ccc(C(c5ccc(Cl)cc5)c5ccc(Cl)cc5)cc34)CC2)cc1,3,0.0,0.0,0.0
CC(=O)NCCOc1nc(NCc2ccc(C(F)(F)F)cc2)c2cc(C(c3ccc(Cl)cc3)c3ccc(Cl)cc3)ccc2n1,3,0.0,0.0,0.0
OCCCCOc1nc(NCc2ccc(C(F)(F)F)cc2)c2cc(C(c3ccc(Cl)cc3)c3ccc(Cl)cc3)ccc2n1,3,0.0,0.0,0.0
NCCOc1nc(NCc2ccc(C(F)(F)F)cc2)c2cc(C(c3ccc(Cl)cc3)c3ccc(Cl)cc3)ccc2n1,3,0.0,0.0,0.0
COC(=O)c1ccc(C(=O)N2CCC(Nc3ncnc4ccc(C(c5ccc(Cl)cc5)c5ccc(Cl)cc5)cc34)CC2)cc1,3,0.0,0.0,0.0
NC(=O)Cc1ccc(N2CCC(Nc3ncnc4ccc(C(c5ccc(Cl)cc5)c5ccc(Cl)cc5)cc34)CC2)cc1,3,0.0,0.0,0.0
[N-]=[N+]=NCCOc1nc(NCc2ccc(C(F)(F)F)cc2)c2cc(C(c3ccc(Cl)cc3)c3ccc(Cl)cc3)ccc2n1,3,0.0,0.0,0.0
O=C(CCc1ccc(N2CCC(Nc3ncnc4ccc(C(c5ccc(Cl)cc5)c5ccc(Cl)cc5)cc34)CC2)cc1)NCCO,3,0.0,0.0,0.0
O=C(O)Cc1ccc(N2CCC(Nc3ncnc4ccc(C(c5ccc(Cl)cc5)c5ccc(Cl)cc5)cc34)CC2)cc1,3,0.0,0.0,0.0
O=S(=O)(CCO)N1CCC(Nc2ncnc3ccc(C(c4ccc(Cl)cc4)c4ccc(Cl)cc4)cc23)CC1,3,0.0,0.0,0.0
COC(=O)Cc1ccc(N2CCC(Nc3ncnc4ccc(C(c5ccc(Cl)cc5)c5ccc(Cl)cc5)cc34)CC2)cc1,3,0.0,0.0,0.0
O=C(O)CCC(=O)N1CCC(Nc2ncnc3ccc(C(c4ccc(Cl)cc4)c4ccc(Cl)cc4)cc23)CC1,3,0.0,0.0,0.0
CCOC(=O)CCC(=O)N1CCC(Nc2ncnc3ccc(C(c4ccc(Cl)cc4)c4ccc(Cl)cc4)cc23)CC1,3,0.0,0.0,0.0
O=C(CC(=O)N1CCC(Nc2ncnc3ccc(C(c4ccc(Cl)cc4)c4ccc(Cl)cc4)cc23)CC1)NCCO,3,0.0,0.0,0.0
O=C(NCCO)c1cccc(N2CCC(Nc3ncnc4ccc(C(c5ccc(Cl)cc5)c5ccc(Cl)cc5)cc34)CC2)c1,3,0.0,0.0,0.0
O=C(NCCO)c1ccc(N2CCC(Nc3ncnc4ccc(C(c5ccc(Cl)cc5)c5ccc(Cl)cc5)cc34)CC2)cc1,3,0.0,0.0,0.0
COc1nc(NCc2ccc(C(F)(F)F)cc2)c2cc(C(c3ccc(Cl)cc3)c3ccc(Cl)cc3)ccc2n1,3,0.0,0.0,0.0
NC(=O)CCC(=O)N1CCC(Nc2ncnc3ccc(C(c4ccc(Cl)cc4)c4ccc(Cl)cc4)cc23)CC1,3,0.0,0.0,0.0
NC(=O)CC(=O)N1CCC(Nc2ncnc3ccc(C(c4ccc(Cl)cc4)c4ccc(Cl)cc4)cc23)CC1,3,0.0,0.0,0.0
O=C(O)CC(=O)N1CCC(Nc2ncnc3ccc(C(c4ccc(Cl)cc4)c4ccc(Cl)cc4)cc23)CC1,3,0.0,0.0,0.0
CCOC(=O)CC(=O)N1CCC(Nc2ncnc3ccc(C(c4ccc(Cl)cc4)c4ccc(Cl)cc4)cc23)CC1,3,0.0,0.0,0.0
NC(=O)c1ccc(N2CCC(Nc3ncnc4ccc(C(c5ccc(Cl)cc5)c5ccc(Cl)cc5)cc34)CC2)cc1,3,0.0,0.0,0.0
COCCOc1nc(NCc2ccc(C(F)(F)F)cc2)c2cc(C(c3ccc(Cl)cc3)c3ccc(Cl)cc3)ccc2n1,3,0.0,0.0,0.0
O=C(O)c1ccc(N2CCC(Nc3ncnc4ccc(C(c5ccc(Cl)cc5)c5ccc(Cl)cc5)cc34)CC2)cc1,3,0.0,0.0,0.0
COC(=O)c1ccc(N2CCC(Nc3ncnc4ccc(C(c5ccc(Cl)cc5)c5ccc(Cl)cc5)cc34)CC2)cc1,3,0.0,0.0,0.0
O=C(O)c1cccc(N2CCC(Nc3ncnc4ccc(C(c5ccc(Cl)cc5)c5ccc(Cl)cc5)cc34)CC2)c1,3,0.0,0.0,0.0
NC(=O)c1cccc(N2CCC(Nc3ncnc4ccc(C(c5ccc(Cl)cc5)c5ccc(Cl)cc5)cc34)CC2)c1,3,0.0,0.0,0.0
COC(=O)c1cccc(N2CCC(Nc3ncnc4ccc(C(c5ccc(Cl)cc5)c5ccc(Cl)cc5)cc34)CC2)c1,3,0.0,0.0,0.0
NC(=O)CS(=O)(=O)N1CCC(Nc2ncnc3ccc(C(c4ccc(Cl)cc4)c4ccc(Cl)cc4)cc23)CC1,3,0.0,0.0,0.0
OC1(c2ccccc2)CCC(Nc2ncnc3ccc(C(c4ccc(Cl)cc4)c4ccc(Cl)cc4)cc23)CC1,3,0.0,0.0,0.0
CS(=O)(=O)Nc1nc(NC2CCN(S(=O)(=O)C(F)(F)F)CC2)c2cc(C(c3ccc(Cl)cc3)c3ccc(Cl)cc3)ccc2n1,3,0.0,0.0,0.0
O=C(O)c1cccc(S(=O)(=O)N2CCC(Nc3ncnc4ccc(C(c5ccc(Cl)cc5)c5ccc(Cl)cc5)cc34)CC2)c1,3,0.0,0.0,0.0
O=C1CC(Nc2ncnc3ccc(C(c4ccc(Cl)cc4)c4ccc(Cl)cc4)cc23)CCN1c1ccccc1,3,0.0,0.0,0.0
COc1nc(NC2CCN(S(=O)(=O)C(F)(F)F)CC2)c2cc(C(c3ccc(Cl)cc3)c3ccc(Cl)cc3)ccc2n1,3,0.0,0.0,0.0
O=S(=O)(NC1CCN(c2ncnc3ccc(C(c4ccc(Cl)cc4)c4ccc(Cl)cc4)cc23)CC1)C(F)(F)F,3,0.0,0.0,0.0
CC(=O)Nc1nc(NC2CCN(S(=O)(=O)C(F)(F)F)CC2)c2cc(C(c3ccc(Cl)cc3)c3ccc(Cl)cc3)ccc2n1,3,0.0,0.0,0.0
O=S(=O)(N1CCC(Nc2nc(C3CC3)nc3ccc(C(c4ccc(Cl)cc4)c4ccc(Cl)cc4)cc23)CC1)C(F)(F)F,3,0.0,0.0,0.0
O=S(=O)(c1ccccc1)N1CCC(Nc2ncnc3ccc(C(c4ccc(Cl)cc4)c4ccc(Cl)cc4)cc23)CC1,3,0.0,0.0,0.0
COC(=O)CS(=O)(=O)N1CCC(Nc2ncnc3ccc(C(c4ccc(Cl)cc4)c4ccc(Cl)cc4)cc23)CC1,3,0.0,0.0,0.0
O=S(=O)(c1ccccn1)N1CCC(Nc2ncnc3ccc(C(c4ccc(Cl)cc4)c4ccc(Cl)cc4)cc23)CC1,3,0.0,0.0,0.0
C[C@H](Nc1ncnc2ccc(C(c3ccc(Cl)cc3)c3ccc(Cl)cc3)cc12)c1cccc(C(F)(F)F)c1,3,0.0,0.0,0.0
CNc1nc(NC2CCN(S(=O)(=O)C(F)(F)F)CC2)c2cc(C(c3ccc(Cl)cc3)c3ccc(Cl)cc3)ccc2n1,3,0.0,0.0,0.0
C[C@@H](Nc1ncnc2ccc(C(c3ccc(Cl)cc3)c3ccc(Cl)cc3)cc12)c1cccc(C(F)(F)F)c1,3,0.0,0.0,0.0
CC(Nc1ncnc2ccc(C(c3ccc(Cl)cc3)c3ccc(Cl)cc3)cc12)c1ccc(C(F)(F)F)cc1,3,0.0,0.0,0.0
N#CC1(c2ccccc2)CCC(Nc2ncnc3ccc(C(c4ccc(Cl)cc4)c4ccc(Cl)cc4)cc23)CC1,3,0.0,0.0,0.0
O=C(c1ccccc1)N1CCC(Nc2ncnc3ccc(C(c4ccc(Cl)cc4)c4ccc(Cl)cc4)cc23)CC1,3,0.0,0.0,0.0
O=S(=O)(N1CCCC1)N1CCC(Nc2ncnc3ccc(C(c4ccc(Cl)cc4)c4ccc(Cl)cc4)cc23)CC1,3,0.0,0.0,0.0
O=S(=O)(c1ccc(F)cc1)N1CCC(Nc2ncnc3ccc(C(c4ccc(Cl)cc4)c4ccc(Cl)cc4)cc23)CC1,3,0.0,0.0,0.0
FC(F)(F)c1ccc(Nc2ncnc3ccc(C(c4ccc(Cl)cc4)c4ccc(Cl)cc4)cc23)cc1Cl,3,0.0,0.0,0.0
FC(F)(F)CN1CCC(Nc2ncnc3ccc(C(c4ccc(Cl)cc4)c4ccc(Cl)cc4)cc23)CC1,3,0.0,0.0,0.0
O=S(=O)(c1ccccc1F)N1CCC(Nc2ncnc3ccc(C(c4ccc(Cl)cc4)c4ccc(Cl)cc4)cc23)CC1,3,0.0,0.0,0.0
FC(F)(F)c1ccc(C2(Nc3ncnc4ccc(C(c5ccc(Cl)cc5)c5ccc(Cl)cc5)cc34)CC2)cc1,3,0.0,0.0,0.0
FC(F)(F)c1cncc(CNc2ncnc3ccc(C(c4ccc(Cl)cc4)c4ccc(Cl)cc4)cc23)c1,3,0.0,0.0,0.0
FC(F)(F)c1ccc(CNc2ncnc3ccc(C(c4ccc(Cl)cc4)c4ccc(Cl)cc4)cc23)nc1,3,0.0,0.0,0.0
CC(Nc1ncnc2ccc(C(c3ccc(Cl)cc3)c3ccc(Cl)cc3)cc12)c1cccc(C(F)(F)F)c1,3,0.0,0.0,0.0
FC(F)(F)c1ccc(N2CCC(Nc3ncnc4ccc(C(c5ccc(Cl)cc5)c5ccc(Cl)cc5)cc34)CC2)cc1,3,0.0,0.0,0.0
Clc1ccc(C(c2ccc(Cl)cc2)c2ccc3ncnc(NC4CCN(c5ccccn5)CC4)c3c2)cc1,3,0.0,0.0,0.0
FC(F)(F)c1ccc(CNc2ncnc3ccc(C(c4ccc(Cl)cc4)c4ccc(Cl)cc4)cc23)cn1,3,0.0,0.0,0.0
CN(Cc1ccc(C(F)(F)F)cc1)c1ncnc2ccc(C(c3ccc(Cl)cc3)c3ccc(Cl)cc3)cc12,3,0.0,0.0,0.0
O=C(CC(F)(F)F)N1CCC(Nc2ncnc3ccc(C(c4ccc(Cl)cc4)c4ccc(Cl)cc4)cc23)CC1,3,0.0,0.0,0.0
O=S(=O)(c1ccc(Nc2ncnc3ccc(C(c4ccc(Cl)cc4)c4ccc(Cl)cc4)cc23)cc1)C(F)(F)F,3,0.0,0.0,0.0
O=S(=O)(N1CCC(CNc2ncnc3ccc(C(c4ccc(Cl)cc4)c4ccc(Cl)cc4)cc23)CC1)C(F)(F)F,3,0.0,0.0,0.0
FC(F)(F)c1cccc(CNc2ncnc3ccc(C(c4ccc(Cl)cc4)c4ccc(Cl)cc4)cc23)c1,3,0.0,0.0,0.0
Clc1ccc(C(c2ccc(Cl)cc2)c2ccc3ncnc(NC4CCN(c5ccccc5)CC4)c3c2)cc1,3,0.0,0.0,0.0
FC(F)(F)c1ccc(CNc2ncnc3ccc(C(c4ccc(Cl)cc4)c4ccc(Cl)cc4)cc23)cc1,3,0.0,0.0,0.0
Clc1ccc(C(c2ccc(Cl)cc2)c2ccc3ncnc(NC4CCN(c5ncccn5)CC4)c3c2)cc1,3,0.0,0.0,0.0
CS(=O)(=O)N1CCC(Nc2ncnc3ccc(C(c4ccc(Cl)cc4)c4ccc(Cl)cc4)cc23)CC1,3,0.0,0.0,0.0
CCS(=O)(=O)N1CCC(Nc2ncnc3ccc(C(c4ccc(Cl)cc4)c4ccc(Cl)cc4)cc23)CC1,3,0.0,0.0,0.0
O=S(=O)(c1ccc(Nc2ncnc3ccc(C(c4ccc(Cl)cc4)c4nccs4)cc23)cc1)C(F)(F)F,3,0.0,0.0,0.0
FC(F)(F)c1ccc(Nc2ncnc3ccc(C(c4ccc(Cl)cc4)c4ccc(Cl)cc4)cc23)cc1,3,0.0,0.0,0.0
FC(F)(F)c1ccc(Nc2ncnc3ccc(C(c4ccc(Cl)cc4)c4nccs4)cc23)cc1,3,0.0,0.0,0.0
O=S(=O)(N1CCC(Nc2ncnc3ccc(C(c4ccc(Cl)cc4)c4nccs4)cc23)CC1)C(F)(F)F,3,0.0,0.0,0.0
O=S(=O)(N1CCC(Nc2nc(Cl)nc3ccc(C(c4ccc(Cl)cc4)c4ccc(Cl)cc4)cc23)CC1)C(F)(F)F,3,0.0,0.0,0.0
CCCN(C)c1cnn(-c2cc(Cl)cc(Cl)c2)c(=O)c1Cl,3,0.0,0.0,0.0
NC(=O)CN/C(=N\S(=O)(=O)c1ccc(Cl)cc1)N1C[C@H](c2ccccc2)C(c2ccc(Cl)cc2)=N1,3,0.0,0.0,0.0
NC(=O)CN/C(=N\S(=O)(=O)c1ccc(Cl)cc1)N1C[C@@H](c2ccccc2)C(c2ccc(Cl)cc2)=N1,3,0.0,0.0,0.0
C[C@@H](O)[C@H](N/C(=N\Sc1ccc(Cl)cc1)N1C[C@H](c2ccccc2)C(c2ccc(Cl)cc2)=N1)C(N)=O,3,0.0,0.0,0.0
C[C@@H](O)[C@H](N/C(=N\S(=O)(=O)c1ccc(Cl)cc1)N1C[C@@H](c2ccccc2)C(c2ccc(Cl)cc2)=N1)C(N)=O,3,0.0,0.0,0.0
NC(=O)[C@H](CO)N/C(=N\S(=O)(=O)c1ccc(Cl)cc1)N1C[C@H](c2ccccc2)C(c2ccc(Cl)cc2)=N1,3,0.0,0.0,0.0
NC(=O)[C@H](CO)N/C(=N\S(=O)(=O)c1ccc(Cl)cc1)N1C[C@@H](c2ccccc2)C(c2ccc(Cl)cc2)=N1,3,0.0,0.0,0.0
CC(F)(F)CCCS(=O)(=O)C(C)(C)C(=O)Nc1cc(C(C)(C)C#N)no1,3,0.0,0.0,0.0
CC(F)(F)CCCS(=O)(=O)C(C)(C)C(=O)Nc1cc(C(C)(C)CO)no1,3,0.0,0.0,0.0
CC(F)(F)CCCS(=O)(=O)C(C)(C)C(=O)Nc1cc(C(C)(C)O)no1,3,0.0,0.0,0.0
CC(C)(C#N)c1cc(NC(=O)C(C)(C)S(=O)(=O)CC2CCOCC2)on1,12,0.0,0.0,0.0
CC(C)(CO)c1cc(NC(=O)C(C)(C)S(=O)(=O)CC2CCOCC2)on1,6,0.0,0.0,0.0
COCC(C)(C)c1cc(NC(=O)C(C)(C)S(=O)(=O)CC2CCOCC2)on1,9,0.0,0.0,0.0
CC(C)(C#N)c1cc(NC(=O)C(C)(C)S(=O)(=O)C2CCOCC2)on1,9,0.0,0.0,0.0
COCC(C)(C)c1cc(NC(=O)C(C)(C)S(=O)(=O)C2CCOCC2)on1,9,0.0,0.0,0.0
CC(C)(O)c1cc(NC(=O)C(C)(C)S(=O)(=O)C2CCOCC2)on1,9,0.0,0.0,0.0
CN(CC1CCOCC1)C(C)(C)C(=O)Nc1cc(C(C)(C)C#N)no1,9,0.0,0.0,0.0
COCC(C)(C)c1cc(NC(=O)C(C)(C)N(C)CC2CCOCC2)on1,9,0.0,0.0,0.0
CN(CC1CCOCC1)C(C)(C)C(=O)Nc1cc(C(C)(C)CO)no1,6,0.0,0.0,0.0
CN(C1CCN(S(C)(=O)=O)CC1)C(C)(C)C(=O)Nc1cc(C(C)(C)C#N)no1,9,0.0,0.0,0.0
CN(C1CCN(S(C)(=O)=O)CC1)C(C)(C)C(=O)Nc1cc(C(C)(C)CO)no1,9,0.0,0.0,0.0
CC(C)(C#N)c1cc(NC(=O)[C@@H]2CCCN2C2CCOCC2)on1,9,0.0,0.0,0.0
CN(CC1CCOCC1)C(C)(C)C(=O)Nc1nnc(C(C)(C)C#N)s1,6,0.0,0.0,0.0
CN(CC1CCOCC1)C(C)(C)C(=O)Nc1nnc(C(C)(C)CO)s1,9,0.0,0.0,0.0
CN(C1CCN(S(C)(=O)=O)CC1)C(C)(C)C(=O)Nc1nnc(C(C)(C)C#N)s1,9,0.0,0.0,0.0
Cc1ccc(-c2nc(C(C)(C)C)nc3c2nnn3Cc2ccccc2Cl)cc1,3,0.0,0.0,0.0
CC(C)(C)c1nc(-c2ccc(F)cc2)c2nnn(Cc3ccccc3Cl)c2n1,3,0.0,0.0,0.0
COc1ccc(-c2nc(C(C)(C)C)nc3c2nnn3Cc2ccccc2Cl)cc1,3,0.0,0.0,0.0
CC(C)(C)c1nc(-c2ccccc2F)c2nnn(Cc3ccccc3Cl)c2n1,3,0.0,0.0,0.0
CC(C)(C)c1nc(-c2ccc(Cl)cc2F)c2nnn(Cc3ccccc3Cl)c2n1,3,0.0,0.0,0.0
CC(C)(C)c1nc(-c2ccc(F)nc2)c2nnn(Cc3ccccc3Cl)c2n1,3,0.0,0.0,0.0
Cc1ccc(-c2nc(C(C)(C)C)nc3c2nnn3Cc2ccccc2Cl)nc1,3,0.0,0.0,0.0
Cn1cc(-c2nc(C(C)(C)C)nc3c2nnn3Cc2ccccc2Cl)cn1,3,0.0,0.0,0.0
Cn1nccc1-c1nc(C(C)(C)C)nc2c1nnn2Cc1ccccc1Cl,3,0.0,0.0,0.0
CC(C)(C)c1nc(-c2ccccc2)c2nnn(Cc3ccccc3Cl)c2n1,3,0.0,0.0,0.0
Cc1oncc1-c1nc(C(C)(C)C)nc2c1nnn2Cc1ccccc1Cl,3,0.0,0.0,0.0
Cn1nccc1-c1nc(C(C)(C)C)nc2c1nnn2Cc1ccccc1S(C)(=O)=O,3,0.0,0.0,0.0
Cn1nccc1-c1nc(C(C)(C)C)nc2c1nnn2Cc1nnnn1C,3,0.0,0.0,0.0
Cc1nonc1Cn1nnc2c(-c3ccnn3C)nc(C(C)(C)C)nc21,3,0.0,0.0,0.0
Cc1nnc(Cn2nnc3c(-c4ccnn4C)nc(C(C)(C)C)nc32)o1,3,0.0,0.0,0.0
Cn1nccc1-c1nc(C(C)(C)C)nc2c1nnn2CC(O)CC(F)(F)F,3,0.0,0.0,0.0
Cn1nccc1-c1nc(C(C)(C)C)nc2c1nnn2C[C@H](O)C(F)(F)F,3,0.0,0.0,0.0
Cn1nccc1-c1nc(C(C)(C)C)nc2c1nnn2C1CCOC1,3,0.0,0.0,0.0
Cn1nccc1-c1nc(C(C)(C)C)nc2c1nnn2C1COC1,3,0.0,0.0,0.0
Cn1nccc1-c1nc(C(C)(C)C)nc2c1nnn2CCC(F)(F)F,3,0.0,0.0,0.0
Cn1nccc1-c1nc(C(C)(C)C)nc2c1nnn2Cc1ncccc1Cl,3,0.0,0.0,0.0
Cn1nccc1-c1nc(C(C)(C)C)nc2c1nnn2CC(C)(C)O,3,0.0,0.0,0.0
Cn1nccc1-c1nc(C(C)(C)C)nc2c1nnn2CC1(C)COC1,3,0.0,0.0,0.0
Cn1cc(-c2nc(C(C)(C)C)nc3c2nnn3Cc2nnnn2C)cn1,3,0.0,0.0,0.0
Cn1nnnc1Cn1nnc2c(-c3cn[nH]c3)nc(C(C)(C)C)nc21,3,0.0,0.0,0.0
Cn1nnnc1Cn1nnc2c(-c3cc[nH]n3)nc(C(C)(C)C)nc21,3,0.0,0.0,0.0
Cc1oncc1-c1nc(C(C)(C)C)nc2c1nnn2Cc1nnnn1C,3,0.0,0.0,0.0
Cn1nnnc1Cn1nnc2c(-c3ncc[nH]3)nc(C(C)(C)C)nc21,3,0.0,0.0,0.0
Cn1nnnc1Cn1nnc2c(-c3cnnn3Cc3ccccc3)nc(C(C)(C)C)nc21,3,0.0,0.0,0.0
Cc1nonc1Cn1nnc2c(-c3ccc(F)nc3)nc(C(C)(C)C)nc21,3,0.0,0.0,0.0
CC(C)(C)c1nc(C2(O)CCC2)c2nnn(Cc3ccccc3)c2n1,3,0.0,0.0,0.0
CC(C)(C)c1nc(C2(F)CCC2)c2nnn(Cc3ccccc3)c2n1,3,0.0,0.0,0.0
CC(C)(C)c1nc(C2(O)CCC2)c2nnn(Cc3ccccc3Cl)c2n1,3,0.0,0.0,0.0
CC(C)(C)c1nc(C2(O)CCCC2)c2nnn(Cc3ccccc3Cl)c2n1,3,0.0,0.0,0.0
CC(C)(C)c1nc(C2(O)CCCCC2)c2nnn(Cc3ccccc3Cl)c2n1,3,0.0,0.0,0.0
CC(C)(C)c1nc(C2(O)CCCCCC2)c2nnn(Cc3ccccc3Cl)c2n1,6,0.0,0.0,0.0
CCC(O)(CC)c1nc(C(C)(C)C)nc2c1nnn2Cc1ccccc1Cl,3,0.0,0.0,0.0
CC(C)(C)c1nc(C2(O)CSC2)c2nnn(Cc3ccccc3Cl)c2n1,3,0.0,0.0,0.0
CC(C)(C)c1nc2c(nnn2Cc2ccccc2Cl)c([C@]2(O)C[C@H](C(F)F)C2)n1,3,0.0,0.0,0.0
CC(C)(C)c1nc2c(nnn2Cc2ccccc2Cl)c([C@]2(O)C[C@@H](C(F)F)C2)n1,3,0.0,0.0,0.0
CC(C)(C)c1nc(C2(O)C[S+]([O-])C2)c2nnn(Cc3ccccc3Cl)c2n1,3,0.0,0.0,0.0
CC(C)(C)c1nc(C2(CF)CC2)c2nnn(Cc3ccccc3Cl)c2n1,3,0.0,0.0,0.0
CC(C)(C)c1nc(C2=CCCC2)c2nnn(Cc3ccccc3Cl)c2n1,3,0.0,0.0,0.0
CC(C)(C)c1nc(C2CCCC2)c2nnn(Cc3ccccc3Cl)c2n1,3,0.0,0.0,0.0
CC(C)(C)c1nc(C2CCCC2)c2nnn(Cc3ccccc3)c2n1,3,0.0,0.0,0.0
CC(C)(C)OC(=O)N1CCC(Nc2cnnc3ccc(C(O)(c4ccc(Cl)cc4)c4ccc(Cl)cc4)cc23)CC1,3,0.0,0.0,0.0
O=C(c1ccccc1)N1CCC(Nc2cnnc3ccc(C(c4ccc(Cl)cc4)c4ccc(Cl)cc4)cc23)CC1,3,0.0,0.0,0.0
O=S(=O)(c1ccccc1)N1CCC(Nc2cnnc3ccc(C(c4ccc(Cl)cc4)c4ccc(Cl)cc4)cc23)CC1,3,0.0,0.0,0.0
OC(c1ccc(Cl)cc1)(c1ccc(Cl)cc1)c1ccc2nncc(NCc3cccc(C(F)(F)F)c3)c2c1,3,0.0,0.0,0.0
OC(c1ccc(Cl)cc1)(c1ccc(Cl)cc1)c1ccc2nncc(NCc3ccc(C(F)(F)F)cc3)c2c1,3,0.0,0.0,0.0
FC(F)(F)c1cccc(CNc2cnnc3ccc(C(c4ccc(Cl)cc4)c4ccc(Cl)cc4)cc23)c1,3,0.0,0.0,0.0
FC(F)(F)c1ccc(CNc2cnnc3ccc(C(c4ccc(Cl)cc4)c4ccc(Cl)cc4)cc23)cc1,3,0.0,0.0,0.0
O=C(O)c1ccc(S(=O)(=O)N2CCC(Nc3cnnc4ccc(C(c5ccc(Cl)cc5)c5ccc(Cl)cc5)cc34)CC2)cc1,3,0.0,0.0,0.0
O=C(O)c1cccc(S(=O)(=O)N2CCC(Nc3cnnc4ccc(C(c5ccc(Cl)cc5)c5ccc(Cl)cc5)cc34)CC2)c1,3,0.0,0.0,0.0
O=C(O)c1ccc(CN2CCC(Nc3cnnc4ccc(C(c5ccc(Cl)cc5)c5ccc(Cl)cc5)cc34)CC2)cc1,3,0.0,0.0,0.0
O=C(O)c1ccc(S(=O)(=O)N2CCC(Nc3cnnc4ccc(C(c5ccc(Cl)cc5)c5ccc(Cl)cc5)cc34)CC2)o1,3,0.0,0.0,0.0
O=C(O)c1ccc(CN2CCC(Nc3cnnc4ccc(C(c5ccc(Cl)cc5)c5ccc(Cl)cc5)cc34)CC2)s1,3,0.0,0.0,0.0
O=C(O)c1ccc(S(=O)(=O)N2CCC(Nc3cnnc4ccc(C(c5ccc(Cl)cc5)c5ccc(Cl)cc5)cc34)CC2)s1,3,0.0,0.0,0.0
O=C(O)c1ccc(N2CCC(Nc3cnnc4ccc(C(c5ccc(Cl)cc5)c5ccc(Cl)cc5)cc34)CC2)cc1,3,0.0,0.0,0.0
O=C(O)c1ccccc1CN1CCC(Nc2cnnc3ccc(C(c4ccc(Cl)cc4)c4ccc(Cl)cc4)cc23)CC1,3,0.0,0.0,0.0
COc1ccc(CNc2cnnc3ccc(C(c4ccc(Cl)cc4)c4ccc(Cl)cc4)cc23)cc1,3,0.0,0.0,0.0
Oc1ccc(CNc2cnnc3ccc(C(c4ccc(Cl)cc4)c4ccc(Cl)cc4)cc23)cc1,3,0.0,0.0,0.0
Clc1ccc(C(c2ccc(Cl)cc2)c2ccc3nncc(N4CCN(Cc5ccccc5)CC4)c3c2)cc1,3,0.0,0.0,0.0
O=C(O)c1cccc(CCN2CCC(Nc3cnnc4ccc(C(c5ccc(Cl)cc5)c5ccc(Cl)cc5)cc34)CC2)c1,3,0.0,0.0,0.0
O=S(=O)(N1CCN(c2cnnc3ccc(C(c4ccc(Cl)cc4)c4ccc(Cl)cc4)cc23)CC1)C(F)(F)F,3,0.0,0.0,0.0
Clc1ccc(C(c2ccc(Cl)cc2)c2ccc3nncc(NCCc4ccccc4)c3c2)cc1,3,0.0,0.0,0.0
O=S(=O)(N1CCC(Nc2cnnc3ccc(C(c4ccc(Cl)cc4)c4ccc(Cl)cc4)cc23)C1)C(F)(F)F,3,0.0,0.0,0.0
O=S(=O)(c1ccccc1)N1CCC(Nc2cnnc3ccc(C(c4ccc(Cl)cc4)c4ccc(Cl)cc4)cc23)C1,3,0.0,0.0,0.0
Clc1ccc(C(c2ccc(Cl)cc2)c2ccc3nncc(NC4CCN(Cc5ccccc5)C4)c3c2)cc1,3,0.0,0.0,0.0
Clc1ccc(C(c2ccc(Cl)cc2)c2ccc3nncc(N4CCC(Nc5ccccc5)CC4)c3c2)cc1,3,0.0,0.0,0.0
Clc1ccc(C(c2ccc(Cl)cc2)c2ccc3nncc(NC4CCN(CCc5ccccc5)CC4)c3c2)cc1,3,0.0,0.0,0.0
O=C(O)c1ccc(CCN2CCC(Nc3cnnc4ccc(C(c5ccc(Cl)cc5)c5ccc(Cl)cc5)cc34)CC2)cc1,3,0.0,0.0,0.0
O=C(O)c1csc(S(=O)(=O)N2CCC(Nc3cnnc4ccc(C(c5ccc(Cl)cc5)c5ccc(Cl)cc5)cc34)CC2)c1,3,0.0,0.0,0.0
O=S(=O)(N1CCC(Nc2cnnc3ccc(C(c4ccc(F)cc4)c4ccc(F)cc4)cc23)CC1)C(F)(F)F,3,0.0,0.0,0.0
O=S(=O)(N1CCC(Nc2cnnc3ccc(C(c4ccc(F)cc4)c4ccc(Cl)cc4)cc23)CC1)C(F)(F)F,3,0.0,0.0,0.0
COc1ccc(C(c2ccc(Cl)cc2)c2ccc3nncc(NC4CCN(S(=O)(=O)C(F)(F)F)CC4)c3c2)cc1,3,0.0,0.0,0.0
O=C(O)c1ccc(CCNc2cnnc3ccc(C(c4ccc(Cl)cc4)c4ccc(Cl)cc4)cc23)cc1,3,0.0,0.0,0.0
O=C(O)c1cccc(CCNc2cnnc3ccc(C(c4ccc(Cl)cc4)c4ccc(Cl)cc4)cc23)c1,3,0.0,0.0,0.0
CC(C)(C)OC(=O)NCCOCCOCCOCCOCCOCCOCCOCCOCCOCCOCCOCCOc1cc(NC2CCN(S(=O)(=O)C(F)(F)F)CC2)c2cc(C(c3ccc(Cl)cc3)c3ccc(Cl)cc3)ccc2n1,3,0.0,0.0,0.0
NCCOCCOCCOCCOCCOCCOCCOCCOCCOCCOCCOCCOc1cc(NC2CCN(S(=O)(=O)C(F)(F)F)CC2)c2cc(C(c3ccc(Cl)cc3)c3ccc(Cl)cc3)ccc2n1,3,0.0,0.0,0.0
O=C(NCCOCCOCCOCCOCCOCCOCCOCCOCCOCCOCCOCCOc1cc(NC2CCN(S(=O)(=O)C(F)(F)F)CC2)c2cc(C(c3ccc(Cl)cc3)c3ccc(Cl)cc3)ccc2n1)c1ccc(S(=O)(=O)N2CCC(Nc3ncnc4ccc(C(c5ccc(Cl)cc5)c5ccc(Cl)cc5)cc34)CC2)cc1,3,0.0,0.0,0.0
COCCOCCOCCOCCOCCOCCOCCOCCOCCOCCOCCNC(=O)CCCCCOc1cc(NC2CCN(S(=O)(=O)C(F)(F)F)CC2)c2cc(C(c3ccc(Cl)cc3)c3ccc(Cl)cc3)ccc2n1,3,0.0,0.0,0.0
NNC(=O)CCOCCOCCOCCOCCOCCOCCOCCOCCOCCNC(=O)CCCCCOc1cc(NC2CCN(S(=O)(=O)C(F)(F)F)CC2)c2cc(C(c3ccc(Cl)cc3)c3ccc(Cl)cc3)ccc2n1,3,0.0,0.0,0.0
O=S(=O)(N1CCC(Nc2cc(OCCOCCOCCO)nc3ccc(C(c4ccc(Cl)cc4)c4ccc(Cl)cc4)cc23)CC1)C(F)(F)F,3,0.0,0.0,0.0
O=S(=O)(N1CCC(Nc2cc(OCCOCCOCCOCCOCCOCCO)nc3ccc(C(c4ccc(Cl)cc4)c4ccc(Cl)cc4)cc23)CC1)C(F)(F)F,3,0.0,0.0,0.0
COCCOCCCNC(=O)CCCCCOc1cc(NC2CCN(S(=O)(=O)C(F)(F)F)CC2)c2cc(C(c3ccc(Cl)cc3)c3ccc(Cl)cc3)ccc2n1,6,0.0,0.0,0.0
O=S(=O)(N1CCC(Nc2cc(OCCOCCOCCOCCOCCOCCOc3ccc(CO)cc3)nc3ccc(C(c4ccc(Cl)cc4)c4ccc(Cl)cc4)cc23)CC1)C(F)(F)F,3,0.0,0.0,0.0
NNC(=O)CCOCCOCCOCCOCCOCCOCCOCCOCCOCCOCCOCCNC(=O)OCCOCCOCCOc1cc(NC2CCN(S(=O)(=O)C(F)(F)F)CC2)c2cc(C(c3ccc(Cl)cc3)c3ccc(Cl)cc3)ccc2n1,3,0.0,0.0,0.0
COCCOCCOCCOCCOCCOCCOCCOCCOCCOCCNC(=O)OCc1ccc(OCCOCCOCCOCCOc2cc(NC3CCN(S(=O)(=O)C(F)(F)F)CC3)c3cc(C(c4ccc(Cl)cc4)c4ccc(Cl)cc4)ccc3n2)cc1,3,0.0,0.0,0.0
O=S(=O)(N1CCC(Nc2ccnc3c(OCCOCCOCCOCCOCCOCCOCCOCCOCCOCCO)cc(C(c4ccc(Cl)cc4)c4ccc(Cl)cc4)cc23)CC1)C(F)(F)F,3,0.0,0.0,0.0
CC(C)(C)OC(=O)CCOCCOCCOCCOCCOCCOCCOCCOCCOCCOCCOCCOCCOc1cc(C(c2ccc(Cl)cc2)c2ccc(Cl)cc2)cc2c(NC3CCN(S(=O)(=O)C(F)(F)F)CC3)ccnc12,3,0.0,0.0,0.0
C=C(O)CCOCCOCCOCCOCCOCCOCCOCCOCCOCCOCCOCCOCCOc1cc(C(c2ccc(Cl)cc2)c2ccc(Cl)cc2)cc2c(NC3CCN(S(=O)(=O)C(F)(F)F)CC3)ccnc12,3,0.0,0.0,0.0
O=C(CCOCCOCCOCCOCCOCCOCCOCCOCCOCCOCCOCCOCCOc1cc(C(c2ccc(Cl)cc2)c2ccc(Cl)cc2)cc2c(NC3CCN(S(=O)(=O)C(F)(F)F)CC3)ccnc12)NCCCOCCOCCOCCOCCCNC(=O)CCOCCOCCOCCOCCOCCOCCOCCOCCOCCOCCOCCOCCOc1cc(C(c2ccc(Cl)cc2)c2ccc(Cl)cc2)cc2c(NC3CCN(S(=O)(=O)C(F)(F)F)CC3)ccnc12,3,0.0,0.0,0.0
CCCOCCCNC(=O)CCCCCOc1cc(NC2CCN(S(=O)(=O)C(F)(F)F)CC2)c2cc(C(c3ccc(Cl)cc3)c3ccc(Cl)cc3)ccc2n1,3,0.0,0.0,0.0
COCCOCCOc1ccc(Nc2cc(=O)[nH]c3ccc(C(c4ccc(Cl)cc4)c4ccc(Cl)cc4)cc23)cc1,3,0.0,0.0,0.0
COCCOCCOCCOCCn1c(=O)cc(NC2CCN(S(=O)(=O)C(F)(F)F)CC2)c2cc(C(c3ccc(Cl)cc3)c3ccc(Cl)cc3)ccc21,3,0.0,0.0,0.0
COCCOCCOCCOCCOCCOCCOCCn1c(=O)cc(NC2CCN(S(=O)(=O)C(F)(F)F)CC2)c2cc(C(c3ccc(Cl)cc3)c3ccc(Cl)cc3)ccc21,3,0.0,0.0,0.0
CC(C)(C)OC(=O)NCCOCCOCCOCCOCCOCCOCCOCCOCCOCCOCCOCCn1c(=O)cc(NC2CCN(S(=O)(=O)C(F)(F)F)CC2)c2cc(C(c3ccc(Cl)cc3)c3ccc(Cl)cc3)ccc21,3,0.0,0.0,0.0
COCCOCCOCCOCCn1c(=O)c(N2CCN(c3ccccc3)CC2)cc2cc(C(c3ccc(Cl)cc3)c3ccc(Cl)cc3)ccc21,3,0.0,0.0,0.0
O=C(NC1(c2ccccc2)CC1)c1nn(-c2ccc(F)cc2F)c2c1C[C@@H]1C[C@H]21,6,0.0,0.0,0.0
CNC(=O)[C@@H](NC(=O)c1nn(-c2c[n+]([O-])ccn2)c2c1C[C@@H]1C[C@H]21)C(C)(C)C,3,0.0,0.0,0.0
O=C(NC1(c2ccccn2)CCC1)c1nn(CC2CCOCC2)c2c1C[C@H]1C[C@@H]21,6,0.0,0.0,0.0
CONC(=O)[C@@H](NC(=O)c1nn(-c2c[n+]([O-])ccn2)c2c1C[C@H]1C[C@@H]21)C(C)(C)C,3,0.0,0.0,0.0
Cc1noc(-c2cc(OCC3CC3)c(C3CC3)cn2)n1,3,0.0,0.0,0.0
c1ccc(-c2noc(-c3cc(OCC4CC4)c(C4CC4)cn3)n2)cc1,3,0.0,0.0,0.0
c1c(-c2nc(C3CC3)no2)ncc(C2CC2)c1OCC1CC1,3,0.0,0.0,0.0
c1c(-c2nc(C3CCCC3)no2)ncc(C2CC2)c1OCC1CC1,3,0.0,0.0,0.0
c1ccc(Cc2noc(-c3cc(OCC4CC4)c(C4CC4)cn3)n2)cc1,3,0.0,0.0,0.0
CC(C)(C)c1noc(-c2cc(OCC3CC3)c(C3CC3)cn2)n1,6,0.0,0.0,0.0
FC(F)(F)COc1cc(-c2nc(C3CC3)no2)ncc1C1CC1,3,0.0,0.0,0.0
FC(F)(F)COc1cc(-c2nc(C(F)(F)F)no2)ncc1C1CC1,3,0.0,0.0,0.0
CC(C)(C)c1nc(-c2cc(OCC3CC3)c(C3CC3)cn2)no1,3,0.0,0.0,0.0
CCC1(CC)COC(c2cc(OCC3CC3)c(C3CC3)cn2)=N1,3,0.0,0.0,0.0
COCc1nc(-c2cc(OCC3CC3)c(C3CC3)cn2)no1,3,0.0,0.0,0.0
CCc1nc(-c2cc(OCC3CC3)c(C3CC3)cn2)no1,3,0.0,0.0,0.0
CC(C)c1nc(-c2cc(OCC3CC3)c(C3CC3)cn2)no1,3,0.0,0.0,0.0
FC1(F)CN(c2cnc(-c3noc(C4CC4)n3)cc2OCC2CC2)C1,3,0.0,0.0,0.0
Cc1noc(-c2cc(OCC(F)(F)F)c(N3CC(F)(F)C3)cn2)n1,3,0.0,0.0,0.0
CC(C)(C)c1noc(-c2cc(OCC(F)(F)F)c(N3CC(F)(F)C3)cn2)n1,3,0.0,0.0,0.0
OCc1nc(-c2cc(OCC3CC3)c(C3CC3)cn2)no1,3,0.0,0.0,0.0
FC(F)(F)c1nc(-c2cc(OCC3CC3)c(C3CC3)cn2)no1,3,0.0,0.0,0.0
CC(C)(C)[C@H]1COC(c2cc(OCC3CC3)c(C3CC3)cn2)=N1,3,0.0,0.0,0.0
CCC1COC(c2cc(OCC3CC3)c(C3CC3)cn2)=N1,3,0.0,0.0,0.0
c1c(C2=NC3(CCCCC3)CO2)ncc(C2CC2)c1OCC1CC1,3,0.0,0.0,0.0
OC1(c2nc(-c3cc(OCC4CC4)c(C4CC4)cn3)no2)CC1,3,0.0,0.0,0.0
CC1(c2nc(-c3cc(OCC4CC4)c(C4CC4)cn3)no2)CC1,3,0.0,0.0,0.0
NC(=O)C1(c2nc(-c3cc(OCC4CC4)c(C4CC4)cn3)no2)CC1,3,0.0,0.0,0.0
CC(C)(O)c1nc(-c2cc(OCC3CC3)c(C3CC3)cn2)no1,3,0.0,0.0,0.0
CCC1(CC)COC(c2cc(OCC(F)(F)F)c(C3CC3)cn2)=N1,3,0.0,0.0,0.0
CC1(c2nc(-c3cc(OCC4CC4)c(C4CC4)cn3)no2)COC1,3,0.0,0.0,0.0
c1c(-c2noc(C3CNC3)n2)ncc(C2CC2)c1OCC1CC1,3,0.0,0.0,0.0
CCC1(CC)COC(c2cc(OCC(F)(F)F)c(N3CC(F)(F)C3)cn2)=N1,3,0.0,0.0,0.0
FC(F)(F)COc1cc(C2=NC3(CCCCC3)CO2)ncc1C1CC1,3,0.0,0.0,0.0
CC(C)(C)c1nc(-c2cc(OCC3CC3)c(N3CC(F)(F)C3)cn2)no1,3,0.0,0.0,0.0
CC(C)(C)c1nc(-c2cc(OCC(F)(F)F)c(N3CC(F)(F)C3)cn2)no1,6,0.0,0.0,0.0
CC1(c2nc(-c3cc(OCC(F)(F)F)c(C4CC4)cn3)no2)CC1,3,0.0,0.0,0.0
CC(C)(C)c1nc(-c2cc(OCC3CC3)c(N3CCC34COC4)cn2)no1,3,0.0,0.0,0.0
CC(C)c1nc(-c2cc(OCC(F)(F)F)c(C3CC3)cn2)no1,3,0.0,0.0,0.0
OC1(c2nc(-c3cc(OCC(F)(F)F)c(C4CC4)cn3)no2)CC1,3,0.0,0.0,0.0
CC1(c2nc(-c3cc(OCC(F)(F)F)c(C4CC4)cn3)no2)COC1,3,0.0,0.0,0.0
FC(F)(F)COc1cc(-c2ncon2)ncc1C1CC1,3,0.0,0.0,0.0
CC(C)(C)c1noc(-c2cc(OCC(F)(F)F)c(C3CC3)cn2)n1,3,0.0,0.0,0.0
CC1(C)CN=C(c2cc(OCC(F)(F)F)c(C3CC3)cn2)O1,3,0.0,0.0,0.0
CC(C)c1noc(-c2cc(OCC(F)(F)F)c(C3CC3)cn2)n1,3,0.0,0.0,0.0
CC(C)(C)c1nc(-c2cc(OCC3CC3)c(S(C)(=O)=O)cn2)no1,3,0.0,0.0,0.0
CC(C)c1nc(-c2cc(OCC(F)(F)F)c(N3CC(F)(F)C3)cn2)no1,3,0.0,0.0,0.0
OC1(c2nc(-c3cc(OCC(F)(F)F)c(N4CC(F)(F)C4)cn3)no2)CC1,3,0.0,0.0,0.0
CC1(c2nc(-c3cc(OCC(F)(F)F)c(N4CC(F)(F)C4)cn3)no2)COC1,3,0.0,0.0,0.0
C[C@H](Oc1cc(-c2noc(C(C)(C)C)n2)ncc1C1CC1)C(F)(F)F,3,0.0,0.0,0.0
C[C@@H](Oc1cc(-c2noc(C(C)(C)C)n2)ncc1C1CC1)C(F)(F)F,3,0.0,0.0,0.0
CC1(c2nc(-c3cc(OCC(F)(F)F)c(N4CC(F)(F)C4)cn3)no2)CC1,3,0.0,0.0,0.0
C[C@@H](Oc1cc(-c2nc(C(C)(C)C)no2)ncc1C1CC1)C(F)(F)F,3,0.0,0.0,0.0
C[C@H](Oc1cc(-c2nc(C(C)(C)C)no2)ncc1C1CC1)C(F)(F)F,3,0.0,0.0,0.0
CC(C)(C)c1nc(-c2cc(OCc3ccc(F)cc3)c(C3CC3)cn2)no1,3,0.0,0.0,0.0
CC(C)(C)c1nc(-c2cc(OC3COC3)c(C3CC3)cn2)no1,3,0.0,0.0,0.0
CC1(COc2cc(-c3noc(C(C)(C)C)n3)ncc2C2CC2)COC1,3,0.0,0.0,0.0
CC(C)(C)c1nc(-c2cc(OCC3CCCO3)c(C3CC3)cn2)no1,3,0.0,0.0,0.0
CN1CCCC1COc1cc(-c2noc(C(C)(C)C)n2)ncc1C1CC1,3,0.0,0.0,0.0
CC(C)(C)c1nc(-c2cc(OCC3CCO3)c(C3CC3)cn2)no1,3,0.0,0.0,0.0
CN1CCC(Oc2cc(-c3noc(C(C)(C)C)n3)ncc2C2CC2)C1,3,0.0,0.0,0.0
NC1(c2nc(-c3cc(OCC4CC4)c(C4CC4)cn3)no2)COC1,3,0.0,0.0,0.0
CC(C)(C)c1nc(-c2cc(Oc3ccc(F)cc3)c(C3CC3)cn2)no1,3,0.0,0.0,0.0
CC(C)(C)c1nc(-c2cc(OC3CCOC3)c(C3CC3)cn2)no1,3,0.0,0.0,0.0
CC(C)(C)c1nc(-c2cc(OC3CCOCC3)c(C3CC3)cn2)no1,3,0.0,0.0,0.0
CC(C)(C)c1c[nH]c(-c2cc(OCC(F)(F)F)c(N3CC(F)(F)C3)cn2)n1,3,0.0,0.0,0.0
CC(C)(C)c1cnc(-c2cc(OCC3CC3)c(C3CC3)cn2)o1,3,0.0,0.0,0.0
CC(C)C1(C)N=C(c2cc(OCC(F)(F)F)c(C3CC3)cn2)NC1=O,3,0.0,0.0,0.0
CC(C)(C)c1nc(-c2cc(OCC(F)(F)F)c(S(C)(=O)=O)cn2)no1,3,0.0,0.0,0.0
CCC1(C)N=C(c2cc(OCC(F)(F)F)c(C3CC3)cn2)NC1=O,3,0.0,0.0,0.0
CC(C)CC1(C)N=C(c2cc(OCC(F)(F)F)c(C3CC3)cn2)NC1=O,3,0.0,0.0,0.0
CC(C)(C)c1nc(-c2cc(OCC(F)(F)F)c(Cl)cn2)no1,3,0.0,0.0,0.0
FC(F)(F)COc1cc(-c2noc(C3CC3)n2)ncc1Cl,3,0.0,0.0,0.0
FC(F)(F)COc1cc(-c2noc(C3CC3)n2)ncc1C1CC1,3,0.0,0.0,0.0
CC(C)(C)c1nc(-c2cc(N3CCC(O)C3)c(C3CC3)cn2)no1,3,0.0,0.0,0.0
CC(C)(C)c1nc(-c2cc(N3CC(F)(F)C(F)(F)C3)c(C3CC3)cn2)no1,3,0.0,0.0,0.0
CC(C)(C)c1nc(-c2cc(Oc3ccc(S(C)(=O)=O)cc3)c(C3CC3)cn2)no1,3,0.0,0.0,0.0
CC(C)(C)c1nc(-c2cc(N3CCC4(COC4)C3)c(C3CC3)cn2)no1,3,0.0,0.0,0.0
CC(C)(C)c1nc(-c2cc(N3CCC(F)(F)C3)c(C3CC3)cn2)no1,3,0.0,0.0,0.0
CC(C)(C)c1nc(-c2cc(N3CCOCC3)c(C3CC3)cn2)no1,3,0.0,0.0,0.0
CC(C)(C)c1nc(-c2cc(N3CCCC3)c(C3CC3)cn2)no1,3,0.0,0.0,0.0
CC(C)(C)c1nc(-c2cc(S(=O)(=O)C3CC3)c(C3CC3)cn2)no1,3,0.0,0.0,0.0
COC1CN(c2cc(-c3noc(C(C)(C)C)n3)ncc2C2CC2)C1,3,0.0,0.0,0.0
CC(C)(C)c1nc(-c2cc(N3CC4(COC4)C3)c(C3CC3)cn2)no1,3,0.0,0.0,0.0
CCOCCOc1cc(-c2noc(C(C)(C)C)n2)ncc1C1CC1,3,0.0,0.0,0.0
CCC(COC)Oc1cc(-c2noc(C(C)(C)C)n2)ncc1C1CC1,3,0.0,0.0,0.0
CC(C)(C)OCCOc1cc(-c2noc(C(C)(C)C)n2)ncc1C1CC1,3,0.0,0.0,0.0
CC(COC(C)(C)C)Oc1cc(-c2noc(C(C)(C)C)n2)ncc1C1CC1,3,0.0,0.0,0.0
COCC(C)Oc1cc(-c2noc(C(C)(C)C)n2)ncc1C1CC1,3,0.0,0.0,0.0
CC(C)(C)c1nc(-c2cc(OC3CCCOC3)c(C3CC3)cn2)no1,3,0.0,0.0,0.0
COC(C)CCOc1cc(-c2noc(C(C)(C)C)n2)ncc1C1CC1,3,0.0,0.0,0.0
CC(C)(C)c1nc(-c2cc(OCC3COC3)c(C3CC3)cn2)no1,3,0.0,0.0,0.0
C[C@H](Oc1cc(-c2noc(C3CC3)n2)ncc1C1CC1)C(F)(F)F,3,0.0,0.0,0.0
CCN1CCC(Oc2cc(-c3noc(C(C)(C)C)n3)ncc2C2CC2)C1,3,0.0,0.0,0.0
CC(C)N1CCC(Oc2cc(-c3noc(C(C)(C)C)n3)ncc2C2CC2)C1,3,0.0,0.0,0.0
CC(C)(C)c1nc(-c2cc(OCCN3CCCC3)c(C3CC3)cn2)no1,3,0.0,0.0,0.0
CC(C)(C)c1nc(-c2cc(OCCN3CCCCC3)c(C3CC3)cn2)no1,3,0.0,0.0,0.0
CC(CN1CCCCC1)Oc1cc(-c2noc(C(C)(C)C)n2)ncc1C1CC1,3,0.0,0.0,0.0
CN1CCCCC1COc1cc(-c2noc(C(C)(C)C)n2)ncc1C1CC1,3,0.0,0.0,0.0
CC(C)(C)c1nnc(-c2cc(OC3CCOCC3)c(C3CC3)cn2)o1,3,0.0,0.0,0.0
CN1CCCC(Oc2cc(-c3noc(C(C)(C)C)n3)ncc2C2CC2)C1,3,0.0,0.0,0.0
CCN1CCCC(Oc2cc(-c3noc(C(C)(C)C)n3)ncc2C2CC2)C1,3,0.0,0.0,0.0
CCN(CC)CC(C)Oc1cc(-c2noc(C(C)(C)C)n2)ncc1C1CC1,3,0.0,0.0,0.0
CC(C)(C)c1nc(-c2cc(OCC3COCCN3)c(C3CC3)cn2)no1,3,0.0,0.0,0.0
CC(C)(C)c1nc(-c2cc(OCCN3CCOCC3)c(C3CC3)cn2)no1,3,0.0,0.0,0.0
CC(C)(C)c1nc(-c2cc(OC3CCCNC3)c(C3CC3)cn2)no1,3,0.0,0.0,0.0
CC(C)(C)c1nc(-c2cc(OCC3(F)COC3)c(C3CC3)cn2)no1,3,0.0,0.0,0.0
Cc1nc(COc2cc(-c3noc(C(C)(C)C)n3)ncc2C2CC2)c(C)o1,3,0.0,0.0,0.0
Cc1cc(COc2cc(-c3noc(C(C)(C)C)n3)ncc2C2CC2)no1,3,0.0,0.0,0.0
CC(C)(C)c1nc(-c2cc(Oc3cccc(S(C)(=O)=O)c3)c(C3CC3)cn2)no1,3,0.0,0.0,0.0
CC(C)(C)c1nc(-c2cc(OC3CCOCC3)c(C3(F)COC3)cn2)no1,3,0.0,0.0,0.0
CC(C)(C)c1nc(-c2cc(Oc3ccc(F)cc3)c(C3(F)COC3)cn2)no1,3,0.0,0.0,0.0
Cc1nc(C2(C)COC(c3cc(OCC(F)(F)F)c(C4CC4)cn3)=N2)no1,3,0.0,0.0,0.0
CC(C)(C)c1nc(-c2cc(OCc3ccc(F)cc3)c(C3CC3)c(Cl)n2)no1,3,0.0,0.0,0.0
CC(C)(C)c1nnc(-c2cc(OCC(F)(F)F)c(C3CC3)cn2)o1,3,0.0,0.0,0.0
CC(C)(C)c1nc(-c2cc(OC3CCOCC3)c(C3CC3)c(Cl)n2)no1,3,0.0,0.0,0.0
CC(C)(C)c1nc(-c2cc(OCC(F)F)c(C3CC3)cn2)no1,3,0.0,0.0,0.0
CC(C)(C)c1nc(-c2cc(OCCF)c(C3CC3)cn2)no1,3,0.0,0.0,0.0
CC(C)(C)c1nc(-c2cc(OCc3ccccn3)c(C3CC3)cn2)no1,3,0.0,0.0,0.0
CC(C)(C)c1nc(-c2cc(OCc3ccc(F)cn3)c(C3CC3)cn2)no1,3,0.0,0.0,0.0
CC(C)(C)c1nc(-c2cc(OCc3cccnc3)c(C3CC3)cn2)no1,3,0.0,0.0,0.0
C[C@H](Oc1cc(-c2nnc(C(C)(C)C)o2)ncc1C1CC1)C(F)(F)F,3,0.0,0.0,0.0
CC(C)(C)c1noc(-c2cc(OC3CCOCC3)c(C3CC3)cn2)n1,3,0.0,0.0,0.0
CN1CCC[C@H]1COc1cc(-c2nc(C(C)(C)C)no2)ncc1C1CC1,3,0.0,0.0,0.0
CC(C)(C)c1noc(-c2cc(OCC(F)F)c(C3CC3)cn2)n1,3,0.0,0.0,0.0
CC(C)(C)c1nc(N2CC[C@H](O)C2)c2nn(Cc3ccccc3F)nc2n1,3,0.0,0.0,0.0
CC(C)(C)c1nc(N2CCC(F)(F)C2)c2nn(Cc3ccccc3CS(=O)(=O)F)nc2n1,3,0.0,0.0,0.0
CC(C)(C)c1nc(N2CC[C@H](O)C2)c2nn(Cc3ccccc3CSC#N)nc2n1,3,0.0,0.0,0.0
CC(C)(C)c1nc(N2CCC(F)(F)C2)c2nn(Cc3ccccc3SC#N)nc2n1,3,0.0,0.0,0.0
CC(C)(C)c1nc(N2CCC(F)(F)C2)c2nn(Cc3ccccc3F)nc2n1,3,0.0,0.0,0.0
CC(C)(C)c1nc(N2CCC(F)(F)C2)c2nn(Cc3ccccc3CSC#N)nc2n1,3,0.0,0.0,0.0
C#Cc1cccc(S(=O)(=O)F)c1Cn1nc2nc(C(C)(C)C)nc(N3CCC(F)(F)C3)c2n1,3,0.0,0.0,0.0
CC(C)(C)c1nc(N2CC[C@H](O)C2)c2nnn(Cc3ccccc3S(=O)(=O)F)c2n1,3,0.0,0.0,0.0
CC(C)(C)c1nc(N2CCC(F)(F)C2)c2nnn(Cc3ccccc3CS(=O)(=O)F)c2n1,3,0.0,0.0,0.0
CC(C)(C)c1nc(N2CC[C@H](O)C2)c2nnn(Cc3ccccc3CS(=O)(=O)F)c2n1,3,0.0,0.0,0.0
CC(C)(C)c1nc(N2CCC(F)(F)C2)c2nnn(Cc3ccccc3CN=C=S)c2n1,3,0.0,0.0,0.0
CC(C)(C)c1nc(N2CC[C@H](O)C2)c2nnn(Cc3ccccc3CN=C=S)c2n1,3,0.0,0.0,0.0
CC(C)(C)c1nc(N2CCC(F)(F)C2)c2nnn(Cc3ccccc3N=C=S)c2n1,3,0.0,0.0,0.0
CC(C)(C)c1nc(N2CCC(F)(F)C2)c2nnn(Cc3ccccc3S(=O)(=O)F)c2n1,3,0.0,0.0,0.0
CC(C)(C)c1nc(N2CCC(S)C2)c2nnn(Cc3ccccc3Cl)c2n1,3,0.0,0.0,0.0
CC(C)(C)c1nc(N2CC(S)C2)c2nnn(Cc3ccccc3Cl)c2n1,3,0.0,0.0,0.0
Cc1nonc1Cn1nnc2c(N3CC[C@H](S)C3)nc(C(C)(C)C)nc21,3,0.0,0.0,0.0
Cc1nonc1Cn1nnc2c(N3CC[C@@H](S)C3)nc(C(C)(C)C)nc21,3,0.0,0.0,0.0
CC(C)(C)c1nc(N2CC[C@H](S)C2)c2nnn(Cc3ccccc3Cl)c2n1,3,0.0,0.0,0.0
CC(C)(C)c1nc(N2CC[C@@H](S)C2)c2nnn(Cc3ccccc3Cl)c2n1,3,0.0,0.0,0.0
Cc1nonc1Cn1nnc2c(N3CCC(N=[N+]=[N-])C3)nc(C(C)(C)C)nc21,3,0.0,0.0,0.0
CC(C)(C)c1nc(N2CCC(N=C=S)C2)c2nnn(Cc3ccccc3Cl)c2n1,3,0.0,0.0,0.0
Cc1nonc1Cn1nnc2c(N3CCC(N=C=S)C3)nc(C(C)(C)C)nc21,3,0.0,0.0,0.0
CC(C)(C)c1nc(N2CCC(N=[N+]=[N-])C2)c2nnn(Cc3ccccc3Cl)c2n1,3,0.0,0.0,0.0
CSSC1CCN(c2nc(C(F)(F)c3ccccc3)nc3c2nnn3Cc2nonc2C)C1,3,0.0,0.0,0.0
CSSC1CCN(c2nc(C(F)(F)c3ccccc3)nc3c2nnn3Cc2ccccc2Cl)C1,3,0.0,0.0,0.0
Cc1nonc1Cn1nnc2c(N3CCC(N=[N+]=[N-])C3)nc(C(F)(F)c3ccccc3)nc21,3,0.0,0.0,0.0
[N-]=[N+]=NC1CCN(c2nc(C(F)(F)c3ccccc3)nc3c2nnn3Cc2ccccc2Cl)C1,3,0.0,0.0,0.0
FC(F)(c1ccccc1)c1nc(N2CCC(N=C=S)C2)c2nnn(Cc3ccccc3Cl)c2n1,3,0.0,0.0,0.0
Cc1nonc1Cn1nnc2c(N3CCC(N=C=S)C3)nc(C(F)(F)c3ccccc3)nc21,3,0.0,0.0,0.0
O=S(=O)(F)c1ccccc1Cn1nnc2c(N3CC[C@H](O)C3)nc(C(F)(F)c3ccccc3)nc21,3,0.0,0.0,0.0
CC(C)(C)c1nc(N2CCC(F)(F)C2)c2nnn(Cc3ccccc3CSSCCO)c2n1,3,0.0,0.0,0.0
O=S(=O)(F)c1ccccc1Cn1nnc2c(N3CCC(F)(F)C3)nc(C(F)(F)c3ccccc3)nc21,3,0.0,0.0,0.0
FC1(F)CCN(c2nc(C(F)(F)c3ccccc3)nc3c2nnn3Cc2ccccc2CCSSc2ccccn2)C1,3,0.0,0.0,0.0
OCCSSCCc1ccccc1Cn1nnc2c(N3CCC(F)(F)C3)nc(C(F)(F)c3ccccc3)nc21,3,0.0,0.0,0.0
CC(C)(C)c1nc(N2CCC(F)(F)C2)c2nnn(Cc3ccccc3CCSSCCO)c2n1,3,0.0,0.0,0.0
CC(C)(C)c1nc(N2CCC(F)(F)C2)c2nnn(Cc3ccccc3CCS(=O)(=O)n3nnc4ccccc43)c2n1,3,0.0,0.0,0.0
CC(C)(C)c1nc(N2CCC(F)(F)C2)c2nnn(Cc3ccccc3CCS(=O)(=O)F)c2n1,3,0.0,0.0,0.0
CC(C)(C)c1nc(N2CCC(F)(F)C2)c2nnn(Cc3ccccc3CCSSc3ccccn3)c2n1,3,0.0,0.0,0.0
CC(C)(C)c1nc(N2CCC(F)(F)C2)c2nnn(Cc3ccccc3CCSSCCN)c2n1,3,0.0,0.0,0.0
NCCSSCCc1ccccc1Cn1nnc2c(N3CCC(F)(F)C3)nc(C(F)(F)c3ccccc3)nc21,3,0.0,0.0,0.0
CC(C)(C)c1nc(N2CCC(F)(F)C2)c2nnn(Cc3ccccc3CCSSCC(O)CO)c2n1,3,0.0,0.0,0.0
CC(C)(C)c1cc(N2CCC(F)(F)C2)c2nnn(Cc3ccccc3SSCCO)c2n1,3,0.0,0.0,0.0
CC(C)(C)c1cc(N2CCC(F)(F)C2)c2nnn(Cc3ccccc3SSc3ccccn3)c2n1,3,0.0,0.0,0.0
C#Cc1cccc(S(=O)(=O)F)c1Cn1nnc2c(N3CCC(F)(F)C3)nc(C(C)(C)C)nc21,3,0.0,0.0,0.0
CC(C)(C#N)c1cc(NC(=O)C(C)(C)S(=O)(=O)CCCC(F)(F)F)on1,9,0.0,0.0,0.0
CC(C)(CO)c1cc(NC(=O)C(C)(C)S(=O)(=O)CCCC(F)(F)F)on1,12,0.0,0.0,0.0
CC(C)(O)c1cc(NC(=O)C(C)(C)S(=O)(=O)CCCC(F)(F)F)on1,6,0.0,0.0,0.0
CCCCCC/C=C/C=C/CCCCCCCC(=O)NCCC(=O)O,3,0.0,0.0,0.0
CCCCC/C=C\C=C\CCCCCCCCC(=O)NCCC(=O)O,3,0.0,0.0,0.0
CCCCC/C=C\C=C\CCCCCCCCC(=O)NCC(Cc1c[nH]cn1)C(=O)O,3,0.0,0.0,0.0
CCCCCC/C=C/C=C/CCCCCCCC(=O)NC(CC(=O)O)Cc1c[nH]cn1,3,0.0,0.0,0.0
CC(C)(NC(=O)c1nn(-c2ccc(Cl)cn2)c2c1C[C@H]1C[C@@H]21)c1ccccc1,3,0.0,0.0,0.0
CC(C)(NC(=O)c1nn(-c2ccc(F)cc2F)c2c1C1CC1C2)c1ccncc1,3,0.0,0.0,0.0
CC(C)[C@@]12C[C@@H]1[C@@H](C)c1c2c(C(=O)N[C@H]2c3ccccc3C[C@@H]2O)nn1-c1ccc(F)cc1F,3,0.0,0.0,0.0
CC(C)(C)NC(=O)c1nn(-c2cc(C(F)(F)F)ccn2)c2c1C[C@H]1C[C@@H]21,3,0.0,0.0,0.0
CNC(=O)[C@@H](NC(=O)c1nn(-c2ccc(F)cc2F)c2c1C[C@H]1C[C@@H]21)C(C)(C)C,3,0.0,0.0,0.0
CC(C)(C)NNC(=O)c1nn(-c2cnccn2)c2c1C[C@H]1C[C@@H]21,3,0.0,0.0,0.0
CC(C)(NC(=O)c1nn(-c2cnccn2)c2c1C[C@H]1C[C@@H]21)C(F)(F)F,3,0.0,0.0,0.0
CC(C)(C)NC(=O)c1nn(-c2cc(Br)ccn2)c2c1C[C@H]1C[C@@H]21,3,0.0,0.0,0.0
COC(=O)c1cc(NC(=O)c2nn(-c3c[n+]([O-])ccn3)c3c2C[C@H]2C[C@@H]32)ccn1,3,0.0,0.0,0.0
CC(C)(C)[C@H](CCC(N)=O)NC(=O)c1nn(-c2c[n+]([O-])ccn2)c2c1C[C@H]1C[C@@H]21,3,0.0,0.0,0.0
CC(C)(C)[C@H](CO)NC(=O)c1nn(-c2c[n+]([O-])ccn2)c2c1C[C@H]1C[C@@H]21,3,0.0,0.0,0.0
CC(C)(C)[C@H](CC(N)=O)NC(=O)c1nn(-c2c[n+]([O-])ccn2)c2c1C[C@@H]1C[C@H]21,3,0.0,0.0,0.0
CC(C)(C)[C@@H](NC(=O)c1nn(-c2c[n+]([O-])ccn2)c2c1C[C@H]1C[C@@H]21)OCC(N)=O,3,0.0,0.0,0.0
CCCCCCC(C)(C)c1ccc([C@H]2C[C@@H](O)CC[C@H]2CCCO)c(O)c1,3,0.0,0.0,0.0
C=C(C)[C@H]1CCC(C)=CC1c1c(O)cc(CCCCC)c(C(=O)OC)c1O,3,0.0,0.0,0.0
C=C(C)[C@H]1CCC(C)=CC1c1c(O)cc(CCC)cc1O,3,0.0,0.0,0.0
C=C(C)[C@H]1CCC(C)=CC1c1c(O)cc(CCCCC)cc1O,3,0.0,0.0,0.0
C=C(C)[C@H]1CCC(C)=CC1c1c(O)cc(CCCCC)c(C(=O)OCCO)c1O,3,0.0,0.0,0.0
C=C(C)[C@H]1CCC(C)=CC1c1c(O)cc(CCCCC)c(C(=O)OCC(O)CCC)c1O,3,0.0,0.0,0.0
CC(NC(=O)c1c(O)c2cc(Br)cnc2n(Cc2ccc(F)cc2)c1=O)c1ccc(F)cc1,3,0.0,0.0,0.0
O=C(NC1CC2(CCC2)C1)c1c(O)c2cc(Br)cnc2n(Cc2ccc(F)cc2)c1=O,3,0.0,0.0,0.0
CC(NC(=O)c1c(O)c2cc(Br)cnc2n(Cc2ccc(F)cc2)c1=O)c1ccc(C#N)cc1,3,0.0,0.0,0.0
CC1CCC(NC(=O)c2c(O)c3cc(-c4ccc(F)cc4)cnc3n(CCN3CCOCC3)c2=O)CC1,3,0.0,0.0,0.0
O=C(NC1CC2(CCC2)C1)c1c(O)c2cc(-c3ccc(F)cc3)cnc2n(CCN2CCOCC2)c1=O,3,0.0,0.0,0.0
O=C(NC1CCC(F)(F)CC1)c1c(O)c2cc(-c3ccc(F)cc3)cnc2n(CCN2CCOCC2)c1=O,3,0.0,0.0,0.0
O=C(NC12CC(C1)C2)c1c(O)c2cc(-c3ccc(F)cc3)cnc2n(CCN2CCOCC2)c1=O,3,0.0,0.0,0.0
CC(NC(=O)c1c(O)c2cc(-c3ccc(F)cc3)cnc2n(CCN2CCOCC2)c1=O)c1ccc(F)cc1,3,0.0,0.0,0.0
COc1ccc(-c2cnc3c(c2)c(O)c(C(=O)NC2CC4(CCC4)C2)c(=O)n3CCN2CCOCC2)cc1,3,0.0,0.0,0.0
O=C(NC1CC2(CCC2)C1)c1c(O)c2cc(-c3ccc(Cl)cc3)cnc2n(CCN2CCOCC2)c1=O,3,0.0,0.0,0.0
O=C(NC12CC(C1)C2)c1c(O)c2cc(-c3ccc(OC(F)F)cc3)cnc2n(CCN2CCOCC2)c1=O,3,0.0,0.0,0.0
COc1ccc(-c2cnc3c(c2)c(O)c(C(=O)NC24CC(C2)C4)c(=O)n3CCN2CCOCC2)cc1,3,0.0,0.0,0.0
CC1CCC(NC(=O)c2c(O)c3cc(-c4ccc(OC(F)F)cc4)cnc3n(CCN3CCOCC3)c2=O)CC1,3,0.0,0.0,0.0
CC1CCC(NC(=O)c2c(O)c3cc(-c4ccc(C#N)cc4)cnc3n(CCN3CCOCC3)c2=O)CC1,3,0.0,0.0,0.0
CC1CCC(NC(=O)c2c(O)c3cc(-c4ccc(C5CC5)cc4)cnc3n(CCN3CCOCC3)c2=O)CC1,3,0.0,0.0,0.0
CC1CCC(NC(=O)c2c(O)c3cc(-c4ccc(OC(C)C)cc4)cnc3n(CCN3CCOCC3)c2=O)CC1,3,0.0,0.0,0.0
CC1CCC(NC(=O)c2c(O)c3cc(-c4ccc5c(c4)OCCO5)cnc3n(CCN3CCOCC3)c2=O)CC1,3,0.0,0.0,0.0
COc1ccc(-c2cnc3c(c2)c(O)c(C(=O)NC2CCC(C)CC2)c(=O)n3CCN2CCOCC2)cc1,3,0.0,0.0,0.0
CC(NC(=O)c1c(O)c2cc(-c3ccc(C#N)cn3)cnc2n(CCN2CCOCC2)c1=O)c1ccc(F)cc1,3,0.0,0.0,0.0
N#Cc1ccc(-c2cnc3c(c2)c(O)c(C(=O)NC2CC4(CCC4)C2)c(=O)n3CCN2CCOCC2)nc1,3,0.0,0.0,0.0
O=C(NC1CC2(CCC2)C1)c1c(O)c2cc(-c3ccc(F)cc3)ccc2n(CCN2CCOCC2)c1=O,3,0.0,0.0,0.0
CC(NC(=O)c1c(O)c2cc(-c3ccc(C#N)cn3)cnc2n(Cc2ccc(F)cc2)c1=O)c1ccc(C#N)cc1,3,0.0,0.0,0.0
O=C(NC1CC2(CCC2)C1)c1c(O)c2cc(-c3ccc(OC(F)F)cn3)cnc2n(CCN2CCOCC2)c1=O,3,0.0,0.0,0.0
COc1ccc(-c2cnc3c(c2)cc(C(=O)NC2CCC(C)(C)CC2)c(=O)n3CCN2CCOCC2)cc1,3,0.0,0.0,0.0
COc1ccc(-c2cnc3c(c2)cc(C(=O)NC2CCC(F)(F)CC2)c(=O)n3CCN2CCOCC2)cc1,3,0.0,0.0,0.0
COc1ccc(-c2cnc3c(c2)cc(C(=O)NC2CCC4(CC2)CC4)c(=O)n3CCN2CCOCC2)cc1,3,0.0,0.0,0.0
COc1ccc(-c2cnc3c(c2)cc(C(=O)NC2CC4(CCC4)C2)c(=O)n3CCN2CCOCC2)cc1,3,0.0,0.0,0.0
COc1ccc(-c2cnc3c(c2)cc(C(=O)NC(C)c2ccc(F)cc2)c(=O)n3CCN2CCOCC2)cc1,3,0.0,0.0,0.0
COc1ccc(-c2cnc3c(c2)cc(C(=O)NC2CC4(COC4)C2)c(=O)n3CCN2CCOCC2)cc1,3,0.0,0.0,0.0
O=C(NC1CC2(CCC2)C1)c1cc2cc(-c3ccc(F)cc3)cnc2n(CCN2CCOCC2)c1=O,3,0.0,0.0,0.0
O=C(NC1CC2(CCC2)C1)c1cc2cc(-c3ccc4c(c3)OCCO4)cnc2n(CCN2CCOCC2)c1=O,3,0.0,0.0,0.0
O=C(NC1CC2(CCC2)C1)c1cc2cc(-c3ccccn3)cnc2n(CCN2CCOCC2)c1=O,3,0.0,0.0,0.0
O=C(NC1CC2(CCC2)C1)c1cc2cc(-c3ccncn3)cnc2n(CCN2CCOCC2)c1=O,3,0.0,0.0,0.0
N#Cc1ccc(-c2cnc3c(c2)cc(C(=O)NC2CC4(CCC4)C2)c(=O)n3CCN2CCOCC2)nc1,3,0.0,0.0,0.0
O=C(NC1CC2(CCC2)C1)c1cc2cc(-c3ccc(F)cn3)cnc2n(CCN2CCOCC2)c1=O,3,0.0,0.0,0.0
O=C(NC1CC2(CCC2)C1)c1cc2cc(-c3ncccn3)cnc2n(CCN2CCOCC2)c1=O,3,0.0,0.0,0.0
COc1ccc(-c2ccc3c(c2)cc(C(=O)NC2CCC(C)(C)CC2)c(=O)n3CCN2CCOCC2)cc1,3,0.0,0.0,0.0
CC(C)(NC(=O)c1cc2cc(-c3ccc(C#N)cn3)cnc2n(CCN2CCOCC2)c1=O)c1ccc(F)cc1,3,0.0,0.0,0.0
CC(NC(=O)c1cc2cc(-c3ccc(C#N)cn3)cnc2n(CCN2CCOCC2)c1=O)c1ccc(C#N)cc1,3,0.0,0.0,0.0
N#Cc1ccc(-c2cnc3c(c2)cc(C(=O)NC2(c4ccc(F)cc4)CC2)c(=O)n3CCN2CCOCC2)nc1,3,0.0,0.0,0.0
N#Cc1ccc(-c2cnc3c(c2)cc(C(=O)NC2CC4(CCC4)C2)c(=O)n3CCN2CCOCC2)cc1,3,0.0,0.0,0.0
CC(NC(=O)c1cc2cc(-c3ccc(C#N)cc3)cnc2n(CCN2CCOCC2)c1=O)c1ccc(F)cc1,3,0.0,0.0,0.0
N#Cc1ccc(-c2cnc3c(c2)cc(C(=O)NC24CC(C2)C4)c(=O)n3CCN2CCOCC2)cc1,3,0.0,0.0,0.0
O=C(NC1CC2(CCC2)C1)c1cc2cc(-c3ccc(OC(F)F)cn3)cnc2n(CCN2CCOCC2)c1=O,3,0.0,0.0,0.0
C[C@@H](NC(=O)c1cc2cc(-c3ccc(OC(F)F)cn3)cnc2n(CCN2CCOCC2)c1=O)c1ccc(F)cc1,3,0.0,0.0,0.0
COc1ccc(-c2cnc3c(c2)cc(C(=O)NC24CC(C2)C4)c(=O)n3CCN2CCOCC2)cc1,3,0.0,0.0,0.0
CC1CCC(NC(=O)c2cc3cc(-c4ccc(OC(F)F)cc4)cnc3n(CCN3CCOCC3)c2=O)CC1,3,0.0,0.0,0.0
O=C(NC1CC2(CCC2)C1)c1cc2cc(-c3ccc(OC(F)F)cc3)cnc2n(CCN2CCOCC2)c1=O,3,0.0,0.0,0.0
CC(NC(=O)c1cc2cc(-c3ccc(OC(F)F)cc3)cnc2n(CCN2CCOCC2)c1=O)c1ccc(F)cc1,3,0.0,0.0,0.0
O=C(NC12CC(C1)C2)c1cc2cc(-c3ccc(OC(F)F)cc3)cnc2n(CCN2CCOCC2)c1=O,3,0.0,0.0,0.0
CC(NC(=O)c1cc2cc(-c3ccc(OC(F)F)cn3)cnc2n(CCN2CCOCC2)c1=O)c1ccc(F)cc1,3,0.0,0.0,0.0
CC(NC(=O)c1cc2cc(-c3ccc(C#N)cn3)cnc2n(CC(C)(C)N2CCOCC2)c1=O)c1ccc(F)cc1,3,0.0,0.0,0.0
CC1CCC(NC(=O)c2cc3cc(-c4ccc(C#N)cn4)cnc3n(CCN3CCOCC3)c2=O)CC1,3,0.0,0.0,0.0
CC(NC(=O)c1cc2cc(-c3ccc(C#N)cn3)cnc2n(CCN2CCOCC2)c1=O)c1ccc(F)cc1,3,0.0,0.0,0.0
N#Cc1ccc(-c2cnc3c(c2)cc(C(=O)NC24CC(C2)C4)c(=O)n3CCN2CCOCC2)nc1,3,0.0,0.0,0.0
CC1CCC(NC(=O)c2cc3cc(-c4ccccn4)cnc3n(CCN3CCOCC3)c2=O)CC1,3,0.0,0.0,0.0
CC1CCC(NC(=O)c2cc3cc(-c4ncccn4)cnc3n(CCN3CCOCC3)c2=O)CC1,3,0.0,0.0,0.0
CC(NC(=O)c1cc2cc(Br)cnc2n(Cc2ncccn2)c1=O)c1ccc(F)cc1,3,0.0,0.0,0.0
CC(NC(=O)c1cc2cc(-c3ccc(F)cc3)cnc2n(Cc2ncccn2)c1=O)c1ccc(F)cc1,3,0.0,0.0,0.0
CC(C)Oc1ccc(-c2cnc3c(c2)cc(C(=O)NC2CC4(CCC4)C2)c(=O)n3Cc2ccc(F)cc2)cc1,3,0.0,0.0,0.0
O=C(NC1CC2(CCC2)C1)c1cc2cc(-c3ccc(OC4CC4)cc3)cnc2n(Cc2ccc(F)cc2)c1=O,3,0.0,0.0,0.0
CS(=O)(=O)c1ccc(-c2cnc3c(c2)cc(C(=O)NC2CC4(CCC4)C2)c(=O)n3Cc2ccc(F)cc2)cc1,3,0.0,0.0,0.0
N#Cc1ccc(-c2cnc3c(c2)cc(C(=O)NC2CC4(CCC4)C2)c(=O)n3Cc2ccc(F)cc2)nc1,3,0.0,0.0,0.0
O=C(Nc1ccccn1)c1cc2cc(Br)cnc2n(Cc2ccc(F)cc2)c1=O,3,0.0,0.0,0.0
Cc1ccc(NC(=O)c2cc3cc(Br)cnc3n(Cc3ccc(F)cc3)c2=O)cc1,3,0.0,0.0,0.0
Cc1c(C(=O)NC2CCC(C)CC2)c(=O)n(CCN2CCOCC2)c2ncc(Br)cc12,3,0.0,0.0,0.0
COc1ccc(-c2cnc3c(c2)c(C)c(C(=O)NC2CCC(C)CC2)c(=O)n3CCN2CCOCC2)cc1,3,0.0,0.0,0.0
COc1ccc(-c2cnc3c(c2)c(C)c(C(=O)NC2CC4(CCC4)C2)c(=O)n3CCN2CCOCC2)cc1,3,0.0,0.0,0.0
COc1ccc(-c2cnc3c(c2)c(C)c(C(=O)NC(C)c2ccc(F)cc2)c(=O)n3CCN2CCOCC2)cc1,3,0.0,0.0,0.0
Cc1c(C(=O)NC2CC3(CCC3)C2)c(=O)n(Cc2ccc(F)cc2)c2ncc(Br)cc12,3,0.0,0.0,0.0
Cc1c(C(=O)NC2CC3(CCC3)C2)c(=O)n(Cc2ccc(C#N)cc2)c2ncc(Br)cc12,3,0.0,0.0,0.0
Cc1c(C(=O)NC2CC3(CCC3)C2)c(=O)n(Cc2cccc(C#N)c2)c2ncc(Br)cc12,3,0.0,0.0,0.0
COc1ccc(-c2cnc3c(c2)c(C)c(C(=O)NC2CCC(C)CC2)c(=O)n3Cc2ccc(F)cc2)cc1,3,0.0,0.0,0.0
O=C(NC1CC2(CCC2)C1)c1cc2cc(Br)cnc2n(Cc2ccc(F)cc2)c1=O,3,0.0,0.0,0.0
O=C(NC12CC(C1)C2)c1cc2cc(Br)cnc2n(Cc2ccc(F)cc2)c1=O,3,0.0,0.0,0.0
O=C(NC12CC(C1)C2)c1cc2cc(C3CC3)cnc2n(Cc2ccc(F)cc2)c1=O,3,0.0,0.0,0.0
CC(C)c1cnc2c(c1)cc(C(=O)NC13CC(C1)C3)c(=O)n2Cc1ccc(F)cc1,3,0.0,0.0,0.0
CC(C)c1cnc2c(c1)cc(C(=O)N[C@H](C)c1ccc(C#N)cc1)c(=O)n2Cc1ccc(F)cc1,3,0.0,0.0,0.0
CC(C)c1cnc2c(c1)cc(C(=O)NC1(c3ccc(C#N)cc3)CC1)c(=O)n2Cc1ccc(F)cc1,3,0.0,0.0,0.0
C[C@@H](NC(=O)c1cc2cc(Br)cnc2n(Cc2ccc(F)cc2)c1=O)c1ccc(F)cc1,3,0.0,0.0,0.0
C=C(C)c1cnc2c(c1)cc(C(=O)N[C@H](C)c1ccc(F)cc1)c(=O)n2Cc1ccc(F)cc1,3,0.0,0.0,0.0
CC(C)c1cnc2c(c1)cc(C(=O)N[C@H](C)c1ccc(F)cc1)c(=O)n2Cc1ccc(F)cc1,3,0.0,0.0,0.0
C[C@H](NC(=O)c1cc2cc(Br)cnc2n(Cc2ccc(F)cc2)c1=O)c1ccc(F)cc1,3,0.0,0.0,0.0
C[C@@H](NC(=O)c1cc2cc(Br)cnc2n(Cc2ccc(F)cc2)c1=O)c1ccc(C#N)cc1,3,0.0,0.0,0.0
O=C(NC1CC2(CCC2)C1)c1cc2cc(C3CC3)cnc2n(Cc2ccc(F)cc2)c1=O,3,0.0,0.0,0.0
C[C@@H](NC(=O)c1cc2cc(C3CC3)cnc2n(Cc2ccc(F)cc2)c1=O)c1ccc(F)cc1,3,0.0,0.0,0.0
C[C@@H](NC(=O)c1cc2cc(C3CC3)cnc2n(Cc2ccc(F)cc2)c1=O)c1ccc(C#N)cc1,3,0.0,0.0,0.0
O=C(NC1CC2(CCC2)C1)c1cc2cc(Br)cnc2n(Cc2cccnc2)c1=O,3,0.0,0.0,0.0
O=C(NC1CC2(CCC2)C1)c1cc2cc(-c3ccc(F)cc3)cnc2n(Cc2cccnc2)c1=O,3,0.0,0.0,0.0
O=C(NC1CC2(CCC2)C1)c1cc2cc(Br)cnc2n(Cc2ccc(F)cn2)c1=O,3,0.0,0.0,0.0
CC(C)c1cnc2c(c1)cc(C(=O)N[C@H](C)c1ccc(F)cc1)c(=O)n2Cc1ccc(F)cn1,3,0.0,0.0,0.0
C[C@@H](NC(=O)c1cc2cc(C3COC3)cnc2n(Cc2ccc(F)cc2)c1=O)c1ccc(C#N)cc1,3,0.0,0.0,0.0
O=C(NC1CC2(CCC2)C1)c1cc2cc(C3COC3)cnc2n(Cc2ccc(F)cc2)c1=O,3,0.0,0.0,0.0
C[C@@H](NC(=O)c1cc2cc(C3COC3)cnc2n(Cc2ccc(F)cc2)c1=O)c1ccc(F)cc1,3,0.0,0.0,0.0
C[C@@H](NC(=O)c1cc2cc(Br)cnc2n(Cc2ccc(C#N)cc2)c1=O)c1ccc(F)cc1,3,0.0,0.0,0.0
COc1ccc(-c2cnc3c(c2)cc(C(=O)NCc2ccc(F)cc2)c(=O)n3CCN2CCOCC2)cc1,3,0.0,0.0,0.0
O=C(NC1CC2(CCC2)C1)c1cc2cc(-c3ccc(F)cc3)cnc2n(Cc2ccccn2)c1=O,3,0.0,0.0,0.0
CC(C)c1cnc2c(c1)cc(C(=O)N[C@H](C)c1ccc(C#N)cc1)c(=O)n2Cc1ccc(F)cn1,3,0.0,0.0,0.0
C[C@H]1CC[C@@H](NC(=O)c2c(O)c3cc(-c4ccc(F)cc4)cnc3n(CCN3CCOCC3)c2=O)CC1,3,0.0,0.0,0.0
CC12CC(NC(=O)c3c(O)c4cc(-c5ccc(F)cc5)cnc4n(CCN4CCOCC4)c3=O)(C1)C2,3,0.0,0.0,0.0
CC1(C)CC(NC(=O)c2c(O)c3cc(-c4ccc(F)cc4)cnc3n(CCN3CCOCC3)c2=O)C1,3,0.0,0.0,0.0
O=C(NC1CC2(CC2)C1)c1c(O)c2cc(-c3ccc(F)cc3)cnc2n(CCN2CCOCC2)c1=O,3,0.0,0.0,0.0
C[C@H]1C[C@@H](NC(=O)c2c(O)c3cc(-c4ccc(F)cc4)cnc3n(CCN3CCOCC3)c2=O)C1,3,0.0,0.0,0.0
C[C@H]1C[C@H](NC(=O)c2c(O)c3cc(-c4ccc(F)cc4)cnc3n(CCN3CCOCC3)c2=O)C1,3,0.0,0.0,0.0
O=C(NC12CCC(C1)C2)c1c(O)c2cc(-c3ccc(F)cc3)cnc2n(CCN2CCOCC2)c1=O,3,0.0,0.0,0.0
O=C(NC12CCC(CC1)CC2)c1c(O)c2cc(-c3ccc(F)cc3)cnc2n(CCN2CCOCC2)c1=O,3,0.0,0.0,0.0
CC(C)(CO)NC(=O)c1c(O)c2cc(-c3ccc(F)cc3)cnc2n(CCN2CCOCC2)c1=O,3,0.0,0.0,0.0
CC(C)(C)NC(=O)c1c(O)c2cc(-c3ccc(F)cc3)cnc2n(CCN2CCOCC2)c1=O,3,0.0,0.0,0.0
COC(=O)C(C)(C)NC(=O)c1c(O)c2cc(-c3ccc(F)cc3)cnc2n(CCN2CCOCC2)c1=O,3,0.0,0.0,0.0
CC(C)(NC(=O)c1c(O)c2cc(-c3ccc(F)cc3)cnc2n(CCN2CCOCC2)c1=O)C(=O)O,3,0.0,0.0,0.0
O=C(NC1(CO)CCCCC1)c1c(O)c2cc(-c3ccc(F)cc3)cnc2n(CCN2CCOCC2)c1=O,3,0.0,0.0,0.0
O=C(NC12CC(C1)C2)c1c(O)c2cc(-c3ccc(F)cn3)cnc2n(CCN2CCOCC2)c1=O,3,0.0,0.0,0.0
O=C(NC12CC(C1)C2)c1c(O)c2cc(-c3ccccn3)cnc2n(CCN2CCOCC2)c1=O,3,0.0,0.0,0.0
O=C(NC12CC(C1)C2)c1c(O)c2cc(-c3ccncc3)cnc2n(CCN2CCOCC2)c1=O,3,0.0,0.0,0.0
O=C(NC12CC(C1)C2)c1c(O)c2cc(C3=CCCC3)cnc2n(CCN2CCOCC2)c1=O,3,0.0,0.0,0.0
O=C(NC12CC(C1)C2)c1c(O)c2cc(C3CCCC3)cnc2n(CCN2CCOCC2)c1=O,3,0.0,0.0,0.0
O=C(NC12CC(C1)C2)c1c(O)c2cc(C3CCC3)cnc2n(CCN2CCOCC2)c1=O,3,0.0,0.0,0.0
O=C(NC12CC(C1)C2)c1c(O)c2cc(-c3ccc(F)cc3)cnc2n(CCN2CCCCC2)c1=O,3,0.0,0.0,0.0
O=C(NC12CC(C1)C2)c1c(O)c2cc(-c3ccc(F)cc3)cnc2n(Cc2ccncc2)c1=O,3,0.0,0.0,0.0
O=C(NC12CC(C1)C2)c1c(O)c2cc(-c3ccc(F)cc3)cnc2n(Cc2cccnc2)c1=O,3,0.0,0.0,0.0
O=C(NC12CC(C1)C2)c1c(O)c2cc(-c3ccc(F)cc3)cnc2n(Cc2ccc(F)cn2)c1=O,3,0.0,0.0,0.0
CN1CCN(CCn2c(=O)c(C(=O)NC34CC(C3)C4)c(O)c3cc(-c4ccc(F)cc4)cnc32)CC1,3,0.0,0.0,0.0
O=C(NC12CC(C1)C2)c1c(O)c2cc(-c3ccc(F)cc3)cnc2n(CCN2CCC(F)CC2)c1=O,3,0.0,0.0,0.0
O=C(NC1CC2(CCC2)C1)c1c(O)c2cccnc2n(Cc2ccc(F)cc2)c1=O,3,0.0,0.0,0.0
O=C(NC1CC2(CCC2)C1)c1c(O)c2cccnc2n(CCN2CCOCC2)c1=O,3,0.0,0.0,0.0
O=C(NC12CC(C1)C2)c1c(O)c2cccnc2n(CCN2CCOCC2)c1=O,3,0.0,0.0,0.0
C[C@H]1CC[C@@H](NC(=O)c2c(O)c3cccnc3n(CCN3CCOCC3)c2=O)CC1,3,0.0,0.0,0.0
O=C(NC1(CO)CCCCC1)c1c(O)c2cccnc2n(CCN2CCOCC2)c1=O,3,0.0,0.0,0.0
O=C(NC12CC(C1)C2)c1c(O)c2cccnc2n(Cc2ccc(F)cc2)c1=O,3,0.0,0.0,0.0
CC(C)(CO)NC(=O)c1c(O)c2cccnc2n(Cc2ccc(F)cc2)c1=O,3,0.0,0.0,0.0
CC12CC(NC(=O)c3c(O)c4cccnc4n(Cc4ccc(F)cc4)c3=O)(C1)C2,3,0.0,0.0,0.0
O=C(NC1CC2(CC2)C1)c1c(O)c2cccnc2n(Cc2ccc(F)cc2)c1=O,3,0.0,0.0,0.0
C[C@H]1CC[C@@H](NC(=O)c2c(O)c3cccnc3n(Cc3ccc(F)cc3)c2=O)CC1,3,0.0,0.0,0.0
C[C@H]1CC[C@H](NC(=O)c2c(O)c3cccnc3n(Cc3ccc(F)cc3)c2=O)CC1,3,0.0,0.0,0.0
O=C(NC1(CO)CCCCC1)c1c(O)c2cccnc2n(Cc2ccc(F)cc2)c1=O,3,0.0,0.0,0.0
O=C(NC12CC(C1)C2)c1c(O)c2nccnc2n(CCN2CCOCC2)c1=O,3,0.0,0.0,0.0
O=C(NC12CC(C1)C2)c1c(O)c2nccnc2n(Cc2ccc(F)cc2)c1=O,3,0.0,0.0,0.0
COc1ccc(-c2cnc3c(c2)c(O)c(C(=O)N[C@H]2CC[C@H](C)CC2)c(=O)n3CCN2CCOCC2)cc1,3,0.0,0.0,0.0
COc1ccc(-c2cnc3c(c2)c(O)c(C(=O)N[C@H]2CC[C@@H](C)CC2)c(=O)n3CCN2CCOCC2)cc1,3,0.0,0.0,0.0
COc1ccc(-c2cnc3c(c2)c(O)c(C(=O)N[C@H](C)c2ccc(F)cc2)c(=O)n3CCN2CCOCC2)cc1,3,0.0,0.0,0.0
COc1ccc(-c2cnc3c(c2)c(O)c(C(=O)N[C@@H](C)c2ccc(F)cc2)c(=O)n3CCN2CCOCC2)cc1,3,0.0,0.0,0.0
COc1ccc(-c2cnc3c(c2)c(O)c(C(=O)NC2CCCCC2)c(=O)n3CCN2CCOCC2)cc1,3,0.0,0.0,0.0
O=C(NC1CCCCC1)c1c(O)c2cc(-c3ccc(F)cc3)cnc2n(CCN2CCOCC2)c1=O,3,0.0,0.0,0.0
C[C@H]1CC[C@H](NC(=O)c2c(O)c3cc(-c4ccc(OC(F)F)cc4)cnc3n(CCN3CCOCC3)c2=O)CC1,3,0.0,0.0,0.0
C[C@H]1CC[C@@H](NC(=O)c2c(O)c3cc(-c4ccc(OC(F)F)cc4)ccc3n(CCN3CCOCC3)c2=O)CC1,3,0.0,0.0,0.0
C[C@H]1CC[C@@H](NC(=O)c2c(O)c3cc(-c4ccc(F)cc4)ccc3n(CCN3CCOCC3)c2=O)CC1,3,0.0,0.0,0.0
COc1ccc(-c2ccc3c(c2)c(O)c(C(=O)N[C@H]2CC[C@@H](C)CC2)c(=O)n3CCN2CCOCC2)cc1,3,0.0,0.0,0.0
CCCCCCCC(=O)OCC(=O)NCCc1ccc(O)c(O)c1,2,0.0,0.0,0.0
CCCCC/C=C\C/C=C\C/C=C\C/C=C\CCCC(=O)OCC(=O)NCCO,2,0.0,0.0,0.0
C=CCNC(=O)COC(=O)CCC/C=C\C/C=C\C/C=C\C/C=C\CCCCC,2,0.0,0.0,0.0
CCCCCCCC/C=C\CCCCCCCC(=O)OCC(=O)NC1CC1,2,0.0,0.0,0.0
CCCCC/C=C\C/C=C\C/C=C\C/C=C\CCCC(=O)OCC(=O)NC1CC1,2,0.0,0.0,0.0
CC(C)=CCC/C(C)=C/CC/C(C)=C/CC/C=C(\C)CC/C=C(\C)CCC(=O)OCC(=O)NC1CC1,2,0.0,0.0,0.0
O=C(CO)NCCc1ccc(O)c(O)c1,2,0.0,0.0,0.0
O=C(CO)NCCc1cc(O)c(O)cc1I,2,0.0,0.0,0.0
O=C(CO)NCCO,2,0.0,0.0,0.0
C=CCNC(=O)CO,2,0.0,0.0,0.0
O=C(CO)NC1CC1,2,0.0,0.0,0.0
CC(C)=CCC/C(C)=C/C(=O)OCC(=O)NCCc1ccc(O)c(O)c1,2,0.0,0.0,0.0
CC(C)=CCC/C(C)=C/C(=O)OCC(=O)NCCc1cc(O)c(O)cc1I,2,0.0,0.0,0.0
C=C(C)[C@H]1CCC(C)=C[C@@H]1c1c(O)cc(CCCCC)c(C(=O)OCC(O)CCC)c1O,2,0.0,0.0,1.0
CCCCCCC(C)(C)c1cc(O)c(-c2c(CO)cccc2C(C)C)c(OC)c1,2,0.0,0.0,0.0
CCCCCn1nc(-c2cccs2)cc1C(=O)NC(C)(C)CO,3,0.0,0.0,0.0
CCCCCn1nc(-c2ccco2)cc1C(=O)NC(C)(C)CO,3,0.0,0.0,0.0
CCCCCn1nc(-c2cccn2C)cc1C(=O)NC(C)(C)CO,3,0.0,0.0,0.0
CCCCCn1nc(-c2cccn2CC)cc1C(=O)NC(C)(C)CO,3,0.0,0.0,0.0
CCCCCn1nc(C(=O)NC(C)(C)CO)cc1-c1cccs1,3,0.0,0.0,0.0
CCCCCn1nc(C(=O)NC(C)(C)CO)cc1-c1cccn1C,3,0.0,0.0,0.0
CCCCCn1nc(C(=O)NC(C)(C)CO)cc1-c1cccn1CC,3,0.0,0.0,0.0
CCCCCn1nc(C(=O)NC(C)(C)CO)cc1-c1ccsc1,3,0.0,0.0,0.0
CCCCCn1nc(C(=O)NC(C)(C)CO)cc1-c1nccn1C,3,0.0,0.0,0.0
CCCCCn1nc(C(=O)NC(C)(C)CO)cc1-c1ccnn1C,3,0.0,0.0,0.0
CCCCCn1nc(C(=O)NC(C)(C)CO)cc1-c1nccs1,3,0.0,0.0,0.0
CCCCCn1nc(C(=O)NC(C)(C)CO)cc1-c1sccc1C,3,0.0,0.0,0.0
CCCCCn1nc(C(=O)NC(C)(C)CO)cc1-c1cc(C)cs1,3,0.0,0.0,0.0
CCCCCn1nc(C(=O)NC(C)(C)CO)cc1-c1ccc(C)s1,3,0.0,0.0,0.0
CCCCCn1nc(C(=O)NC(C)(C)CO)cc1-c1sccc1Cl,3,0.0,0.0,0.0
CCCCCn1nc(C(=O)NC(C)(C)CO)cc1-c1cc(Cl)cs1,3,0.0,0.0,0.0
CCCCCn1nc(C(=O)NC(C)(C)CO)cc1-c1ccc(Cl)s1,3,0.0,0.0,0.0
CCCCCCC(C)(C)c1ccc([C@@H]2C[C@H](C)CC[C@H]2CCCO)c(O)c1,3,0.0,0.0,0.0
CCCCn1nc(C(=O)NC(C)(C)CO)cc1-c1cccs1,3,0.0,0.0,0.0
CCCCCCn1nc(C(=O)NC(C)(C)CO)cc1-c1cccs1,3,0.0,0.0,0.0
CC(C)(CO)NC(=O)c1cc(-c2cccs2)n(CC2CC2)n1,3,0.0,0.0,0.0
COCCn1nc(C(=O)NC(C)(C)CO)cc1-c1cccs1,3,0.0,0.0,0.0
Cc1ccc(-n2nc(C(=O)NC(C)(C)CO)cc2-c2cccs2)cc1,3,0.0,0.0,0.0
CC(C)(CO)NC(=O)c1cc(-c2cccs2)n(-c2ccc(F)cc2)n1,3,0.0,0.0,0.0
CC(C)(CO)NC(=O)c1cc(-c2cccs2)n(-c2ccc(Cl)cc2)n1,3,0.0,0.0,0.0
COc1ccc(-n2nc(C(=O)NC(C)(C)CO)cc2-c2cccs2)cc1,3,0.0,0.0,0.0
CCCCn1nc(C(=O)NC(C)(C)CO)cc1-c1cccn1C(C)C,3,0.0,0.0,0.0
CCCCn1nc(C(=O)NC(C)(C)CO)cc1-c1ccn(C)c1,3,0.0,0.0,0.0
CCCCn1nc(C(=O)NC(C)(C)CO)cc1-c1cncs1,3,0.0,0.0,0.0
CCCCCn1nc(C(=O)NC(C)(C)CO)cc1-c1ccco1,3,0.0,0.0,0.0
Cc1c(Br)cc(C(=O)NC2CCCCCC2)c(=O)n1CCCCCn1cc(CCC(=O)NCC(c2ccccc2)c2c(-c3ccccc3)[nH]c3ccccc23)nn1,8,0.0,0.0,0.0
Cc1c(Br)cc(C(=O)NC2CCCCCC2)c(=O)n1CCCCCn1cc(CCCC(=O)NCC(c2ccccc2)c2c(-c3ccccc3)[nH]c3ccccc23)nn1,8,0.0,0.0,0.0
Cc1c(Br)cc(C(=O)NC2CCCCCC2)c(=O)n1CCCCCn1cc(CCCCC(=O)NCC(c2ccccc2)c2c(-c3ccccc3)[nH]c3ccccc23)nn1,8,0.0,0.0,0.0
Cc1c(Br)cc(C(=O)NC2CCCCCC2)c(=O)n1CCCn1cc(CCC(=O)NCC(c2ccccc2)c2c(-c3ccccc3)[nH]c3ccccc23)nn1,8,0.0,0.0,0.0
Cc1c(Br)cc(C(=O)NC2CCCCCC2)c(=O)n1CCCn1cc(CCCC(=O)NCC(c2ccccc2)c2c(-c3ccccc3)[nH]c3ccccc23)nn1,8,0.0,0.0,0.0
Cc1c(Br)cc(C(=O)NC2CCCCCC2)c(=O)n1CCCn1cc(CCCCC(=O)NCC(c2ccccc2)c2c(-c3ccccc3)[nH]c3ccccc23)nn1,7,0.0,0.0,0.0
O=c1c(NCc2ccccc2)c(Nc2ccc(Cl)cc2)c1=O,2,0.0,0.0,0.0
O=c1c(NCCc2ccccc2)c(Nc2ccc(Cl)cc2)c1=O,3,0.0,0.0,1.0
O=c1c(NCCCc2ccccc2)c(Nc2ccc(Cl)cc2)c1=O,2,0.0,0.0,0.0
Cc1ccccc1CCNc1c(Nc2ccc(Cl)cc2)c(=O)c1=O,3,0.0,0.0,0.0
Cc1cccc(CCNc2c(Nc3ccc(Cl)cc3)c(=O)c2=O)c1,3,0.0,0.0,1.0
Cc1ccc(CCNc2c(Nc3ccc(Cl)cc3)c(=O)c2=O)cc1,3,0.0,0.0,0.0
Cc1ccc(CCNc2c(Nc3ccc(Cl)cc3)c(=O)c2=O)cc1C,3,0.0,0.0,1.0
COc1ccccc1CCNc1c(Nc2ccc(Cl)cc2)c(=O)c1=O,3,0.0,0.0,0.0
COc1cccc(CCNc2c(Nc3ccc(Cl)cc3)c(=O)c2=O)c1,3,0.0,0.0,0.0
COc1ccc(CCNc2c(Nc3ccc(Cl)cc3)c(=O)c2=O)cc1,3,0.0,0.0,0.0
O=c1c(NCCc2cccc(O)c2)c(Nc2ccc(Cl)cc2)c1=O,3,0.0,0.0,0.0
CN(C)c1cccc(CCNc2c(Nc3ccc(Cl)cc3)c(=O)c2=O)c1,3,0.0,0.0,0.0
CN(C)c1ccc(CCNc2c(Nc3ccc(Cl)cc3)c(=O)c2=O)cc1,3,0.0,0.0,1.0
CCN(CC)c1ccc(CCNc2c(Nc3ccc(Cl)cc3)c(=O)c2=O)cc1,3,0.0,0.0,1.0
O=c1c(NCCc2ccc(N3CCCCC3)cc2)c(Nc2ccc(Cl)cc2)c1=O,2,0.0,0.0,0.0
O=c1c(NCCc2ccc(N3CCCC3)cc2)c(Nc2ccc(Cl)cc2)c1=O,2,0.0,0.0,0.0
O=c1c(NCCc2ccc(N3CCC3)cc2)c(Nc2ccc(Cl)cc2)c1=O,2,0.0,0.0,0.0
O=c1c(NCCc2ccccc2F)c(Nc2ccc(Cl)cc2)c1=O,3,0.0,0.0,0.0
O=c1c(NCCc2cccc(F)c2)c(Nc2ccc(Cl)cc2)c1=O,3,0.0,0.0,1.0
O=c1c(NCCc2ccc(F)cc2)c(Nc2ccc(Cl)cc2)c1=O,3,0.0,0.0,1.0
O=c1c(NCCc2ccc(F)cc2F)c(Nc2ccc(Cl)cc2)c1=O,3,0.0,0.0,1.0
O=c1c(NCCc2ccccc2Cl)c(Nc2ccc(Cl)cc2)c1=O,2,0.0,0.0,0.0
O=c1c(NCCc2ccc(Cl)cc2)c(Nc2ccc(Cl)cc2)c1=O,3,0.0,0.0,1.0
O=c1c(NCCc2ccc(Cl)cc2Cl)c(Nc2ccc(Cl)cc2)c1=O,3,0.0,0.0,1.0
O=c1c(NCCc2ccc(Cl)c(Cl)c2)c(Nc2ccc(Cl)cc2)c1=O,3,0.0,0.0,0.0
O=c1c(NCCc2ccccc2C(F)(F)F)c(Nc2ccc(Cl)cc2)c1=O,3,0.0,0.0,0.0
O=c1c(NCCc2cccc(C(F)(F)F)c2)c(Nc2ccc(Cl)cc2)c1=O,3,0.0,0.0,1.0
O=c1c(NCCc2ccc(C(F)(F)F)cc2)c(Nc2ccc(Cl)cc2)c1=O,3,0.0,0.0,1.0
O=c1c(NCCc2ccc(Br)cc2)c(Nc2ccc(Cl)cc2)c1=O,3,0.0,0.0,1.0
CC(=O)c1ccc(CCNc2c(Nc3ccc(Cl)cc3)c(=O)c2=O)cc1,3,0.0,0.0,1.0
O=c1c(NCCc2cccs2)c(Nc2ccc(Cl)cc2)c1=O,3,0.0,0.0,1.0
O=c1c(NCCc2ccccn2)c(Nc2ccc(Cl)cc2)c1=O,3,0.0,0.0,0.0
O=c1c(NCCc2ccncc2)c(Nc2ccc(Cl)cc2)c1=O,2,0.0,0.0,0.0
O=c1c(NCCN2CCCCC2)c(Nc2ccc(Cl)cc2)c1=O,2,0.0,0.0,0.0
O=c1c(Nc2ccc(Cl)cc2)c(N2CCN(c3ccc(Cl)cc3)CC2)c1=O,2,0.0,0.0,0.0
O=c1c(NCCc2cccc(Cl)c2)c(Nc2ccc(Cl)cc2)c1=O,6,0.0,0.0,0.0
C=C(C)[C@@H]1CCC(C)=C[C@H]1c1c(OC)cc(CCCCC)cc1OCCCOc1cc(CCCCC)cc(OC)c1[C@@H]1C=C(C)CC[C@H]1C(=C)C,2,0.0,0.0,0.0
C=C(C)[C@@H]1CCC(C)=C[C@H]1c1c(OC)cc(CCCCC)cc1OCCCCCOc1cc(CCCCC)cc(OC)c1[C@@H]1C=C(C)CC[C@H]1C(=C)C,2,0.0,0.0,0.0
Cc1ccc(S(=O)(=O)N[C@H]2CCCOc3c2nn(-c2ccccc2Cl)c3-c2ccc(Cl)cc2)cc1,2,0.0,0.0,1.0
O=S(=O)(N[C@H]1CCCOc2c1nn(-c1ccccc1Cl)c2-c1ccc(Cl)cc1)c1ccc(Cl)cc1,2,0.0,0.0,1.0
CS(=O)(=O)N[C@H]1CCCOc2c1nn(-c1ccccc1Cl)c2-c1ccc(Cl)cc1,2,0.0,0.0,1.0
CNC(=O)N[C@H]1CCCOc2c1nn(-c1ccccc1Cl)c2-c1ccc(Cl)cc1,2,0.0,0.0,0.0
CS(=O)(=O)N1CCC(N[C@H]2CCCOc3c2nn(-c2ccccc2Cl)c3-c2ccc(Cl)cc2)CC1,2,0.0,0.0,1.0
CCOC(=O)N1CCC(N[C@H]2CCCOc3c2nn(-c2ccccc2Cl)c3-c2ccc(Cl)cc2)CC1,2,0.0,0.0,0.0
O=S(=O)(c1ccc(Cl)cc1)N1CCC(N[C@H]2CCCOc3c2nn(-c2ccccc2Cl)c3-c2ccc(Cl)cc2)CC1,2,0.0,0.0,1.0
CCNc1cc(C#Cc2ccc(OC3CCN(C(N)=O)CC3)cc2)ccn1,2,0.0,0.0,0.0
CCNc1cc(C#Cc2ccc(OC3CCN(C(=O)N(C)C)CC3)cc2)ccn1,2,0.0,0.0,0.0
COc1cc(C(=O)NC[C@](O)(c2cc(C(C)(C)O)c(F)c(-c3ccc(F)cc3)n2)C(F)(F)F)cc2cc(C)nnc12,2,0.0,0.0,0.0
FC(F)c1ncn2c1Cn1ncnc1-c1cc(Br)ccc1-2,2,0.0,0.0,0.0
CCN(C(=O)c1cccc(F)c1-c1ncccn1)[C@@H](C)CNc1ncc(C(F)(F)F)cn1,2,0.0,0.0,0.0
CN(CC(C)(C)Nc1ncc(C(F)(F)F)cn1)C(=O)c1cccc(F)c1-n1nccn1,2,0.0,0.0,0.0
Cc1c(C#Cc2nc(C(N)=O)n(-c3cccnc3)c2C)ccnc1Cl,2,0.0,0.0,0.0
Cc1nc(C(=O)NCc2cccnc2)cnc1OCC(F)(F)c1cc(Cl)ccn1,2,0.0,0.0,0.0
O=C(O)C1CCN(CCCOc2ccc3[nH]c(-c4cc5ccccc5nc4O)cc3c2)CC1,2,0.0,0.0,0.0
Oc1nc2ccccc2cc1-c1cc2cc(OCCN3CCCCC3)ccc2[nH]1,2,0.0,0.0,0.0
COCCN(C)CCOc1ccc2[nH]c(-c3cc4ccccc4nc3O)cc2c1,2,0.0,0.0,0.0
N[C@H](C(=O)N1CCSC1)[C@H]1CC[C@H](NC(=O)c2ccc(F)c(F)c2)CC1,2,0.0,0.0,0.0
N[C@H](C(=O)N1CCCC1)[C@H]1CC[C@H](NC(=O)OCc2ccccc2)CC1,2,0.0,0.0,0.0
CN([C@H]1c2cc(OCCCC(F)(F)F)ccc2OC(C)(C)[C@@H]1O)S(C)(=O)=O,2,0.0,0.0,0.0
N[C@H](C(=O)N1CCCC1)[C@H]1CC[C@H](NS(=O)(=O)c2ccc(F)cc2F)CC1,2,0.0,0.0,0.0
Fc1ccc(Cn2c(NC3CCNCC3)nc3ccccc32)cc1,6,0.0,1.0,0.0
N[C@H](C(=O)N1CCCC1)[C@H]1CC[C@H](NS(=O)(=O)c2ccc(OC(F)(F)F)cc2)CC1,2,0.0,0.0,0.0
Cc1cccc(CCN2CCC(C(=O)c3ccc(NS(C)(=O)=O)cc3)CC2)n1,8,0.0,1.0,0.0
N[C@H](C(=O)N1CCSC1)[C@H]1CC[C@H](NS(=O)(=O)c2ccc(OC(F)(F)F)cc2)CC1,2,0.0,0.0,0.0
CN1CCN(CCCCN2C(=O)CN(/N=C/c3ccc(-c4ccc(Cl)cc4)o3)C2=O)CC1,7,0.0,1.0,0.0
COc1cccc([C@H](O)C2CCN(CCc3ccc(F)cc3)CC2)c1OC,4,0.0,0.0,0.0
Fc1ccc(CCN2CCC3(CCc4ccccc4C3)CC2)c(F)c1,2,0.0,1.0,0.0
N#Cc1ccc(S(=O)(=O)C2CCN(CCc3ccc(F)cc3F)CC2)cc1,2,0.0,1.0,0.0
CC(C)(O)c1ccc(C(Cc2ccc[n+]([O-])c2)c2ccc(OC(F)F)c(OC3CC3)c2)cn1,2,0.0,0.0,0.0
O=S(=O)(c1ccccc1)C1CCN(CCc2ccc(F)cc2F)CC1,3,0.0,1.0,0.0
Fc1ccc2c([C@@H]3CNCC[C@H]3F)c(-c3ccccc3)[nH]c2c1,3,0.0,0.0,0.0
CC(C)(O)c1ccc(C(Cc2cc[n+]([O-])cc2)c2ccc(OC(F)F)c(OC3CC3)c2)cn1,2,0.0,0.0,0.0
NC(=O)c1ccc(S(=O)(=O)C2CCN(CCc3ccc(F)cc3F)CC2)cc1,2,0.0,0.0,0.0
N#Cc1cccc(S(=O)(=O)C2CCN(CCc3ccc(F)cc3F)CC2)c1,2,0.0,0.0,0.0
OC1c2ccccc2CCC12CCN(CCc1ccccc1)CC2,2,0.0,0.0,0.0
O=S(=O)(c1ccc(F)cc1)C1CCN(CCc2ccc(F)cc2F)CC1,5,0.0,1.0,0.0
O=S1(=O)c2cccc3cccc(c23)N1CCCN1CCN(c2ccc(F)cc2)CC1,2,0.0,1.0,0.0
O=S1(=O)c2ccccc2CCC12CCN(CCc1ccc(F)cc1F)CC2,2,0.0,1.0,0.0
O=S(=O)(c1ccccc1)C1CCN(CCCc2ccccc2)CC1,2,0.0,0.0,0.0
CC(C)(O)c1ccc(C(Cc2cc[n+]([O-])cc2)c2ccc(OC(F)F)c(OC(F)F)c2)cn1,2,0.0,0.0,0.0
Fc1ccc(CCN2CCC3(CCc4ccccc4O3)CC2)c(F)c1,2,0.0,1.0,0.0
O=C(CN1CCC(S(=O)(=O)c2ccccc2)CC1)c1ccc(F)cc1,2,0.0,0.0,0.0
NC(=O)c1cccc(S(=O)(=O)C2CCN(CCc3ccc(F)cc3F)CC2)c1,2,0.0,0.0,0.0
O=S(=O)(c1ccc(Cl)cc1)C1CCN(CCc2ccc(F)cc2F)CC1,2,0.0,1.0,0.0
COc1ccc2c(c1)CCC1(CCN(CCc3ccc(F)cc3F)CC1)O2,2,0.0,1.0,0.0
N#Cc1ccccc1S(=O)(=O)C1CCN(CCc2ccc(F)cc2F)CC1,2,0.0,0.0,0.0
O=S(=O)(c1ccccc1)C1CCN(CCc2ccccc2)CC1,2,0.0,0.0,0.0
F[C@@H]1CCNC[C@H]1c1c(-c2ccccc2)[nH]c2ccccc12,2,0.0,0.0,0.0
F[C@@H]1CCNC[C@H]1c1c(-c2ccccc2)[nH]c2ccc(Cl)cc12,2,0.0,0.0,0.0
Fc1ccc2c([C@@H]3CNCC[C@H]3F)c(-c3cccc4ccccc34)[nH]c2c1,2,0.0,1.0,0.0
Fc1ccc2c([C@@H]3CNCC[C@H]3F)c(C3CCCCC3)[nH]c2c1,2,0.0,0.0,0.0
F[C@@H]1CCNC[C@H]1c1c(-c2ccccc2)[nH]c2c(Cl)cccc12,2,0.0,0.0,0.0
c1ccc(-c2[nH]c3ccccc3c2C2CCNCC2)cc1,2,0.0,0.0,0.0
Fc1ccc2c([C@@H]3CNCC[C@H]3F)c(-c3ccsc3)[nH]c2c1,2,0.0,0.0,0.0
COC(=O)c1[nH]c2cc(F)ccc2c1[C@@H]1CNCC[C@H]1F,2,0.0,0.0,0.0
Fc1ccc(-c2[nH]c3cc(F)ccc3c2C2CCCNC2)cc1,2,0.0,0.0,0.0
Fc1ccc2c([C@@H]3CNCC[C@H]3F)c(-c3ccc4ccccc4c3)[nH]c2c1,2,0.0,1.0,0.0
c1ccc(CCN2CCCC(c3c(-c4ccccc4)[nH]c4ccccc34)C2)cc1,2,0.0,1.0,0.0
Fc1cccc2c([C@@H]3CNCC[C@H]3F)c(-c3ccccc3)[nH]c12,2,0.0,0.0,0.0
Fc1ccc(-c2[nH]c3cc(F)ccc3c2[C@@H]2CNCC[C@H]2F)cc1,2,0.0,0.0,0.0
Fc1ccc2c([C@@H]3CNCC[C@H]3F)c(-c3cccnc3)[nH]c2c1,2,0.0,0.0,0.0
c1ccc(CCN2CCC(c3c(-c4ccccc4)[nH]c4ccccc34)CC2)cc1,2,0.0,1.0,0.0
Fc1ccc2[nH]c(-c3ccccc3)c([C@@H]3CNCC[C@H]3F)c2c1,2,0.0,0.0,0.0
CN1CCCC(c2c(-c3ccccc3)[nH]c3ccccc23)C1,2,0.0,0.0,0.0
c1ccc(CN2CCCC(c3c(-c4ccccc4)[nH]c4ccccc34)C2)cc1,2,0.0,1.0,0.0
CN1CCCCC1c1c(-c2ccccc2)[nH]c2ccccc12,2,0.0,0.0,0.0
F[C@@H]1CCNC[C@H]1c1c(-c2ccccc2)[nH]c2cc(Cl)ccc12,2,0.0,0.0,0.0
c1ccc(-c2[nH]c3ccccc3c2C2CCCNC2)cc1,3,0.0,0.0,0.0
O=C(Nc1ccccc1)c1[nH]c2cc(F)ccc2c1[C@@H]1CNCC[C@H]1F,2,0.0,1.0,0.0
O=C(Cc1ccc(C(F)(F)F)cc1C(F)(F)F)N[C@@H]1N=C(c2ccccc2)c2ccccc2N(CC(F)(F)F)C1=O,2,0.0,0.0,0.0
Cc1cccc(NC(=O)N[C@@H]2N=C(c3ccccc3)c3ccccc3N(C)C2=O)c1,2,0.0,0.0,0.0
N[C@H](C(=O)N1CC[C@H](F)C1)[C@H]1CC[C@H](NS(=O)(=O)c2ccc(F)cc2F)CC1,2,0.0,0.0,0.0
N#Cc1ccc(Cn2cncc2CN[C@H]2CCN(C(=O)c3cccc(Cl)c3)C2)cc1,2,0.0,0.0,0.0
N#Cc1ccc(Cn2cncc2CN[C@H]2CCN(c3ccncc3)C2=O)cc1,2,0.0,0.0,0.0
N#Cc1ccc(Cn2cncc2CN[C@H]2CCN(c3cccc4ncccc34)C2=O)cc1,2,0.0,0.0,0.0
N#Cc1ccc(Cn2cncc2CN[C@H]2CCN(Cc3ccccc3)C2=O)cc1,2,0.0,0.0,0.0
N#Cc1ccc(Cn2cncc2CN(Cc2cccnc2)[C@H]2CCN(Cc3ccccc3)C2=O)cc1,2,0.0,1.0,0.0
N#Cc1ccc(Cn2cncc2CN[C@H]2CCN(Cc3cccc(Cl)c3)C2=O)cc1,3,0.0,1.0,0.0
CCCCN(Cc1cncn1Cc1ccc(C#N)cc1)[C@H]1CCN(Cc2ccccc2)C1=O,2,0.0,1.0,0.0
O=C1NCCN1CCN1CCC(c2cn(-c3ccccc3)c3ccc(Cl)cc23)CC1,2,0.0,1.0,0.0
O=C1NCCN1CCN1CCC(c2cn(C3CCCCC3)c3ccc(Cl)cc23)CC1,2,0.0,1.0,0.0
CCC(CC)c1cn(-c2ccc(F)cc2)c2ccc(Cl)cc12,2,0.0,0.0,0.0
O=C1NCCN1CCN1CC=C(c2cn(-c3ccc(F)cc3)c3ccc(Cl)cc23)CC1,2,0.0,1.0,0.0
CC(C)(C)c1ccc2c(ccn2-c2ccc(F)cc2)c1,2,0.0,0.0,0.0
O=C1NCCN1CCN1CCC(C2CN(c3ccc(F)cc3)c3ccccc32)CC1,2,0.0,1.0,0.0
O=C(O)Cc1ccc(-n2cc(C3CCN(CCN4CCNC4=O)CC3)c3cc(Cl)ccc32)cc1,2,0.0,1.0,0.0
Fc1ccc(-n2cc(C3CCN(CCN4CCN=C4S)CC3)c3ccccc32)cc1,2,0.0,1.0,0.0
CCC(O)(CC)c1cn(-c2ccc(F)cc2)c2ccc(Cl)cc12,2,0.0,0.0,0.0
O=C(O)c1ccc(-n2cc(C3CCN(CCN4CCNC4=O)CC3)c3cc(Cl)ccc32)cc1,2,0.0,0.0,0.0
CC(=O)c1cn(-c2ccc(F)cc2)c2ccc(Cl)cc12,2,0.0,0.0,0.0
CCCc1cn(-c2ccc(F)cc2)c2ccc(Cl)cc12,2,0.0,0.0,0.0
CCC(O)c1cn(-c2ccc(F)cc2)c2ccc(Cl)cc12,2,0.0,0.0,0.0
CC(C)c1cn(-c2ccc(F)cc2)c2ccc(Cl)cc12,2,0.0,0.0,0.0
CN(C)Cc1cn(-c2ccc(F)cc2)c2ccc(Cl)cc12,2,0.0,1.0,0.0
CCC(=O)c1cn(-c2ccc(F)cc2)c2ccc(Cl)cc12,2,0.0,0.0,0.0
CC(O)c1cn(-c2ccc(F)cc2)c2ccc(Cl)cc12,2,0.0,0.0,0.0
O=C1NCCN1CCN1CCC(c2cn(-c3ccc(F)cc3)c3ccccc23)CC1,2,0.0,1.0,0.0
CCc1cn(-c2ccc(F)cc2)c2ccc(Cl)cc12,2,0.0,0.0,0.0
COC(=O)Cc1ccc(-n2cc(C3CCN(CCN4CCNC4=O)CC3)c3cc(Cl)ccc32)cc1,2,0.0,1.0,0.0
CS(=O)(=O)Nc1ccc2c(c1)C(O)CC1(CCN(C3CCc4cc(C#N)ccc4C3)CC1)O2,2,0.0,1.0,0.0
CC(C)(O)c1ccc(C(O)CCCN2CCC(C(O)(c3ccccc3)c3ccccc3)CC2)cc1,2,0.0,1.0,0.0
COC(=O)c1ccc(-n2cc(C3CCN(CCN4CCNC4=O)CC3)c3cc(Cl)ccc32)cc1,2,0.0,1.0,0.0
Fc1ccc(-n2cc(C3CCNCC3)c3cc(Cl)ccc32)cc1,2,0.0,1.0,0.0
Oc1ccc2[nH]c(CN3CCC(Cc4ccc(F)cc4)CC3)nc2c1,2,0.0,0.0,0.0
Oc1ccc(CCN2CCC(Nc3nc4ccccc4n3Cc3ccc(F)cc3)CC2)cc1,3,0.0,1.0,0.0
Clc1ccc2c(c1)N=C(N1CCNCC1)c1ccccc1N2,5,0.0,0.0,0.0
COc1ccc(C2CCN(CC[C@H]3CCOc4ccccc43)CC2)cc1OC,4,0.0,1.0,0.0
COc1ccc(C2CCN(CCC3CCOc4ccccc43)CC2)cc1OC,3,0.0,1.0,0.0
N#Cc1ccc2cc1Oc1cccc(c1)CN1CC[C@@H](NCc3cncn3C2)C1=O,2,0.0,0.0,0.0
N#Cc1ccc2cc1Oc1cccc(c1)C(c1ccccc1)N1CCC(NCc3cncn3C2)C1=O,2,0.0,0.0,0.0
N#Cc1ccc2cc1Oc1cccc(c1)C(c1cccc(Cl)c1)N1CCC(NCc3cncn3C2)C1=O,2,0.0,0.0,0.0
CN1CCc2cncn2Cc2ccc(C#N)c(c2)Oc2ccc3cccc(c3c2)N2CC[C@H]1C2=O,2,0.0,0.0,0.0
N#Cc1ccc2cc1Oc1cccc(c1)CN1CC[C@H](NCc3cncn3C2)C1=O,2,0.0,0.0,0.0
CN1CCc2cncn2Cc2ccc(C#N)c(c2)Oc2ccc3cccc(c3c2)N2CC[C@@H]1C2=O,2,0.0,1.0,0.0
CC1c2ccc(C#N)c(c2)Oc2cccc(c2)CN2CCC(NCc3cncn31)C2=O,2,0.0,0.0,0.0
N#Cc1ccc2cc1Oc1ccc3cccc(c3c1)N1CC[C@@H](NC(=O)Cc3cncn3C2)C1=O,2,0.0,0.0,0.0
N#Cc1ccc2cc1Oc1ccc3c(c1)[C@@H](CC3)N1CC[C@@H](NCc3cncn3C2)C1=O,3,0.0,1.0,0.0
N#Cc1ccc2cc1Oc1ccc3c(c1)[C@H](CC3)N1CC[C@@H](NCc3cncn3C2)C1=O,2,0.0,0.0,0.0
N#Cc1ccc2cc1Oc1ccc3c(c1)[C@@H](CCO3)N1CC[C@@H](NCc3cncn3C2)C1=O,3,0.0,1.0,0.0
N#Cc1ccc2cc1Oc1ccc3cccc(c3c1)N1CC[C@@H](NCc3cncn3C2)C1=O,2,0.0,0.0,0.0
N#Cc1ccc2cc1Oc1ccc3c(c1)[C@@H](CCO3)N1CC[C@H](NCc3cncn3C2)C1=O,2,0.0,0.0,0.0
N#Cc1ccc2cc1Oc1ccc3cccc(c3c1)N1CC[C@H](NC(=O)Cc3cncn3C2)C1=O,2,0.0,0.0,0.0
N#Cc1ccc2cc1Oc1ccc3cccc(c3c1)N1CCC(NCCc3cncn3C2)C1=O,2,0.0,0.0,0.0
N#Cc1ccc2cc1Oc1ccc3c(c1)[C@@H](CCC3)N1CC[C@@H](NCc3cncn3C2)C1=O,3,0.0,0.0,0.0
N#Cc1ccc2cc1Oc1ccc3c(c1)[C@H](CC3)N1CC[C@H](NCc3cncn3C2)C1=O,2,0.0,0.0,0.0
N#Cc1ccc2cc1Oc1ccc3c(c1)[C@@H](CCC3)N1CC[C@H](NCc3cncn3C2)C1=O,2,0.0,0.0,0.0
N#Cc1ccc2cc1Oc1ccc3c(c1)[C@@H](CC3)N1CC[C@H](NCc3cncn3C2)C1=O,2,0.0,0.0,0.0
N#Cc1ccc2cc1Oc1ccc3cccc(c3c1)N1CC[C@H](NCc3cncn3C2)C1=O,2,0.0,0.0,0.0
CN(C)CCCn1nc(C2=C(c3cn(-c4ccc5ccccc5c4)c4ccccc34)C(=O)NC2=O)c2ccccc21,2,0.0,1.0,0.0
O=S(=O)(c1ccc(F)cc1)C1(F)CCN(CCc2ccc(F)cc2F)CC1,3,0.0,0.0,0.0
CC(C)(Cc1ccc2ccccc2c1)NC[C@@H](O)COc1cccc(Cl)c1C#N,3,0.0,1.0,0.0
CCCCCCCN(CC)CCCCc1ccc([N+](=O)[O-])cc1,2,0.0,1.0,0.0
CCCCCCC[N+](CC)(CC)CCCCc1ccc(Cl)cc1,2,0.0,1.0,0.0
CCC[S+]([O-])CCCN(CC)CC(O)COc1ccc(C#N)cc1,2,0.0,1.0,0.0
CCCCN(CCCC)CC(O)c1cc(Cl)cc2c1-c1ccc(Cl)cc1/C2=C/c1ccc(Cl)cc1,2,0.0,0.0,0.0
CC(C)(C)c1ccc(NC(=O)N2CCN(c3ncccc3Cl)CC2)cc1,2,0.0,1.0,0.0
C[C@@H](c1ccc(-c2ccc(F)cc2)cc1)[C@H](N)C(=O)N1CC[C@H](F)C1.O=C(O)C(F)(F)F,2,0.0,0.0,0.0
COc1cccc(C(=O)N2CCCC2)c1OCc1csc(-c2ccc(Cl)cc2)n1,2,0.0,0.0,0.0
O=C(c1ccccc1OCc1csc(-c2ccc(Cl)cc2)n1)N1CCCC1,2,0.0,0.0,0.0
CO[C@@]12CC[C@@]3(C[C@@H]1[C@](C)(O)C(C)(C)C)[C@H]1Cc4ccc(O)c5c4[C@@]3(CCN1CC1CC1)[C@H]2O5,2,0.0,0.0,0.0
O=C(NC[C@@H]1CCC[C@H]1C(O)CCc1ccccc1)c1ccc(OC(F)(F)F)cc1,2,0.0,0.0,0.0
O=C(NCc1ccccc1)[C@@H]1CCC[C@H]1C(O)CCc1ccc(OC(F)(F)F)cc1,3,0.0,0.0,0.0
N[C@H](C(=O)N1CC(c2cc(F)ccc2F)=C[C@H]1c1ccccc1)C1CC1,2,0.0,0.0,0.0
Cn1c(=O)nc(NC2CC3CCC(C2)N3Cc2ccc3c(c2)OCO3)c2cc(Cl)ccc21,2,0.0,1.0,0.0
COc1ccccc1N1CCN(CCCCNS(=O)(=O)c2ccc(C)cc2)CC1,3,0.0,0.0,0.0
CC(=O)Nc1cccc(N2CCN(CCCCNS(=O)(=O)c3ccc(C)cc3)CC2)c1,3,0.0,1.0,0.0
CC(=O)Nc1cccc(N2CCN(CCCCN(C)S(=O)(=O)CC(C)C)CC2)c1,2,0.0,0.0,0.0
CC(=O)Nc1cccc(N2CCN(CCCCN(C)S(=O)(=O)CC3CCCCC3)CC2)c1,2,0.0,0.0,0.0
CC(=O)Nc1cccc(N2CCN(CCCCNS(=O)(=O)CC(C)C)CC2)c1,2,0.0,0.0,0.0
O=C(Nc1cccc(N2CCN(CCCCNS(=O)(=O)CC3CCCCC3)CC2)c1)C1CC1,2,0.0,0.0,0.0
CC(=O)Nc1cccc(N2CCN(CCCCNS(=O)(=O)CC3CCCCC3)CC2)c1,4,0.0,0.0,0.0
CC(=O)Nc1cccc(N2CCN(CC3CCN(S(=O)(=O)CC4CCCCC4)CC3)CC2)c1,2,0.0,0.0,0.0
CN(C)C(=O)N1N=C(c2cc(F)ccc2F)C[C@@]1(CCCN)c1ccccc1,2,0.0,0.0,0.0
O=C(c1ccccc1F)N1CCC(CCc2ccc(F)cc2F)CC1,2,0.0,0.0,0.0
O=C(NCc1ccc(OC(F)(F)F)cc1)[C@@H]1CCC[C@H]1C(O)CCc1ccccc1,2,0.0,0.0,0.0
CC(C)[C@@H]1NC(=O)[C@@H](Cc2ccccc2)NC(=O)[C@H](CC(=O)O)NC(=O)CNC(=O)[C@H](CCCN=C(N)N)NC1=O,3,0.0,0.0,0.0
CCN(C(=O)Cc1ccc(S(C)(=O)=O)cc1)C1CCN(CC[C@H](c2ccc(S(C)(=O)=O)cc2)c2cc(F)cc(F)c2)CC1,3,0.0,0.0,0.0
O=C(N[C@H]1CN2CCC1CC2)c1ccc2ccoc2c1,3,0.0,0.0,0.0
O=C(N[C@H]1CN2CCC1CC2)c1ccc2occc2c1,3,0.0,0.0,0.0
O=C(N[C@H]1CN2CCC1CC2)c1ccc(Cl)cc1,2,0.0,0.0,0.0
O=C(N[C@H]1CN2CCC1CC2)c1ccc2ccsc2c1,3,0.0,0.0,0.0
CN1CCN(CCCN(C(=O)Nc2ccc(F)c(C(F)(F)F)c2)[C@@H]2CC[C@]3(c4ccc(C#N)cc4)C[C@H]23)CC1,2,0.0,0.0,0.0
CN1CCN(CCCN(C(=O)Nc2ccc(F)c(C(F)(F)F)c2)[C@@H]2CC[C@]3(c4ccc5c(N)noc5c4)C[C@H]23)CC1,2,0.0,0.0,0.0
Cc1nnc(C(C)C)n1C1CC2CCC(C1)N2CC[C@H](NC(=O)C1CCC1)c1ccccc1,3,0.0,0.0,0.0
Cc1nnc(C(C)C)n1C1CC2CCC(C1)N2CC[C@H](NC(=O)C1CCCC1)c1ccccc1,2,0.0,0.0,0.0
Cc1nnc(C(C)C)n1C1CC2CCC(C1)N2CC[C@H](NC(=O)CCC(F)(F)F)c1ccccc1,2,0.0,0.0,0.0
N[C@H]1CC(C(=O)N2CCn3c(nnc3C(F)(F)F)C2)=CC[C@@H]1c1cc(F)c(F)c(F)c1.O=C(O)C(F)(F)F,2,0.0,0.0,0.0
O=C(NC1CCN(Cc2ccc3c(c2)OCO3)CC1)c1cc(=O)c2ccc(F)cc2o1,6,0.0,0.0,0.0
O=C(NC1CCN(Cc2ccc3c(c2)OCO3)CC1)c1cc(=O)c2cc(F)ccc2o1,2,0.0,0.0,0.0
CC(=O)Nc1ccc(CN2CCC(NC(=O)c3cc(=O)c4ccc(F)cc4o3)CC2)cc1,2,0.0,0.0,0.0
COc1ccc(CN2CCC(NC(=O)c3cc(=O)c4ccc(F)cc4o3)CC2)cc1F,2,0.0,0.0,0.0
CCN(CC)Cc1ccc2c(c1)CC[C@H](N1CCN(CCc3ccc(F)cc3)CC1=O)C2,4,0.0,0.0,0.0
CC(=O)N1CCN(Cc2ccc3c(c2)CC[C@H](N2CCN(CCc4ccc(F)cc4)CC2=O)C3)CC1,3,0.0,0.0,0.0
O=C(NC1CCN(C2CCc3cc4c(cc32)OCO4)CC1)c1cc(=O)c2cc(F)ccc2o1,3,0.0,0.0,0.0
CC(=O)Nc1ccc2c(c1)C(N1CCC(NC(=O)c3cc(=O)c4ccc(F)cc4o3)CC1)CC2,3,0.0,0.0,0.0
CCN(CC)Cc1ccc2c(c1)CC[C@H](N1CCN(CCc3ccc(Cl)cc3)CC1=O)C2,2,0.0,0.0,0.0
CCN(CC)Cc1ccc2c(c1)CC[C@H](N1CCN(CCc3cccc(C(F)(F)F)c3)CC1=O)C2,2,0.0,0.0,0.0
O=C(/C=C/c1ccc(C(F)(F)F)cc1)N1CCC[C@H]1CN1CCCC1,2,0.0,0.0,0.0
O=C(NCc1ccc(C(F)(F)F)cc1)N1CCC[C@H]1CN1CCCC1,2,0.0,0.0,0.0
CN(Cc1ccc(-c2ccccc2)cc1)C(=O)N1CCC[C@H]1CN1CCCC1,2,0.0,0.0,0.0
CC(C)N1CCN(C(=O)N2CC=C(c3ccccc3)CC2)CC1,2,0.0,0.0,0.0
CC(C)N1CCN(C(=O)N2CCC(c3ccccc3)CC2)CC1,2,0.0,0.0,0.0
COc1cc2c(cc1OC)CN(C(=O)N1CCN(C(C)C)CC1)CC2,2,0.0,0.0,0.0
CC(C)N1CCN(C(=O)N2CCc3ccccc3C2)CC1,2,0.0,0.0,0.0
CC(C)N1CCN(C(=O)N2CCC(C(C)(C)C)CC2)CC1,2,0.0,0.0,0.0
CC(C)N1CCN(C(=O)N2CCC(Cc3ccccc3)CC2)CC1,2,0.0,0.0,0.0
CC(C)N1CCN(C(=O)N2CCC(C(=O)OC(C)(C)C)CC2)CC1,2,0.0,0.0,0.0
CC(C)N1CCN(C(=O)N2CCC(C(=O)N3CC4CCC(CC4)C3)CC2)CC1,2,0.0,0.0,0.0
CC(C)N1CCN(C(=O)N2CCC(NC(=O)C3CCCC3)CC2)CC1,2,0.0,0.0,0.0
O=C(N1CCN(C2CCCC2)CC1)N1Cc2ccccc2C1,2,0.0,0.0,0.0
O=C(N1CCN(C2CC2)CC1)N1Cc2ccccc2C1,2,0.0,0.0,0.0
CC(C)N1CCN(C(=O)N2Cc3ccccc3C2)CC1,2,0.0,0.0,0.0
O=C(N1Cc2ccccc2C1)N1CCC[C@H]1CN1CCCC1,2,0.0,0.0,0.0
Cc1cccc(C(=O)NCN2CCC(c3cccc[n+]3[O-])CC2)c1,2,0.0,0.0,0.0
COc1ccc(NC(=O)c2ccc(C(=N)N(C)C)cc2N2CCC(C(=O)O)CC2)c(C(=O)Nc2ccc(Cl)cn2)c1,3,0.0,0.0,0.0
COc1ccc(NC(=O)c2ccc(C(=N)N(C)C)cc2N2CCCCC2)c(C(=O)Nc2ccc(Cl)cn2)c1,2,0.0,1.0,0.0
N=C(c1ccc(C(=O)Nc2ccc(Cl)cc2C(=O)Nc2ccc(Cl)cn2)cc1)N1CCC(C(=O)O)CC1,2,0.0,0.0,0.0
N=C(c1ccc(C(=O)Nc2ccc(Cl)cc2C(=O)Nc2ccc(Cl)cn2)cc1)N1CCCC(C(=O)O)C1,2,0.0,0.0,0.0
CCOC(=O)C1CCCN(C(=N)c2ccc(C(=O)Nc3ccc(Cl)cc3C(=O)Nc3ccc(Cl)cn3)cc2)C1,2,0.0,1.0,0.0
CN(C)C(=N)c1ccc(C(=O)Nc2ccc(OCC(=O)O)cc2C(=O)Nc2ccc(Cl)cn2)cc1,3,0.0,0.0,0.0
CN1CCN(Cc2ccc3c(c2)Cc2c(-c4csc(C#CCOc5ccccc5)c4)n[nH]c2-3)C(=O)C1,3,0.0,0.0,0.0
C(#Cc1cc(-c2n[nH]c3c2Cc2cc(Cn4cncn4)ccc2-3)cs1)COc1ccccc1,2,0.0,0.0,0.0
COCCOCC#Cc1cc(-c2n[nH]c3c2Cc2cc(Cn4cncn4)ccc2-3)cs1,2,0.0,0.0,0.0
COCCOCC#Cc1cc(-c2n[nH]c3c2Cc2ccc(Cn4cncn4)cc2-3)cs1,2,0.0,0.0,0.0
COCCOCC#Cc1cc(-c2n[nH]c3c2C(=O)c2cc(CN4CCN(C)CC4)ccc2-3)cs1,2,0.0,0.0,0.0
N#Cc1cccc([C@]23CC[C@@H](N(CCN4CC[C@@H](O)C4)C(=O)Nc4ccc(F)c(Cl)c4)CC2C3)c1,2,0.0,0.0,0.0
CC(C)N(CCN(C(=O)Nc1ccc(F)c(Cl)c1)[C@@H]1CC[C@]2(c3cccc(C#N)c3)CC2C1)C(C)C,2,0.0,0.0,0.0
N#Cc1cccc([C@]23CC[C@@H](N(CC4CCN(C5CCOCC5)CC4)C(=O)Nc4ccc(F)c(Cl)c4)CC2C3)c1,2,0.0,0.0,0.0
CS(=O)(=O)N1CCC[C@H]1CN(C(=O)Nc1ccc(F)c(Cl)c1)[C@@H]1CC[C@]2(c3cccc(C#N)c3)CC2C1,2,0.0,0.0,0.0
CS(=O)(=O)N1CCCCC1CN(C(=O)Nc1ccc(F)c(Cl)c1)[C@@H]1CC[C@]2(c3cccc(C#N)c3)CC2C1,2,0.0,0.0,0.0
CS(=O)(=O)N1CCCC(CN(C(=O)Nc2ccc(F)c(Cl)c2)[C@@H]2CC[C@]3(c4cccc(C#N)c4)CC3C2)C1,2,0.0,0.0,0.0
CS(=O)(=O)N1CCC(CCN(C(=O)Nc2ccc(F)c(C(F)(F)F)c2)[C@@H]2CC[C@]3(c4cccc(C#N)c4)CC3C2)CC1,2,0.0,0.0,0.0
CS(=O)(=O)N1CCC(CN(C(=O)Nc2cccc(F)c2)[C@@H]2CC[C@]3(c4cccc(C#N)c4)CC3C2)CC1,2,0.0,0.0,0.0
CS(=O)(=O)N1CCC(CN(C(=O)Nc2ccc(F)c(C(F)(F)F)c2)[C@@H]2CC[C@]3(c4cccc(C#N)c4)CC3C2)CC1,2,0.0,0.0,0.0
CCS(=O)(=O)N1CCC(CN(C(=O)Nc2ccc(F)c(F)c2)[C@@H]2CC[C@]3(c4cccc(C#N)c4)CC3C2)CC1,2,0.0,0.0,0.0
CS(=O)(=O)N1CCC(CN(C(=O)Nc2ccc(F)c(F)c2)[C@@H]2CC[C@]3(c4cccc(C#N)c4)CC3C2)CC1,2,0.0,0.0,0.0
CS(=O)(=O)N1CCC(CN(C(=O)Nc2ccc(F)c(Cl)c2)[C@@H]2CC[C@]3(c4cccc(C#N)c4)CC3C2)CC1,2,0.0,0.0,0.0
CC(=O)N1CCC(CN(C(=O)Nc2ccc(F)c(Cl)c2)[C@@H]2CC[C@]3(c4cccc(C#N)c4)CC3C2)CC1,2,0.0,0.0,0.0
CNC(=O)N1CCC(CN(C(=O)Nc2ccc(F)c(C(F)(F)F)c2)[C@@H]2CC[C@]3(c4cccc(C#N)c4)CC3C2)CC1,2,0.0,0.0,0.0
CC(C)N(CCN(C(=O)Nc1ccc(F)c(Cl)c1)[C@@H]1CC[C@]2(c3cccc(CN(C)C)c3)CC2C1)C(C)C,2,0.0,0.0,0.0
COC(=O)c1cccc([C@]23CC[C@@H](N(CCN(C(C)C)C(C)C)C(=O)Nc4ccc(F)c(F)c4)CC2C3)c1,2,0.0,0.0,0.0
CCN(CC)Cc1cccc([C@]23CC[C@@H](N(CCN(C(C)C)C(C)C)C(=O)Nc4ccc(F)c(Cl)c4)CC2C3)c1,2,0.0,0.0,0.0
CC(C)N(CCN(C(=O)Nc1ccc(F)c(Cl)c1)[C@@H]1CC[C@]2(c3cccc(CN4CCN(C)CC4)c3)CC2C1)C(C)C,2,0.0,0.0,0.0
CC(C)N(CCN(C(=O)Nc1ccc(F)c(Cl)c1)[C@@H]1CC[C@]2(c3cccc(CN4CC[C@H](O)C4)c3)CC2C1)C(C)C,2,0.0,0.0,0.0
CC(=O)NCc1cccc([C@]23CC[C@@H](N(CCN(C(C)C)C(C)C)C(=O)Nc4ccc(F)c(Cl)c4)CC2C3)c1,2,0.0,0.0,0.0
CC(C)N(CCN(C(=O)Nc1ccc(F)c(Cl)c1)[C@@H]1CC[C@]2(c3cccc(CNS(C)(=O)=O)c3)CC2C1)C(C)C,2,0.0,0.0,0.0
CC(C)N(CCN(C(=O)Nc1ccc(F)c(Cl)c1)[C@@H]1CC[C@]2(c3cccc(CN)c3)CC2C1)C(C)C,2,0.0,0.0,0.0
CC(C)N(CCN(C(=O)Nc1ccc(F)c(Cl)c1)[C@@H]1CC[C@]2(c3cccc(CO)c3)CC2C1)C(C)C,2,0.0,0.0,0.0
CC(C)N(CCN(C(=O)Nc1ccc(F)c(Cl)c1)[C@@H]1CC[C@]2(c3cccc(C(N)=O)c3)CC2C1)C(C)C,2,0.0,0.0,0.0
CS(=O)(=O)N1CCC(CN(C(=O)Nc2cc(Cl)nc(Cl)c2)[C@@H]2CC[C@]3(c4cccc(CN5CC[C@H](O)C5)c4)CC3C2)CC1,2,0.0,0.0,0.0
CN(C)Cc1cccc([C@]23CC[C@@H](N(CC4CCN(S(C)(=O)=O)CC4)C(=O)Nc4cc(Cl)nc(Cl)c4)CC2C3)c1,2,0.0,0.0,0.0
CS(=O)(=O)N1CCC(CN(C(=O)Nc2cc(Cl)nc(Cl)c2)[C@@H]2CC[C@]3(c4cccc(CN)c4)CC3C2)CC1,2,0.0,0.0,0.0
CN(C)Cc1cccc([C@]23CC[C@@H](N(CC4CCN(S(C)(=O)=O)CC4)C(=O)Nc4ccc(F)c(Cl)c4)CC2C3)c1,2,0.0,0.0,0.0
CS(=O)(=O)N1CCC(CN(C(=O)Nc2ccc(F)c(Cl)c2)[C@@H]2CC[C@]3(c4cccc(CN)c4)CC3C2)CC1,2,0.0,0.0,0.0
NCc1ncc(C2=CCC(N(CCN3CCCC3)C(=O)Nc3ccc(F)c(Cl)c3)CC2)s1,2,0.0,0.0,0.0
CCC1(CNCCC#N)CN(c2c(F)cc3c(=O)c(C(=O)O)cn(C4CC4)c3c2C)C1,2,0.0,0.0,0.0
Cc1c(N2CC(C)(CNCCC#N)C2)c(F)cc2c(=O)c(C(=O)O)cn(C3CC3)c12,2,0.0,0.0,0.0
CN[C@@H](CC#N)[C@@H]1CCN(c2c(F)cc3c(=O)c(C(=O)O)cn4c3c2OCC4C)C1,2,0.0,0.0,0.0
CC1COc2c(N3CC[C@@H]([C@@H](N)CC#N)C3)c(F)cc3c(=O)c(C(=O)O)cn1c23,2,0.0,0.0,0.0
CC1COc2c(N3CC[C@@H]([C@H](C)NCCC#N)C3)c(F)cc3c(=O)c(C(=O)O)cn1c23,2,0.0,0.0,0.0
CC1COc2c(N3CC[C@@H]([C@H](C)N)C3)c(F)cc3c(=O)c(C(=O)O)cn1c23,2,0.0,0.0,0.0
COc1c(N2CC[C@@H]([C@@H](N)CC#N)C2)ccc2c(=O)c(C(=O)O)cn(C3CC3)c12,2,0.0,0.0,0.0
CN[C@@H](CC#N)[C@@H]1CCN(c2c(F)cc3c(=O)c(C(=O)O)cn(C4CC4)c3c2OC)C1,2,0.0,0.0,0.0
CN[C@@H](C)[C@@H]1CCN(c2c(F)cc3c(=O)c(C(=O)O)cn(C4CC4)c3c2OC)C1,2,0.0,0.0,0.0
COc1c(N2CC[C@@H]([C@@H](N)CC#N)C2)c(F)cc2c(=O)c(C(=O)O)cn(C3CC3)c12,2,0.0,0.0,0.0
COc1c(N2CC[C@@H]([C@H](C)NCCC#N)C2)c(F)cc2c(=O)c(C(=O)O)cn(C3CC3)c12,2,0.0,0.0,0.0
CCc1ccc(S(=O)(=O)N[C@@H]2c3cc(NC(=O)c4cccc(OC)c4)ccc3C[C@H]2O)cc1,2,0.0,0.0,0.0
Cc1cccc(CCN2CCC(C(=O)c3ccc(NS(C)(=O)=O)cc3)CC2)n1.Cl.Cl,12,0.0,1.0,0.0
CC1(C)C2=C3CC4C5=[N+](CCC4OC3CCN2c2ccc(CC(=O)NCCCCCCN(CCOc3ccc(NS(C)(=O)=O)cc3)CCc3ccc(NS(C)(=O)=O)cc3)cc21)c1ccc(S(=O)(=O)[O-])cc1C5(C)C,3,0.0,0.0,0.0
CS(=O)(=O)Nc1ccc(CCN(CCOc2ccc(NS(C)(=O)=O)cc2)c2ccc([N+](=O)[O-])c3nonc23)cc1,3,0.0,0.0,0.0
CN(C(=O)CC[C@@H](C1CCCCC1)N1Cc2cc(Oc3ccccc3)ccc2N=C1N)C1CCCCC1,2,0.0,1.0,0.0
N#Cc1ccc2c(c1)CCN(CC[C@H]1CC[C@H](NC(=O)c3ccnc4ccccc34)CC1)C2,6,0.0,0.0,0.0
Cc1ccc2c(-c3nnc(SCCCN4CCc5ccc(-c6cc(C)on6)cc5CC4)n3C)cccc2n1,3,0.0,1.0,0.0
O=C(CCc1ccccc1)N[C@H]1CC[C@](O)(c2ccc(O)cn2)CC1,2,0.0,0.0,0.0
CN(C)C(=O)[C@@H](c1ccc(-c2ccc(F)cc2)cc1)[C@H](N)C(=O)N1CC[C@H](F)C1,2,0.0,0.0,0.0
C[C@@H](c1ccc(-c2ccc(F)cc2)cc1)[C@H](N)C(=O)N1CC[C@H](F)C1,2,0.0,0.0,0.0
CCOc1cc(CN2CCC(Nc3nc4ccccc4o3)CC2)ccc1OC,2,0.0,0.0,0.0
CCOc1cc(CN2CCC(Nc3nc4cc(S(N)(=O)=O)ccc4o3)CC2)ccc1OC,2,0.0,0.0,0.0
OCC1CCCN(CCCC2CCCc3ccc(OCc4noc(-c5ccc(Cl)cc5)n4)cc32)C1,5,0.0,1.0,0.0
OCC1(N2CCN(C3CCc4ccc(OCc5noc(-c6ccc(Cl)cc6)n5)cc43)CC2)CCCC1,2,0.0,0.0,0.0
[O-][S+](c1ccccc1)c1ccc(/C=C/c2ccc(F)cc2F)nc1,3,0.0,0.0,0.0
O=S(=O)(c1ccccc1)c1ccc(/C=C/c2ccc(F)cc2F)nc1,2,0.0,0.0,0.0
O=C(NCCN1CCCCC1)c1ccc(CN2CCC(NC(=O)c3cc(=O)c4ccc(F)cc4o3)CC2)cc1,2,0.0,0.0,0.0
O=C(NC1CCN(Cc2ccc(C(=O)NCCN3CCCC3)c(F)c2)CC1)c1cc(=O)c2ccc(F)cc2o1,2,0.0,0.0,0.0
O=C(NC1CCN(Cc2ccc(OCCCN3CCCCC3)c(F)c2)CC1)c1cc(=O)c2ccc(F)cc2o1,2,0.0,0.0,0.0
O=S(=O)(c1ccccc1F)N1CCOc2c(N3CCNCC3)cccc21,2,0.0,0.0,0.0
CC(C)N1C(=O)[C@H](NC(=O)[C@@H](Cc2ccccc2OC(F)(F)F)NC(=O)OC(C)(C)C)CCc2ccccc21,3,0.0,0.0,0.0
CC(C(O)c1ccc2c(c1)CCC(=O)N2)N1CCC(O)(c2ccc(Cl)cc2)CC1,2,0.0,0.0,0.0
CC(C(O)c1ccc2c(c1)CCC(=O)N2)N1CCC(O)(c2cccc(F)c2)CC1,2,0.0,0.0,0.0
Cc1ccc(C2(O)CCN(C(C)C(O)c3ccc4c(c3)CCC(=O)N4)CC2)cc1,2,0.0,0.0,0.0
O=C1CCc2cc(C(O)CN3CCC(O)(c4cccc(F)c4)CC3)ccc2N1,4,0.0,0.0,0.0
C[C@@H]([C@@H](O)c1ccc(O)cc1)N1CCC(O)(c2ccccc2)CC1,2,0.0,0.0,0.0
O=C(NC[C@H]1CC[C@@H](CCOc2ccccc2)CC1)c1cn[nH]c1,2,0.0,0.0,0.0
CC(=O)C1=NN2c3cc(F)ccc3OC[C@H]2[C@@]1(CCCN1CCN(C(C)=O)CC1)c1ccccc1,3,0.0,0.0,0.0
CC(C)N1C(=O)[C@H](NC(=O)[C@@H](Cc2ccccc2F)NC(=O)c2ccc(F)cc2C(F)(F)F)CCc2cc(Cl)ccc21,2,0.0,0.0,0.0
CC(C)N1C(=O)[C@H](NC(=O)[C@@H](Cc2ccccc2OC(F)(F)F)NC(=O)OC(C)(C)C)CCc2cc(Cl)ccc21,2,0.0,0.0,0.0
CC(C)N1C(=O)C(NC(=O)[C@@H](Cc2ccccc2OC(F)(F)F)NC(=O)OC(C)(C)C)CCc2cccnc21,2,0.0,0.0,0.0
N[C@H]1CN(C(=O)c2cnc3ccccc3n2)C(=O)[C@H]1C(=O)N1CCCC1,2,0.0,0.0,0.0
N#C[C@@H]1CCCN1C(=O)[C@@H]1CN(Cc2ccc(-n3cncn3)cc2)C[C@@H]1N,2,0.0,0.0,0.0
Cc1nnc(-c2ccc(CN3C[C@H](N)[C@H](C(=O)N4CCC[C@H]4C#N)C3)cc2)o1,2,0.0,0.0,0.0
CC(c1ccc(C#N)cc1)N1C[C@H](N)[C@H](C(=O)N2CCC[C@H]2C#N)C1,2,0.0,0.0,0.0
Cc1cc(CN2C[C@H](N)[C@H](C(=O)C3CCC[C@H]3C#N)C2)cc(C)c1C#N,2,0.0,0.0,0.0
Cc1cc(CN2C[C@H](N)[C@H](C(=O)C3CCC[C@H]3C#N)C2)ccc1C#N,2,0.0,0.0,0.0
CC(=O)c1cccc(NC(=O)N[C@@H]2CCCC[C@H]2CN2CCC[C@@H](Cc3ccc(F)cc3)C2)c1,2,0.0,1.0,0.0
CC(C)[C@]1(C(=O)NCc2cc(C(F)(F)F)cc(C(F)(F)F)c2)CC[C@@H](N2CCC(c3cccc(C(=O)O)c3)CC2)C1,2,0.0,0.0,0.0
CC(C)[C@]1(C(=O)NCc2cc(C(F)(F)F)cc(C(F)(F)F)c2)CC[C@@H](N2CCC(c3cncnc3)CC2)C1,2,0.0,0.0,0.0
Cc1cc[n+]([O-])c(C)c1C(=O)N1CCC(C)(N2CCC(N(c3ccccc3)c3cccnc3)CC2)CC1,2,0.0,0.0,0.0
Cc1cc(C)n(-c2cc(NC(=O)COc3cccc(CN(C)C)c3)nc(-c3ccc(C)o3)n2)n1,2,0.0,0.0,0.0
Cc1ccc2c(-c3nnc(SCCCN4CCc5ccc6oc(C(F)(F)F)nc6c5CC4)n3C)cccc2n1,2,0.0,0.0,0.0
Cc1ccc2c(-c3nnc(SCCCN4CCc5ccc6oc(C)nc6c5CC4)n3C)cccc2n1,3,0.0,0.0,0.0
Cc1ccc2c(-c3nnc(SCCCN4CCc5cc6nc(C)oc6cc5CC4)n3C)cccc2n1,3,0.0,0.0,0.0
COc1ccccc1Oc1cccc(CN2CCC3(CC2)CCN(C(=O)c2cc[n+]([O-])cc2)CC3)c1,11,0.0,0.0,0.0
O=C(c1ccncn1)N1CCC2(CCN(Cc3cccc(Oc4ccccc4)c3)CC2)CC1,11,0.0,0.0,0.0
O=C(c1ccncc1)N1CCC2(CCN(Cc3cccc(Oc4ccccc4)c3)CC2)CC1,3,0.0,1.0,0.0
O=C(c1ccc(Cl)cc1)N1CCC2(CCN(Cc3cccc(Oc4ccccc4)c3)CC2)CC1,11,0.0,1.0,0.0
COc1ccccc1Oc1ccccc1CN1CCC2(CC1)CCN(C(=O)c1cc[n+]([O-])cc1)CC2,3,0.0,1.0,0.0
COc1ccccc1Oc1ccccc1CN1CCC2(CC1)CCN(C(=O)c1ccncc1)CC2,3,0.0,1.0,0.0
COc1ccccc1Oc1ccccc1CN1CCC2(CC1)CCN(C(=O)c1ccccn1)CC2,2,0.0,0.0,0.0
COc1ccccc1Oc1ccccc1CN1CCC2(CC1)CCN(C(=O)c1ccc(Cl)cc1)CC2,11,0.0,1.0,0.0
O=C(c1ccc(Cl)cc1)N1CCC2(CCN(Cc3ccccc3Oc3ccccc3)CC2)CC1,11,0.0,1.0,0.0
CN(C)C(=O)C(N)c1ccc(C(=O)Nc2cc(-c3cccs3)ccc2N)cc1,2,0.0,0.0,0.0
CNCc1cnc(C)cc1Oc1ccccc1Oc1ccccc1,2,0.0,0.0,0.0
CC(c1nc(-c2ccc(S(C)(=O)=O)cc2Cl)no1)[C@H](N)C(F)=C1CCCC1.O=C(O)C(F)(F)F,2,0.0,0.0,0.0
COc1ccc2nccc(C(=O)CC[C@@H]3CCN(CC#Cc4cc(F)cc(F)c4F)C[C@@H]3C(=O)O)c2c1,38,0.0,0.0,0.0
Cc1cc2cc(Nc3ncnn4cc(-c5nnc(C)o5)c(C(C)C)c34)cnc2[nH]1,2,0.0,0.0,0.0
O=C(COc1cccc(Cl)c1)NC1CCN(Cc2ccn(-c3ccc(C(F)(F)F)cc3)c2)CC1,3,0.0,1.0,0.0
COCc1nc(Nc2ccc(C(F)(F)F)cc2)c2ccc(-c3ncccc3C(F)(F)F)cc2n1,2,0.0,0.0,0.0
Cc1cccc(N2CCN(CCCCNC(=O)c3cc4ccccc4o3)CC2)c1,2,0.0,1.0,0.0
CS(=O)(=O)c1ccc(OCC2CC2)c(C(=O)N2CCN(c3ccc(C#N)cc3F)CC2)c1,2,0.0,1.0,0.0
C[N+]1([O-])CCN(C2=Nc3cc(Cl)ccc3Nc3ccccc32)CC1,2,0.0,0.0,0.0
Cc1nc2n(c(=O)c1CCN1CCC(c3noc4cc(F)ccc34)CC1)CCCC2O,3,0.0,0.0,0.0
Cc1cc2c(s1)Nc1ccccc1N=C2N1CCNCC1,4,0.0,0.0,0.0
N#Cc1ccc2cc1Oc1cccc(c1)C(c1ccccc1)N1CC[C@@H](NCc3cncn3C2)C1=O,2,0.0,0.0,0.0
N#Cc1ccc2cc1Oc1cccc(c1)C(c1cccc(Cl)c1)N1CC[C@@H](NCc3cncn3C2)C1=O,2,0.0,1.0,0.0
CC1c2ccc(C#N)c(c2)Oc2cccc(c2)CN2CC[C@@H](NCc3cncn31)C2=O,2,0.0,0.0,0.0
N#Cc1ccc2cc1Oc1ccc3cccc(c3c1)N1CC[C@H](NCCc3cncn3C2)C1=O,2,0.0,0.0,0.0
N#Cc1ccc2cc1Oc1ccc3cccc(c3c1)N1CC[C@@H](NCCc3cncn3C2)C1=O,2,0.0,1.0,0.0
C[C@@H]1CN(CCO)CCN1c1cc2[nH]c(SC(C)(C)C)nc2cc1Cl,2,0.0,0.0,0.0
O=C(OC1CC2CC3CC(C1)N2CC3O)c1c[nH]c2ccccc12,2,0.0,0.0,0.0
CS(=O)(=O)N1CCN(Cc2cc3nc(-c4cccc5[nH]ncc45)nc(N4CCOCC4)c3s2)CC1,2,0.0,0.0,0.0
CCN(CC)C(=O)c1ccc(C2=CC3(CCNCC3)Oc3ccccc32)cc1,2,0.0,0.0,0.0
CS(=O)(=O)Nc1ccc(OC[C@@H](O)CNCCc2ccc(Cl)c(Cl)c2)cc1,2,0.0,0.0,0.0
CC(C)(C)CCN1CCC(CNC(=O)c2cc(Cl)cc(Cl)c2)CC1,2,0.0,0.0,0.0
CC(C)(C)CCN1CCC(CNC(=O)Nc2cccc(Cl)c2)(c2ccccc2)CC1,2,0.0,1.0,0.0
Cc1ccc(CN2CCC(CNC(=O)c3cc(Cl)cc(Cl)c3)CC2)cc1,2,0.0,1.0,0.0
CC1(C)C[C@@H](CN2CCC(F)(CNC(=O)c3cc(Cl)cc(Cl)c3)CC2)CCO1,2,0.0,0.0,0.0
CC(=O)N1CCC2(CCN(c3ccc(C(=O)Nc4cc(-c5cccs5)ccc4N)cn3)CC2)C1,2,0.0,0.0,0.0
CC(=O)N1CCC2(CCCN(c3ccc(C(=O)Nc4cc(-c5cccs5)ccc4N)cn3)C2)C1,2,0.0,0.0,0.0
CC(=O)N1CC2(CCN(c3ccc(C(=O)Nc4cc(-c5cccs5)ccc4N)cn3)CC2)C1,2,0.0,0.0,0.0
CC(=O)N1CCC2(CCN(c3ccc(C(=O)Nc4cc(-c5cccs5)ccc4N)cn3)C2)C1,2,0.0,0.0,0.0
Nc1ccc(-c2cccs2)cc1NC(=O)c1ccc(N2CCC3(CCN(CCO)C3)CC2)nc1,2,0.0,1.0,0.0
Nc1ccc(-c2cccs2)cc1NC(=O)c1ccc(N2CCC3(CC2)CCN(c2ncccn2)C3)nc1,2,0.0,1.0,0.0
CS(=O)(=O)N1CCC2(CCN(c3ccc(C(=O)Nc4cc(-c5cccs5)ccc4N)cn3)CC2)C1,2,0.0,0.0,0.0
CCNC(=O)N1CCC2(CCN(c3ccc(C(=O)Nc4cc(-c5cccs5)ccc4N)cn3)CC2)C1,2,0.0,1.0,0.0
Nc1ccc(-c2cccs2)cc1NC(=O)c1ccc(N2CCC3(CCNC3)CC2)nc1,2,0.0,1.0,0.0
Nc1ccc(-c2cccs2)cc1NC(=O)c1ccc(N2CCC3(CC2)COC(=O)N3)nc1,2,0.0,0.0,0.0
Nc1ccc(-c2cccs2)cc1NC(=O)c1ccc(N2CCC3(CCNC3=O)CC2)nc1,2,0.0,0.0,0.0
C[C@@H]1CN(Cc2ccc(-c3cccnc3C(=O)N3CCC(Nc4ccc(F)cc4)CC3)cc2)C[C@H](C)N1,2,0.0,0.0,0.0
c1ccc(CC2(c3ccc4[nH]ccc4c3)CCNC2)cc1,3,0.0,0.0,0.0
c1ccc(CC2(c3ccc4cc[nH]c4c3)CCNC2)cc1,3,0.0,0.0,0.0
Cc1ccc2c(N3CCN(CCc4ccc5c(c4)NC(=O)CO5)CC3)cccc2n1,3,0.0,1.0,0.0
Cc1ccc2c(N3CCN(CCc4ccc5c(c4)N(C)C(=O)CO5)CC3)cccc2n1,2,0.0,1.0,0.0
Cc1ccc2c(N3CCN(CCc4cccc5c4OCC(=O)N5)CC3)cccc2n1,3,0.0,0.0,0.0
Cc1ccc2c(N3CCN(CCc4cccc5c4OCC(=O)N5C)CC3)cccc2n1,3,0.0,0.0,0.0
O=C(Nc1ccc(S(=O)(=O)Nc2ccccc2C(=O)c2ccc(F)cn2)cc1)OCC1CCCO1,2,0.0,0.0,0.0
O=C(Nc1ccc(S(=O)(=O)Nc2ccccc2C(=O)c2ccccn2)cc1)OCC1CCCO1,3,0.0,0.0,0.0
Cc1ccccc1C1CCN(C[C@H]2CCc3cccnc3[C@@H](O)C2)CC1,2,0.0,1.0,0.0
Cc1ccccc1C1CCN(C[C@@H]2CCc3cccnc3[C@@H](O)C2)CC1,2,0.0,0.0,0.0
Cc1nc2ccccc2c(=O)n1-c1ccc(OCCCN2CCCC2)cc1,3,0.0,0.0,0.0
Cc1nc2ccccc2c(=O)n1-c1ccc(OC2CCC(N3CCCC3)C2)cc1,2,0.0,0.0,0.0
CCOc1cc2ncc(C(N)=O)c(Nc3ccc(F)cc3F)c2cc1N1CCCN(C)CC1,2,0.0,0.0,0.0
CCOc1cc2ncc(C(N)=O)c(Nc3cccc(Cl)c3Cl)c2cc1N1CCN(C)CC1,2,0.0,0.0,0.0
CCOc1cc2ncc(C(N)=O)c(Nc3ccc(C)cc3F)c2cc1N1CCN(C)CC1,2,0.0,0.0,0.0
CCOc1cc2ncc(C(N)=O)c(Nc3ccc(F)cc3F)c2cc1N1CCC(O)CC1,2,0.0,0.0,0.0
CCOc1cc2ncc(C(N)=O)c(Nc3ccc(F)cc3F)c2cc1N1CCN(C)CC1,2,0.0,0.0,0.0
COCCOc1cc2ncc(C(N)=O)c(Nc3ccc(F)cc3F)c2cc1N1CCN(C)CC1,2,0.0,0.0,0.0
COCCOc1cc2ncc(C(N)=O)c(Nc3ccc(C)cc3F)c2cc1N1CCN(C)CC1,2,0.0,0.0,0.0
c1ccc(-c2cc3c(ccn4cnnc34)nc2-c2ccc(CN3CCC(c4n[nH]c(-c5ccccn5)n4)CC3)cc2)cc1,2,0.0,0.0,0.0
CCC(=O)c1cc(-c2ccc(Cl)cc2)n(-c2ccc(S(N)(=O)=O)cc2)c1C,2,0.0,0.0,0.0
N#Cc1cccnc1N1CCN([C@@H]2CN[C@H](C(=O)N3CCC(F)(F)C3)C2)CC1,2,0.0,0.0,0.0
O=C([C@@H]1C[C@H](N2CCN(c3ncccn3)CC2)CN1)N1C[C@@H](F)[C@@H](F)C1,2,0.0,0.0,0.0
O=C([C@@H]1C[C@H](N2CCN(c3ncccn3)CC2)CN1)N1CCC(F)(F)C1,2,0.0,0.0,0.0
O=C([C@@H]1C[C@H](N2CCN(c3ccc(C(F)(F)F)cn3)CC2)CN1)N1CCC(F)(F)C1,2,0.0,0.0,0.0
O=C([O-])c1cccc(Cc2cc(Cl)ccc2OCc2ccc(Cl)cc2F)n1.[Na+],2,0.0,0.0,0.0
Cc1nc2ccccc2c(=O)n1-c1ccc(OCCCN2CCCCC2)cc1,2,0.0,0.0,0.0
O=c1c2ccccc2ncn1-c1ccc(OCCCN2CCCC2)cc1,2,0.0,1.0,0.0
Cc1nc2c(C(F)(F)F)cccc2c(=O)n1-c1ccc(OCCCN2CCCC2)cc1,2,0.0,1.0,0.0
Cc1nc2cc(C(F)(F)F)ccc2c(=O)n1-c1ccc(OCCCN2CCCC2)cc1,2,0.0,0.0,0.0
Cc1nc2cccc(Cl)c2c(=O)n1-c1ccc(OCCCN2CCCC2)cc1,2,0.0,0.0,0.0
Cc1nc2c(F)cccc2c(=O)n1-c1ccc(OCCCN2CCCC2)cc1,2,0.0,0.0,0.0
Cc1nc2cc(F)ccc2c(=O)n1-c1ccc(OCCCN2CCCC2)cc1,2,0.0,0.0,0.0
Cc1nc2ccc(F)cc2c(=O)n1-c1ccc(OCCCN2CCCC2)cc1,2,0.0,0.0,0.0
Cc1nc2cccc(F)c2c(=O)n1-c1ccc(OCCCN2CCCC2)cc1,2,0.0,0.0,0.0
COc1cccc2c(=O)n(-c3ccc(OCCCN4CCCC4)cc3)c(C)nc12,2,0.0,0.0,0.0
COc1ccc2c(=O)n(-c3ccc(OCCCN4CCCC4)cc3)c(C)nc2c1,2,0.0,0.0,0.0
COc1ccc2nc(C)n(-c3ccc(OCCCN4CCCC4)cc3)c(=O)c2c1,2,0.0,0.0,0.0
COc1cccc2nc(C)n(-c3ccc(OCCCN4CCCC4)cc3)c(=O)c12,2,0.0,0.0,0.0
Cc1cccc2c(=O)n(-c3ccc(OCCCN4CCCC4)cc3)c(C)nc12,2,0.0,0.0,0.0
Cc1ccc2c(=O)n(-c3ccc(OCCCN4CCCC4)cc3)c(C)nc2c1,2,0.0,0.0,0.0
Cc1ccc2nc(C)n(-c3ccc(OCCCN4CCCC4)cc3)c(=O)c2c1,2,0.0,0.0,0.0
Cc1cccc2nc(C)n(-c3ccc(OCCCN4CCCC4)cc3)c(=O)c12,2,0.0,0.0,0.0
O=c1c2ccccc2nc(-c2ccccc2)n1-c1ccc(OCCCN2CCCC2)cc1,2,0.0,0.0,0.0
CC(C)c1nc2ccccc2c(=O)n1-c1ccc(OCCCN2CCCC2)cc1,2,0.0,0.0,0.0
CCCc1nc2ccccc2c(=O)n1-c1ccc(OCCCN2CCCC2)cc1,2,0.0,0.0,0.0
CCc1nc2ccccc2c(=O)n1-c1ccc(OCCCN2CCCC2)cc1,2,0.0,0.0,0.0
Cc1nc2cccc(C(F)(F)F)c2c(=O)n1-c1ccc(OCCCN2CCCC2)cc1,2,0.0,0.0,0.0
CC(C)C(=O)N(Cc1ccccc1-c1ccccc1)[C@H]1CCNC1,2,0.0,0.0,0.0
CCOC(=O)N(Cc1ccccc1-c1ccccc1)[C@H]1CCNC1,2,0.0,0.0,0.0
COC(=O)C(CCCN(C)CCCc1nc2ccccc2[nH]1)(c1ccc(Br)cc1)C(C)C,2,0.0,1.0,0.0
CC(C)C(=O)N(Cc1cccc(Cl)c1Cl)[C@H]1CCNC1,2,0.0,0.0,0.0
FC(F)(F)c1ccc(Nc2ncnc3cc(-c4ncccc4C(F)(F)F)ccc23)cc1,2,0.0,0.0,0.0
O=C(O)C1CCN(Cc2ccc(Oc3nc4ccccc4s3)cc2)CC1,2,0.0,0.0,0.0
O=C(CO)NC1CCN(Cc2ccc(Oc3nc4ccccc4s3)cc2)CC1,3,0.0,0.0,0.0
NC(=O)C1CCN(Cc2ccc(Oc3nc4ccccc4s3)cc2)CC1,2,0.0,0.0,0.0
C1=C(CS/C(=N\C2CCCCC2)NC2CCCCC2)N2CCN=C2S1,2,0.0,0.0,0.0
CC1(C)CN2C(CS/C(=N\C3CCCCC3)NC3CCCCC3)=CSC2=N1,2,0.0,0.0,0.0
COc1nccc2c(=O)n(C)c(-c3ccc(OC4CCN(C5CCC5)CC4)cc3)nc12,2,0.0,0.0,0.0
Cn1c(-c2ccc(OC3CCN(C4CCC4)CC3)cc2)nc2c(F)cccc2c1=O,2,0.0,0.0,0.0
Cn1c(-c2ccc(OC3CCN(C4CCC4)CC3)cc2)nc2c(C(F)(F)F)cccc2c1=O,2,0.0,1.0,0.0
Cn1c(-c2ccc(OC3CCN(C4CCC4)CC3)cc2)nc2c(Cl)cccc2c1=O,2,0.0,0.0,0.0
Cc1cccc2c(=O)n(C)c(-c3ccc(OC4CCN(C5CCC5)CC4)cc3)nc12,2,0.0,0.0,0.0
COc1cccc2c(=O)n(C)c(-c3ccc(OC4CCN(C5CCC5)CC4)cc3)nc12,2,0.0,0.0,0.0
COc1ccc2c(=O)n(C)c(-c3ccc(OC4CCN(C5CCC5)CC4)cc3)nc2c1,2,0.0,0.0,0.0
COc1ccc2nc(-c3ccc(OC4CCN(C5CCC5)CC4)cc3)n(C)c(=O)c2c1,2,0.0,0.0,0.0
COc1cccc2nc(-c3ccc(OC4CCN(C5CCC5)CC4)cc3)n(C)c(=O)c12,2,0.0,0.0,0.0
Cn1c(-c2ccc(OC3CCN(C4CCCC4)CC3)cc2)nc2ccccc2c1=O,2,0.0,0.0,0.0
Cn1c(-c2ccc(OC3CCN(C4CCC4)CC3)cc2)nc2ccccc2c1=O,2,0.0,0.0,0.0
Cn1c(-c2ccc(OCCCN3CCCC3)cc2)nc2ccccc2c1=O,2,0.0,0.0,0.0
O=c1c2ccccc2nc(-c2ccc(OCCCN3CCCCC3)cc2)n1-c1ccccc1,2,0.0,1.0,0.0
O=c1c2ccccc2nc(-c2ccc(OCCCN3CCCCC3)cc2)n1Cc1ccccc1,2,0.0,1.0,0.0
CC(C)n1c(-c2ccc(OCCCN3CCCCC3)cc2)nc2ccccc2c1=O,2,0.0,0.0,0.0
CCCn1c(-c2ccc(OCCCN3CCCCC3)cc2)nc2ccccc2c1=O,2,0.0,0.0,0.0
CCn1c(-c2ccc(OCCCN3CCCCC3)cc2)nc2ccccc2c1=O,2,0.0,0.0,0.0
Cn1c(-c2ccc(OCCCN3CCCCC3)cc2)nc2ccccc2c1=O,2,0.0,0.0,0.0
CC1=C(C(=O)N2CCN(c3ccc(F)cc3)CC2)[C@@H](c2ccc(Cl)c(Cl)c2)n2nccc2N1,2,0.0,0.0,0.0
Nc1ccc(-c2ccccc2)cc1NC(=O)c1ccc(C(=O)N2CCC3(CCCN3)CC2)cc1,2,0.0,0.0,0.0
CS(=O)(=O)Nc1ccc2c(c1)[C@H](O)CC1(CCN([C@@H]3CCc4cc(C#N)ccc4C3)CC1)O2,3,0.0,0.0,0.0
COc1ccc(CC(C)(C)NC[C@H](O)COc2cccc3[nH]c(=O)[nH]c23)cc1,2,0.0,1.0,0.0
CC[C@H]1CN2CC[C@]3(C(=O)Nc4ccccc43)[C@@H]2C[C@@H]1/C(=C\OC)C(=O)OC,3,0.0,0.0,0.0
Clc1cccc(OC(c2cccnc2)C2CCNCC2)c1Cl,2,0.0,0.0,0.0
Clc1cccc(OC(c2ccccn2)[C@H]2CCNC2)c1Cl,2,0.0,0.0,0.0
O=C(NC1CC1c1ccccc1)N1CCC(c2nc(-c3ccccn3)no2)CC1,2,0.0,0.0,0.0
C[C@@H]1Sc2ccccc2O[C@@H]1c1ccc(OCCCN2CCCC2)cc1,2,0.0,1.0,0.0
CC[C@@H]1Sc2ccccc2O[C@@H]1c1ccc(OCCCN2CCCC2)cc1,2,0.0,1.0,0.0
c1ccc([C@@H]2Sc3ccccc3O[C@@H]2c2ccc(OCCCN3CCCC3)cc2)cc1,2,0.0,1.0,0.0
C[C@H]1Sc2ccccc2O[C@@H]1c1ccc(OCCCN2CCCC2)cc1,2,0.0,1.0,0.0
CC1=C(c2ccc(OCCCN3CCCC3)cc2)Oc2ccccc2S1,2,0.0,1.0,0.0
CC1=C(c2ccc(OCCCN3CCCC3)cc2)Oc2ccccc2S1(=O)=O,2,0.0,1.0,0.0
COc1cccc2c1S(=O)(=O)C(C)C(c1ccc(OCCCN3CCCC3)cc1)O2,2,0.0,0.0,0.0
COc1ccc2c(c1)S(=O)(=O)C(C)C(c1ccc(OCCCN3CCCC3)cc1)O2,2,0.0,1.0,0.0
COc1ccc2c(c1)OC(c1ccc(OCCCN3CCCC3)cc1)C(C)S2(=O)=O,2,0.0,0.0,0.0
COc1cccc2c1OC(c1ccc(OCCCN3CCCC3)cc1)C(C)S2(=O)=O,2,0.0,0.0,0.0
COc1cccc2c1OC(c1ccc(OCCCN3CCCCC3)cc1)C(C)S2(=O)=O,2,0.0,0.0,0.0
COc1cccc2c1OC(c1ccc(OCCCN3CCC[C@H]3C)cc1)C(C)S2(=O)=O,2,0.0,0.0,0.0
COc1cccc2c1OC(c1ccc(OCCCN3CCC[C@@H]3C)cc1)C(C)S2(=O)=O,2,0.0,0.0,0.0
COc1cccc2c1OC(c1ccc(OCCCN3CCC[C@H](C)C3)cc1)C(C)S2(=O)=O,2,0.0,0.0,0.0
COc1cccc2c1OC(c1ccc(OC3CCN(C4CCC4)CC3)cc1)C(C)S2(=O)=O,2,0.0,0.0,0.0
COc1cccc2c1O[C@@H](c1ccc(OCCCN3CCCC3)cc1)[C@H](C)S2(=O)=O,2,0.0,0.0,0.0
COc1cccc2c1O[C@H](c1ccc(OCCCN3CCCC3)cc1)[C@@H](C)S2(=O)=O,2,0.0,0.0,0.0
CCCOCCn1c(=O)c(NCCN2CCOCC2)nc2ncc(-c3ccc(OC)nc3)cc21,2,0.0,0.0,0.0
O=C1N(CCN2Cc3ccccc3C2)CCN1c1cccc(Cl)c1,3,0.0,0.0,0.0
CC(C)n1c(=O)c(C(=O)N[C@H]2C[C@H]3CC[C@@H](C2)N3C[C@@H](O)CN2CCN(S(C)(=O)=O)CC2)cc2ccccc21,3,0.0,0.0,0.0
C[C@@H]1CCCN1CCc1ccc(-c2ccc(S(=O)(=O)NC3CCOCC3)cc2)cc1,2,0.0,0.0,0.0
C[C@@H]1CCCN1CCc1ccc(-c2ccc(S(=O)(=O)N3CCS(=O)(=O)CC3)cc2)cc1,2,0.0,0.0,0.0
C[C@@H]1CCCN1CCc1ccc(-c2ccc(S(=O)(=O)NCc3ccncc3)cc2)cc1,2,0.0,0.0,0.0
C[C@@H]1CCCN1CCc1ccc(-c2ccc(S(N)(=O)=O)cc2)cc1,2,0.0,0.0,0.0
COCCNS(=O)(=O)c1ccc(-c2ccc(CCN3CCC[C@H]3C)cc2)cc1,2,0.0,0.0,0.0
C[C@@H]1CCCN1CCc1ccc(-c2ccc(S(=O)(=O)N3CCOCC3)cc2)cc1,2,0.0,0.0,0.0
CCNS(=O)(=O)c1ccc(-c2ccc(CCN3CCC[C@H]3C)cc2)cc1,2,0.0,0.0,0.0
C[C@@H]1CCCN1CCc1ccc(-c2ccc(S(=O)(=O)NCC3CC3)cc2)cc1,2,0.0,0.0,0.0
COC1CCN(S(=O)(=O)c2ccc(-c3ccc(CCN4CCC[C@H]4C)cc3)cc2)CC1,2,0.0,0.0,0.0
CC1COCC(C)N1S(=O)(=O)c1ccc(-c2ccc(CCN3CCC[C@H]3C)cc2)cc1,2,0.0,0.0,0.0
C[C@@H]1CCCN1CCc1ccc(-c2ccc(S(=O)(=O)N3CCCCC3)cc2)cc1,2,0.0,0.0,0.0
C[C@@H]1CCCN1CCc1ccc(-c2ccc(S(=O)(=O)NC3CCC3)cc2)cc1,2,0.0,1.0,0.0
C[C@@H]1CCCN1CCc1ccc(-c2ccc(S(=O)(=O)NCc3ccccc3)cc2)cc1,2,0.0,1.0,0.0
C[C@@H]1CCCN1CCc1ccc(-c2ccc(S(=O)(=O)Nc3ccccc3)cc2)cc1,2,0.0,1.0,0.0
CN(C)CCC1=C(Cc2cnccn2)c2ccccc2C1,4,0.0,0.0,0.0
C[C@H](C1=C(CCN(C)C)Cc2ccccc21)c1cnccn1,4,0.0,0.0,0.0
C[C@@H](c1ccccn1)c1c(CCN(C)C)sc2ccccc12,3,0.0,0.0,0.0
O=C(c1ccccc1C(F)(F)F)N(CC1CCC1)[C@H]1CCNC1,2,0.0,0.0,0.0
CCN(CC)CCN1CCN(c2cccc(Cl)c2)C1=O,2,0.0,0.0,0.0
COC[C@@H]1CCCN1N1CCN(c2cccc(Cl)c2)C1=O,2,0.0,0.0,0.0
CC1(C)C[C@@H]2C[C@@](C)(CN2CCN2CCN(c3cccc(Cl)c3)C2=O)C1,2,0.0,0.0,0.0
O=C1N(CCN2C[C@H]3CC[C@@H]2C3)CCN1c1cccc(Cl)c1,2,0.0,0.0,0.0
COCC1[C@@H]2CC[C@H]1CN(CCN1CCN(c3cccc(Cl)c3)C1=O)C2,2,0.0,1.0,0.0
C[C@@]12CC(c3ccccc3)C[C@@H](C1)N(CCN1CCN(c3cccc(Cl)c3)C1=O)C2,2,0.0,1.0,0.0
O=C1N(CCN2C[C@H]3CC[C@H](CC3)C2)CCN1c1cccc(Cl)c1,2,0.0,1.0,0.0
CC1(C)[C@H]2CC[C@]1(C)CN(CCN1CCN(c3cccc(Cl)c3)C1=O)C2,2,0.0,0.0,0.0
O=C1N(CCN2C[C@@H]3CC[C@H]2Cc2ccccc2C3)CCN1c1cccc(Cl)c1,2,0.0,1.0,0.0
O=C1N(CCN2[C@@H]3CCC[C@H]2CC3)CCN1c1cccc(Cl)c1,2,0.0,0.0,0.0
COc1cccc(C2CCCN(CCN3CCN(c4cccc(Cl)c4)C3=O)C2)c1,2,0.0,1.0,0.0
O=C1N(CCN2CCCC(OCc3ccccc3)C2)CCN1c1cccc(Cl)c1,2,0.0,1.0,0.0
O=C1N(CCN2CCC(c3ccc(Cl)cc3)CC2)CCN1c1cccc(Cl)c1,2,0.0,1.0,0.0
COc1cccc(CCN(C)CCN2CCN(c3cccc(Cl)c3)C2=O)c1,2,0.0,1.0,0.0
COc1ccc(CCN(C)CCN2CCN(c3cccc(Cl)c3)C2=O)cc1OC,2,0.0,0.0,0.0
O=C1N(CCN2CCC(c3nnc(-c4ccccc4)o3)CC2)CCN1c1cccc(Cl)c1,2,0.0,1.0,0.0
CN(CCN1CCN(c2cccc(Cl)c2)C1=O)Cc1cc2ccccc2s1,2,0.0,0.0,0.0
Cc1cc(CN(C)CCN2CCN(c3cccc(Cl)c3)C2=O)on1,2,0.0,0.0,0.0
O=C1N(CCN2CCCc3sccc3C2)CCN1c1cccc(Cl)c1,2,0.0,1.0,0.0
CC1(C)[C@@H]2CC[C@]13CCN(CCN1CCN(c4cccc(Cl)c4)C1=O)C3C2,2,0.0,1.0,0.0
CN(CCN1CCN(c2cccc(Cl)c2)C1=O)C[C@]12CC[C@H](CC1)C2(C)C,2,0.0,0.0,0.0
CN(CCN1CCN(c2cccc(C(F)(F)F)c2)C1=O)C[C@]12CC[C@H](CC1)C2(C)C,2,0.0,0.0,0.0
Cc1ccc(N2CCN(CCN(C)C[C@]34CC[C@H](CC3)C4(C)C)C2=O)cc1,2,0.0,0.0,0.0
COc1cccc(N2CCN(CCN(C)C[C@]34CC[C@H](CC3)C4(C)C)C2=O)c1,2,0.0,0.0,0.0
Cc1cccc(N2CCN(CCN(C)C[C@]34CC[C@H](CC3)C4(C)C)C2=O)c1,2,0.0,0.0,0.0
CN(CCN1CCN(c2ccccc2)C1=O)C[C@]12CC[C@H](CC1)C2(C)C,2,0.0,0.0,0.0
CN(CCN1CCN(c2ccc(F)cc2)C1=O)C[C@]12CC[C@H](CC1)C2(C)C,2,0.0,0.0,0.0
Cc1cnn(C2CCN(c3nc4ccccc4n3Cc3ccc(F)cc3)CC2)c1,5,0.0,1.0,0.0
CN(CC1CCOCC1)C1CCN(c2nc3ccccc3n2Cc2ccc(F)cc2)CC1,4,0.0,1.0,0.0
C(#Cc1cccc(CN2CCOCC2)c1)CCN1CCCCC1,2,0.0,0.0,0.0
Clc1cc2sc(N3CCC(N4CCCCC4)CC3)nc2cn1,2,0.0,0.0,0.0
N#Cc1ccc(-c2cnc3nc(N4CCC(N5CCCCC5)CC4)sc3c2)cc1,2,0.0,0.0,0.0
N#Cc1cc(-c2cnc3nc(N4CCC(N5CCCCC5)CC4)sc3c2)ccc1F,2,0.0,1.0,0.0
Fc1ccc(-c2cnc3nc(N4CCC(N5CCCCC5)CC4)sc3c2)cn1,2,0.0,1.0,0.0
Fc1cc(-c2cnc3nc(N4CCC(N5CCCCC5)CC4)sc3c2)ccn1,2,0.0,1.0,0.0
Fc1ncccc1-c1cnc2nc(N3CCC(N4CCCCC4)CC3)sc2c1,2,0.0,0.0,0.0
N#Cc1cncc(-c2cnc3nc(N4CCC(N5CCCCC5)CC4)sc3c2)c1,2,0.0,0.0,0.0
COc1ccc(-c2cnc3nc(N4CCC(N5CCCCC5)CC4)sc3c2)cn1,2,0.0,1.0,0.0
COc1cc(-c2cnc3nc(N4CCC(N5CCCCC5)CC4)sc3c2)ccn1,2,0.0,1.0,0.0
Cc1ccc(-c2cnc3nc(N4CCC(N5CCCCC5)CC4)sc3c2)cn1,2,0.0,0.0,0.0
Oc1ccc(-c2cnc3nc(N4CCC(N5CCCCC5)CC4)sc3c2)cn1,2,0.0,0.0,0.0
Nc1ccc(-c2cnc3nc(N4CCC(N5CCCCC5)CC4)sc3c2)cn1,2,0.0,0.0,0.0
CC(=O)Nc1ccc(-c2cnc3nc(N4CCC(N5CCCCC5)CC4)sc3c2)cn1,2,0.0,0.0,0.0
c1ncc(-c2cnc3nc(N4CCC(N5CCCCC5)CC4)sc3c2)cn1,2,0.0,0.0,0.0
Nc1cnc(-c2cnc3nc(N4CCC(N5CCCCC5)CC4)sc3c2)cn1,2,0.0,0.0,0.0
Fc1ccc(-c2cc3sc(N4CCC(N5CCCCC5)CC4)nc3cn2)cn1,2,0.0,0.0,0.0
Fc1cc(-c2cc3sc(N4CCC(N5CCCCC5)CC4)nc3cn2)ccn1,2,0.0,0.0,0.0
Fc1ncccc1-c1cc2sc(N3CCC(N4CCCCC4)CC3)nc2cn1,2,0.0,0.0,0.0
N#Cc1cncc(-c2cc3sc(N4CCC(N5CCCCC5)CC4)nc3cn2)c1,2,0.0,0.0,0.0
COc1ccc(-c2cc3sc(N4CCC(N5CCCCC5)CC4)nc3cn2)cn1,2,0.0,0.0,0.0
COc1cc(-c2cc3sc(N4CCC(N5CCCCC5)CC4)nc3cn2)ccn1,2,0.0,1.0,0.0
Cc1ccc(-c2cc3sc(N4CCC(N5CCCCC5)CC4)nc3cn2)cn1,2,0.0,0.0,0.0
Oc1ccc(-c2cc3sc(N4CCC(N5CCCCC5)CC4)nc3cn2)cn1,2,0.0,0.0,0.0
Nc1ccc(-c2cc3sc(N4CCC(N5CCCCC5)CC4)nc3cn2)cn1,2,0.0,0.0,0.0
CC(=O)Nc1ccc(-c2cc3sc(N4CCC(N5CCCCC5)CC4)nc3cn2)cn1,2,0.0,0.0,0.0
c1ncc(-c2cc3sc(N4CCC(N5CCCCC5)CC4)nc3cn2)cn1,2,0.0,0.0,0.0
Nc1cnc(-c2cc3sc(N4CCC(N5CCCCC5)CC4)nc3cn2)cn1,2,0.0,0.0,0.0
N#Cc1c(-c2ccccc2)no[n+]1[O-],2,0.0,0.0,0.0
CC[C@H]1OC(=O)[C@H](C)[C@@H](O[C@H]2C[C@@](C)(OC)[C@@H](O)[C@H](C)O2)[C@H](C)[C@@H](O[C@@H]2O[C@H](C)C[C@H](N(C)C(C)C)[C@H]2O)[C@](C)(O)C[C@@H](C)[C@H](OCc2cccc(C(=O)NC)c2)[C@H](C)[C@@H](O)[C@]1(C)O,2,0.0,0.0,0.0
CC[C@H]1OC(=O)[C@H](C)[C@@H](O[C@H]2C[C@@](C)(OC)[C@@H](O)[C@H](C)O2)[C@H](C)[C@@H](O[C@@H]2O[C@H](C)C[C@H](N(C)C(C)C)[C@H]2O)[C@](C)(O)C[C@@H](C)[C@H](OCC(=O)NCc2ccccc2)[C@H](C)[C@@H](O)[C@]1(C)O,2,0.0,0.0,0.0
CC[C@H]1OC(=O)[C@H](C)[C@@H](O[C@H]2C[C@@](C)(OC)[C@@H](O)[C@H](C)O2)[C@H](C)[C@@H](O[C@@H]2O[C@H](C)C[C@H](N(C)C(C)C)[C@H]2O)[C@](C)(O)C[C@@H](C)[C@H](OCC(=O)NC2CCC2)[C@H](C)[C@@H](O)[C@]1(C)O,2,0.0,0.0,0.0
CC[C@H]1OC(=O)[C@H](C)[C@@H](O[C@H]2C[C@@](C)(OC)[C@@H](O)[C@H](C)O2)[C@H](C)[C@@H](O[C@@H]2O[C@H](C)C[C@H](N(C)C(C)C)[C@H]2O)[C@](C)(O)C[C@@H](C)[C@H](O)[C@H](C)[C@@H](O)[C@]1(C)O,5,0.0,0.0,0.0
CC[C@H]1OC(=O)[C@H](C)[C@@H](O[C@H]2C[C@@](C)(OC)C[C@@H](C)O2)[C@H](C)[C@@H](O[C@@H]2O[C@H](C)C[C@H](N(C)CC)[C@H]2O)[C@@]2(C)CC(C)=C(O2)[C@H](C)[C@@H](O)[C@H]1C,5,0.0,0.0,0.0
CC[C@H]1OC(=O)[C@H](C)[C@@H](O[C@H]2C[C@@](C)(OC)[C@@H](O)[C@H](C)O2)[C@H](C)[C@@H](O[C@@H]2O[C@H](C)C[C@H](N(C)C(C)C)[C@H]2O)[C@](C)(O)C[C@@H](C)[C@H](OCC(=O)NCCOC)[C@H](C)[C@@H](O)[C@]1(C)O,2,0.0,0.0,0.0
CC[C@H]1OC(=O)[C@H](C)[C@@H](O[C@H]2C[C@@](C)(OC)[C@@H](O)[C@H](C)O2)[C@H](C)[C@@H](O[C@@H]2O[C@H](C)C[C@H](N(C)C(C)C)[C@H]2O)[C@](C)(O)C[C@@H](C)[C@H](OCC(=O)NC(C)C)[C@H](C)[C@@H](O)[C@]1(C)O,2,0.0,0.0,0.0
CC[C@H]1OC(=O)[C@H](C)[C@@H](O[C@H]2C[C@@](C)(OC)[C@@H](O)[C@H](C)O2)[C@H](C)[C@@H](O[C@@H]2O[C@H](C)C[C@H](N(C)C(C)C)[C@H]2O)[C@](C)(O)C[C@@H](C)[C@H](OCC(=O)Nc2cnccn2)[C@H](C)[C@@H](O)[C@]1(C)O,2,0.0,0.0,0.0
CC[C@H]1OC(=O)[C@H](C)[C@@H](O[C@H]2C[C@@](C)(OC)[C@@H](O)[C@H](C)O2)[C@H](C)[C@@H](O[C@@H]2O[C@H](C)C[C@H](N(C)C(C)C)[C@H]2O)[C@](C)(O)C[C@@H](C)[C@H](OCC(=O)NOC)[C@H](C)[C@@H](O)[C@]1(C)O,2,0.0,0.0,0.0
CC[C@H]1OC(=O)[C@H](C)[C@@H](O[C@H]2C[C@@](C)(OC)[C@@H](O)[C@H](C)O2)[C@H](C)[C@@H](O[C@@H]2O[C@H](C)C[C@H](N(C)C(C)C)[C@H]2O)[C@](C)(O)C[C@@H](C)[C@H](OCC(=O)NCC(F)(F)F)[C@H](C)[C@@H](O)[C@]1(C)O,2,0.0,0.0,0.0
CCNC(=O)CO[C@@H]1[C@H](C)[C@@H](O)[C@](C)(O)[C@@H](CC)OC(=O)[C@H](C)[C@@H](O[C@H]2C[C@@](C)(OC)[C@@H](O)[C@H](C)O2)[C@H](C)[C@@H](O[C@@H]2O[C@H](C)C[C@H](N(C)C(C)C)[C@H]2O)[C@](C)(O)C[C@H]1C,2,0.0,0.0,0.0
CC[C@H]1OC(=O)[C@H](C)[C@@H](O[C@H]2C[C@@](C)(OC)[C@@H](O)[C@H](C)O2)[C@H](C)[C@@H](O[C@@H]2O[C@H](C)C[C@H](N(C)C(C)C)[C@H]2O)[C@](C)(O)C[C@@H](C)[C@H](OCC(=O)NCCO)[C@H](C)[C@@H](O)[C@]1(C)O,2,0.0,0.0,0.0
CC[C@H]1OC(=O)[C@H](C)[C@@H](O[C@H]2C[C@@](C)(OC)[C@@H](O)[C@H](C)O2)[C@H](C)[C@@H](O[C@@H]2O[C@H](C)C[C@H](N(C)C(C)C)[C@H]2O)[C@](C)(O)C[C@@H](C)[C@H](OCC(=O)NC)[C@H](C)[C@@H](O)[C@H]1C,2,0.0,0.0,0.0
CC[C@H]1OC(=O)[C@H](C)[C@@H](O[C@H]2C[C@@](C)(OC)[C@@H](O)[C@H](C)O2)[C@H](C)[C@@H](O[C@@H]2O[C@H](C)C[C@H](N(C)C(C)C)[C@H]2O)[C@](C)(O)C[C@@H](C)[C@H](OCC(=O)NC2CCOCC2)[C@H](C)[C@@H](O)[C@]1(C)O,2,0.0,0.0,0.0
CC[C@H]1OC(=O)[C@H](C)[C@@H](O[C@H]2C[C@@](C)(OC)[C@@H](O)[C@H](C)O2)[C@H](C)[C@@H](O[C@@H]2O[C@H](C)C[C@H](N(C)C(C)C)[C@H]2O)[C@](C)(O)C[C@@H](C)[C@H](OCCCCCC(=O)NC)[C@H](C)[C@@H](O)[C@]1(C)O,2,0.0,0.0,0.0
CC[C@H]1OC(=O)[C@H](C)[C@@H](O[C@H]2C[C@@](C)(OC)[C@@H](O)[C@H](C)O2)[C@H](C)[C@@H](O[C@@H]2O[C@H](C)C[C@H](N(C)C(C)C)[C@H]2O)[C@](C)(O)C[C@@H](C)[C@H](OCC(=O)Nc2ccncn2)[C@H](C)[C@@H](O)[C@]1(C)O,2,0.0,0.0,0.0
CC[C@H]1OC(=O)[C@H](C)[C@@H](O[C@H]2C[C@@](C)(OC)[C@@H](O)[C@H](C)O2)[C@H](C)[C@@H](O[C@@H]2O[C@H](C)C[C@H](N(C)C(C)C)[C@H]2O)[C@](C)(O)C[C@@H](C)[C@H](OCC(=O)NC2CC2)[C@H](C)[C@@H](O)[C@]1(C)O,2,0.0,0.0,0.0
CC[C@H]1OC(=O)[C@H](C)[C@@H](O[C@H]2C[C@@](C)(OC)[C@@H](O)[C@H](C)O2)[C@H](C)[C@@H](O[C@@H]2O[C@H](C)C[C@H](N(C)C(C)C)[C@H]2O)[C@](C)(O)C[C@@H](C)[C@H](OCCCC(=O)NC)[C@H](C)[C@@H](O)[C@]1(C)O,2,0.0,0.0,0.0
CC[C@H]1OC(=O)[C@H](C)[C@@H](O[C@H]2C[C@@](C)(OC)[C@@H](O)[C@H](C)O2)[C@H](C)[C@@H](O[C@@H]2O[C@H](C)C[C@H](N(C)C3CCC3)[C@H]2O)[C@](C)(O)C[C@@H](C)[C@H](OCC(=O)NC)[C@H](C)[C@@H](O)[C@]1(C)O,2,0.0,0.0,0.0
CC[C@H]1OC(=O)[C@H](C)[C@@H](O[C@H]2C[C@@](C)(OC)[C@@H](O)[C@H](C)O2)[C@H](C)[C@@H](O[C@@H]2O[C@H](C)C[C@H](N(C)C(C)C)[C@H]2O)[C@](C)(O)C[C@@H](C)[C@H](OCC(N)=O)[C@H](C)[C@@H](O)[C@]1(C)O,3,0.0,0.0,0.0
CC[C@H]1OC(=O)[C@H](C)[C@@H](O[C@H]2C[C@@](C)(OC)[C@@H](O)[C@H](C)O2)[C@H](C)[C@@H](O[C@@H]2O[C@H](C)C[C@H](N(C)C(C)C)[C@H]2O)[C@](C)(O)C[C@@H](C)[C@H](OCCCCC(=O)NC)[C@H](C)[C@@H](O)[C@]1(C)O,2,0.0,0.0,0.0
CC[C@H]1OC(=O)[C@H](C)[C@@H](O[C@H]2C[C@@](C)(OC)[C@@H](O)[C@H](C)O2)[C@H](C)[C@@H](O[C@@H]2O[C@H](C)C[C@H](N(C)C(C)C)[C@H]2O)[C@](C)(O)C[C@@H](C)[C@H](OCC(=O)NC)[C@H](C)[C@@H](O)[C@]1(C)O,7,0.0,0.0,0.0
CC[C@H]1OC(=O)[C@H](C)[C@@H](O[C@H]2C[C@@](C)(OC)[C@@H](O)[C@H](C)O2)[C@H](C)[C@@H](O[C@@H]2O[C@H](C)C[C@H](N(C)C(C)C)[C@H]2O)[C@](C)(O)C[C@@H](C)[C@H](OCC(=O)N(C)C)[C@H](C)[C@@H](O)[C@]1(C)O,3,0.0,0.0,0.0
CC[C@H]1OC(=O)[C@H](C)[C@@H](O[C@H]2C[C@@](C)(OC)[C@@H](O)[C@H](C)O2)[C@H](C)[C@@H](O[C@@H]2O[C@H](C)C[C@H](N(C)C(C)C)[C@H]2O)[C@](C)(O)C[C@@H](C)[C@H](OCc2ccc(C(=O)NC)cc2)[C@H](C)[C@@H](O)[C@]1(C)O,2,0.0,0.0,0.0
CC(C)COc1ccccc1CN1CCC2(CC1)CCN(C(=O)c1ccncn1)CC2,10,0.0,0.0,0.0
CC(C)COc1ccccc1CN1CCC2(CC1)CCN(C(=O)c1ccncc1)CC2,10,0.0,0.0,0.0
C=C(C)COc1ccccc1CN1CCC2(CC1)CCN(C(=O)c1ccncc1)CC2,10,0.0,0.0,0.0
O=C(c1ccncc1)N1CCC2(CCN(Cc3ccccc3OC(F)(F)C(F)F)CC2)CC1,10,0.0,0.0,0.0
COc1ccccc1Oc1ccccc1CN1CCC2(CC1)CCN(C(=O)c1ccncn1)CC2,10,0.0,1.0,0.0
COc1ccccc1Oc1cccc(CN2CCC3(CC2)CCN(C(=O)c2ccncn2)CC3)c1,9,0.0,0.0,0.0
O=C(c1ccncn1)N1CCC2(CCN(Cc3ccccc3Oc3ccccc3)CC2)CC1,9,0.0,0.0,0.0
COc1ccccc1Oc1ccccc1CN1CCC2(CC1)CCN(C(=O)c1ccc[nH]c1=O)CC2,10,0.0,0.0,0.0
CC1(C)CCc2cc(CN3CCC4(CC3)CCN(C(=O)c3ccncn3)CC4)ccc2O1,9,0.0,0.0,0.0
CC1(C)CCc2cc(CN3CCC4(CC3)CCN(C(=O)c3ccc(N)cn3)CC4)ccc2O1,10,0.0,0.0,0.0
CC1Cc2cccc(CN3CCC4(CC3)CCN(C(=O)c3ccncc3)CC4)c2O1,10,0.0,0.0,0.0
CC1(C)C=Cc2cccc(CN3CCC4(CC3)CCN(C(=O)c3ccnc(N)c3)CC4)c2O1,9,0.0,0.0,0.0
CC1(C)Cc2cccc(CN3CCC4(CC3)CCN(C(=O)c3ccc(N)cn3)CC4)c2O1,10,0.0,0.0,0.0
CC1(C)Oc2cccc(CN3CCC4(CC3)CCN(C(=O)c3ccnc(N)c3)CC4)c2O1,10,0.0,1.0,0.0
CC1(C)Cc2cccc(CN3CCC4(CC3)CCN(C(=O)c3ncccc3N)CC4)c2O1,10,0.0,0.0,0.0
CC1(C)Cc2c(CN3CCC4(CC3)CCN(C(=O)c3ccnc(N)c3)CC4)cccc2O1,10,0.0,0.0,0.0
CC1(C)Cc2c(CN3CCC4(CC3)CCN(C(=O)c3ccc(N)cn3)CC4)cccc2O1,10,0.0,0.0,0.0
CC1(C)Cc2c(CN3CCC4(CC3)CCN(C(=O)c3ccncc3)CC4)cccc2O1,2,0.0,0.0,0.0
CC(C)(C)C1(C)Cc2c(CN3CCC4(CC3)CCN(C(=O)c3ccc(N)cn3)CC4)cccc2O1,10,0.0,0.0,0.0
CCCC1(CC)Cc2c(CN3CCC4(CC3)CCN(C(=O)c3ccc(N)cn3)CC4)cccc2O1,10,0.0,0.0,0.0
CC1(C)Oc2c(CN3CCC4(CC3)CCN(C(=O)c3ccc(N)cn3)CC4)cccc2C1(F)F,10,0.0,0.0,0.0
Cc1ccc(CCCCN2CCC(C(O)(c3ccccc3)c3ccccc3)CC2)cc1,3,0.0,1.0,0.0
O=C(O)c1ccc(CCCCN2CCC(C(O)(c3ccccc3)c3ccccc3)CC2)cc1,3,0.0,0.0,0.0
CC1CCC(CCCCN2CCC(C(O)(c3ccccc3)c3ccccc3)CC2)CC1,3,0.0,0.0,0.0
OC(c1ccccc1)(c1ccccc1)C1CCNCC1,3,0.0,0.0,0.0
Cc1c(Nc2c(C#N)cncc2-c2cc3cc(CN4CCN(C)CC4)ccc3o2)ccc2[nH]ccc12,2,0.0,0.0,0.0
Cn1ncc(Cl)c1-c1cc(NC(=O)Nc2ccc(F)cc2F)ccc1OCCN1CCOCC1,2,0.0,0.0,0.0
O=C(NC1(c2ccccc2)CC(F)C1)[C@@H]1CCC[C@H]1c1cc(-c2ccccc2)on1,2,0.0,0.0,0.0
CCc1nn(CCN)c(CC)c1Oc1cc(F)cc(C#N)c1,2,0.0,0.0,0.0
CCc1nn(CCN)c(CC)c1Oc1cc(C#N)cc(C#N)c1,2,0.0,0.0,0.0
N#Cc1cccc2c1C=Cc1ncc(-c3ccccc3)cc1C2O,3,0.0,0.0,0.0
N#Cc1cccc2c1C=Cc1ncc(N3CCCCC3)cc1C2O,3,0.0,0.0,0.0
CS(=O)(=O)Nc1ccc(CCC(=O)NCCNc2ccc(Cl)c(Cl)c2)cc1,2,0.0,0.0,0.0
CS(=O)(=O)Nc1ccc(CCC(=O)NC/C=C/c2ccc(Cl)c(Cl)c2)cc1,2,0.0,0.0,0.0
CS(=O)(=O)Nc1ccc(CCCNCCNc2ccc(Cl)c(Cl)c2)cc1,2,0.0,1.0,0.0
CS(=O)(=O)Nc1ccc(OCCNCCNc2ccc(Cl)c(Cl)c2)cc1,2,0.0,0.0,0.0
Cc1occc1-c1nc(N)c(OC[C@@H](N)Cc2c[nH]c3ccccc23)cc1-c1cnc2[nH]nc(C)c2n1,2,0.0,0.0,0.0
Clc1cnc2nc(N3CCN4CCC3CC4)oc2c1,2,0.0,0.0,0.0
Cc1nc2nc(N3CCN4CCC3CC4)oc2cc1Cl,2,0.0,0.0,0.0
O=C(CN1C(C(=O)c2ccccc2)=C(O)c2ccccc2S1(=O)=O)c1ccccc1,2,0.0,0.0,0.0
Cn1cnc(C(=O)N(Cc2ccc(F)c(C(F)(F)F)c2)[C@@H]2C[C@H]3CNC[C@H]3C2)c1,2,0.0,0.0,0.0
Cn1cnc(C(=O)N(Cc2cccc(OC(F)(F)F)c2)[C@@H]2C[C@@H]3CN(CC(C)(C)O)C[C@@H]3C2)c1,2,0.0,0.0,0.0
Cn1cnc(C(=O)N(Cc2cccc(OC(F)(F)F)c2)[C@@H]2C[C@@H]3CN(CC(O)c4ccccc4)C[C@@H]3C2)c1,2,0.0,1.0,0.0
Cn1cnc(C(=O)N(Cc2cccc(OC(F)(F)F)c2)[C@@H]2C[C@@H]3CN(CCC(F)(F)F)C[C@@H]3C2)c1,2,0.0,0.0,0.0
CC(F)CN1C[C@H]2C[C@@H](N(Cc3cccc(OC(F)(F)F)c3)C(=O)c3cn(C)cn3)C[C@H]2C1,2,0.0,0.0,0.0
CCN1C[C@H]2C[C@@H](N(Cc3cccc(OC(F)(F)F)c3)C(=O)c3cn(C)cn3)C[C@H]2C1,2,0.0,0.0,0.0
CN1C[C@H]2C[C@@H](N(Cc3ccc(F)c(OC4CCCC4)c3)C(=O)c3cn(C)cn3)C[C@H]2C1,2,0.0,0.0,0.0
CN1C[C@H]2C[C@@H](N(Cc3ccc(F)c(C(F)(F)F)c3)C(=O)c3cn(C)cn3)C[C@H]2C1,2,0.0,0.0,0.0
CCN1C[C@H]2C[C@@H](N(Cc3ccc(F)c(C(F)(F)F)c3)C(=O)c3cn(C)cn3)C[C@H]2C1,2,0.0,0.0,0.0
CN1C[C@H]2C[C@@H](N(Cc3cccc(OC(F)(F)F)c3)C(=O)c3cn(C)cn3)C[C@H]2C1,2,0.0,0.0,0.0
COc1ccc(CN(C(=O)c2cn(C)cn2)[C@H]2C[C@H]3CNC[C@H]3C2)cc1OC1CCCC1,2,0.0,0.0,0.0
Cn1cnc(C(=O)N(Cc2cccc(OC3CCCC3)c2)[C@H]2C[C@H]3CNC[C@H]3C2)c1,2,0.0,0.0,0.0
CC(C)Oc1cccc(CN(C(=O)c2cn(C)cn2)[C@H]2C[C@H]3CNC[C@H]3C2)c1,2,0.0,0.0,0.0
Cn1cnc(C(=O)N(Cc2ccc(F)c(OC3CCCC3)c2)[C@H]2C[C@H]3CNC[C@H]3C2)c1,2,0.0,0.0,0.0
Cn1cnc(C(=O)N(Cc2cccc(OC(F)(F)F)c2)[C@H]2C[C@H]3CNC[C@H]3C2)c1,2,0.0,0.0,0.0
Cn1cnc(C(=O)N(Cc2ccc(F)c(C(F)(F)F)c2)[C@H]2C[C@H]3CNC[C@H]3C2)c1,2,0.0,0.0,0.0
Cl.Cl.Cl.Cn1cnc(C(=O)N(Cc2cccc(Cl)c2)[C@H]2CC[C@@H](N)CC2)c1,2,0.0,0.0,0.0
O=C(c1cc(Cc2c[nH]c(=O)c3cc(Cl)c(Cl)n23)ccc1F)N1CCC2(CCCN2)CC1,2,0.0,0.0,0.0
CNC(C)(C)C(=O)N1CCN(C(=O)c2cc(Cc3c[nH]c(=O)c4cc(Cl)c(Cl)n34)ccc2F)CC1,2,0.0,0.0,0.0
COc1cc2c(c(N3CCN(C)CC3)c1)O[C@@H](C(=O)Nc1ccc(N3CCOCC3)cc1)CC2,3,0.0,0.0,0.0
COC1(c2ccc(NC(=O)c3cc(=O)c4cc(F)cc(-c5c(C)nn(C)c5C)c4o3)cn2)CCOCC1,3,0.0,0.0,0.0
Cn1cncc1[C@H](O)C1=Cc2cccnc2[C@@H](N2CCN(C(=O)OC(C)(C)C)CC2)c2ccc(Cl)cc21,2,0.0,0.0,0.0
CCOC[C@H]1[C@@H]2CNC[C@@]21c1ccc(Cl)c(Cl)c1,2,0.0,0.0,0.0
N#Cc1nc(CCCN2CCCCC2)cc(-c2cccc(C(F)(F)F)c2)n1,2,0.0,1.0,0.0
CCC(CC)NCCCc1cc(-c2cccc(C(F)(F)F)c2)nc(C#N)n1,2,0.0,1.0,0.0
Cc1ccc(C23CC2CN(CCCSc2nnc(-c4ocnc4C)n2C)C3)c(F)c1,3,0.0,1.0,0.0
Cc1ncoc1-c1nnc(SCCCN2CC3CC3(c3cc(C(F)(F)F)ccc3F)C2)n1C,3,0.0,0.0,0.0
Cc1ncoc1-c1nnc(SCCCN2CC3CC3(c3cccc(C(F)(F)F)c3)C2)n1C,4,0.0,0.0,0.0
COc1cccc(C23CC2CN(CCCSc2nnc(-c4ocnc4C)n2C)C3)c1,3,0.0,0.0,0.0
Cc1ccc2c(-c3nnc(SCCCN4CC5CC5(c5ccccc5)C4)n3C)cccc2n1,3,0.0,1.0,0.0
Cc1ncccc1-c1nnc(SCCCN2C[C@@H]3C[C@]3(c3ccc(C(F)(F)F)cc3)C2)n1C,2,0.0,1.0,0.0
Cn1c(SCCCN2C[C@@H]3C[C@]3(c3ccc(C(F)(F)F)cc3)C2)nnc1-c1ccnnc1,2,0.0,1.0,0.0
Cc1ncoc1-c1nnc(SCCCN2CC3CC3(c3cccc(C(F)(F)F)c3F)C2)n1C,3,0.0,1.0,0.0
COc1ccc(C23CC2CN(CCCSc2nnc(-c4ocnc4C)n2C)C3)cc1Cl,3,0.0,1.0,0.0
COc1ccc(C23CC2CN(CCCSc2nnc(-c4cccc5nc(C)ccc45)n2C)C3)cc1,3,0.0,1.0,0.0
COc1ccc(C23CC2CN(CCCSc2nnc(-c4ocnc4C)n2C)C3)cc1,3,0.0,0.0,0.0
Cc1ncoc1-c1nnc(SCCCN2CC3CC3(c3ccc(F)c(C(F)(F)F)c3)C2)n1C,3,0.0,1.0,0.0
Cc1ccc2c(-c3nnc(SCCCN4CC5CC5(c5ccc(Cl)cc5)C4)n3C)cccc2n1,3,0.0,1.0,0.0
Cc1nc(C)c(-c2nnc(SCCCN3C[C@@H]4C[C@]4(c4ccc(C(F)(F)F)cc4)C3)n2C)s1,2,0.0,1.0,0.0
Cc1ncoc1-c1nnc(SCCCN2CC3CC3(c3ccc(F)cc3)C2)n1C,3,0.0,1.0,0.0
Cc1ncoc1-c1nnc(SCCCN2CC3CC3(c3cccc(F)c3)C2)n1C,3,0.0,1.0,0.0
Cc1ncoc1-c1nnc(SCCCN2CC3CC3(c3cc(F)cc(C(F)(F)F)c3)C2)n1C,2,0.0,1.0,0.0
Cc1ccc2c(-c3nnc(SCCCN4CC5CC5(c5ccc(Cl)c(Cl)c5)C4)n3C)cccc2n1,3,0.0,1.0,0.0
Cc1ncoc1-c1nnc(SCCCN2CC3CC3(c3cccc(Cl)c3)C2)n1C,3,0.0,1.0,0.0
COc1ccc(C23CC2CN(CCCSc2nnc(-c4ocnc4C)n2C)C3)cc1C(F)(F)F,3,0.0,0.0,0.0
Cc1ncoc1-c1nnc(SCCCN2CC3CC3(c3ccc(C(F)(F)F)cc3)C2)n1C,4,0.0,1.0,0.0
Cc1ncoc1-c1nnc(SCCCN2CC3CC3(c3ccc(Cl)c(Cl)c3)C2)n1C,3,0.0,1.0,0.0
Cc1ncoc1-c1nnc(SCCCN2CC3CC3(c3ccc(C(F)(F)F)cc3F)C2)n1C,4,0.0,1.0,0.0
Cc1ncoc1-c1nnc(SCCCN2CC3CC3(c3ccc(Cl)cc3F)C2)n1C,3,0.0,1.0,0.0
Cc1ncoc1-c1nnc(SCCCN2CC3CC3(c3cccc(OC(F)(F)F)c3)C2)n1C,3,0.0,1.0,0.0
Cc1ncoc1-c1nnc(SCCCN2C[C@@H]3C[C@]3(c3ccc(C(F)(F)F)cc3)C2)n1C,2,0.0,1.0,0.0
Cc1ncoc1-c1nnc(SCCCN2CC3CC3(c3ccc(Br)cc3)C2)n1C,3,0.0,1.0,0.0
Cc1ncoc1-c1nnc(SCCCN2CC3CC3(c3ccc(Cl)cc3)C2)n1C,4,0.0,1.0,0.0
Cc1ncoc1-c1nnc(SCCCN2CC3CC3(c3ccc(C(F)(F)F)c(F)c3)C2)n1C,3,0.0,1.0,0.0
Cc1ncoc1-c1nnc(SCCCN2CC3CC3(c3ccc(OC(F)(F)F)cc3)C2)n1C,3,0.0,1.0,0.0
Cc1ccc2c(-c3nnc(SCCCN4CC5CC5(c5ccc(C(C)(C)C)cc5)C4)n3C)cccc2n1,3,0.0,1.0,0.0
CSc1cccc(N(C)C(=N)Nc2cc(SCC[18F])ccc2Cl)c1,2,0.0,0.0,0.0
CC(C)CN(C(=O)c1cccc(Cl)c1Cl)[C@H]1CCNC1,2,0.0,0.0,0.0
CCCC[C@H]1CN(CC2CCOCC2)C(=O)OC12CCN(C1(C)CCN(C(=O)c3c(C)ncnc3C)CC1)CC2,2,0.0,0.0,0.0
CC(C)N(C)[C@@H]1CC[C@H](N2CC[C@H](NC(=O)c3cccc(C(F)(F)F)c3)C2=O)[C@H](CS(=O)(=O)c2ccccc2)C1,2,0.0,0.0,0.0
Cc1cncc(CC2=C(CCN(C)C)Cc3ccccc32)n1,2,0.0,0.0,0.0
Cc1nccnc1CC1=C(CCN(C)C)Cc2ccccc21,2,0.0,0.0,0.0
Cc1cnc(CC2=C(CCN(C)C)Cc3ccccc32)cn1,2,0.0,0.0,0.0
COc1nccnc1CC1=C(CCN(C)C)Cc2ccccc21,2,0.0,0.0,0.0
CN(C)CCC1=C(Cc2cccnn2)c2ccccc2C1,2,0.0,0.0,0.0
CN(C)CCC1=C(Cc2ncccn2)c2ccccc2C1,2,0.0,0.0,0.0
COc1nccnc1[C@H](C)C1=C(CCN(C)C)Cc2ccccc21,2,0.0,0.0,0.0
C[C@H](C1=C(CCN(C)C)Cc2ccccc21)c1nccs1,2,0.0,0.0,0.0
Cc1csc([C@H](C)C2=C(CCN(C)C)Cc3ccccc32)n1,2,0.0,0.0,0.0
Cc1ccc2c(c1)CC(CCN(C)C)=C2Cc1cnccn1,2,0.0,1.0,0.0
COc1ccc2c(c1)CC(CCN(C)C)=C2Cc1cnccn1,2,0.0,0.0,0.0
CN(C)CCC1=C(Cc2cnccn2)c2ccc(Cl)cc2C1,2,0.0,0.0,0.0
CN(C)CCC1=C(Cc2cnccn2)c2ccc(F)cc2C1,2,0.0,1.0,0.0
COc1nccnc1CC1=C(CCN(C)C)Cc2cc(Cl)ccc21,2,0.0,0.0,0.0
COc1nccnc1CC1=C(CCN(C)C)Cc2cc(F)ccc21,2,0.0,0.0,0.0
CN(C)CCC1=C(Cc2cccnn2)c2ccc(F)cc2C1,2,0.0,0.0,0.0
CN(C)CCC1=C(Cc2cccnn2)c2ccc(Cl)cc2C1,2,0.0,1.0,0.0
Cc1ccc2c(c1)CC(CCN(C)C)=C2[C@@H](C)c1cnccn1,2,0.0,0.0,0.0
COc1ccc2c(c1)CC(CCN(C)C)=C2[C@@H](C)c1cnccn1,2,0.0,0.0,0.0
COc1nccnc1[C@H](C)C1=C(CCN(C)C)Cc2cc(C)ccc21,2,0.0,0.0,0.0
COc1ccc2c(c1)CC(CCN(C)C)=C2[C@@H](C)c1nccnc1OC,2,0.0,0.0,0.0
COc1nccnc1[C@H](C)C1=C(CCN(C)C)Cc2cc(F)ccc21,2,0.0,0.0,0.0
C[C@H](C1=C(CCN(C)C)Cc2cc(F)ccc21)c1nccs1,2,0.0,0.0,0.0
Cc1ccc2c(c1)CC(CCN(C)C)=C2[C@@H](C)c1nccs1,2,0.0,0.0,0.0
COc1ccc2c(c1)CC(CCN(C)C)=C2[C@@H](C)c1nccs1,2,0.0,0.0,0.0
CC(c1ccccn1)c1c(CCN(C)C)sc2ccccc12,2,0.0,0.0,0.0
C[C@H](c1ccccn1)c1c(CCN(C)C)sc2ccccc12,2,0.0,0.0,0.0
CNCCc1sc2ccccc2c1[C@@H](C)c1ccccn1,2,0.0,0.0,0.0
C[C@@H](c1ccccn1)c1c(CCN2CCCC2)sc2ccccc12,2,0.0,0.0,0.0
C[C@@H](c1ccccn1)c1c(CCN2CCC2)sc2ccccc12,2,0.0,1.0,0.0
CC(c1cccnc1)c1c(CCN(C)C)sc2ccccc12,2,0.0,0.0,0.0
C[C@H](c1cccnc1)c1c(CCN(C)C)sc2ccccc12,2,0.0,1.0,0.0
C[C@@H](c1cccnc1)c1c(CCN(C)C)sc2ccccc12,2,0.0,0.0,0.0
CC(c1ccncc1)c1c(CCN(C)C)sc2ccccc12,2,0.0,0.0,0.0
Cc1ccnc(C(C)c2c(CCN(C)C)sc3ccccc23)c1,2,0.0,0.0,0.0
COc1cccc(C(C)c2c(CCN(C)C)sc3ccccc23)n1,2,0.0,0.0,0.0
CC(c1cccc(F)n1)c1c(CCN(C)C)sc2ccccc12,2,0.0,0.0,0.0
Cc1cccnc1[C@H](C)c1c(CCN(C)C)sc2ccccc12,2,0.0,1.0,0.0
COc1cccnc1[C@H](C)c1c(CCN(C)C)sc2ccccc12,2,0.0,0.0,0.0
C[C@@H](c1ncccc1F)c1c(CCN(C)C)sc2ccccc12,2,0.0,1.0,0.0
C[C@@H](c1ncccc1Cl)c1c(CCN(C)C)sc2ccccc12,2,0.0,0.0,0.0
C[C@@H](c1ccc(F)cn1)c1c(CCN(C)C)sc2ccccc12,2,0.0,1.0,0.0
Cc1ccc(C(C)c2c(CCN(C)C)sc3ccccc23)cn1,2,0.0,0.0,0.0
COc1ccc(C(C)c2c(CCN(C)C)sc3ccccc23)cn1,2,0.0,0.0,0.0
Cc1ncccc1[C@@H](C)c1c(CCN(C)C)sc2ccccc12,2,0.0,0.0,0.0
COc1ncccc1[C@@H](C)c1c(CCN(C)C)sc2ccccc12,2,0.0,0.0,0.0
C[C@H](c1cccnc1F)c1c(CCN(C)C)sc2ccccc12,2,0.0,0.0,0.0
C[C@H](c1cccnc1Cl)c1c(CCN(C)C)sc2ccccc12,2,0.0,0.0,0.0
CC(c1nccs1)c1c(CCN(C)C)sc2ccccc12,2,0.0,0.0,0.0
C[C@@H](c1cscn1)c1c(CCN(C)C)sc2ccccc12,2,0.0,0.0,0.0
C[C@@H](c1cncs1)c1c(CCN(C)C)sc2ccccc12,2,0.0,0.0,0.0
CC(c1c(CCN(C)C)sc2ccccc12)n1ccnc1,2,0.0,0.0,0.0
C[C@H](c1c(CCN(C)C)sc2ccccc12)n1cccn1,2,0.0,0.0,0.0
O=C(NCc1cc(Cl)cc(Cl)c1)N(c1ccc(Br)cc1)C1CCN(C2CCCC2)CC1,2,0.0,1.0,0.0
O=C(NCc1ccccc1)N(c1ccc(Br)cc1)C1CCN(C2CCCC2)CC1,3,0.0,1.0,0.0
O=C(Nc1ccccc1)N(c1ccc(Br)cc1)C1CCN(C2CCCC2)CC1,3,0.0,1.0,0.0
O=C(NCc1ccc(F)cc1)N(c1ccc(Br)cc1)C1CCN(C2CCCC2)CC1,3,0.0,1.0,0.0
CCN1CCC(N(C(=O)NCc2ccc(F)cc2)c2ccc(Cl)cc2)CC1,3,0.0,0.0,0.0
CCN1CCC(N(C(=O)NCc2ccc(F)cc2)c2ccc(Cl)cn2)CC1,3,0.0,0.0,0.0
O=C(NCc1ccc(F)cc1)N(c1ccc(Cl)cc1)C1CCN(CCO)CC1,3,0.0,0.0,0.0
O=C(NCc1ccc(F)cc1)N(c1ccc(Br)cc1)C1CCN(CCO)CC1,3,0.0,0.0,0.0
O=C(NCc1ccc(F)cc1)N(c1ccc(Cl)cc1)C1CCN(Cc2ccncc2)CC1,3,0.0,0.0,0.0
Nc1cc(CN2CCC(N(C(=O)NCc3ccc(F)cc3)c3ccc(Cl)cc3)CC2)ccn1,3,0.0,1.0,0.0
O=C(NCc1ccc(F)cc1)N(c1ccc(Cl)cc1)C1CCN(Cc2ccnnc2)CC1,3,0.0,0.0,0.0
O=C(NCc1ccccc1)N(c1ccc(Br)cc1)C1CCN(Cc2ccncc2)CC1,3,0.0,0.0,0.0
O=C(NCc1ccccc1)N(c1ccc(Br)cc1)C1CCN(Cc2ccnnc2)CC1,3,0.0,0.0,0.0
Cc1ccc(OC(=O)N(CC(=O)O)Cc2cccc(OCc3nc(-c4ccc(Cl)cc4)oc3C)c2)cc1,2,0.0,0.0,0.0
COC(=O)N(CC(=O)O)Cc1cccc(OCc2nc(-c3ccc(Cl)cc3)oc2C)c1,2,0.0,0.0,0.0
O=C(/C=C/c1ccc(CN(CCO)CCc2c[nH]c3ccccc23)cc1)NO,6,0.0,0.0,0.0
Cc1[nH]c2ccccc2c1CCN1Cc2ccc(/C=C/C(=O)NO)cc2C1,2,0.0,0.0,0.0
CCOCCn1c([C@@H]2CCCN(C3CCOCC3)C2)nc2ccccc21,2,0.0,0.0,0.0
CN1CCC[C@@H](c2nc3ccccc3n2Cc2ccc(F)cc2)C1,5,0.0,1.0,0.0
CN1CCC[C@@H](c2nc3ccccc3n2Cc2ccccn2)C1,2,0.0,0.0,0.0
CN1CCCC(c2nc3ccccc3n2CCOc2ccccc2)C1,2,0.0,0.0,0.0
CN1CCCC(c2nc3ccccc3n2Cc2ccc(F)cc2)C1,2,0.0,0.0,0.0
CCOCCn1nc(CC)c2nc(N3CCN(C)CC3)nc(Nc3cc(C)ccn3)c21,2,0.0,0.0,0.0
CCOCCn1nc(C)c2nc(NC3CCNCC3)nc(Nc3cc(C)ccn3)c21,2,0.0,0.0,0.0
CCOCCn1nc(CC)c2nc(N3CCC(N)CC3)nc(Nc3cc(C)ccn3)c21,2,0.0,0.0,0.0
CCOCCn1nc(CC)c2nc(N3CCC(C(=O)O)CC3)nc(Nc3cc(C)ccn3)c21,2,0.0,0.0,0.0
O=C(O)CCCOc1cccc(CCCCCCOc2cc(-c3ccccc3)cc(-c3ccccc3)c2)c1CCC(=O)O,2,0.0,0.0,0.0
O=C(O)CCCOc1cccc(CCCCCCOc2cc(-c3ccccc3)cc(-c3ccccc3)n2)c1CCC(=O)O,2,0.0,0.0,0.0
O=C(O)CCCOc1cccc(CCCCCCOc2cc(-c3ccsc3)cc(-c3ccc4c(c3)OCO4)c2)c1CCC(=O)O,2,0.0,0.0,0.0
O=C(O)CCCOc1cccc(CCCCCCOc2cc(-c3cccc(F)c3)cc(-c3ccc4c(c3)OCO4)c2)c1CCC(=O)O,2,0.0,0.0,0.0
O=C(O)CCCOc1cccc(CCCCCCOc2cc(-c3ccncc3)cc(-c3ccncc3)c2)c1CCC(=O)O,2,0.0,0.0,0.0
O=C(O)CCCOc1cccc(CCCCCCOc2cc(-c3ccc4c(c3)OCO4)cc(-c3ccccc3F)c2)c1CCC(=O)O,2,0.0,0.0,0.0
O=C([C@H]1C[C@H](Oc2cccc(F)c2)CN1)N1CCCN(C2CCC2)CC1,2,0.0,0.0,0.0
O=C([C@H]1C[C@H](Oc2ccc(F)cc2)CN1)N1CCCN(C2CCC2)CC1,2,0.0,0.0,0.0
CC(=O)N1C[C@@H](Oc2cccc(F)c2)C[C@@H]1C(=O)N1CCCN(C2CCC2)CC1,2,0.0,0.0,0.0
Cc1cccc(Nc2nc(N3CCNCC3)nc3c(C)nn(CCOCC(F)(F)F)c23)n1,2,0.0,1.0,0.0
CCc1nn(CCOCC(F)(F)F)c2c(Nc3ccncn3)nc(N3CCNCC3)nc12,2,0.0,0.0,0.0
Cc1nn(CCOCC(F)(F)F)c2c(Nc3ccncn3)nc(N3CCN[C@H](C)C3)nc12,2,0.0,1.0,0.0
CCc1nn(CCOCC(F)(F)F)c2c(Nc3ccncn3)nc(N3CCN[C@H](C)C3)nc12,2,0.0,0.0,0.0
OC(c1ccnc(Cl)c1)(c1ccc2c(cnn2-c2ccc(F)cc2)c1)C(F)(F)F,2,0.0,0.0,0.0
OC(c1ccc(F)c(Cl)c1)(c1ccc2c(cnn2-c2ccc(F)cc2)c1)C(F)(F)F,2,0.0,0.0,0.0
N#Cc1cc(C(O)(c2ccc3c(cnn3-c3ccc(F)cc3)c2)C(F)(F)F)ccc1F,2,0.0,0.0,0.0
Cc1cc(C(O)(c2ccc3c(cnn3-c3ccc(F)cc3)c2)C(F)(F)F)ccc1F,2,0.0,0.0,0.0
OC(c1ccc2c(cnn2-c2ccc(F)cc2)c1)(c1cccc(Cl)c1Cl)C(F)(F)F,2,0.0,0.0,0.0
C[C@@H]1CCCN1CCc1ccc2nc(-c3ccn[nH]3)ccc2c1,2,0.0,0.0,0.0
C[C@@H]1CCCN1CCc1ccc2nc(-c3cn[nH]c3)ccc2c1,2,0.0,0.0,0.0
Cc1n[nH]cc1-c1ccc2cc(CCN3CCC[C@H]3C)ccc2n1,2,0.0,0.0,0.0
Cc1c(-c2ccc3cc(CCN4CCC[C@H]4C)ccc3n2)cnn1C,2,0.0,0.0,0.0
Cc1nn(C)cc1-c1ccc2cc(CCN3CCC[C@H]3C)ccc2n1,2,0.0,0.0,0.0
Cc1n[nH]c(C)c1-c1ccc2cc(CCN3CCC[C@H]3C)ccc2n1,2,0.0,0.0,0.0
C[C@@H]1CCCN1CCc1ccc2nc(-c3cncnc3)ccc2c1,2,0.0,0.0,0.0
COc1ncc(-c2ccc3cc(CCN4CCC[C@H]4C)ccc3n2)cn1,2,0.0,0.0,0.0
Cc1nc(N2CCCC2)ncc1-c1ccc2cc(CCN3CCC[C@H]3C)ccc2n1,2,0.0,0.0,0.0
Cc1cc(-c2ccc3cc(CCN4CCC[C@H]4C)ccc3n2)nc(-c2ccccc2)n1,2,0.0,1.0,0.0
CC1CCN(c2ccc3cc(CCN4CCC[C@H]4C)ccc3n2)CC1,2,0.0,0.0,0.0
C[C@@H]1CCCN1CCc1ccc2nc(-c3ccc(N4CCCCC4)cc3)ccc2c1,2,0.0,0.0,0.0
C[C@@H]1CCCN1CCc1ccc2nc(-c3ccc(-n4ccc(=O)cc4)cc3)ccc2c1,2,0.0,0.0,0.0
C[C@@H]1CCCN1CCc1ccc2nc(-c3cnc(-c4ccccc4)s3)ccc2c1,2,0.0,0.0,0.0
Cc1nc(-c2cccs2)sc1-c1ccc2cc(CCN3CCC[C@H]3C)ccc2n1,2,0.0,0.0,0.0
Cc1nc(-c2cnccn2)sc1-c1ccc2cc(CCN3CCC[C@H]3C)ccc2n1,2,0.0,0.0,0.0
Cc1nc(N2CCOCC2)sc1-c1ccc2cc(CCN3CCC[C@H]3C)ccc2n1,2,0.0,0.0,0.0
Cc1nc(-c2ccccn2)sc1-c1ccc2cc(CCN3CCC[C@H]3C)ccc2n1,2,0.0,0.0,0.0
Cc1nc(-c2cccnc2)sc1-c1ccc2cc(CCN3CCC[C@H]3C)ccc2n1,2,0.0,0.0,0.0
Cc1c(-c2ccc3cc(CCN4CCC[C@H]4C)ccc3n2)nnn1-c1ccc(F)cc1F,2,0.0,0.0,0.0
Cc1c(-c2ccc(Cl)cc2)noc1-c1ccc2cc(CCN3CCC[C@H]3C)ccc2n1,2,0.0,0.0,0.0
Cc1onc(-c2ccc(Cl)cc2)c1-c1ccc2cc(CCN3CCC[C@H]3C)ccc2n1,2,0.0,0.0,0.0
C[C@@H]1CCCN1CCc1ccc2nc(-c3c(-c4ccccc4)nn(C)c3Cl)ccc2c1,2,0.0,0.0,0.0
Cc1onc(-c2ccccc2)c1-c1ccc2cc(CCN3CCC[C@H]3C)ccc2n1,2,0.0,0.0,0.0
C[C@@H]1CCCN1CCc1ccc2nc(-c3nc4ccccc4s3)ccc2c1,2,0.0,0.0,0.0
Cc1c(-c2ccc3cc(CCN4CCC[C@H]4C)ccc3n2)sc2nc3ccccc3n12,2,0.0,0.0,0.0
Cc1c(-c2ccc3cc(CCN4CCC[C@H]4C)ccc3n2)sc2ncnn12,2,0.0,0.0,0.0
C[C@@H]1CCCN1CCc1ccc2nc(-c3cn4c(n3)SCC4)ccc2c1,2,0.0,0.0,0.0
Cc1nc2ccccn2c1-c1ccc2cc(CCN3CCC[C@H]3C)ccc2n1,2,0.0,0.0,0.0
C[C@@H]1CCCN1CCc1ccc2nc(-c3ccc4nccnc4c3)ccc2c1,2,0.0,0.0,0.0
Cc1nc2ncccc2cc1-c1ccc2cc(CCN3CCC[C@H]3C)ccc2n1,2,0.0,0.0,0.0
C[C@@H]1CCCN1CCc1ccc2nc(-c3ccc4c(c3)COCO4)ccc2c1,2,0.0,0.0,0.0
C[C@@H]1CCCN1CCc1ccc2nc(-c3ccc(C#N)s3)ccc2c1,2,0.0,0.0,0.0
CCOC(=N)c1ccc(-c2ccc3cc(CCN4CCC[C@H]4C)ccc3n2)s1,2,0.0,0.0,0.0
C[C@@H]1CCCN1CCc1ccc2nc(-c3ccccn3)ccc2c1,2,0.0,0.0,0.0
Cc1nc(-c2ccncc2)sc1-c1ccc2cc(CCN3CCC[C@H]3C)ccc2n1,2,0.0,0.0,0.0
Cc1nc(-c2nc(-c3ccc4cc(CCN5CCC[C@H]5C)ccc4n3)cs2)cs1,2,0.0,0.0,0.0
Cc1cc(-c2nc(-c3ccc4cc(CCN5CCC[C@H]5C)ccc4n3)cs2)no1,2,0.0,0.0,0.0
C[C@@H]1CCCN1CCc1ccc2nc(-c3cnc4c(c3)OCO4)ccc2c1,2,0.0,0.0,0.0
Cc1cc2ncc(-c3ccc4cc(CCN5CCC[C@H]5C)ccc4n3)c(C)n2n1,2,0.0,0.0,0.0
C[C@@H]1CCCN1CCc1ccc2nc(-c3ccn4ncnc4n3)ccc2c1,2,0.0,0.0,0.0
COc1ccccc1CC(c1ccccc1)N1CCNCC1,3,0.0,0.0,0.0
FC(F)Oc1ccccc1CC(c1ccccc1)N1CCNCC1,3,0.0,0.0,0.0
Fc1ccccc1C(Cc1ccccc1OC(F)(F)F)N1CCNCC1,3,0.0,1.0,0.0
Fc1ccc(C(Cc2ccccc2OC(F)(F)F)N2CCNCC2)cc1,3,0.0,0.0,0.0
Cn1nccc1-c1cc(NC(=O)c2ccc(F)cc2F)ccc1OCCN1CCOCC1,2,0.0,0.0,0.0
Cn1nccc1-c1cc(NC(=O)c2cccc(C(F)(F)F)c2)ccc1OCCN1CCOCC1,2,0.0,1.0,0.0
COc1cccc(C(=O)Nc2ccc(OCCN3CCOCC3)c(-c3ccnn3C)c2)c1,2,0.0,0.0,0.0
CC(=O)N1CCN(CCOc2ccc(NC(=O)c3cccc(F)c3)cc2-c2ccnn2C)CC1,2,0.0,0.0,0.0
C[C@@H]1CCCN1CCc1cc2cc(-c3ccc(C#N)cc3)ccc2o1,2,0.0,0.0,0.0
C[C@@H]1CCCN1CCc1ccc2nc(-c3ccc(C#N)cc3)ccc2c1,2,0.0,0.0,0.0
C[C@@H]1CCCN1CCc1ccc2ncccc2c1,2,0.0,0.0,0.0
Cc1ccc2cc(CCN3CCC[C@H]3C)ccc2n1,2,0.0,0.0,0.0
C[C@@H]1CCCN1CCc1ccc2nc(C3CC3)ccc2c1,2,0.0,0.0,0.0
C[C@@H]1CCCN1CCc1ccc2nc(C(C)(C)C)ccc2c1,2,0.0,0.0,0.0
C[C@@H]1CCCN1CCc1ccc2nc(-c3nccs3)ccc2c1,2,0.0,0.0,0.0
C[C@@H]1CCCN1CCc1ccc2nc(C3=NCCS3)ccc2c1,2,0.0,0.0,0.0
Cc1nc(C)c(-c2ccc3cc(CCN4CCC[C@H]4C)ccc3n2)s1,2,0.0,0.0,0.0
C[C@@H]1CCCN1CCc1ccc2nc(-c3cccnc3)ccc2c1,2,0.0,0.0,0.0
C[C@@H]1CCCN1CCc1ccc2nc(-c3ccncc3)ccc2c1,2,0.0,0.0,0.0
C[C@@H]1CCCN1CCc1ccc2nc(-c3ccc(Cl)nc3)ccc2c1,2,0.0,0.0,0.0
Cc1ccc(-c2ccc3cc(CCN4CCC[C@H]4C)ccc3n2)cn1,2,0.0,0.0,0.0
Cc1ccc(-c2ccc3cc(CCN4CCC[C@H]4C)ccc3n2)c(C)n1,2,0.0,0.0,0.0
C[C@@H]1CCCN1CCc1ccc2nc(-c3c(O)ccnc3C(F)(F)F)ccc2c1,2,0.0,0.0,0.0
C[C@@H]1CCCN1CCc1ccc2nc(-c3cnccn3)ccc2c1,2,0.0,0.0,0.0
C[C@@H]1CCCN1CCc1ccc2nc(-c3csc(-c4cc(Cl)nc(Cl)c4)n3)ccc2c1,2,0.0,0.0,0.0
C[C@@H]1CCCN1CCc1ccc2nc(-c3csc(-c4ccccc4)n3)ccc2c1,2,0.0,0.0,0.0
C[C@@H]1CCCN1CCc1ccc2nc(-c3csc(-c4ccc(OCC(F)(F)F)nc4)n3)ccc2c1,2,0.0,0.0,0.0
Cc1ccc(-c2ccc(-c3ccc4cc(CCN5CCC[C@H]5C)ccc4n3)s2)s1,2,0.0,0.0,0.0
Cc1c(-c2ccc3cc(CCN4CCC[C@H]4C)ccc3n2)cnn1-c1ccc(Cl)c(Cl)c1,2,0.0,1.0,0.0
Cc1c(-c2ccc3cc(CCN4CCC[C@H]4C)ccc3n2)cnn1-c1ccccn1,2,0.0,0.0,0.0
Cc1cc(C(F)(F)F)cc(-n2ncc(-c3ccc4cc(CCN5CCC[C@H]5C)ccc4n3)c2C)n1,2,0.0,0.0,0.0
CCOc1ccc(-n2ncc(-c3ccc4cc(CCN5CCC[C@H]5C)ccc4n3)c2C)nn1,2,0.0,0.0,0.0
Cc1c(-c2ccc3cc(CCN4CCC[C@H]4C)ccc3n2)cnn1-c1ccc(N(C)C)nn1,2,0.0,0.0,0.0
Cc1nc(C)c(-c2ccc3cc(CCN4CCC[C@H]4C)ccc3n2)o1,2,0.0,0.0,0.0
C[C@@H]1CCCN1CCc1ccc2nc(-c3cc(Br)no3)ccc2c1,2,0.0,1.0,0.0
C=CCN(C(=O)OCc1ccc([N+](=O)[O-])cc1)C1CCN(C[C@H]2CN(C(=O)C3CCCC3)C[C@]2(O)c2ccccc2)CC1,2,0.0,0.0,0.0
C=CCN(C(=O)OCc1ccc(C(F)(F)F)cc1)C1CCN(C[C@H]2CN(C(=O)C3CCCC3)C[C@]2(O)c2ccccc2)CC1,2,0.0,0.0,0.0
C=CCN(C(=O)OCc1ccc(OC(F)(F)F)cc1)C1CCN(C[C@H]2CN(C(=O)C3CCCC3)C[C@]2(O)c2ccccc2)CC1,2,0.0,0.0,0.0
C=CCN(C(=O)OCc1ccc(S(C)(=O)=O)cc1)C1CCN(C[C@H]2CN(C(=O)C3CCCC3)C[C@]2(O)c2ccccc2)CC1,2,0.0,0.0,0.0
C=CCN(C(=O)OCc1ccc2nonc2c1)C1CCN(C[C@H]2CN(C(=O)C3CCCC3)C[C@]2(O)c2ccccc2)CC1,2,0.0,0.0,0.0
C=CCN(C(=O)OCc1ccc(F)cc1)C1CCN(C[C@H]2CN(C(=O)C3CCCC3)C[C@]2(O)c2ccccc2)CC1,2,0.0,0.0,0.0
C=CCN(C(=O)OCc1ccc(Cl)cc1)C1CCN(C[C@H]2CN(C(=O)C3CCCC3)C[C@]2(O)c2ccccc2)CC1,2,0.0,0.0,0.0
C=CCN(C(=O)NCc1ccccc1)C1CCN(C[C@H]2CN(C(=O)C3CCCC3)C[C@]2(O)c2ccccc2)CC1,2,0.0,0.0,0.0
C=CCN(C(=O)NCc1ccc(F)cc1)C1CCN(C[C@H]2CN(C(=O)C3CCCC3)C[C@]2(O)c2ccccc2)CC1,2,0.0,0.0,0.0
C=CCN(C(=O)NCc1ccc(Cl)cc1)C1CCN(C[C@H]2CN(C(=O)C3CCCC3)C[C@]2(O)c2ccccc2)CC1,2,0.0,0.0,0.0
C=CCN(C(=O)NCc1ccc([N+](=O)[O-])cc1)C1CCN(C[C@H]2CN(C(=O)C3CCCC3)C[C@]2(O)c2ccccc2)CC1,2,0.0,0.0,0.0
C=CCN(C(=O)NCc1ccc(C(F)(F)F)cc1)C1CCN(C[C@H]2CN(C(=O)C3CCCC3)C[C@]2(O)c2ccccc2)CC1,2,0.0,0.0,0.0
C=CCN(C(=O)NCc1ccc(OC(F)(F)F)cc1)C1CCN(C[C@H]2CN(C(=O)C3CCCC3)C[C@]2(O)c2ccccc2)CC1,2,0.0,0.0,0.0
C=CCN(C(=O)NCc1ccc(S(=O)(=O)NC)cc1)C1CCN(C[C@H]2CN(C(=O)C3CCCC3)C[C@]2(O)c2ccccc2)CC1,2,0.0,0.0,0.0
C=CCN(C(=O)NCc1ccc(S(=O)(=O)N(C)C)cc1)C1CCN(C[C@H]2CN(C(=O)C3CCCC3)C[C@]2(O)c2ccccc2)CC1,2,0.0,0.0,0.0
C=CCN(C(=O)Cc1ccccc1)C1CCN(C[C@H]2CN(C(=O)C3CCCC3)C[C@]2(O)c2ccccc2)CC1,2,0.0,0.0,0.0
C=CCN(C(=O)Cc1ccc(OC)cc1)C1CCN(C[C@H]2CN(C(=O)C3CCCC3)C[C@]2(O)c2ccccc2)CC1,2,0.0,0.0,0.0
C=CCN(C(=O)Cc1ccc([N+](=O)[O-])cc1)C1CCN(C[C@H]2CN(C(=O)C3CCCC3)C[C@]2(O)c2ccccc2)CC1,2,0.0,0.0,0.0
C=CCN(C(=O)Cc1ccc(F)cc1)C1CCN(C[C@H]2CN(C(=O)C3CCCC3)C[C@]2(O)c2ccccc2)CC1,2,0.0,0.0,0.0
C=CCN(C(=O)Cc1ccc(Cl)cc1)C1CCN(C[C@H]2CN(C(=O)C3CCCC3)C[C@]2(O)c2ccccc2)CC1,2,0.0,0.0,0.0
C=CCN(C(=O)Cc1ccc(S(C)(=O)=O)cc1)C1CCN(C[C@H]2CN(C(=O)C3CCCC3)C[C@]2(O)c2ccccc2)CC1,2,0.0,0.0,0.0
C=CCN(C(=O)Cc1ccc(S(N)(=O)=O)cc1)C1CCN(C[C@H]2CN(C(=O)C3CCCC3)C[C@]2(O)c2ccccc2)CC1,2,0.0,0.0,0.0
C=CCN(C(=O)Cc1ccc(S(=O)(=O)NC)cc1)C1CCN(C[C@H]2CN(C(=O)C3CCCC3)C[C@]2(O)c2ccccc2)CC1,2,0.0,0.0,0.0
C=CCN(C(=O)Cc1ccc(S(=O)(=O)N(C)C)cc1)C1CCN(C[C@H]2CN(C(=O)C3CCCC3)C[C@]2(O)c2ccccc2)CC1,2,0.0,0.0,0.0
O=C(c1ccc(Oc2ccc(F)cc2)nc1)N1CCCN(C2CCC2)CC1,3,0.0,0.0,0.0
O=C(c1ccc(Oc2cccc(F)c2)nc1)N1CCCN(C2CCC2)CC1,3,0.0,0.0,0.0
O=C(c1ccc(Oc2ccc(F)cc2)cn1)N1CCCN(C2CCC2)CC1,3,0.0,1.0,0.0
O=C(c1ccc(Oc2ccc(Cl)cc2)nc1)N1CCCN(C2CCC2)CC1,3,0.0,0.0,0.0
O=C(c1ccc(Oc2cccc(Cl)c2)nc1)N1CCCN(C2CCC2)CC1,3,0.0,0.0,0.0
N#Cc1cccc(Oc2ccc(C(=O)N3CCCN(C4CCC4)CC3)cn2)c1,3,0.0,0.0,0.0
Cc1ncoc1-c1nnc(SCCCN2CC3CC3(c3ccc(S(F)(F)(F)(F)F)cc3)C2)n1C,3,0.0,1.0,0.0
Cc1ncoc1-c1nnc(SCCCN2CC3CC3(c3cccc(S(F)(F)(F)(F)F)c3)C2)n1C,3,0.0,0.0,0.0
Cl.c1cncc(-c2ccccc2O[C@H]2C[C@@H]3CNC[C@H]2C3)c1,2,0.0,0.0,0.0
Cl.Oc1cncc(-c2ccccc2O[C@H]2C[C@@H]3CNC[C@H]2C3)c1,2,0.0,0.0,0.0
Cc1nc2nc(-c3ccccc3)cn2c(-c2ccc(Cl)cc2Cl)c1CN,2,0.0,0.0,0.0
COc1cccc(F)c1OC1CN(Cc2cnn(-c3ccccc3)c2C)C1,2,0.0,0.0,0.0
CC(C)c1cc(C(=O)N2Cc3ccc(CN4CCN(C)CC4)cc3C2)c(O)cc1O,2,0.0,0.0,0.0
CC(C)c1cc(C(=O)N2Cc3ccc(CN(C)C)cc3C2)c(O)cc1O,2,0.0,0.0,0.0
CC(C)c1cc(C(=O)N2Cc3ccc(N4CCNCC4)cc3C2)c(O)cc1O,2,0.0,0.0,0.0
CC(C)c1cc(C(=O)N2Cc3ccc(NC4CCNCC4)cc3C2)c(O)cc1O,2,0.0,0.0,0.0
CC(C)c1cc(C(=O)N2Cc3ccc(NC4CCN(C)CC4)cc3C2)c(O)cc1O,2,0.0,0.0,0.0
CC(C)c1cc(C(=O)N2Cc3ccc(C4(O)CCN(C)CC4)cc3C2)c(O)cc1O,2,0.0,0.0,0.0
CC(C)c1cc(C(=O)N2Cc3ccc(C(=O)N4CCN(C)CC4)cc3C2)c(O)cc1O,2,0.0,0.0,0.0
CC(C)c1cc(C(=O)N2Cc3ccc(OCCNCC(C)(C)C)cc3C2)c(O)cc1O,2,0.0,0.0,0.0
CC(C)c1cc(C(=O)N2Cc3ccc(OCCNC4CCCC4)cc3C2)c(O)cc1O,2,0.0,0.0,0.0
CC(C)c1cc(C(=O)N2Cc3ccc(OCCCN)cc3C2)c(O)cc1O,2,0.0,0.0,0.0
CC(C)c1cc(C(=O)N2Cc3ccc(OCCN)cc3C2)c(O)cc1O,2,0.0,0.0,0.0
CC(C)c1cc(C(=O)N2Cc3cccc(OCCN(C)C)c3C2)c(O)cc1O,2,0.0,0.0,0.0
CC(C)c1cc(C(=O)N2Cc3cccc(OCCCN4CCOCC4)c3C2)c(O)cc1O,2,0.0,0.0,0.0
CC(C)c1cc(C(=O)N2Cc3cccc(N4CCN(C)CC4)c3C2)c(O)cc1O,2,0.0,0.0,0.0
CC(C)c1cc(C(=O)N2Cc3ccc(OCCCN4CCOCC4)cc3C2)c(O)cc1O,2,0.0,0.0,0.0
CC(C)c1cc(C(=O)N2Cc3ccc(CN4CCOCC4)cc3C2)c(O)cc1O.Cl,2,0.0,0.0,0.0
CC(C)c1cc(C(=O)N2Cc3ccc(OCCN(C)C)cc3C2)c(O)cc1O,2,0.0,0.0,0.0
CC(C)c1cc(C(=O)N2Cc3ccc(N4CCN(C)CC4)cc3C2)c(O)cc1O,2,0.0,0.0,0.0
CC(C)c1cc(C(=O)N2Cc3ccccc3C2)c(O)cc1O,2,0.0,0.0,0.0
Cn1cc(Br)c(C(=O)N2CCN(CC(=O)c3ccc(F)cc3)CC2)n1,3,0.0,0.0,0.0
CC(C)c1ccc(S(=O)(=O)Nc2ccc(C34CNCC3C4)cc2)cc1,2,0.0,0.0,0.0
NC(=O)c1cccc(O[C@@H]2C[C@H]3CC[C@@H](C2)N3Cc2ccccc2)c1,2,0.0,1.0,0.0
CCCC1(C(=O)c2ccc3[nH]ccc3c2)CCCN1,2,0.0,0.0,0.0
CCCC1(C(=O)c2cc(F)c3[nH]ccc3c2)CCCN1,2,0.0,0.0,0.0
CCCC1(C(=O)c2ccc(Cl)c(Cl)c2)CCCN1,2,0.0,0.0,0.0
CCCC1(C(=O)c2ccc(N)c(Cl)c2)CCCN1,2,0.0,0.0,0.0
CC(C)OCC1(C(=O)c2ccc(N)c(Cl)c2)CCCN1,2,0.0,0.0,0.0
CCCC1(C(=O)c2ccc3[nH]ncc3c2)CCCN1,2,0.0,0.0,0.0
CC(C)CC1(C(=O)c2ccc3[nH]ncc3c2)CCCN1,2,0.0,0.0,0.0
CC(C)(C)CCC1(C(=O)c2ccc3[nH]ncc3c2)CCCN1,2,0.0,0.0,0.0
Cc1cc(C(N)=O)nn1-c1cccc(-c2ccccc2OC(F)(F)F)c1,2,0.0,0.0,0.0
CNC(=O)c1ncn2c1COc1c(CCN3CCN(c4cccc5nc(C)ccc45)CC3)cccc1-2,2,0.0,0.0,0.0
Cc1ccc2c(N3CCN(CCc4cccc5c4OCc4c(C(N)=O)ncn4-5)CC3)cccc2n1,2,0.0,0.0,0.0
Cc1ccc2c(N3CCN(CCc4cccc5c4OCc4c(C(=O)N6CCOCC6)ncn4-5)CC3)cccc2n1,2,0.0,1.0,0.0
OCc1cc(OCC(O)CNC2CCN(c3ncnc4scc(-c5ccccc5)c34)CC2)ccc1O,2,0.0,0.0,0.0
Cc1ncoc1-c1nnc(SCCCN[C@@H]2CC[C@]3(c4ccc(C(F)(F)F)cc4)CC23)n1C,2,0.0,1.0,0.0
CC(C)(NCCCc1cc(-c2cccc(C(F)(F)F)c2)nc(C#N)n1)C(N)=O,2,0.0,0.0,0.0
Cc1nc2ccccc2n1C1C[C@H]2CC[C@@H](C1)N2CC[C@H](NC(=O)C1CC[S+]([O-])CC1)c1cccc(F)c1,2,0.0,0.0,0.0
Cc1nc2ccc(F)cc2n1C1C[C@H]2CC[C@@H](C1)N2CC[C@H](NC(=O)C1CCS(=O)(=O)CC1)c1cccc(F)c1,2,0.0,0.0,0.0
CC[C@H]1OC(=O)[C@H](C)[C@@H](O[C@H]2C[C@@](C)(OC)[C@@H](O)[C@H](C)O2)[C@H](C)[C@@H](O[C@@H]2O[C@H](C)C[C@H](N(C)C(C)C)[C@H]2O)[C@](C)(O)C[C@@H](C)[C@H](OCCNC=O)[C@H](C)[C@@H](O)[C@]1(C)O,2,0.0,0.0,0.0
CC[C@H]1OC(=O)[C@H](C)[C@@H](O[C@H]2C[C@@](C)(OC)[C@@H](O)[C@H](C)O2)[C@H](C)[C@@H](O[C@@H]2O[C@H](C)C[C@H](N(C)C(C)C)[C@H]2O)[C@](C)(O)C[C@@H](C)[C@H](OCc2nc[nH]n2)[C@H](C)[C@@H](O)[C@]1(C)O,2,0.0,0.0,0.0
CC[C@H]1OC(=O)[C@H](C)[C@@H](O[C@H]2C[C@@](C)(OC)[C@@H](O)[C@H](C)O2)[C@H](C)[C@@H](O[C@@H]2O[C@H](C)C[C@H](N(C)C(C)C)[C@H]2O)[C@](C)(O)C[C@@H](C)[C@H](OCCNS(C)(=O)=O)[C@H](C)[C@@H](O)[C@]1(C)O,2,0.0,0.0,0.0
CCNC(=O)NCCO[C@@H]1[C@H](C)[C@@H](O)[C@](C)(O)[C@@H](CC)OC(=O)[C@H](C)[C@@H](O[C@H]2C[C@@](C)(OC)[C@@H](O)[C@H](C)O2)[C@H](C)[C@@H](O[C@@H]2O[C@H](C)C[C@H](N(C)C(C)C)[C@H]2O)[C@](C)(O)C[C@H]1C,2,0.0,0.0,0.0
CC[C@H]1OC(=O)[C@H](C)[C@@H](O[C@H]2C[C@@](C)(OC)[C@@H](O)[C@H](C)O2)[C@H](C)[C@@H](O[C@@H]2O[C@H](C)C[C@H](N(C)C(C)C)[C@H]2O)[C@](C)(O)C[C@@H](C)[C@H](OCCN)[C@H](C)[C@@H](O)[C@]1(C)O,2,0.0,0.0,0.0
CCNC(=S)NCCO[C@@H]1[C@H](C)[C@@H](O)[C@](C)(O)[C@@H](CC)OC(=O)[C@H](C)[C@@H](O[C@H]2C[C@@](C)(OC)[C@@H](O)[C@H](C)O2)[C@H](C)[C@@H](O[C@@H]2O[C@H](C)C[C@H](N(C)C(C)C)[C@H]2O)[C@](C)(O)C[C@H]1C,2,0.0,0.0,0.0
CC[C@H]1OC(=O)[C@H](C)[C@@H](O[C@H]2C[C@@](C)(OC)[C@@H](O)[C@H](C)O2)[C@H](C)[C@@H](O[C@@H]2O[C@H](C)C[C@H](N(C)C(C)C)[C@H]2O)[C@](C)(O)C[C@@H](C)[C@H](OCCNC(=O)OC)[C@H](C)[C@@H](O)[C@]1(C)O,2,0.0,0.0,0.0
CC[C@H]1OC(=O)[C@H](C)[C@@H](O[C@H]2C[C@@](C)(OC)[C@@H](O)[C@H](C)O2)[C@H](C)[C@@H](O[C@@H]2O[C@H](C)C[C@H](N(C)C(C)C)[C@H]2O)[C@](C)(O)C[C@@H](C)[C@H](OCCNC(C)C)[C@H](C)[C@@H](O)[C@]1(C)O,2,0.0,0.0,0.0
CC[C@H]1OC(=O)[C@H](C)[C@@H](O[C@H]2C[C@@](C)(OC)[C@@H](O)[C@H](C)O2)[C@H](C)[C@@H](O[C@@H]2O[C@H](C)C[C@H](N(C)C(C)C)[C@H]2O)[C@](C)(O)C[C@@H](C)[C@H](OCc2cc(C)on2)[C@H](C)[C@@H](O)[C@]1(C)O,2,0.0,0.0,0.0
CC[C@H]1OC(=O)[C@H](C)[C@@H](O[C@H]2C[C@@](C)(OC)[C@@H](O)[C@H](C)O2)[C@H](C)[C@@H](O[C@@H]2O[C@H](C)C[C@H](N(C)C(C)C)[C@H]2O)[C@](C)(O)C[C@@H](C)[C@H](OCCNC(C)=O)[C@H](C)[C@@H](O)[C@]1(C)O,2,0.0,0.0,0.0
CC[C@H]1OC(=O)[C@H](C)[C@@H](O[C@H]2C[C@@](C)(OC)[C@@H](O)[C@H](C)O2)[C@H](C)[C@@H](O[C@@H]2O[C@H](C)C[C@H](N(C)C(C)C)[C@H]2O)[C@](C)(O)C[C@@H](C)[C@H](OCc2c[nH]cn2)[C@H](C)[C@@H](O)[C@]1(C)O,2,0.0,0.0,0.0
CCCNC(=S)NCCO[C@@H]1[C@H](C)[C@@H](O)[C@](C)(O)[C@@H](CC)OC(=O)[C@H](C)[C@@H](O[C@H]2C[C@@](C)(OC)[C@@H](O)[C@H](C)O2)[C@H](C)[C@@H](O[C@@H]2O[C@H](C)C[C@H](N(C)C(C)C)[C@H]2O)[C@](C)(O)C[C@H]1C,2,0.0,0.0,0.0
CC[C@H]1OC(=O)[C@H](C)[C@@H](O[C@H]2C[C@@](C)(OC)[C@@H](O)[C@H](C)O2)[C@H](C)[C@@H](O[C@@H]2O[C@H](C)C[C@H](N(C)C(C)C)[C@H]2O)[C@](C)(O)C[C@@H](C)[C@H](OCc2nccs2)[C@H](C)[C@@H](O)[C@]1(C)O,2,0.0,0.0,0.0
CC[C@H]1OC(=O)[C@H](C)[C@@H](O[C@H]2C[C@@](C)(OC)[C@@H](O)[C@H](C)O2)[C@H](C)[C@@H](O[C@@H]2O[C@H](C)C[C@H](N(C)C(C)C)[C@H]2O)[C@](C)(O)C[C@@H](C)[C@H](OCc2csc(C)n2)[C@H](C)[C@@H](O)[C@]1(C)O,2,0.0,0.0,0.0
CCOC(=O)NCCO[C@@H]1[C@H](C)[C@@H](O)[C@](C)(O)[C@@H](CC)OC(=O)[C@H](C)[C@@H](O[C@H]2C[C@@](C)(OC)[C@@H](O)[C@H](C)O2)[C@H](C)[C@@H](O[C@@H]2O[C@H](C)C[C@H](N(C)C(C)C)[C@H]2O)[C@](C)(O)C[C@H]1C,2,0.0,0.0,0.0
CC[C@H]1OC(=O)[C@H](C)[C@@H](O[C@H]2C[C@@](C)(OC)[C@@H](O)[C@H](C)O2)[C@H](C)[C@@H](O[C@@H]2O[C@H](C)C[C@H](N(C)C(C)C)[C@H]2O)[C@](C)(O)C[C@@H](C)[C@H](OCc2ccncc2)[C@H](C)[C@@H](O)[C@]1(C)O,2,0.0,0.0,0.0
CC[C@H]1OC(=O)[C@H](C)[C@@H](O[C@H]2C[C@@](C)(OC)[C@@H](O)[C@H](C)O2)[C@H](C)[C@@H](O[C@@H]2O[C@H](C)C[C@H](N(C)C(C)C)[C@H]2O)[C@](C)(O)C[C@@H](C)[C@H](OCCNC(=O)c2ccc3[nH]cnc3c2)[C@H](C)[C@@H](O)[C@]1(C)O,2,0.0,0.0,0.0
CC[C@H]1OC(=O)[C@H](C)[C@@H](O[C@H]2C[C@@](C)(OC)C[C@H](C)O2)[C@H](C)[C@@H](O[C@@H]2O[C@H](C)C[C@H](N(C)C(C)C)[C@H]2O)[C@]2(C)CC(C)=C(O2)[C@H](C)C(=O)[C@]1(C)OC,2,0.0,0.0,0.0
CC[C@H]1OC(=O)[C@H](C)[C@@H](O[C@H]2C[C@@](C)(OC)[C@@H](O)[C@H](C)O2)[C@H](C)[C@@H](O[C@@H]2O[C@H](C)C[C@H](N(C)C(C)C)[C@H]2O)[C@](C)(O)C[C@@H](C)[C@H](OCCNC(=N)N)[C@H](C)[C@@H](O)[C@]1(C)O,2,0.0,0.0,0.0
CNC[C@H](CC1CCCCC1)NC(=O)N1CCC[C@@H]([C@@](O)(CCCCOC)c2cccc(Cl)c2)C1,2,0.0,0.0,0.0
CC[C@](O)(c1cn(Cc2ccc3c(-c4ccc(F)cc4)c(C(=O)O)sc3c2)nn1)C(F)(F)F,2,0.0,0.0,0.0
CCC1CCCCN1C(=S)NC(=O)c1cccs1,2,0.0,1.0,0.0
O=C(COc1ccc2ccccc2c1Br)Nc1cccnc1,2,0.0,1.0,0.0
O=C(O)c1cc(Cl)ccc1Nc1nc2cc(Cl)ccc2o1,2,0.0,0.0,0.0
O=C(O)c1ccc(Cl)cc1Nc1nc2cc(Cl)ccc2o1,2,0.0,0.0,0.0
NC(=O)c1cc(C(N)=O)n(-c2cccc(-c3cc(C(F)(F)F)ccc3C(F)(F)F)c2)n1,2,0.0,0.0,0.0
COc1cc(/C=C/c2nc3cc(Cl)ccc3c(=O)[nH]2)ccc1-n1cnc(C)c1,2,0.0,0.0,0.0
COc1cc2c(cc1Nc1ncc(Cl)c(Nc3ccc(N4CCOCC4)cc3OC)n1)CCN(CC(=O)N(C)C)CC2,2,0.0,0.0,0.0
O=c1[nH]ccc2cc(O[C@H]3CCCNC3)ccc12,2,0.0,0.0,0.0
CC(=O)N1CCC(NC(=O)NC23CC4CC(CC(C4)C2)C3)CC1,2,0.0,0.0,0.0
COC(=O)C1=CCC2CCC1N2C,2,0.0,0.0,0.0
CO[C@@H]1COCC[C@@H]1N[C@@H]1CC[C@@](C(=O)N2CCN(c3cc(C(F)(F)F)ccn3)CC2)(C(C)C)C1,3,0.0,0.0,0.0
Cc1nnc(C(C)C)n1[C@H]1C[C@H]2CC[C@@H](C1)N2CCC(CNS(=O)(=O)c1ccccc1)c1ccccc1,2,0.0,0.0,0.0
Cc1nnc(C(C)C)n1[C@H]1C[C@H]2CC[C@@H](C1)N2CCC(CNC(=O)C1CCC(F)(F)CC1)c1ccccc1,2,0.0,0.0,0.0
C[C@@H](NC(=O)Cc1ccc(C2CC2)cc1)c1ccc(OCC(F)(F)F)cn1,2,0.0,0.0,0.0
Nc1nc(CC(=O)Nc2ccc(C[C@@H]3CC[C@H]([C@H](O)c4ccccc4)N3)cc2)cs1,2,0.0,0.0,0.0
COc1cc2nnc(C(N)=O)c(Nc3ccc(C)cc3F)c2cc1N1CCN(C)CC1,2,0.0,0.0,0.0
COc1ccc([C@H]2CN(CCc3ccc(OC)c(OC)c3)C[C@@H]2CNC(=O)c2cccc(Cl)c2)cc1,2,0.0,1.0,0.0
COc1ccc([C@H]2CN(CCc3ccc(OC)c(OC)c3)C[C@@H]2CC(=O)Nc2cccc(Cl)c2)cc1,2,0.0,1.0,0.0
COCCCc1cc(CN(C(=O)[C@H]2CNCC[C@@H]2c2ccc(OCCOc3c(Cl)cc(C)cc3Cl)cc2)C2CC2)cc(OCCOC)c1,2,0.0,1.0,0.0
CC(C)NCc1c(C(=O)N[C@@H]2CCC[C@H](O)C2)noc1-c1ccc(C(F)(F)F)cc1,3,0.0,0.0,0.0
COCCN(C)c1ccc(NC(=O)c2nc(-c3ccccc3)oc2C(F)(F)F)cn1,3,0.0,0.0,0.0
CC1(C)Oc2ncnc(N)c2N=C1c1ccc([C@H]2CC[C@H](CC(=O)O)CC2)cc1,2,0.0,0.0,0.0
O=c1c2ccccc2c(Cc2ccc(Cl)cc2)nn1C[C@H]1CCCN1CCCCc1ccc(OCCCN2CCCCCC2)cc1,3,0.0,1.0,0.0
c1ccc(Cc2ncc3c(n2)CCNCC3)cc1,2,0.0,0.0,0.0
O=C(NC1CC1)c1ccc(OCC2CC2C2CCN(c3ncc(Cl)cn3)CC2)cc1F,2,0.0,0.0,0.0
O=C(NC1CC1)c1ccc(OCCC2CC2C2CCN(c3ncc(Cl)cn3)CC2)cc1F,3,0.0,0.0,0.0
O=C(NC1CC1)c1ccc(OCC2CC2CC2CCN(c3ncc(Cl)cn3)CC2)cc1F,2,0.0,0.0,0.0
CC[C@H]1OC(=O)[C@H](C)[C@@H](O[C@H]2C[C@@](C)(OC)C[C@H](C)O2)[C@H](C)[C@@H](O[C@@H]2O[C@H](C)C[C@H](N(C)C(C)C)[C@H]2O)[C@](C)(O)C[C@@H](C)[C@H](O)[C@H](C)[C@@H](O)[C@]1(C)O,2,0.0,0.0,0.0
CC[C@H]1OC(=O)[C@H](C)[C@@H](O[C@H]2C[C@@](C)(OC)C[C@H](C)O2)[C@H](C)[C@@H](O[C@@H]2O[C@H](C)C[C@H](N(C)C3CCC3)[C@H]2O)[C@](C)(O)C[C@@H](C)[C@H](O)[C@H](C)[C@@H](O)[C@]1(C)O,2,0.0,0.0,0.0
CC[C@H]1OC(=O)[C@H](C)[C@@H](O[C@H]2C[C@@](C)(OC)C[C@H](C)O2)[C@H](C)[C@@H](O[C@@H]2O[C@H](C)C[C@H](N(C)CCO)[C@H]2O)[C@](C)(O)C[C@@H](C)[C@H](O)[C@H](C)[C@@H](O)[C@]1(C)O,2,0.0,0.0,0.0
CC[C@H]1OC(=O)[C@H](C)[C@@H](O[C@H]2C[C@@](C)(OC)C[C@H](C)O2)[C@H](C)[C@@H](O[C@@H]2O[C@H](C)C[C@H](N(C)C[C@H](C)O)[C@H]2O)[C@](C)(O)C[C@@H](C)[C@H](O)[C@H](C)[C@@H](O)[C@]1(C)O,2,0.0,0.0,0.0
CC[C@H]1OC(=O)[C@H](C)[C@@H](O[C@H]2C[C@@](C)(OC)C[C@H](C)O2)[C@H](C)[C@@H](O[C@@H]2O[C@H](C)C[C@H](N(C)CC(C)(C)O)[C@H]2O)[C@](C)(O)C[C@@H](C)[C@H](O)[C@H](C)[C@@H](O)[C@]1(C)O,2,0.0,0.0,0.0
CC[C@H]1OC(=O)[C@H](C)[C@@H](O[C@H]2C[C@@](C)(OC)C[C@H](C)O2)[C@H](C)[C@@H](O[C@@H]2O[C@H](C)C[C@H](N(C)C(C)C)[C@H]2O)[C@](C)(O)C[C@@H](C)[C@H](OCC(N)=O)[C@H](C)[C@@H](O)[C@]1(C)O,2,0.0,0.0,0.0
CC[C@H]1OC(=O)[C@H](C)[C@@H](O[C@H]2C[C@@](C)(OC)C[C@H](C)O2)[C@H](C)[C@@H](O[C@@H]2O[C@H](C)C[C@H](N(C)C(C)C)[C@H]2O)[C@](C)(O)C[C@@H](C)[C@H](OCC(=O)NC)[C@H](C)[C@@H](O)[C@]1(C)O,3,0.0,0.0,0.0
CC[C@H]1OC(=O)[C@H](C)[C@@H](O[C@H]2C[C@@](C)(OC)C[C@H](C)O2)[C@H](C)[C@@H](O[C@@H]2O[C@H](C)C[C@H](N(C)C(C)C)[C@H]2O)[C@](C)(O)C[C@@H](C)[C@H](OCC(=O)N(C)C)[C@H](C)[C@@H](O)[C@]1(C)O,2,0.0,0.0,0.0
Cc1c2c(n3c1CCCN[C@H](C)CNc1cc-3ccc1C(N)=O)CC(C)(C)CC2=O,2,0.0,0.0,0.0
Cc1c2c(n3c1CCCNC(=O)[C@H](C)Nc1cc-3ccc1C(N)=O)CC(C)(C)CC2=O,3,0.0,0.0,0.0
CC(C)[C@]1(C(=O)N2CCN(c3cc(C(F)(F)F)ccn3)CC2)CC[C@@H](NC2C3CCCC2COC3)C1,2,0.0,0.0,0.0
CC(C)[C@]1(C(=O)N2CCN(c3cc(C(F)(F)F)ccn3)CC2)CC[C@@H](N2CCC3COCCC32)C1,2,0.0,0.0,0.0
CN(C)[C@@H]1CCC[C@H]1Nc1nc(Nc2ccc(S(C)(=O)=O)cc2)ncc1C(F)(F)F,2,0.0,0.0,0.0
CN=[S+](C)([O-])c1ccc(Nc2ncc(C(F)(F)F)c(N[C@@H]3CCC[C@H]3N(C)C)n2)cc1,4,0.0,0.0,0.0
CCN=[S+](C)([O-])c1ccc(Nc2ncc(C(F)(F)F)c(N[C@@H]3CCC[C@H]3N(C)C)n2)cc1,3,0.0,0.0,0.0
O=c1cc(Cn2c(C3CCC3)nc3nccnc32)c2ccc(F)c(F)c2[nH]1,2,0.0,0.0,0.0
CC(C)Cc1nc2nccnc2n1Cc1cc(=O)[nH]c2c(F)c(F)ccc12,2,0.0,0.0,0.0
O=c1cc(Cn2c(C3CCC3)nc3nccnc32)c2cccc(F)c2[nH]1,2,0.0,0.0,0.0
CN(C)S(=O)(=O)Nc1ccc2ccc3ncc(-c4cnn(C)c4)cc3c(=O)c2c1,2,0.0,0.0,0.0
NCC(=O)N1CCn2c(nc(-c3ccccc3)c2Nc2ccc3c(c2)OCO3)C1,2,0.0,0.0,0.0
NCC(=O)N1CCn2c(nc(-c3ccc(F)cc3)c2Nc2ccc(F)cc2)C1,2,0.0,0.0,0.0
CC(C)(N)C(=O)N1CCn2c(nc(-c3ccc(F)cc3)c2Nc2ccc(F)cc2)C1,3,0.0,0.0,0.0
N#Cc1ccc(N2CCN(Cc3cc(C(=O)O)c(=O)n4ccccc34)CC2)cc1,2,0.0,0.0,0.0
COc1cc(N2CCN(C(C)=O)CC2)ccc1Nc1ncc(Cl)c(-c2cnc3ccccn23)n1,2,0.0,0.0,0.0
Cc1[nH]c2ccccc2c1CC(=O)N1Cc2ccc(/C=C/C(=O)NO)cc2C1,2,0.0,0.0,0.0
Nc1ccccc1NC(=O)c1ccc(CNC(=O)OCc2cccnc2)cc1,3,0.0,0.0,0.0
Nc1ccccc1NC(=O)c1ccc(CNc2nccc(-c3cccnc3)n2)cc1,3,0.0,0.0,0.0
Cc1c(C(=O)NC2(c3noc(C(F)(F)F)n3)CC2)nn(-c2ccc(Cl)cc2Cl)c1-c1ccc(Cl)cc1,2,0.0,0.0,0.0
CC(C)(NC(=O)c1nn(-c2ccc(Cl)cc2Cl)c(-c2ccc(Cl)cc2)c1CO)c1noc(C(F)(F)F)n1,2,0.0,0.0,0.0
C[C@@H]1CCCN1CCCOc1ccc(-c2cn[nH]c(=O)c2)cc1,2,0.0,0.0,0.0
C[S+](=N)([O-])c1ccc(C2=C(c3ccccc3)C(=O)OC2)cc1,7,0.0,0.0,0.0
CCCCN1CCCC[C@@H]1C(=O)Nc1c(C)cccc1C.Cl,5,0.0,0.0,0.0
CCCCN1CCCC[C@H]1C(=O)Nc1c(C)cccc1C.Cl,5,0.0,0.0,0.0
CC(C)N(CCc1c(C(C)(C)O)[nH]c2ccccc12)Cc1ccc(/C=C/C(=O)NO)cc1,4,0.0,0.0,0.0
CC(C)(C)c1[nH]c2ncccc2c1CCNCc1ccc(/C=C/C(=O)NO)cc1,3,0.0,0.0,0.0
Cc1nn2ccccc2c1CCNCc1ccc(/C=C/C(=O)NO)cc1,3,0.0,0.0,0.0
c1ccc(-c2ccc(OCCCN3CCCCC3)cc2)cc1,2,0.0,0.0,0.0
O=C1COc2ccc(CNC3CCN(CCN4C(=O)COc5ccc(F)cc54)CC3)nc2N1,2,0.0,0.0,0.0
COc1ccc2c(c1)N(CCN1CCC(NCc3ccc4c(n3)NC(=O)CO4)CC1)C(=O)CO2,2,0.0,0.0,0.0
N#Cc1ccc2c(c1)N(CCN1CCC(NCc3ccc4c(n3)NC(=O)CO4)CC1)C(=O)CO2,2,0.0,0.0,0.0
c1cc([C@H]2CC[C@H](N3CCCC3)CC2)ccc1OCCCN1CCCCC1,2,0.0,0.0,0.0
c1cc([C@H]2CC[C@@H](N3CCCC3)CC2)ccc1OCCCN1CCCCC1,2,0.0,0.0,0.0
CN(C)[C@H]1CC[C@H](c2ccc(OCCCN3CCCCC3)cc2)CC1,2,0.0,0.0,0.0
CN(C)[C@H]1CC[C@@H](c2ccc(OCCCN3CCCCC3)cc2)CC1,2,0.0,0.0,0.0
N[C@]1(c2ccccc2)CC[C@H](N2CC(NC(=O)CNC(=O)c3cccc(C(F)(F)F)c3)C2)CC1,2,0.0,0.0,0.0
O=C(CNC(=O)c1cccc(C(F)(F)F)c1)NC1CN([C@H]2CC[C@](F)(c3ccccc3)CC2)C1,2,0.0,0.0,0.0
Cc1cccc(C)c1[C@]1(O)CC[C@@H](N2CC(NC(=O)CNC(=O)c3cccc(C(F)(F)F)c3)C2)CC1,2,0.0,0.0,0.0
O=C(CNC(=O)c1cccc(C(F)(F)F)c1)NC1CN([C@H]2CC[C@](O)(c3ccc4c(c3)OCC4)CC2)C1,2,0.0,0.0,0.0
O=C(CNC(=O)c1cccc(C(F)(F)F)c1)NC1CN([C@H]2CC[C@](O)(c3ccc4c(c3)OCO4)CC2)C1,2,0.0,0.0,0.0
COc1ccc([C@]2(O)CC[C@@H](N3CC(NC(=O)CNC(=O)c4cccc(C(F)(F)F)c4)C3)CC2)cc1,2,0.0,0.0,0.0
CN(C)c1cccc([C@]2(O)CC[C@@H](N3CC(NC(=O)CNC(=O)c4cccc(C(F)(F)F)c4)C3)CC2)c1,2,0.0,0.0,0.0
N#Cc1cccc([C@]2(O)CC[C@@H](N3CC(NC(=O)CNC(=O)c4cccc(C(F)(F)F)c4)C3)CC2)c1,2,0.0,0.0,0.0
O=C(CNC(=O)c1cccc(C(F)(F)F)c1)NC1CN([C@H]2CC[C@](O)(c3ccc(F)cc3)CC2)C1,2,0.0,0.0,0.0
O=C(CNC(=O)c1cccc(C(F)(F)F)c1)NC1CN([C@H]2CC[C@](O)(c3ccccc3)CC2)C1,2,0.0,0.0,0.0
O=C(CNC(=O)c1cccc(C(F)(F)F)c1)NC1CN([C@H]2CC[C@](O)(c3cccnc3)CC2)C1,2,0.0,0.0,0.0
Nc1ccc([C@H]2CC[C@H](N3CC(NC(=O)CNC(=O)c4cccc(C(F)(F)F)c4)C3)CC2)nc1,2,0.0,0.0,0.0
Nc1cccnc1[C@H]1CC[C@H](N2CC(NC(=O)CNC(=O)c3cccc(C(F)(F)F)c3)C2)CC1,2,0.0,0.0,0.0
O=C(CNC(=O)c1cccc(C(F)(F)F)c1)NC1CN([C@H]2CC[C@H](c3ccncc3O)CC2)C1,2,0.0,0.0,0.0
O=C(CNC(=O)c1cccc(C(F)(F)F)c1)NC1CN([C@H]2CC[C@H](c3ccc(O)cn3)CC2)C1,2,0.0,0.0,0.0
CN(C)c1ncc([C@H]2CC[C@H](N3CC(NC(=O)CNC(=O)c4cccc(C(F)(F)F)c4)C3)CC2)cn1,2,0.0,0.0,0.0
O=C(CNC(=O)c1cccc(C(F)(F)F)c1)NC1CN([C@H]2CC[C@H](c3cnccn3)CC2)C1,2,0.0,0.0,0.0
COc1cc([C@H]2CC[C@H](N3CC(NC(=O)CNC(=O)c4cccc(C(F)(F)F)c4)C3)CC2)ccn1,2,0.0,0.0,0.0
COc1cnccc1[C@H]1CC[C@H](N2CC(NC(=O)CNC(=O)c3cccc(C(F)(F)F)c3)C2)CC1,2,0.0,0.0,0.0
COc1ccc([C@H]2CC[C@H](N3CC(NC(=O)CNC(=O)c4cccc(C(F)(F)F)c4)C3)CC2)cn1,2,0.0,0.0,0.0
O=C(CNC(=O)c1cccc(C(F)(F)F)c1)NC1CN([C@H]2CC[C@H](c3cccnc3)CC2)C1,2,0.0,0.0,0.0
O=C(CNC(=O)c1cccc(C(F)(F)F)c1)NC1CN([C@H]2CC[C@H](c3ccc4[nH]cnc4c3)CC2)C1,2,0.0,0.0,0.0
O=C(CNC(=O)c1cccc(C(F)(F)F)c1)NC1CN([C@H]2CC[C@H](c3ccc(N4CCCC4)cc3)CC2)C1,2,0.0,0.0,0.0
O=C(CNC(=O)c1cccc(C(F)(F)F)c1)NC1CN([C@H]2CC[C@H](c3ccc(C(=O)O)cc3)CC2)C1,2,0.0,0.0,0.0
COC(=O)c1ccc([C@H]2CC[C@H](N3CC(NC(=O)CNC(=O)c4cccc(C(F)(F)F)c4)C3)CC2)cc1,2,0.0,0.0,0.0
O=C(CNC(=O)c1cccc(C(F)(F)F)c1)NC1CN([C@H]2CC[C@H](c3ccc(O)cc3)CC2)C1,2,0.0,0.0,0.0
COc1ccc([C@H]2CC[C@H](N3CC(NC(=O)CNC(=O)c4cccc(C(F)(F)F)c4)C3)CC2)cc1,2,0.0,0.0,0.0
O=C(CNC(=O)c1ccc(C(F)(F)F)cc1)NC1CN([C@H]2CC[C@H](c3ccc4c(c3)OCO4)CC2)C1,2,0.0,0.0,0.0
O=C(CNC(=O)c1ccccc1)NC1CN([C@H]2CC[C@H](c3ccc4c(c3)OCO4)CC2)C1,2,0.0,0.0,0.0
O=C(CNC(=O)c1cccc(C(F)(F)F)c1)NC1CN([C@H]2CC[C@H](c3ccccc3)CC2)C1,2,0.0,0.0,0.0
O=C(CNC(=O)c1cccc(C(F)(F)F)c1)NC1CN([C@H]2CC[C@@H](c3ccc4c(c3)OCO4)CC2)C1,2,0.0,0.0,0.0
N#C[C@]1(c2ccccc2)CC[C@H](N2CC(NC(=O)CNC(=O)c3cccc(C(F)(F)F)c3)C2)CC1,2,0.0,0.0,0.0
O=C(CNC(=O)c1cccc(C(F)(F)F)c1)NC1CN([C@H]2CC[C@](C(=O)O)(c3ccccc3)CC2)C1,2,0.0,0.0,0.0
O=C(CNC(=O)c1cccc(C(F)(F)F)c1)NC1CN([C@H]2CC[C@](CO)(c3ccccc3)CC2)C1,2,0.0,0.0,0.0
Cn1nc(NCC(=O)NC2CN([C@H]3CC[C@@H](c4ccccc4)CC3)C2)c2cc(C(F)(F)F)ccc21,2,0.0,0.0,0.0
C#C[C@H]1CC[C@@H](N2CC(NC(=O)CNc3nn(C)c4ccc(C(F)(F)F)cc34)C2)CC1,2,0.0,0.0,0.0
Cn1ccc([C@H]2CC[C@@H](N3CC(NC(=O)CNc4nn(C)c5ccc(C(F)(F)F)cc45)C3)CC2)n1,2,0.0,0.0,0.0
Cn1nc(NCC(=O)NC2CN([C@H]3CC[C@@H](c4nccn4C)CC3)C2)c2cc(C(F)(F)F)ccc21,2,0.0,0.0,0.0
Cn1nc(NCC(=O)NC2CN([C@H]3CC[C@@H](c4ncco4)CC3)C2)c2cc(C(F)(F)F)ccc21,2,0.0,0.0,0.0
Cc1ncc([C@H]2CC[C@@H](N3CC(NC(=O)CNc4nn(C)c5ccc(C(F)(F)F)cc45)C3)CC2)s1,2,0.0,0.0,0.0
NC(=O)n1nc(NCC(=O)NC2CN([C@H]3CC[C@@H](c4nccs4)CC3)C2)c2cc(C(F)(F)F)ccc21,2,0.0,0.0,0.0
Cn1nc(NCC(=O)NC2CN([C@H]3CC[C@@H](c4nccs4)CC3)C2)c2cc(C(F)(F)F)ccc21,2,0.0,0.0,0.0
O=C(CNc1n[nH]c2ccc(C(F)(F)F)cc12)NC1CN([C@H]2CC[C@@H](c3cncs3)CC2)C1,2,0.0,0.0,0.0
O=C(CNc1noc2ccc(C(F)(F)F)cc12)NC1CN([C@H]2CC[C@@H](c3nccs3)CC2)C1,2,0.0,0.0,0.0
O=C(CNc1noc2ccc(C(F)(F)F)cc12)NC1CN([C@H]2CC[C@@H](c3cncs3)CC2)C1,2,0.0,0.0,0.0
COc1ccc([C@H]2CC[C@@H](N3CC(NC(=O)CNc4noc5ccc(C(F)(F)F)cc45)C3)CC2)cn1,2,0.0,0.0,0.0
CC(C)c1ncc([C@H]2CC[C@@H](N3CC(NC(=O)CNc4nn(C)c5ccc(C(F)(F)F)cc45)C3)CC2)s1,2,0.0,0.0,0.0
CCc1ncc([C@H]2CC[C@@H](N3CC(NC(=O)CNc4nn(C)c5ccc(C(F)(F)F)cc45)C3)CC2)s1,2,0.0,0.0,0.0
O=C(CNc1nn(CCO)c2ccc(C(F)(F)F)cc12)NC1CN([C@H]2CC[C@@H](c3nccs3)CC2)C1,2,0.0,0.0,0.0
Cn1nc(NCC(=O)NC2CN([C@H]3CC[C@@H](c4cncs4)CC3)C2)c2cc(C(F)(F)F)ccc21,2,0.0,0.0,0.0
Cc1ccc([C@H]2CC[C@@H](N3CC(NC(=O)CNc4nn(C)c5ccc(C(F)(F)F)cc45)C3)CC2)cn1,2,0.0,0.0,0.0
COc1ccc([C@H]2CC[C@@H](N3CC(NC(=O)CNc4nn(C)c5ccc(C(F)(F)F)cc45)C3)CC2)cn1,2,0.0,0.0,0.0
Cn1nc(NCC(=O)NC2CN([C@H]3CC[C@@H](c4cccnc4)CC3)C2)c2cc(C(F)(F)F)ccc21,2,0.0,0.0,0.0
Cc1ccc([C@H]2CC[C@@H](N3CC(NC(=O)CNc4n[nH]c5ccc(C(F)(F)F)cc45)C3)CC2)cn1,2,0.0,0.0,0.0
COc1ccc([C@]2(O)CC[C@H](N3CC(NC(=O)CNc4n[nH]c5ccc(C(F)(F)F)cc45)C3)CC2)cn1,2,0.0,0.0,0.0
O=C(CNc1n[nH]c2ccc(C(F)(F)F)cc12)NC1CN([C@H]2CC[C@@H](c3cccnc3)CC2)C1,2,0.0,0.0,0.0
CN(C)c1cccc([C@H]2CC[C@@H](N3CC(NC(=O)CNc4nn(C)c5ccc(C(F)(F)F)cc45)C3)CC2)c1,2,0.0,0.0,0.0
CC(C)Oc1ccc(-c2nc(-c3ccc4c(c3)CCN(C(CO)CO)CC4)no2)cc1C#N,2,0.0,0.0,0.0
Cc1c(-c2noc(-c3ccc(OC(C)C)c(C#N)c3)n2)ccc2c1CCN(C(CO)CO)C2,2,0.0,0.0,0.0
Cc1c(-c2noc(-c3ccc(OC(C)C)c(C#N)c3)n2)ccc2c1CCN(CC(=O)N[C@@H](C)CO)C2,2,0.0,0.0,0.0
CC(C)Oc1ccc(-c2nc(-c3cccc4c3OCCN(C(CO)CO)C4)no2)cc1C#N,2,0.0,0.0,0.0
ClC(Cl)=C(c1ccc(Cl)cc1)c1ccc(Cl)cc1,2,0.0,0.0,0.0
CC(C)(C)[C@]1(O)CCN2C[C@H]3c4ccccc4CCc4cccc(c43)[C@@H]2C1.Cl,2,0.0,0.0,0.0
COc1ccc(C(c2ccc(OC)cc2)C(Cl)(Cl)Cl)cc1,2,0.0,0.0,0.0
CC/C(=C(\c1ccccc1)c1ccc(OCCN(C)C)cc1)c1ccccc1.O=C(O)CC(O)(CC(=O)O)C(=O)O,2,0.0,0.0,0.0
CC(COc1ccccc1)N(CCCl)Cc1ccccc1.Cl,2,0.0,0.0,0.0
C[C@H]1CCCC(=O)CCC/C=C/c2cc(O)cc(O)c2C(=O)O1,2,0.0,0.0,0.0
COc1ccc(CCN(C)CCCC(C#N)(c2ccc(OC)c(OC)c2)C(C)C)cc1OC.Cl,2,0.0,0.0,0.0
O=S(=O)(c1ccc(Cl)cc1)c1ccc(Cl)cc1,2,0.0,0.0,0.0
O=C1C2(Cl)C3(Cl)C4(Cl)C(Cl)(Cl)C5(Cl)C3(Cl)C1(Cl)C5(Cl)C24Cl,2,0.0,0.0,0.0
Cl.Nc1c2c(nc3ccccc13)CCCC2,2,0.0,0.0,0.0
CN(C)CCC=C1c2ccccc2CCc2ccccc21.Cl,2,0.0,0.0,0.0
CC(C)NCC(O)COc1cccc2ccccc12.Cl,2,0.0,0.0,0.0
CN(C)CCC(c1ccc(Cl)cc1)c1ccccn1.O=C(O)/C=C\C(=O)O,2,0.0,0.0,0.0
O=C1C2CC=CCC2C(=O)N1SC(Cl)(Cl)Cl,2,0.0,0.0,0.0
CCOP(=S)(OCC)Oc1ccc([N+](=O)[O-])cc1,2,0.0,0.0,0.0
COCCN1Cc2c(nc(C)c(CN)c2-c2ccc(Cl)cc2Cl)C1=O,2,0.0,0.0,0.0
Cc1nc2c(c(-c3ccc(Cl)cc3Cl)c1CN)CN(CCO)C2=O,2,0.0,0.0,0.0
Cc1nc2c(c(-c3ccc(Cl)cc3Cl)c1CN)CN(CC(=O)O)C2=O,2,0.0,0.0,0.0
COC(=O)CN1Cc2c(nc(C)c(CN)c2-c2ccc(Cl)cc2Cl)C1=O,6,0.0,0.0,0.0
COc1ccccc1N1Cc2c(nc(C)c(CN)c2-c2ccc(Cl)cc2Cl)C1=O,3,0.0,0.0,0.0
CN[C@@H]1CCN(c2nc(N)nc3c2oc2ncc(Cl)cc23)C1,2,0.0,0.0,0.0
Cc1noc(NC(=O)N2CCC3(CC2)CC(c2ccc(F)c(Cl)c2)C3)c1C,2,0.0,0.0,0.0
N#Cc1cc(OC(F)(F)F)cc(-c2nc(-c3ccc4c(c3)CCN4C(=O)CCC(=O)O)no2)c1,2,0.0,0.0,0.0
O=C(O)CCC(=O)N1CCc2cc(-c3noc(-c4cc(C(F)(F)F)cc(C(F)(F)F)c4)n3)ccc21,2,0.0,0.0,0.0
CC(=O)N1CCc2ccc(C(=O)CCCN3CCC(c4ccc(Cl)cc4)CC3)cc2C1,2,0.0,0.0,0.0
COc1ccc2ncc(F)c(CCN3CCC(NCc4cc5c(cn4)OCCO5)CC3)c2n1,3,0.0,0.0,0.0
NC(=O)C(NC1CCC(c2c[nH]c3ccccc23)CC1)C1CCN(C(=O)/C=C/c2cc(F)cc(F)c2)CC1,5,0.0,0.0,0.0
Cc1cc2ncc(C(=O)NCC(C)(C)NCC(=O)N3CCC[C@H]3C#N)cn2n1.Cl,2,0.0,0.0,0.0
COc1ccc2nccc([C@@H](O)CN3CCC(NCc4ccc5c(c4)OCCO5)CC3)c2c1,2,0.0,0.0,0.0
COc1ccc2nccc([C@@H](O)CN3CCC(NCc4cc5c(cn4)OCCO5)CC3)c2n1,2,0.0,0.0,0.0
COc1ccc2ncc(F)c(CCN3CCC(NCc4cc5c(cn4)OCCO5)CC3)c2c1,2,0.0,0.0,0.0
COc1ccc2ncc(Cl)c(CCN3CCC(NCc4cc5c(cn4)OCCO5)CC3)c2n1,2,0.0,0.0,0.0
COc1ccc2ncc(C#N)c(CCN3CCC(NCc4cc5c(cn4)OCCO5)CC3)c2n1,2,0.0,0.0,0.0
COc1ccc2ncc(F)c([C@@H](O)CN3CCC(NCc4cc5c(cn4)OCCO5)CC3)c2n1,2,0.0,0.0,0.0
COc1ccc2ncc(F)c([C@H](O)CN3CCC(NCc4cc5c(cn4)OCCO5)CC3)c2n1,2,0.0,0.0,0.0
COc1ccc2ncc(F)c(CCN3CC[C@H](NCc4cc5c(cn4)OCCO5)[C@H](O)C3)c2n1,2,0.0,0.0,0.0
COc1ccc2ncc(F)c(CCN3CC[C@@H](NCc4cc5c(cn4)OCCO5)[C@@H](O)C3)c2n1,2,0.0,0.0,0.0
COc1ccc2ncc(F)c(CCN3CC[C@H](NCc4cc5c(cn4)OCCO5)[C@@H](O)C3)c2n1,2,0.0,0.0,0.0
COc1ccc2ncc(F)c(CCN3CC[C@@H](NCc4cc5c(cn4)OCCO5)[C@H](O)C3)c2n1,2,0.0,0.0,0.0
COc1ccc2ncc(C#N)c(CCN3CCC(NCc4cc5c(cn4)OCS5)CC3)c2c1,2,0.0,1.0,0.0
CN(C)C(=O)CN1CCCC(c2nc3ccccc3n2Cc2ccc(F)cc2)C1,2,0.0,0.0,0.0
Fc1ccc(Cn2c(C3CCCN(Cc4ncco4)C3)nc3ccccc32)cc1,2,0.0,0.0,0.0
CN(C)C(=O)CN1CCCC(c2nc3ccccc3n2CCOc2ccccc2)C1,3,0.0,1.0,0.0
Cc1ccc(Cn2c([C@H]3CNCCO3)nc3ccccc32)cc1,2,0.0,0.0,0.0
Fc1ccc(Cn2c([C@H]3CNCCO3)nc3ccccc32)cc1,2,0.0,0.0,0.0
Cc1ccc(Cn2c(C3CNCCO3)nc3ccccc32)cc1C,4,0.0,0.0,0.0
Cc1ccc(Cn2c(C3CNCCS3)nc3ccccc32)cc1,3,0.0,0.0,0.0
Fc1ccc(Cn2c(C3CNCCS3)nc3ccccc32)cc1,2,0.0,0.0,0.0
O=S(=O)(c1cccc(F)c1)c1ccc2c3c(oc2c1)C1(CCCOC1)NCC3,3,0.0,0.0,0.0
COCCS(=O)(=O)c1ccc(-c2ccc(CCN3CCC[C@H]3C)cc2)cc1,2,0.0,0.0,0.0
C[C@@H]1CCCN1CCc1ccc(-c2ccc(S(=O)(=O)CCO)cc2)cc1,2,0.0,0.0,0.0
COCCCS(=O)(=O)c1ccc(-c2ccc(CCN3CCC[C@H]3C)cc2)cc1,2,0.0,0.0,0.0
C[C@@H]1CCCN1CCc1ccc(-c2ccc(S(=O)(=O)CC3CCOCC3)cc2)cc1,2,0.0,0.0,0.0
C[N+](C)(CCCCNC(=O)Cc1ccc(OCc2ccccc2)cc1)CCNC(=O)c1nc(Cl)c(N)nc1N.[Br-],2,0.0,0.0,0.0
COc1cc(/C=C2\CCCN3C2=NOC[C@@H]3c2cc(F)c(F)c(F)c2)ccc1-n1cnc(C)c1,3,0.0,0.0,0.0
C[C@@](N)(CCc1ccc(-c2nc3ccc(C4(c5ccccc5)CC4)nc3s2)c(F)c1)C(=O)O,2,0.0,0.0,0.0
COc1c(Nc2ccc(S(C)(=O)=O)nc2C)ncnc1OC1CCN(C(=O)OC(C)C)CC1,2,0.0,0.0,0.0
CCCOc1sc(C(=O)N2[C@H]3CC[C@H]2CC(c2cc(CN)ccc2F)C3)c(C)c1Br,2,0.0,0.0,0.0
CCN(C(=O)Cc1ccc(S(C)(=O)=O)cc1)C1CCN(CC[C@@H](c2cc(F)cc(F)c2)C2CCN(S(C)(=O)=O)CC2)CC1,2,0.0,0.0,0.0
O=C(CNC(=O)c1cccc(C(F)(F)F)c1)N[C@@H]1CCN([C@H]2CC[C@@](O)(c3ccccn3)CC2)C1,2,0.0,0.0,0.0
O=C(CNC(=O)c1cccc(C(F)(F)F)c1)N[C@@H]1CCN([C@H]2CC[C@@](O)(c3ncccn3)CC2)C1,2,0.0,0.0,0.0
O=C(CNC(=O)c1cccc(C(F)(F)F)c1)N[C@@H]1CCN([C@H]2CC[C@@](O)(c3ccncn3)CC2)C1,2,0.0,0.0,0.0
O=C(CNC(=O)c1cccc(C(F)(F)F)c1)N[C@@H]1CCN([C@H]2CC[C@@](O)(c3cnccn3)CC2)C1,2,0.0,0.0,0.0
COc1ccc([C@]2(O)CC[C@H](N3CC[C@@H](NC(=O)CNC(=O)c4cccc(C(F)(F)F)c4)C3)CC2)cn1.CS(=O)(=O)O,3,0.0,0.0,0.0
CC#CCn1c(N2CCCNCC2)c(C#N)c2c1c(=O)n(Cc1nccc3ccccc13)c(=O)n2C,2,0.0,0.0,0.0
FC(F)(F)Oc1cccc(-n2nnc3ccc(NCC4CCNCC4)nc32)c1,2,0.0,0.0,0.0
COc1cc(NCC2CCNCC2)nc2c1nnn2-c1cccc(OC(F)(F)F)c1,2,0.0,0.0,0.0
COc1cc(NCC2CCNCC2)nc2c1nnn2-c1cccc(N(C)C)c1,2,0.0,0.0,0.0
CCCCCCCC(O)(C(N)=O)c1cccc(Cl)c1,5,0.0,0.0,0.0
CCCCCCC[C@](O)(C(N)=O)c1cccc(Cl)c1,5,0.0,0.0,0.0
CCCCCCC[C@@](O)(C(N)=O)c1cccc(Cl)c1,5,0.0,0.0,0.0
CC(=O)NCCc1ccccc1-c1ccc([C@H]2CNCC[C@@H]2c2ccc(F)c(F)c2)c(Cl)c1,2,0.0,0.0,0.0
Cc1nc2ccc(Oc3ccc(F)cc3)cc2c(=O)n1C[C@H]1CCCN(C(C)C)C1,2,0.0,0.0,0.0
Cc1nc2ncc(Oc3ccc(F)cc3)cc2c(=O)n1C[C@H]1CCCN(C(C)C)C1,2,0.0,0.0,0.0
Cc1nc2ccc(Oc3ccc(F)cc3)nc2c(=O)n1C[C@H]1CCCN(C(C)C)C1,2,0.0,0.0,0.0
Cc1nc2ccc(Oc3ccc(Cl)cc3F)nc2c(=O)n1C[C@H]1CCCN(C(C)C)C1,2,0.0,0.0,0.0
COc1ccc2cccc(Oc3ccc4nc(C)n(C[C@H]5CCCN(C(C)C)C5)c(=O)c4n3)c2n1,3,0.0,0.0,0.0
Cc1nc2cnc(Oc3ccc(F)cc3)cc2c(=O)n1C[C@H]1CCCN(C(C)C)C1,2,0.0,0.0,0.0
Cc1nc2cnc(Oc3ccc(Cl)cc3F)cc2c(=O)n1C[C@H]1CCCN(C(C)C)C1,3,0.0,0.0,0.0
Cc1nc2cnc(Oc3ccc4ncsc4c3)cc2c(=O)n1C[C@H]1CCCN(C(C)C)C1,2,0.0,0.0,0.0
Cc1nc2cnc(Oc3ccc(F)c4cccnc34)cc2c(=O)n1C[C@H]1CCCN(C(C)C)C1,2,0.0,0.0,0.0
Cc1nc2ncc(Oc3ccc(F)cc3)nc2c(=O)n1C[C@H]1CCCN(C(C)C)C1,3,0.0,0.0,0.0
Cc1nc2ncc(Oc3ccc(Cl)cc3F)nc2c(=O)n1C[C@H]1CCCN(C(C)C)C1,2,0.0,0.0,0.0
Cc1nc2ncc(Oc3ccc(F)c4cccnc34)nc2c(=O)n1C[C@H]1CCCN(C(C)C)C1,2,0.0,0.0,0.0
Cc1nc2cnc(Oc3cccc4cccnc34)cc2c(=O)n1C[C@H]1CCCN(C(C)C)C1,2,0.0,0.0,0.0
Nc1ncnc(Nc2ccc(Oc3ccc(Cl)cc3)cc2)n1,2,0.0,0.0,0.0
Nc1cncc(Nc2ccc(Oc3ccc(OC(F)(F)F)cc3)cc2)n1,2,0.0,0.0,0.0
Cc1c(C)n(Cc2ccccc2)c2ncnc(OC3CCN(Cc4cscn4)CC3)c12,2,0.0,1.0,0.0
c1ccc(Cn2ccc3c(OC4CCN(Cc5cscn5)CC4)ncnc32)cc1,2,0.0,0.0,0.0
Cc1nc2cc(OC(F)(F)F)ccc2n1-c1ccc(C(=O)NC2CC2)s1,2,0.0,0.0,0.0
O=C(Nc1cc(C(F)(F)F)ccc1-n1cncn1)C1(c2ccccc2)CC1,2,0.0,0.0,0.0
Cc1nc(N2CCC(N3CCOCC3)CC2)nc2ccc(NC(=O)COc3ccc(OC(F)(F)F)cc3)cc12,2,0.0,0.0,0.0
Cc1nc(NCCCNS(C)(=O)=O)nc2ccc(NC(=O)/C=C/c3ccc(OC(F)(F)F)cc3)cc12,2,0.0,0.0,0.0
Cc1nc(NCCCNC(=O)C2CC2)nc2ccc(NC(=O)/C=C/c3ccc(OC(F)(F)F)cc3)cc12,2,0.0,0.0,0.0
Cc1nc(N2CCC(N3CCCC3=O)CC2)nc2ccc(NC(=O)/C=C/c3ccc(OC(F)(F)F)cc3)cc12,2,0.0,0.0,0.0
COc1cc2c(cc1C(F)(F)F)N(C(=O)Nc1cc(OC(F)(F)F)cc(-c3cccnc3)c1)CC2,2,0.0,0.0,0.0
O=C(Nc1ccc(-c2nnc(NCCCN3CCCC3)o2)cc1)c1ccccc1F,2,0.0,0.0,0.0
O=C(Nc1ccc(-c2nnc(NCCCN3CCCCC3)o2)cc1)c1ccccc1F,2,0.0,0.0,0.0
O=C(Nc1ccc(-c2nnc(NCCCN3CCOCC3)o2)cc1)c1ccccc1F,2,0.0,0.0,0.0
COc1cc(NC(=O)c2ccccc2F)ccc1-c1nnc(NCCCN2CCCCC2)o1,4,0.0,0.0,0.0
O=C(Nc1ccc(-c2nnc(NCCCCN3CCOCC3)o2)cc1)c1ccccc1F,2,0.0,0.0,0.0
O=C(Nc1ccc(-c2nnc(NCCCCN3CCCCC3)o2)cc1)c1ccccc1F,2,0.0,0.0,0.0
O=C(Nc1ccc(-c2nnc(NCCCCN3CCOCC3)o2)c(F)c1)c1ccccc1F,2,0.0,0.0,0.0
O=C(NCC(=O)N1CC[C@H](N[C@H]2CC[C@@](O)(c3ccc(-c4ncccn4)cn3)CC2)C1)c1cccc(C(F)(F)F)c1,3,0.0,0.0,0.0
O=C(NCC(=O)N1CC[C@H](N[C@H]2CC[C@@](O)(c3ccc(-c4ncco4)cn3)CC2)C1)c1cccc(C(F)(F)F)c1,2,0.0,0.0,0.0
O=C(NCC(=O)N1CC[C@H](N[C@H]2CC[C@@](O)(c3ccc(-c4nccs4)cn3)CC2)C1)c1cccc(C(F)(F)F)c1,2,0.0,0.0,0.0
O=C(NCC(=O)N1CC[C@H](N[C@H]2CC[C@@](O)(c3ccc(-c4cnccn4)cn3)CC2)C1)c1cccc(C(F)(F)F)c1,2,0.0,0.0,0.0
Cc1ccc([C@]2(O)CC[C@H](N[C@H]3CCN(C(=O)CNC(=O)c4cccc(C(F)(F)F)c4)C3)CC2)nc1,2,0.0,0.0,0.0
O=C(NCC(=O)N1CC[C@H](N[C@H]2CC[C@@](O)(c3ccccn3)CC2)C1)c1cccc(C(F)(F)F)c1,2,0.0,0.0,0.0
COc1cc(CN2CCN(CCCCCC(c3ccc(F)cc3)c3ccc(F)cc3)CC2)cc(OC)c1OC,2,0.0,0.0,0.0
CC(C)N1CCN[C@@H](C(=O)N2CCN(C(=O)Nc3ccc(Cl)c(Cl)c3)CC2)C1,2,0.0,0.0,0.0
CC1CN(CC(=O)N[C@H]2C3CC4CC2C[C@](C(N)=O)(C4)C3)S(=O)(=O)N(c2c(Cl)cc(Cl)cc2Cl)C1,2,0.0,0.0,0.0
C1=C/COCc2cc(ccc2OCCN2CCCC2)Nc2nccc(n2)-c2ccc(o2)COC/1,2,0.0,0.0,0.0
COc1ccc(-c2cc(-c3ccc(S(C)(=O)=O)cc3)cnc2N)cn1,2,0.0,0.0,0.0
COCC1=C(C(=O)N2CCC[C@H]2c2cc(C)no2)[C@@H](c2cc3ccccc3n2C)n2nc(C(F)(F)F)cc2N1,2,0.0,0.0,0.0
c1ccc(CCNCCC(c2ccccc2)c2ccccc2)cc1,2,0.0,0.0,0.0
c1ccc(CCCNCCC(c2ccccc2)c2ccccc2)cc1,2,0.0,1.0,0.0
c1ccc(CCNCCN(c2ccccc2)c2ccccc2)cc1,2,0.0,1.0,0.0
c1ccc(CCCNCCN(c2ccccc2)c2ccccc2)cc1,2,0.0,1.0,0.0
Fc1ccc(N(CCNCCc2ccccc2)c2ccc(F)cc2)cc1,2,0.0,1.0,0.0
Fc1ccc(N(CCNCCCc2ccccc2)c2ccc(F)cc2)cc1,2,0.0,1.0,0.0
O=C(Cc1ccccc1)NCCN(c1ccccc1)c1ccccc1,2,0.0,0.0,0.0
O=C(CCc1ccccc1)NCCN(c1ccc(F)cc1)c1ccc(F)cc1,2,0.0,1.0,0.0
N#Cc1cc(OC(F)(F)F)cc(-c2nc(-c3ccc4c(c3)cc3n4CCC3CC(=O)O)no2)c1,2,0.0,0.0,0.0
COc1cc(N)c(Cl)cc1C(=O)N[C@H]1CCN(CCCOc2ccc(F)cc2)C[C@H]1OC,2,0.0,0.0,0.0
CC(=O)N1CCN(CCN2[C@@H]3CC[C@H]2C[C@@H](NC(=O)c2nn(C(C)C)c4ccccc24)C3)CC1,2,0.0,0.0,0.0
Cc1c(NC(=O)c2ccc(-c3ccc(F)cc3)cc2)ccc2cc(CN3CCCC3)cnc12,2,0.0,0.0,0.0
Cc1c(NC(=O)c2ccc(OCC3CC3)cc2)ccc2cc([C@@H](C)N3CCCC3)cnc12,2,0.0,0.0,0.0
O=C1CC(c2nc(-c3cccc(Cl)c3)no2)CN1c1ccc(F)cc1,2,0.0,0.0,0.0
Cc1cccc(-c2noc(C3CC(=O)N(c4ccc(F)cc4)C3)n2)c1,2,0.0,0.0,0.0
c1ccc(-c2c[nH]c([C@H]3Cc4c([nH]c5ccccc45)[C@@H](C4CCOCC4)N3)n2)cc1,2,0.0,1.0,0.0
c1ccc(-c2c[nH]c([C@H]3Cc4c([nH]c5ccccc45)C(C4CCOC4)N3)n2)cc1,2,0.0,1.0,0.0
CC(C)c1nc(N2CCN(c3ncc(OCc4ccncc4C#N)cn3)[C@H](C)C2)no1,3,0.0,0.0,0.0
COc1ccc2c(c1CN1CCNCC1)O/C(=C\c1n[nH]c3ccccc13)C2=O,2,0.0,0.0,0.0
CN1CCC(CNc2ccc3ncc(-c4cccc(OC(F)(F)F)c4)n3n2)CC1,2,0.0,0.0,0.0
Cc1nccnc1-c1ccc(CC(=O)N[C@H](C)c2ccc(OCC(F)(F)F)cn2)cc1,2,0.0,0.0,0.0
COc1ccc2ncc(F)c([C@@H](O)CC[C@@H]3CCN(CCSc4cccs4)C[C@@H]3C(=O)O)c2c1,2,0.0,0.0,0.0
COc1ccc2nccc([C@@H](O)CC[C@@H]3CCN(CCSc4cccs4)C[C@@H]3C(=O)O)c2c1,4,0.0,0.0,0.0
COc1ccc2nccc([C@H](O)CC[C@@H]3CCN(CCSc4cccs4)C[C@@H]3C(=O)O)c2c1,2,0.0,0.0,0.0
COc1ccc2nccc([C@@H](O)CC[C@@H]3CCN(CCSc4ccc[se]4)C[C@@H]3C(=O)O)c2c1,2,0.0,0.0,0.0
COc1ccc2nccc([C@@H](O)CC[C@@H]3CCN(CCSc4ccco4)C[C@@H]3C(=O)O)c2c1,2,0.0,0.0,0.0
COc1cc(Cl)c(-c2nc(SCC(=O)N(C)C)nc3[nH]cc(C#N)c23)cc1OC,2,0.0,0.0,0.0
COc1cc(Cl)c(-c2nc(SCC(=O)N(C)C)nc3[nH]cc(C#N)c23)cc1O,2,0.0,0.0,0.0
CCN(CC)CCOc1cc(-c2nc(SCC(=O)NC)nc3[nH]cc(C#N)c23)c(Cl)cc1Cl,2,0.0,0.0,0.0
Cc1ccc(S(=O)(=O)NC(=O)N2CCC(N3CCC(Oc4ccc(Cl)c(Cl)c4)CC3)CC2)cc1,2,0.0,0.0,0.0
CC1(C(=O)NCc2ccc(OC(F)(F)F)cc2)c2ccccc2C(=O)N1CCc1ccccn1,3,0.0,0.0,0.0
O=C(NCc1ccc(OC(F)(F)F)cc1)C1c2ccccc2C(=O)N1C1CCC(F)(F)CC1,3,0.0,0.0,0.0
O=C(NCc1ccc(OC(F)(F)F)cc1)C1c2ccccc2C(=O)N1C1CCOCC1,4,0.0,0.0,0.0
O=C(NCc1ccc(OC(F)(F)F)cc1)C1c2ccccc2C(=O)N1CCc1ccccn1,4,0.0,0.0,0.0
O=c1cc(COc2cc(Cl)cc(Cl)c2)[nH][nH]1,2,0.0,0.0,0.0
N#Cc1ccc2ccc(=O)n(CCN3CC[C@H](NCc4cc5c(cn4)OCCO5)[C@@H](F)C3)c2c1,2,0.0,0.0,0.0
N#Cc1ccc2ccc(=O)n(CCN3CC[C@H](NCc4cc5c(cn4)OCCO5)[C@H](F)C3)c2c1,2,0.0,0.0,0.0
N#Cc1ccc2ccc(=O)n(CCN3CCC(NCc4cc5c(cn4)OCCO5)CC3)c2c1,3,0.0,0.0,0.0
N#Cc1ccc2ccc(=O)n(CCN3CC[C@@H](NCc4cc5c(cn4)OCCO5)[C@@H](F)C3)c2c1,2,0.0,0.0,0.0
COc1ccc2ncc(=O)n(CCN3CCC(NCc4ccc5c(n4)NC(=O)CO5)CC3)c2c1,2,0.0,0.0,0.0
CS(=O)(=O)c1ccc(C(CC2CCCC2)C(=O)Nc2nccs2)cc1F,2,0.0,0.0,0.0
CS(=O)(=O)c1ccc([C@@H](CC2CCCC2)C(=O)Nc2cnccn2)cc1Cl,3,0.0,0.0,0.0
COCCONC(=O)N(Cc1ccsc1)C1CCN([C@H](C)CCNC(=O)c2c(C)cc(Cl)nc2C)CC1,2,0.0,0.0,0.0
CONC(=O)N(Cc1ccsc1)C1CCN([C@H](C)CCNC(=O)c2c(C)cc(C#N)nc2Cl)CC1,2,0.0,0.0,0.0
CONC(=O)N(Cc1ccsc1)C1CCN([C@H](C)CCNC(=O)c2c(C)cc(C(=O)NC(C)C)nc2C)CC1,2,0.0,0.0,0.0
CONC(=O)N(Cc1ccsc1)C1CCN([C@H](C)CCNC(=O)c2c(C)cc(Cl)nc2Cl)CC1,2,0.0,0.0,0.0
CONC(=O)N(Cc1ccsc1)C1CCN([C@H](C)CCNC(=O)c2c(C)cc(Cl)nc2C)CC1,2,0.0,0.0,0.0
Cc1cc(Cl)nc(C)c1C(=O)NCC[C@@H](C)N1CCC(N(Cc2ccsc2)C(=O)CC#N)CC1,2,0.0,0.0,0.0
COCC(=O)N(Cc1ccsc1)C1CCN([C@H](C)CCNC(=O)c2c(C)cc(Cl)nc2C)CC1,2,0.0,0.0,0.0
CNC(=O)N(Cc1ccsc1)C1CCN([C@H](C)CCNC(=O)c2c(C)cc(Cl)nc2C)CC1,2,0.0,0.0,0.0
CCCN1CNc2cc(Nc3ccnc4cc(Cl)ccc34)ccc2C1,2,0.0,0.0,0.0
CS(=O)(=O)c1ccc(F)cc1C(=O)N1CCC(N(C2CC2)S(=O)(=O)c2cccc(C(F)(F)F)c2)CC1,3,0.0,0.0,0.0
CS(=O)(=O)c1ccc(C(=O)N2CCC(N(C3CC3)S(=O)(=O)c3cccc(C(F)(F)F)c3)CC2)cc1,3,0.0,0.0,0.0
CS(=O)(=O)c1cccc(C(=O)N2CCC(N(C3CC3)S(=O)(=O)c3cccc(C(F)(F)F)c3)CC2)c1,3,0.0,0.0,0.0
CS(=O)(=O)c1ccccc1C(=O)N1CCC(N(C2CC2)S(=O)(=O)c2cccc(C(F)(F)F)c2)CC1,2,0.0,0.0,0.0
NC(=O)c1ccc(C(=O)N2CCC(N(C3CC3)S(=O)(=O)c3cccc(C(F)(F)F)c3)CC2)cc1,3,0.0,0.0,0.0
NC(=O)c1cccc(C(=O)N2CCC(N(C3CC3)S(=O)(=O)c3cccc(C(F)(F)F)c3)CC2)c1,2,0.0,0.0,0.0
NC(=O)c1ccccc1C(=O)N1CCC(N(C2CC2)S(=O)(=O)c2cccc(C(F)(F)F)c2)CC1,2,0.0,0.0,0.0
CN(C)c1cccc(C(=O)N2CCC(N(C3CC3)S(=O)(=O)c3cccc(C(F)(F)F)c3)CC2)c1,2,0.0,0.0,0.0
COC(=O)c1cccc(C(=O)N2CCC(N(C3CC3)S(=O)(=O)c3cccc(C(F)(F)F)c3)CC2)c1,2,0.0,0.0,0.0
O=C(c1ccc(OC(F)(F)F)cc1)N1CCC(N(C2CC2)S(=O)(=O)c2cccc(C(F)(F)F)c2)CC1,2,0.0,0.0,0.0
O=C(c1cccc(OC(F)(F)F)c1)N1CCC(N(C2CC2)S(=O)(=O)c2cccc(C(F)(F)F)c2)CC1,2,0.0,0.0,0.0
O=C(c1ccccc1OC(F)(F)F)N1CCC(N(C2CC2)S(=O)(=O)c2cccc(C(F)(F)F)c2)CC1,2,0.0,0.0,0.0
O=C(c1ccccc1)N1CCC(N(C2CC2)S(=O)(=O)c2cccc(C(F)(F)F)c2)CC1,2,0.0,0.0,0.0
COc1nc(Nc2cccc3c2nc(-c2ccc(F)cc2)n3C)ccc1-n1cnc(C)c1,4,0.0,0.0,0.0
CC(C)n1nc(C(=O)NCC2CCN(CCc3ccc(C(=O)O)cc3)CC2)c2ccccc21,2,0.0,0.0,0.0
CC(C)n1nc(C(=O)NCC2CCN(CCc3ccc(N)cc3)CC2)c2ccccc21.Cl.Cl,2,0.0,0.0,0.0
CC(C)n1nc(C(=O)NCC2CCN(CCNS(C)(=O)=O)CC2)c2ccccc21.Cl,2,0.0,0.0,0.0
CC(C)n1nc(C(=O)NCC2CCN(CCN3CCOCC3)CC2)c2ccccc21.Cl.Cl,2,0.0,0.0,0.0
Cc1nc([C@]2(c3cnn(C)c3)N[C@@H](c3nc(-c4ccc(F)cc4)c[nH]3)Cc3c2[nH]c2ccccc32)no1,7,0.0,0.0,0.0
Cc1cc(CN2CCN(c3c(Cl)cnc4[nH]c(-c5ccc(N6CCN[C@@H](C)C6)cc5)nc34)CC2)no1,2,0.0,0.0,0.0
COCCN1CCN(c2ccc(-c3nc4c(N5CCN(Cc6cc(C)on6)CC5)c(Br)cnc4[nH]3)cc2)CC1,2,0.0,0.0,0.0
CCN1CCN(c2ccc(-c3nc4c(N5CCN(Cc6cc(C)on6)CC5)c(Cl)cnc4[nH]3)cc2)CC1,2,0.0,0.0,0.0
CC(=O)N1CCN(c2ccc(-c3nc4c(N5CCN(Cc6cc(C)on6)CC5)c(Br)cnc4[nH]3)cc2)CC1,2,0.0,0.0,0.0
Cc1cc(CN2CCN(c3c(Br)cnc4[nH]c(-c5ccc(N6CCOCC6)cc5)nc34)CC2)no1,2,0.0,0.0,0.0
Cc1cc(CN2CCN(c3c(Cl)cnc4[nH]c(-c5ccc(N6CCN(C)CC6)cc5)nc34)CC2)no1,2,0.0,0.0,0.0
Cc1cc(CN2CCN(c3c(Br)cnc4nc(-c5ccc(N6CCN(C)CC6)cc5)[nH]c34)CC2)no1,2,0.0,0.0,0.0
N[C@@H]1C(=C(F)F)CC[C@@H]1C(=O)O,2,0.0,0.0,0.0
CSc1ncc([C@]2(O)CC[C@H](N3CC(NC(=O)CNC(=O)c4cccc(C(F)(F)F)c4)C3)CC2)s1,2,0.0,0.0,0.0
CC(C)Oc1ncc([C@]2(O)CC[C@H](N3CC(NC(=O)CNC(=O)c4cccc(C(F)(F)F)c4)C3)CC2)s1,2,0.0,0.0,0.0
CC(C)c1ncc([C@]2(O)CC[C@H](N3CC(NC(=O)CNC(=O)c4cccc(C(F)(F)F)c4)C3)CC2)s1,2,0.0,0.0,0.0
CCc1ncc([C@]2(O)CC[C@H](N3CC(NC(=O)CNC(=O)c4cccc(C(F)(F)F)c4)C3)CC2)s1,2,0.0,0.0,0.0
O=C(CNC(=O)c1cccc(C(F)(F)F)c1)NC1CN([C@H]2CC[C@@](O)(c3cncs3)CC2)C1,2,0.0,0.0,0.0
O=C(CNC(=O)c1cccc(C(F)(F)F)c1)NC1CN([C@H]2CC[C@@](O)(c3nc4ccccc4s3)CC2)C1,2,0.0,0.0,0.0
Cc1cnc([C@]2(O)CC[C@H](N3CC(NC(=O)CNC(=O)c4cccc(C(F)(F)F)c4)C3)CC2)s1,2,0.0,0.0,0.0
O=C(CNC(=O)c1cccc(C(F)(F)F)c1)NC1CN([C@H]2CC[C@@](O)(c3nccs3)CC2)C1,2,0.0,0.0,0.0
O=C(CNC(=O)c1cccc(C(F)(F)F)c1)NC1CN([C@H]2CC[C@@](O)(c3ccc(OC4CCC4)nc3)CC2)C1,2,0.0,0.0,0.0
CC(C)(C)Oc1ccc([C@]2(O)CC[C@H](N3CC(NC(=O)CNC(=O)c4cccc(C(F)(F)F)c4)C3)CC2)cn1,2,0.0,0.0,0.0
CC(C)Oc1ccc([C@]2(O)CC[C@H](N3CC(NC(=O)CNC(=O)c4cccc(C(F)(F)F)c4)C3)CC2)cn1,2,0.0,0.0,0.0
O=C(CNC(=O)c1cccc(C(F)(F)F)c1)NC1CN([C@H]2CC[C@@](O)(c3ccc(OCC(F)(F)F)nc3)CC2)C1,2,0.0,0.0,0.0
CCOc1ccc([C@]2(O)CC[C@H](N3CC(NC(=O)CNC(=O)c4cccc(C(F)(F)F)c4)C3)CC2)cn1,2,0.0,0.0,0.0
COc1ccc([C@]2(O)CC[C@H](N3CC(NC(=O)CNC(=O)c4cccc(C(F)(F)F)c4)C3)CC2)nc1,2,0.0,0.0,0.0
COc1cccc([C@]2(O)CC[C@H](N3CC(NC(=O)CNC(=O)c4cccc(C(F)(F)F)c4)C3)CC2)n1,2,0.0,0.0,0.0
COc1ncc([C@]2(O)CC[C@H](N3CC(NC(=O)CNC(=O)c4cccc(C(F)(F)F)c4)C3)CC2)cc1C,2,0.0,0.0,0.0
CN(C)c1ccc([C@]2(O)CC[C@H](N3CC(NC(=O)CNC(=O)c4cccc(C(F)(F)F)c4)C3)CC2)cn1,2,0.0,0.0,0.0
COc1ccc([C@]2(O)CC[C@H](N3CC(NC(=O)CNC(=O)c4cccc(C(F)(F)F)c4)C3)CC2)cn1,2,0.0,0.0,0.0
Cc1ccc([C@]2(O)CC[C@H](N3CC(NC(=O)CNC(=O)c4cccc(C(F)(F)F)c4)C3)CC2)cn1,2,0.0,0.0,0.0
N#Cc1ccc([C@]2(O)CC[C@H](N3CC(NC(=O)CNC(=O)c4cccc(C(F)(F)F)c4)C3)CC2)cn1,2,0.0,0.0,0.0
O=C(CNC(=O)c1cccc(C(F)(F)F)c1)NC1CN([C@H]2CC[C@@](O)(c3ccc(F)nc3)CC2)C1,2,0.0,0.0,0.0
O=C(CNC(=O)c1cccc(C(F)(F)F)c1)NC1CN([C@H]2CC[C@@](O)(c3cncnc3)CC2)C1,2,0.0,0.0,0.0
Cc1nc2ccccc2n1[C@H]1C[C@H]2CC[C@@H](C1)N2CC[C@H](NC(=O)C1CCC1)c1ccccc1,2,0.0,0.0,0.0
Cc1nc2ccccc2n1[C@@H]1C[C@H]2COC[C@@H](C1)N2CC[C@H](NC(=O)C1CCC1)c1ccccc1,2,0.0,1.0,0.0
CC(=O)NC1CC2CCC(C1)N2Cc1ccc(Oc2nc3ncccc3s2)cc1,2,0.0,0.0,0.0
CC(=O)N1CC2CC1CN2Cc1ccc(Oc2nc3ncccc3s2)cc1,2,0.0,0.0,0.0
CC(=O)N1CC2CN(Cc3ccc(Oc4nc5ncccc5s4)cc3)CC2C1,2,0.0,0.0,0.0
NC(=O)C1CCN(Cc2ccc(Oc3nc4ncccc4s3)cc2)CC1,2,0.0,0.0,0.0
CC(=O)NC1CC2CCC(C1)N2CCc1ccc(Oc2nc3ncccc3s2)cc1,2,0.0,0.0,0.0
O=C1CCCN1C1CCN(Cc2ccc(Oc3nc4ncccc4s3)cc2)CC1,2,0.0,0.0,0.0
O=C1CCCN1C1CCN(CCc2ccc(Oc3nc4ncccc4s3)cc2)CC1,2,0.0,0.0,0.0
O=C1CCCN1C1CCN(CCOc2ccc(Oc3nc4ncccc4s3)cc2)CC1,2,0.0,0.0,0.0
COCC[C@H](Oc1ncnc2c1cnn2-c1ccccc1Cl)C(=O)Nc1ccc(C)cn1,2,0.0,0.0,0.0
Cc1cc(Cl)ccc1OC1CCN(C[C@H](O)CNC(=O)c2c[nH]c(=O)cc2C(F)(F)F)CC1,2,0.0,0.0,0.0
O=C(NC[C@@H](O)CN1CCC(Oc2ccc(Cl)c(Cl)c2)CC1)c1c[nH]c(=O)cc1C(F)(F)F,2,0.0,0.0,0.0
Cc1cc(Cl)ccc1OC1CCN(C[C@H](O)CNC(=O)c2c[nH]nc2C(F)(F)F)CC1,2,0.0,0.0,0.0
O=C(NC[C@@H](O)CN1CCC(Oc2ccc(Cl)c(Cl)c2)CC1)c1c[nH]nc1C(F)(F)F,2,0.0,0.0,0.0
O=C(NC[C@@H](O)CN1CCC(Oc2ccc(Cl)c(Cl)c2)CC1)c1c[nH]c(=O)c2ccccc12,2,0.0,0.0,0.0
COc1cc2c(cc1O)[C@@H](Cc1ccc(O)c(Oc3ccc(C[C@@H]4c5cc(OC)c(OC)cc5CCN4C)cc3)c1)N(C)CC2,24,0.0,0.0,0.0
O=C(CNc1nccc2ncc(C(F)(F)F)cc12)NC1CN([C@H]2CC[C@@](O)(c3cncs3)CC2)C1,2,0.0,0.0,0.0
O=C(CNc1nncc2ccc(C(F)(F)F)cc12)NC1CN([C@H]2CC[C@@](O)(c3cncs3)CC2)C1,2,0.0,0.0,0.0
O=C(CNc1nccc2ccc(C(F)(F)F)cc12)NC1CN([C@H]2CC[C@@](O)(c3cncs3)CC2)C1,2,0.0,0.0,0.0
O=C(CNc1ccnc2ccc(C(F)(F)F)cc12)NC1CN([C@H]2CC[C@@](O)(c3cncs3)CC2)C1,2,0.0,0.0,0.0
N#Cc1cc(NCC(=O)NC2CN([C@H]3CC[C@@](O)(c4cncs4)CC3)C2)c2cc(C(F)(F)F)ccc2n1,2,0.0,0.0,0.0
O=C(CNc1cc(C(F)(F)F)nc2ccc(C(F)(F)F)cc12)NC1CN([C@H]2CC[C@@](O)(c3cncs3)CC2)C1,2,0.0,0.0,0.0
O=C(CNc1nc(C(F)(F)F)nc2ccc(C(F)(F)F)cc12)NC1CN([C@H]2CC[C@@](O)(c3cncs3)CC2)C1,2,0.0,0.0,0.0
Cc1nc(NCC(=O)NC2CN([C@H]3CC[C@@](O)(c4cncs4)CC3)C2)c2cc(C(F)(F)F)ccc2n1,2,0.0,0.0,0.0
O=C(CNc1ncnc2ccc(C(F)(F)F)cc12)NC1CN([C@H]2CC[C@@](O)(c3cncs3)CC2)C1,2,0.0,0.0,0.0
CO[C@@H]1COCC[C@@H]1N[C@@H]1C[C@H]2CCC[C@@]2(C(=O)N2CCc3ncc(C(F)(F)F)cc3C2)C1,2,0.0,0.0,0.0
COC1COCCC1N[C@@H]1C[C@H]2CCC[C@@]2(C(=O)N2CCc3ncc(C(F)(F)F)cc3C2)C1,2,0.0,0.0,0.0
COc1c(N2C[C@@H](N)C3(CC3)C2)c(F)cc2c(=O)c(C(=O)O)cn([C@@H]3C[C@@H]3F)c12.Cl.O,2,0.0,0.0,0.0
Cc1ccc(OCC#Cc2cccc(C#CCOc3ccc(C)cc3)[n+]2C)cc1,2,0.0,0.0,0.0
Cc1ccc(OCCCc2cccc(CCCOc3ccc(C)cc3)[n+]2C)cc1,3,0.0,1.0,0.0
Cc1ccc(C#CCOCc2cccc(COCC#Cc3ccc(C)cc3)[n+]2C)cc1,3,0.0,1.0,0.0
Cc1ccc(CCCOCc2cccc(COCCCc3ccc(C)cc3)[n+]2C)cc1,3,0.0,1.0,0.0
Cc1ccc(OCCCc2cc(N)cc(CCCOc3ccc(C)cc3)n2)cc1,3,0.0,1.0,0.0
c1ccc(OCc2cccc(COc3ccccc3)n2)cc1,2,0.0,1.0,0.0
Cc1ccc(Cc2cccc(COc3ccc(C)cc3)[n+]2C)cc1.Cc1ccc(S(=O)(=O)[O-])cc1,2,0.0,0.0,0.0
Cc1ccc(Cc2ccnc(COc3ccc(C)cc3)c2)cc1,2,0.0,0.0,0.0
Cc1ccc(Cc2cccc(COc3ccc(C)cc3)n2)cc1,2,0.0,0.0,0.0
Cc1ccc(OCC#Cc2cc(N)cc(C#CCOc3ccc(C)cc3)n2)cc1,2,0.0,0.0,0.0
COc1c(N2CC3(CC3)[C@](C)(N)C2)c(F)cc2c(=O)c(C(=O)O)cn([C@@H]3C[C@@H]3F)c12.O,2,0.0,0.0,0.0
O=C(NCCN1CCC2(CC1)C(=O)NCN2c1cccc(F)c1)c1ccc(F)c(F)c1,2,0.0,0.0,0.0
Cc1cccc(N2CNC(=O)C23CCN(C[C@H](C)NC(=O)c2ccc(Br)cc2)CC3)c1,2,0.0,0.0,0.0
Cc1cc(Oc2cccc(Cn3ccnc3)c2)cc(C)c1Cl,2,0.0,0.0,0.0
CS(=O)(=O)c1ccc([C@@H](CC2CCCC2)C(=O)Nc2cnc([C@H](O)CO)cn2)cc1Cl,2,0.0,0.0,0.0
CC1=C(c2ncnn2C2CCC(C(F)(F)F)CC2)[C@@H](c2ccc(Cl)c(Cl)c2)n2nc(C(F)(F)F)cc2N1,2,0.0,0.0,0.0
NC(=O)c1cnc(N[C@@H]2CCCC[C@@H]2N)nc1Nc1cccc(-n2nccn2)c1,2,0.0,0.0,0.0
COc1ccc(C2(c3cccc(-c4cccnc4)c3)CC(OC)C(N)=N2)cc1,5,0.0,0.0,0.0
O=C(Nc1c[nH]c2ncc(-c3ccccc3F)cc12)c1cnn2ccc(NC[C@H]3CCNC[C@@H]3F)nc12,3,0.0,0.0,0.0
CC1CCCN1C1CCN(c2ccc(NC(=O)c3ccc(Cl)cc3)cc2)C1,2,0.0,0.0,0.0
CC(C)(C(=O)O)c1ccc(CN2CCC(COC(=O)c3c4n(c5ccccc35)CCCO4)CC2)cc1,2,0.0,0.0,0.0
CC(C)[C@@H](NC(=O)[C@@H]1CC[C@@H](O)C1)C(=O)N1CC[C@](O)(c2ccc(Cl)cc2)C(C)(C)C1,2,0.0,0.0,0.0
Cc1cc(C[C@@H](NC(=O)N2CCC(c3cc4ccccc4[nH]c3=O)CC2)C(=O)N2CCN(C3CCN(C)CC3)CC2)cc2cn[nH]c12,2,0.0,0.0,0.0
Cc1cc(N2CC[C@@H](N3CCC[C@H]3C)C2)ccc1NC(=O)c1cc(F)ccc1C,3,0.0,0.0,0.0
Cc1cc(N2CC[C@H](N3CCC[C@@H]3C)C2)ccc1NC(=O)c1cc(F)ccc1C,3,0.0,0.0,0.0
Cc1cc(N2CC[C@@H](N3CCC[C@@H]3C)C2)ccc1NC(=O)c1cc(F)ccc1C,3,0.0,0.0,0.0
Cc1cc(N2CC[C@H](N3CCC[C@H]3C)C2)ccc1NC(=O)c1cc(F)ccc1C,3,0.0,0.0,0.0
Cc1cc(Nc2ncc(Cl)c(Nc3ccccc3S(=O)(=O)C(C)C)n2)c(OC(C)C)cc1C1CCNCC1,3,0.0,0.0,0.0
Cc1cc(Nc2ncc(C)c(Nc3ccccc3S(=O)(=O)C(C)C)n2)c(OC(C)C)cc1C1CCN(C)CC1,2,0.0,0.0,0.0
COCC[C@H]1C[C@@H]1c1cncc(OC[C@@H]2CCCN2C)c1.O=C(O)C(F)(F)F,3,0.0,0.0,0.0
CCOC(=O)N1CCC(CN2CCC3(CC2)CC(=O)N(CC)c2ncccc23)CC1,2,0.0,0.0,0.0
Cc1noc(C[C@H]2CC[C@H](c3ccc(N4CCOc5ncnc(N)c5C4=O)cc3)CC2)n1,2,0.0,0.0,0.0
COc1nc(-c2nc3n(n2)CCC[C@H]3c2ccccc2C(F)(F)F)ccc1-n1cnc(C)c1,2,0.0,0.0,0.0
COc1cc(-c2nc3n(n2)CCO[C@H]3c2ccccc2C(F)(F)F)ccc1-n1cnc(C)c1,2,0.0,0.0,0.0
COc1cc(-c2nc3n(n2)CCC[C@H]3c2ccccc2C(F)(F)F)ccc1-n1cnc(C)c1,2,0.0,0.0,0.0
COc1cc(-c2nc3n(n2)CCC[C@H]3c2ccc(F)cc2C)ccc1-n1cnc(C)c1,2,0.0,0.0,0.0
Cn1cc(-c2ccnc(C3COCCN3)c2)c(-c2ccc(F)cc2)n1,2,0.0,0.0,0.0
Cn1cc(-c2ccnc3c2OCCNC3)c(-c2ccc(F)cc2)n1,2,0.0,0.0,0.0
CNCc1cc(-c2cn(C)nc2-c2ccc(F)cc2)ccn1,2,0.0,0.0,0.0
Nc1nccc(-c2c(-c3ccc(F)cc3)ncn2C2CCCCC2)n1,2,0.0,0.0,0.0
COc1ccc(NC(=O)/C=C/CN(C)C)cc1Nc1ncc(Cl)c(-c2cnn3ccccc23)n1,2,0.0,0.0,0.0
O=c1ccc2ncc(F)c3c2n1C[C@@]3(O)CN1CCO[C@@H](CNCc2cc3c(cn2)OCCO3)C1,2,0.0,0.0,0.0
O=c1ccc2ncc(F)c3c2n1C[C@@]3(O)CN1CCC[C@@H](CNCc2cc3c(cn2)OCCO3)C1,2,0.0,0.0,0.0
O=c1c(F)cc2ncc(F)c3c2n1C[C@@]3(O)CN1CCC(NCc2cc3c(cn2)OCCO3)CC1,2,0.0,0.0,0.0
O=c1cnc2ccc(F)c3c2n1C[C@@]3(O)CN1CCC(NCc2cc3c(cn2)OCCO3)CC1,2,0.0,0.0,0.0
O=c1ccc2ccc(F)c3c2n1C[C@@]3(O)CN1CCC(NCc2cc3c(cn2)OCCO3)CC1,2,0.0,0.0,0.0
O=c1ccc2ncc(F)c3c2n1C[C@H]3CN1CCC(NCc2cc3c(cn2)OCCO3)CC1,2,0.0,0.0,0.0
O=c1ccc2ncc(F)c3c2n1C[C@@]3(F)CN1CCC(NCc2cc3c(cn2)OCCO3)CC1,2,0.0,0.0,0.0
O=c1ccc2ncc(F)c3c2n1C[C@]3(O)CN1CCC(NCc2cc3c(cn2)OCCO3)CC1,2,0.0,0.0,0.0
O=c1ccc2ncc(F)c3c2n1C[C@@]3(O)CN1CCC(NCc2cc3c(cn2)OCCO3)CC1,2,0.0,0.0,0.0
Cc1nc(Oc2ccc(C(N)=O)cc2)ccc1CN1CCC(N2C(=O)N(C3CCOCC3)C[C@H]2c2ccccc2)CC1,2,0.0,0.0,0.0
Cc1nc(Oc2ccc(C(=O)O)cc2)ccc1CN1CCC(N2C(=O)N(C3CCOCC3)C[C@H]2c2cccc(Cl)c2)CC1,2,0.0,0.0,0.0
O=C(O)c1ccc(Oc2ccc(CN3CCC(N4C(=O)N(C5CCOCC5)C[C@H]4c4ccccc4)CC3)cc2)cc1,2,0.0,0.0,0.0
O=C(O)c1ccc(Sc2ccc(CN3CCC(N4C(=O)N(C5CCOCC5)C[C@H]4c4ccccc4)CC3)cn2)cc1,2,0.0,0.0,0.0
CCc1nc(Oc2ccc(C(=O)O)cc2)ccc1CN1CCC(N2C(=O)N(C3CCOCC3)C[C@H]2c2ccccc2)CC1,2,0.0,0.0,0.0
Cc1nc(Oc2ccc(C(=O)O)cc2)ccc1CN1CCC(N2C(=O)N(C3CCOCC3)C[C@H]2c2ccccc2)CC1,2,0.0,0.0,0.0
CNC(=O)c1ccc(Oc2ccc(CN3CCC(N4C(=O)N(C5CCOCC5)C[C@H]4c4ccccc4)CC3)c(C)n2)cc1,2,0.0,0.0,0.0
O=C(O)c1ccc(Oc2ccc(CN3CCC(N4C(=O)N(C5CCOCC5)C[C@H]4c4cccc(Cl)c4)CC3)cn2)cc1,2,0.0,0.0,0.0
Cc1cccc([C@@H]2CN(C3CCOCC3)C(=O)N2C2CCN(Cc3ccc(Oc4ccc(C(=O)O)cc4)nc3C)CC2)c1,2,0.0,0.0,0.0
Cc1nc(Sc2ccc(C(=O)O)cc2)ccc1CN1CCC(N2C(=O)N(C3CCOCC3)C[C@H]2c2ccccc2)CC1,2,0.0,0.0,0.0
Cc1nc(Nc2ccc(C(=O)O)cc2)ncc1CN1CCC(N2C(=O)N(C3CCOCC3)C[C@H]2c2cccc(Cl)c2)CC1,2,0.0,0.0,0.0
O=C(O)c1ccc(Oc2ccc(CN3CCC(N4C(=O)N(C5CCOCC5)C[C@H]4c4ccccc4)CC3)cn2)cc1,2,0.0,0.0,0.0
Cc1nc(Oc2ccc(C(=O)O)cc2)ccc1CN1CCC(N2C(=O)N(C3CCOCC3)C[C@H]2c2cccc(F)c2)CC1,2,0.0,0.0,0.0
O=C(O)c1ccc(Sc2ncc(CN3CCC(N4C(=O)N(C5CCOCC5)C[C@H]4c4cccc(Cl)c4)CC3)cn2)cc1,2,0.0,0.0,0.0
CN[C@@H](C)C(=O)N[C@@H]1C(=O)N(Cc2c(C)ccc3ccccc23)c2ccc(C#N)cc2N(C(C)=O)[C@H]1C.Cl,2,0.0,0.0,0.0
CN[C@@H](C)C(=O)N[C@@H]1C(=O)N(Cc2c(OC)ccc3ccccc23)c2ccc(C#N)cc2N(C(C)=O)[C@H]1C.Cl,2,0.0,0.0,0.0
Cc1nc2c(c(-c3ccc(Cl)cc3Cl)c1CN)C(=O)N(CC(=O)N(C)C)C2,2,0.0,0.0,0.0
Cc1nc2c(c(-c3ccc(Cl)cc3Cl)c1CN)C(=O)N(CC(=O)O)C2,2,0.0,0.0,0.0
COC[C@H](C)N1Cc2nc(C)c(CN)c(-c3ccc(Cl)cc3Cl)c2C1=O,2,0.0,0.0,0.0
COCCN1Cc2nc(C)c(CN)c(-c3ccc(Cl)cc3Cl)c2C1=O,3,0.0,0.0,0.0
COc1ccccc1N1Cc2nc(C)c(CN)c(-c3ccc(Cl)cc3Cl)c2C1=O,3,0.0,0.0,0.0
O=C1OCc2c1ccc(CCN1CCN(C(=O)Cc3ccc(-n4cnnn4)cc3)CC1)c2F,2,0.0,0.0,0.0
Cc1c(CCN2CCN(C(=O)Cc3ccc(-n4cnnn4)cc3)CC2)ccc2c1COC2=O,2,0.0,0.0,0.0
O=C1OCCc2cc(CCN3CCN(C(=O)Cc4ccc(-n5cnnn5)cc4)CC3)ccc21,2,0.0,0.0,0.0
O=C1OCc2cc(CCN3CCN(C(=O)Cc4ccc(-n5cnnn5)cc4)CC3)ccc21,2,0.0,0.0,0.0
CS(=O)(=O)O.O=C(O)c1ccccc1-c1ccc(CN2CCC(COC(=O)c3c4n(c5ccccc35)CCCO4)CC2)cc1,2,0.0,0.0,0.0
COC(=O)c1ccccc1-c1ccc(CN2CCC(COC(=O)c3c4n(c5ccccc35)CCCO4)CC2)cc1.CS(=O)(=O)O,2,0.0,1.0,0.0
O=C(OCC1CCN(Cc2ccc(-c3ccccc3-c3nnn[nH]3)cc2)CC1)c1c2n(c3ccccc13)CCCO2,2,0.0,0.0,0.0
CNS(=O)(=O)Nc1cccc(Cc2c(C)c3ccc(Oc4ncccn4)cc3oc2=O)c1F,2,0.0,0.0,0.0
CCCCCCCN(CC)C/C=C/Cc1ccc(Cl)cc1,4,0.0,1.0,0.0
CCCCCCCN(CC)CCCCc1ccc(Cl)cc1,4,0.0,1.0,0.0
CCCCCCC[N+](CC)(CC)CCCCc1ccc(Cl)cc1.Cc1ccc(S(=O)(=O)[O-])cc1,5,0.0,1.0,0.0
CCCCCCCN(CC)CC#CCc1ccc(Cl)cc1,4,0.0,1.0,0.0
CCCCCCCN(CC)CC#CCCc1ccc(Cl)cc1,4,0.0,1.0,0.0
CCCCN(CC)CC#CC#Cc1ccc(Cl)cc1,4,0.0,0.0,0.0
CCCCCCCN(CC)CC#CCOc1ccc(Cl)cc1,4,0.0,0.0,0.0
COc1ncnc(Cn2cc(C(=O)NCCO)c3ncc(C)cc32)c1C,2,0.0,0.0,0.0
COc1ncnc(Cn2cc(C(=O)NCCF)c3ncc(C)cc32)c1C,2,0.0,0.0,0.0
COC1COCCC1N[C@@H]1C[C@H]2CN(C(=O)OCCC3CCOCC3)C[C@@]2(C(=O)N2CCc3ncc(C(F)(F)F)cc3C2)C1,2,0.0,0.0,0.0
CS(=O)(=O)c1ccc(-c2cnc(N)c(-c3ccc(C(F)(F)F)cc3)n2)cc1,2,0.0,0.0,0.0
Nc1ncc(-c2ccc(C(=O)N3CCOCC3)cc2)nc1-c1ccc(C(F)(F)F)cc1,2,0.0,0.0,0.0
COc1ccc2c(c1)[C@@H]1C[C@]1(C(=O)N1[C@@H]3CC[C@H]1CN(C)C3)Cn1c-2c(C2CCCCC2)c2ccc(C(=O)NS(=O)(=O)N(C)C)cc21,2,0.0,0.0,0.0
Cc1cccc(C(=O)Nc2cccc(NC(=O)c3cccc(C)c3)c2)c1,2,0.0,0.0,0.0
COC[C@H](C)Oc1cc(Oc2ccc(S(C)(=O)=O)cc2)cc(C(=O)Nc2nccs2)c1,2,0.0,0.0,0.0
COC[C@H](C)Oc1cc(Oc2ccc(S(C)(=O)=O)cc2)cc(C(=O)Nc2nc(C)ns2)c1,2,0.0,0.0,0.0
C[C@@H](CO)Oc1cc(Oc2ccc(C(=O)N3CCC3)cc2)cc(C(=O)Nc2ccn(C)n2)c1,2,0.0,0.0,0.0
C[C@@H]1CN(c2nnc(C(F)(F)F)o2)CCN1c1ncc(OCc2ccncc2C#N)cn1,2,0.0,0.0,0.0
COCCn1cc(C(=O)N2CCC3(CC2)COc2ccc(CN)cc23)c2cccc(F)c21,2,0.0,0.0,0.0
CC[C@]1(c2cccc(NS(C)(=O)=O)c2)[C@@H]2CN(CCCC3(O)CCCCC3)C[C@@H]21,2,0.0,0.0,0.0
CC[C@]1(c2cccc(NS(C)(=O)=O)c2)[C@@H]2CN(CC3(O)Cc4ccccc4C3)C[C@@H]21,2,0.0,0.0,0.0
CC(C)OC[C@H](Oc1ncnc2c1cnn2-c1ncccc1Cl)C(=O)Nc1ccc(F)cn1,2,0.0,0.0,0.0
CC(C)OC[C@H](Oc1ncnc2c1cnn2-c1ncccc1Cl)C(=O)Nc1ccc(Cl)cn1,2,0.0,0.0,0.0
CC(C)OC[C@H](Oc1ncnc2c1cnn2-c1ncccc1Cl)C(=O)Nc1ccc(C#N)cn1,2,0.0,0.0,0.0
O=C(Nc1ccc(F)cn1)[C@H](CN1CC(O)C1)Oc1ncnc2c1cnn2-c1ccccc1Cl,2,0.0,0.0,0.0
O=C(Nc1ccc(F)cn1)[C@H](CN1CC(O)C1)Oc1ncnc2c1cnn2-c1c(Cl)cccc1Cl,2,0.0,0.0,0.0
CC(C)N(C)[C@@H]1CC[C@H](N2CC[C@H](NC(=O)c3cccc(C(F)(F)F)c3)C2=O)[C@H](CS(C)(=O)=O)C1,2,0.0,0.0,0.0
CCS(=O)(=O)C[C@@H]1C[C@H](N(C)C(C)C)CC[C@@H]1N1CC[C@H](NC(=O)c2cccc(C(F)(F)F)c2)C1=O,2,0.0,0.0,0.0
CC(C)N(C)[C@@H]1CC[C@H](N2CC[C@H](NC(=O)c3cccc(C(F)(F)F)c3)C2=O)[C@H](CS(=O)(=O)C(C)(C)C)C1,2,0.0,0.0,0.0
Nc1nc(C2CCCC2)cc(N2CCNCC2)n1,2,0.0,0.0,0.0
CC(C)c1cc(N2CC[C@@H](N)C2)nc(N)n1,3,0.0,0.0,0.0
CS(=O)(=O)n1cc2c(n1)CN([C@H]1CO[C@H](c3cc(F)ccc3F)[C@@H](N)C1)C2,2,0.0,0.0,0.0
Cc1cccc(-c2[nH]c(CNc3ccccc3F)nc2-c2ccc3ncnn3c2)n1,5,0.0,0.0,0.0
Nc1ccc(-c2cccs2)cc1NC(=O)c1ccc(N2CCC3(CC2)CNC(=O)O3)nc1,2,0.0,0.0,0.0
CCOC(=O)N1CCC(CN2CCC3(CC2)CN(S(C)(=O)=O)c2ncccc23)CC1,2,0.0,0.0,0.0
CC(C)(C)CN1CCC2(CC1)CN(c1ccccc1NC(=O)Nc1nc3ccc(Cl)nc3s1)c1c(O)ccc(Cl)c12,2,0.0,0.0,0.0
O=S(=O)(NCCCCN1CCC(c2noc3cc(F)ccc23)CC1)c1cc2ccccc2s1,2,0.0,0.0,0.0
COc1ccc2c(C(=O)NCc3ccc(F)cc3)c(O)n(O)c(=O)c2c1,3,0.0,0.0,0.0
CCN(CC)CCn1c(=N)n(CC(O)c2ccc(Cl)c(Cl)c2)c2ccccc21.Cl,2,0.0,0.0,0.0
CCOc1ccc(Nc2c3ccccc3nc3ccccc23)cc1.Cl,2,0.0,0.0,0.0
Cc1ccc2nc(C)cc(Nc3cccc(C(F)(F)F)c3)c2c1.Cl,2,0.0,0.0,0.0
Br.CCn1c2c(c(=N)c3c1CCC3)CCCC2,2,0.0,0.0,0.0
O=C(O)C(=O)O.Oc1ccc(Br)cc1CN1CCN(Cc2cccc(F)c2)CC1,2,0.0,0.0,0.0
CC(C)(C)c1ccc2c(c1)CN(Cc1ccc(Cl)cc1)CO2,2,0.0,0.0,0.0
CCOc1ccc2c(c1)CN(Cc1ccc(Cl)cc1)CO2,2,0.0,0.0,0.0
CCCCCn1c(=N)n(CC(O)COc2cccc(C)c2)c2ccccc21.Cl,2,0.0,0.0,0.0
CCCCCCn1c(=N)n(CC(O)COc2cccc(C)c2)c2ccccc21.Cl,2,0.0,0.0,0.0
CN(C)CCCNc1c2ccccc2nc2ccccc12,2,0.0,0.0,0.0
CCOc1cc2c(cc1OCC)C(c1cc(Cl)ccc1O)NCC2,2,0.0,0.0,0.0
CCOc1cc2c(cc1OCC)C(c1cc(Cl)c(O)c(OCC)c1)NCC2,2,0.0,0.0,0.0
CCOc1cc2c(cc1OCC)C(c1cc(C)c(O)c(C)c1)NCC2.Cl,2,0.0,0.0,0.0
CCN(CC)c1cc(C)c2cc(NC(=O)c3cccc(OC)c3)ccc2n1,2,0.0,0.0,0.0
CCCN(CCC)CCCNC(=O)c1cc2c(-c3ccc(OC)c(OC)c3)nn(C)c2s1,2,0.0,0.0,0.0
COc1ccc(C2Sc3ccccc3N=C3C2=C(O)c2ccccc23)cc1,2,0.0,0.0,0.0
CCc1ccc(Nc2cc(C)c3ccc(O)cc3n2)cc1.Cl,2,0.0,0.0,0.0
COc1ccc(-c2cc(=O)oc3c4c(ccc23)OCN(Cc2ccc(F)cc2)C4)cc1,2,0.0,0.0,0.0
COc1ccc(C(O)(CCC(C)C)C(CN2CCOCC2)c2ccc(Cl)cc2)cc1.Cl,2,0.0,0.0,0.0
CCCCC(O)(c1ccc(Cl)cc1)C(CN1CCOCC1)c1ccc(Cl)cc1.Cl,2,0.0,0.0,0.0
CC(O)(c1ccc(Cl)cc1)C(CN1CCCCC1)c1ccccc1.Cl,2,0.0,0.0,0.0
CCCCCCC(O)(c1ccc(F)cc1)C(CN1CCOCC1)c1ccccc1.Cl,2,0.0,0.0,0.0
CC1CCCCN1CCCNC(=O)c1ccc2c(c1)sc1nc(-c3ccc(F)cc3)cn12,2,0.0,0.0,0.0
COc1ccc(NC(=O)C2c3ccccc3C(=O)N(CC(C)C)C2c2cccs2)cc1Cl,2,0.0,0.0,0.0
COc1ccccc1CNC(=O)C1c2ccccc2C(=O)N(CC(C)C)C1c1cccs1,2,0.0,0.0,0.0
CCOc1ccccc1CNC(=O)C1c2ccccc2C(=O)N(CC(C)C)C1c1cccs1,2,0.0,0.0,0.0
COc1ccc(NC(=O)C2c3ccccc3C(=O)N(CC(C)C)C2c2cccs2)cc1,2,0.0,0.0,0.0
Cc1ccc(C2CC(C(F)(F)F)n3nc(C(=O)N4CCN(C(c5ccccc5)c5ccccc5)CC4)cc3N2)cc1,2,0.0,0.0,0.0
CCOC(=O)c1cnc2ccc(OC)cc2c1Nc1ccc(N2CCN(C)CC2)cc1,2,0.0,0.0,0.0
Cc1ccnc(NC(c2cccc(OCc3ccccc3)c2)c2ccc3cccnc3c2O)c1,2,0.0,0.0,0.0
Oc1ccc(-c2nc(-c3ccc4oc5ccc(-c6[nH]c(-c7ccc(O)cc7)nc6-c6ccccc6)cc5c4c3)c(-c3ccccc3)[nH]2)cc1,2,0.0,0.0,0.0
Oc1c(CN2CCN(c3ccccc3F)CC2)cc(Br)c2cccnc12,2,0.0,0.0,0.0
CCCOCc1cc(CN2CCN(c3cccc(Cl)c3)CC2)c(O)c2ncccc12,2,0.0,0.0,0.0
CC(C)OCc1cc(CN2CCN(c3cccc(Cl)c3)CC2)c(O)c2ncccc12,2,0.0,0.0,0.0
Cl.OC(CNCc1ccccc1)Cn1c2ccccc2c2ccccc21,2,0.0,0.0,0.0
OC(CNC1CCCC1)Cn1c2ccccc2c2ccccc21,2,0.0,0.0,0.0
Cc1ccc(NC(=O)Nc2cccc(Cl)c2)cc1F,2,0.0,0.0,0.0
COc1ccc2c(c1OC)C(=O)N1c3ccccc3N=C(c3ccc(C)cc3)CC21,2,0.0,0.0,0.0
COc1ccc(Nc2nc(NCc3ccccc3)c3ccccc3n2)cc1,2,0.0,0.0,0.0
O=C1CC(O)(C(F)(F)C(F)(F)F)Oc2ccccc21,2,0.0,0.0,0.0
CN1CCN(c2nc(Nc3ccc(O)cc3)nc3ccccc23)CC1.Cl,2,0.0,0.0,0.0
Cc1ccc(Nc2nc(NCCO)c3ccccc3n2)cc1C,2,0.0,0.0,0.0
OCCNc1nc(Nc2ccc(Cl)c(Cl)c2)nc2ccccc12,2,0.0,0.0,0.0
CC(C)c1ccc(CNCC(O)c2ccccc2)cc1.Cl,2,0.0,0.0,0.0
CCOc1cccc2sc(N(Cc3cccnc3)C(=O)C3CCCCC3)nc12,2,0.0,0.0,0.0
COc1ccc2sc(N(Cc3cccnc3)C(=O)c3ccc(C#N)cc3)nc2c1,2,0.0,0.0,0.0
COc1ccc(C)c2sc(N(Cc3cccnc3)C(=O)c3ccc(C#N)cc3)nc12,2,0.0,0.0,0.0
CSc1ccccc1C(=O)Nc1nc(-c2ccccn2)cs1,2,0.0,0.0,0.0
CCCCc1ccc(NS(=O)(=O)c2cc3c4c(c2)CCN4C(=O)CC3)cc1,2,0.0,0.0,0.0
O=C(Nc1ccc(Br)cc1)Nc1cccc(Cl)c1,2,0.0,0.0,0.0
CC1CC(C)CN(C(=O)c2ccc(Cl)cc2Cl)C1,2,0.0,0.0,0.0
CCN(CC)CCNc1ccnc2cc(Cl)ccc12,2,0.0,0.0,0.0
c1ccc(CNc2nc(Nc3ccccc3)nc3ccccc23)cc1,2,0.0,0.0,0.0
CN1CCN(c2ccc(Nc3c4ccccc4nc4ccccc34)cc2)CC1,2,0.0,0.0,0.0
O=C(NCc1ccco1)C1CCN(S(=O)(=O)c2ccc(Cl)cc2)CC1,2,0.0,0.0,0.0
Cc1cc(NCCN2CCCCC2)c2ccc3ccccc3c2n1,2,0.0,0.0,0.0
CCOC(=O)c1cnc2c(C)cccc2c1Nc1ccc(C(C)=O)cc1,2,0.0,0.0,0.0
CCc1c(C)c(=N)c2ccccc2n1C.I,2,0.0,0.0,0.0
CCN(CC)CCNc1ccnc2cc3ccccc3cc12.O=P(O)(O)O,2,0.0,0.0,0.0
CN(C)c1ccc(C=Cc2nc(=O)c3ccccc3o2)cc1,2,0.0,0.0,0.0
Cc1cc(Nc2cccc(F)c2)nc(NCc2ccccc2)n1,2,0.0,0.0,0.0
O=C1c2ccccc2C2=Nc3ccccc3SC(c3cccc(F)c3)C12,2,0.0,0.0,0.0
COc1cc(OC)c(N(C)C(=O)c2cc3c(s2)-c2ccccc2S(=O)(=O)C3)cc1Cl,2,0.0,0.0,0.0
Cc1cc(NC(=O)C2c3ccccc3C(=O)N(CC(C)C)C2c2cccs2)no1,2,0.0,0.0,0.0
CCCN(CCC)CC(O)COc1ccccc1C(=O)Nc1ccccc1,2,0.0,0.0,0.0
CCOC(=O)c1ccc2nc(-c3ccccc3)cc(O)c2c1,2,0.0,0.0,0.0
c1ccc2c(NCCc3c[nH]c4ccccc34)c3ccccc3nc2c1,2,0.0,0.0,0.0
CCOc1ccc2nc(C)cc(Nc3ccc(Br)cc3)c2c1,2,0.0,0.0,0.0
Cc1cc(C)c2c(c1)OCN(Cc1ccccc1Cl)C2,2,0.0,0.0,0.0
Clc1ccc2[nH]c3c(NCCCN4CCOCC4)ncnc3c2c1,2,0.0,0.0,0.0
CCOC(=O)C1=CN(C)C=C(C(=O)OCC)C1c1cc(Br)c(OCC)c(OC)c1,2,0.0,0.0,0.0
CN(C)CCNc1cc(-c2ccccc2)nc2ccccc12,2,0.0,0.0,0.0
Cc1cc(N2CCN(C3CCCC3)CC2)n2c(nc3ccccc32)c1C#N,2,0.0,0.0,0.0
Cc1cc(=O)oc2c1ccc1oc(C(=O)c3ccccc3)c(C)c12,2,0.0,0.0,0.0
CCOc1c(Br)cc(C2C(C(=O)OC)=CN(C)C=C2C(=O)OC)cc1OC,2,0.0,0.0,0.0
COc1cc2cc(C(=O)Nc3ccccc3)c(N)nc2cc1OC,2,0.0,0.0,0.0
CC(C)CCNCC(O)Cn1c2ccccc2c2ccccc21.Cl,2,0.0,0.0,0.0
CCCCc1c(C)nc2c(OC)cccc2c1O,2,0.0,0.0,0.0
COc1ccc(Nc2cc(C)nc(NCc3ccccc3)n2)cc1,2,0.0,0.0,0.0
c1ccc2cc3c(Nc4ccc(N5CCOCC5)cc4)ccnc3cc2c1,2,0.0,0.0,0.0
CCOC(=O)c1cnc2ccc(Cl)cc2c1NCCCN(C)C,2,0.0,0.0,0.0
C=CCc1c(C)nc2ccccc2c1O,2,0.0,0.0,0.0
Cc1ccc(-c2cc3nc4c(c(O)n3n2)CCCC4)cc1,2,0.0,0.0,0.0
O=C(Nc1ccc(-c2nc3cc(NC(=O)c4ccc(Cl)cc4)ccc3[nH]2)cc1)c1ccc(Cl)cc1,2,0.0,0.0,0.0
CCOc1ccc2nc(C)cc(Nc3ccc(N(C)C)cc3)c2c1.Cl,2,0.0,0.0,0.0
Cc1ccc2c(C)nc(Nc3nc(C)cc(-c4ccccc4)n3)nc2c1,2,0.0,0.0,0.0
CCOc1ccc(CN2CCN(CC(O)COc3ccc(OCC(O)CN4CCN(Cc5ccc(OCC)cc5)CC4)cc3)CC2)cc1,2,0.0,0.0,0.0
c1ccc(/C2=N/c3ccccc3/N=C(/c3ccccc3)c3ccccc32)cc1,2,0.0,0.0,0.0
CCOC(=O)c1cnc2ccc(CC)cc2c1O,2,0.0,0.0,0.0
OC1=C2C(=Nc3ccccc3SC2c2ccc(Br)cc2)c2ccccc21,2,0.0,0.0,0.0
Cc1ccc(N2C3c4ccccc4N(S(=O)(=O)c4ccc(C)cc4)C2c2ccccc2N3S(=O)(=O)c2ccc(C)cc2)cc1,2,0.0,0.0,0.0
Cc1cc(Nc2ccc(OCc3ccccc3)cc2)nc2cc(O)ccc12,2,0.0,0.0,0.0
COc1ccccc1N1C(=N)SC(=Cc2ccc(OCc3ccccc3F)cc2)C1=O,2,0.0,0.0,0.0
COc1ccc(OC)c(C2C3=C(CC(C)(C)CC3=O)N(c3ccc(Cl)c(Cl)c3)C3=C2C(=O)CC(C)(C)C3)c1,2,0.0,0.0,0.0
Brc1ccc(Nc2nc3ccccc3nc2Nc2ccc(Br)cc2)cc1,2,0.0,0.0,0.0
Cc1cccc(N2C(=O)C3C(C2=O)C2(c4ccccc4)C(=O)C3(c3ccccc3)C(c3ccc4c(c3)OCO4)=C2c2ccc3c(c2)OCO3)c1,2,0.0,0.0,0.0
COc1cc(-c2nc(-c3ccc(Sc4ccccc4)cc3)c(-c3ccccc3)[nH]2)cc(OC)c1O,2,0.0,0.0,0.0
Cc1ccc(F)cc1NC(=O)c1cc(Cl)ccc1Nc1ccccc1,2,0.0,0.0,0.0
CCOc1ccc(Nc2ccnc3cc(Cl)ccc23)cc1,2,0.0,0.0,0.0
Clc1ccc2c(N3CCCC3)ccnc2c1,2,0.0,0.0,0.0
CCc1ccc(Nc2cc(C)nc3nc(C)nn23)cc1,2,0.0,0.0,0.0
COc1ccc(-c2nc3cc(Cc4ccc5[nH]c(-c6ccc(OC)cc6)nc5c4)ccc3[nH]2)cc1,2,0.0,0.0,0.0
Cc1ccccc1OCCSc1nc2ccc(NC(=O)c3cccs3)cc2s1,2,0.0,0.0,0.0
O=C(NCc1ccco1)C1CCN(S(=O)(=O)c2ccc(Br)cc2)CC1,2,0.0,0.0,0.0
COc1cc2c3cc1Oc1c(OC)c(OC)cc4c1C(Cc1ccc(O)c(c1)Oc1ccc(cc1)CC3N(C)CC2)N(C)CC4.Cl,2,0.0,0.0,0.0
COc1ccc(CCNC(=O)c2cc(S(=O)(=O)N3CC(C)CC(C)C3)ccc2Sc2ccc(F)cc2)cc1OC,2,0.0,0.0,0.0
Cc1ccc(Cn2c(N3CCC(C(=O)NCc4cccs4)CC3)nc3ccccc32)cc1,2,0.0,0.0,0.0
Cc1ccc(CSCc2ccc(C(=O)NC3CC3)o2)cc1,2,0.0,0.0,0.0
O=C(Nc1ccc(C23CC4CC(CC(c5ccccc5)(C4)C2)C3)cc1)c1cccs1,2,0.0,0.0,0.0
Cc1ccccc1OCCSc1nc2ccc(NC(=O)c3ccccc3)cc2s1,2,0.0,0.0,0.0
COc1ccc(C(=O)C(CCC(CNC(C)(C)C)C(=O)c2ccc(OC)cc2)CNC(C)(C)C)cc1,2,0.0,0.0,0.0
CC(=O)NCCc1nc2ccccc2n1Cc1ccc(C(C)C)cc1,2,0.0,0.0,0.0
Br.Cc1ccc(C)c(-c2csc(Nc3ccc(C)c(C)c3)n2)c1,2,0.0,0.0,0.0
CCCCCCOC(=O)C1=C(C)NC(=O)NC1c1ccccc1F,2,0.0,0.0,0.0
COc1ccc(C(C)=O)cc1N1C(=O)C2C(C1=O)C1(c3ccccc3)C(=O)C2(c2ccccc2)C(c2ccc(C)cc2)=C1c1ccc(C)cc1,2,0.0,0.0,0.0
CCCCc1c(CCC)c(=N)c2ccccc2n1C.I,2,0.0,0.0,0.0
CCOc1ccccc1NC(=O)CN1CCN(C(=O)c2ccco2)CC1,2,0.0,0.0,0.0
COc1nc(Nc2ccc(C(C)C)cc2)nc(OC)n1,2,0.0,0.0,0.0
COc1ccc2c(c1)OC(O)(C(F)(F)C(F)(F)F)CC2=O,2,0.0,0.0,0.0
COc1ccc2nc(C)cc(Nc3ccc(Cl)cc3)c2c1,2,0.0,0.0,0.0
CCCCN(CCCC)S(=O)(=O)c1ccc(NC(=O)c2ccco2)cc1,2,0.0,0.0,0.0
CCCCOc1ccc(C(=O)Nc2cc(C)on2)cc1,2,0.0,0.0,0.0
Cc1ccc(Nc2nc(-c3ccccn3)cs2)cc1,2,0.0,0.0,0.0
O=c1nc(C=Cc2ccc(Cl)cc2)oc2ccccc12,2,0.0,0.0,0.0
CCOc1ccc(CCNC(=O)c2cccs2)cc1OCC,2,0.0,0.0,0.0
CN1CCN(c2c3c(c(C#N)c4nc5ccccc5n24)CCC3)CC1,2,0.0,0.0,0.0
O=C(O)C1Cc2c([nH]c3ccccc23)C(c2ccc(Cl)cc2Cl)N1,2,0.0,0.0,0.0
Cc1c(C)n(Cc2ccc(F)cc2)c2ccc(C(=O)NCc3ccco3)cc12,2,0.0,0.0,0.0
CN1C=C(c2ccc3ccccc3n2)C(c2c[nH]c3ccccc23)c2ccccc21,2,0.0,0.0,0.0
COc1cc(OC)cc(N2C(=O)N(Cc3ccc(C(C)(C)C)cc3)c3ccccc3S2(=O)=O)c1,2,0.0,0.0,0.0
COc1ccc2nc(C)cc(Nc3cccc(O)c3)c2c1.Cl,2,0.0,0.0,0.0
Oc1c2c(nc3cc(-c4ccccc4)nn13)CCCC2,2,0.0,0.0,0.0
CCOC(=O)c1cnc2c(C)cc(C)cc2c1Nc1ccc(OC)c(OC)c1,2,0.0,0.0,0.0
CCCc1c(CC)c(=N)c2ccccc2n1C,2,0.0,0.0,0.0
COc1ccc(C2C(C(=O)Nc3cccc(OC)c3)c3ccccc3C(=O)N2C2CCCCC2)cc1,2,0.0,0.0,0.0
CCN1CCN(c2c(C(=O)c3ccccc3)cnc3cc(OC)c(OC)cc23)CC1,2,0.0,0.0,0.0
CCCn1c(=N)c(C(=O)NC2CCCCC2)cc2c(=O)n3cccc(C)c3nc21,2,0.0,0.0,0.0
CCOc1cc2c(cc1OCC)C(c1cc(OC)c(O)cc1Cl)NCC2,2,0.0,0.0,0.0
O=C(CCc1ccccc1)c1ccccc1OCC(O)CN1CCCCC1,2,0.0,0.0,0.0
CCN(CC)c1ccc(NC(=O)c2cccs2)cc1,2,0.0,0.0,0.0
OC(CNC1CCCCC1)Cn1c2ccccc2c2ccccc21,2,0.0,0.0,0.0
O=C1c2ccc3c4c(ccc(c24)C(=O)N1CCCCO)C(=O)N(CCCCO)C3=O,2,0.0,0.0,0.0
Br.CCN(CC)S(=O)(=O)c1ccc(-c2csc(Nc3ccc(C)c(C)c3)n2)cc1,2,0.0,0.0,0.0
CC1CCN(Cc2c(O)ccc3cc(-c4nc5ccccc5s4)c(=O)oc23)CC1,2,0.0,0.0,0.0
Cc1cc(Nc2ccc3ccccc3c2)n2ncnc2n1,2,0.0,0.0,0.0
Cc1cc(Nc2ccc(Cl)cc2)n2nc(C(F)(F)F)nc2n1,2,0.0,0.0,0.0
Cc1cc(C)cc(Nc2cc(C)nc3nc(C(F)(F)F)nn23)c1,2,0.0,0.0,0.0
CC(C)(C)c1ccc(C2CC3=Nc4ccccc4N(C(=O)c4ccccc4Cl)C(c4ccc(F)cc4)C3=C(O)C2)cc1,2,0.0,0.0,0.0
COC(=O)c1ccc(C2C3=C(O)CC(c4ccc(F)cc4)CC3=Nc3ccccc3N2C(=O)c2ccccc2)cc1,2,0.0,0.0,0.0
Cc1ccc(Nc2nc(N)c3ccccc3n2)cc1Cl,2,0.0,0.0,0.0
COc1ccc(C(=O)Nc2nonc2-c2ccc(OC)c(OC)c2)cc1Cl,2,0.0,0.0,0.0
CCOC(=O)C1CCN(C(=O)CN2C(=O)c3ccccc3C2c2c[nH]c3ccccc23)CC1,2,0.0,0.0,0.0
O=C(O)C(=O)O.Oc1ccccc1CN1CCN(C(c2ccccc2)c2ccccc2)CC1,2,0.0,0.0,0.0
Oc1ccc2ccccc2c1CNc1nc2ccccc2[nH]1,2,0.0,0.0,0.0
Nc1ccc(-c2nc3cc(Oc4ccc(Oc5ccc6[nH]c(-c7ccc(N)cc7)nc6c5)cc4)ccc3[nH]2)cc1,2,0.0,0.0,0.0
COc1cccc(Nc2nc(NCCO)c3ccccc3n2)c1.Cl,2,0.0,0.0,0.0
Cc1cc(NC(=O)c2ccc(-c3ccccc3)cc2)no1,2,0.0,0.0,0.0
COCCNCC(O)Cn1c2ccc(Cl)cc2c2cc(Cl)ccc21,2,0.0,0.0,0.0
COc1cccc(-c2nn(C)c3sc(C(=O)NCCN4CCN(c5ccccc5F)CC4)cc23)c1,2,0.0,0.0,0.0
COc1ccccc1CNC(=O)CCn1c(=O)[nH]c2ccsc2c1=O,2,0.0,0.0,0.0
CCN1CCN(c2cc(C)c3cc(NC(=O)c4ccc(OC)c(OC)c4)ccc3n2)CC1,2,0.0,0.0,0.0
Cc1cccc(Nc2nc(N)c3ccccc3n2)c1.Cl,2,0.0,0.0,0.0
COc1cc(OC)cc(C(=O)Nc2ccc(-c3nc4ccccc4[nH]3)cc2)c1,2,0.0,0.0,0.0
CCN(Cc1ccccc1)C1CCN(Cc2cc(Br)ccc2O)CC1.O=C(O)C(=O)O,2,0.0,0.0,0.0
COc1cccc(Nc2nc(N)c3ccccc3n2)c1.Cl,2,0.0,0.0,0.0
CCOc1cccc(C(=O)Nc2ccc(-c3nc4ccccc4[nH]3)cc2)c1,2,0.0,0.0,0.0
O=C(Nc1ccc(-c2nc3cc4ccccc4cc3[nH]2)cc1)c1cccc(Br)c1,2,0.0,0.0,0.0
COc1ccc(-n2ccnc2SCC(=O)Nc2cc(C)ccc2C)c(OC)c1,2,0.0,0.0,0.0
Cc1sc2ncnc(Sc3nc4ccccc4[nH]3)c2c1C,2,0.0,0.0,0.0
Cn1c(=O)c2cc(C(=O)NCCCN3CCCCCC3)sc2c2ccccc21,2,0.0,0.0,0.0
CCC1(C)CC(CCNCc2ccccc2O)(c2ccc(C)cc2)CCO1,2,0.0,0.0,0.0
Cl.c1ccc2c(NCCCCCCNc3c4c(nc5ccccc35)CCCC4)c3c(nc2c1)CCCC3,2,0.0,0.0,0.0
COc1ccc(N2CCN(C(CNC(=O)C3CCCCC3)c3ccc4c(c3)OCO4)CC2)cc1,2,0.0,0.0,0.0
O=C(Nc1ccc(N2CCN(Cc3ccccc3)CC2)cc1)c1cccs1.O=C(O)C(F)(F)F,2,0.0,0.0,0.0
COc1ccc(C2NCCc3c2[nH]c2ccccc32)cc1CN1CCN(c2ccc(F)cc2)CC1.Cl,2,0.0,0.0,0.0
O=C(Nc1ccc(N2CCCCC2)c(Cl)c1)c1ccc(Br)o1,2,0.0,0.0,0.0
Cc1[nH]c(-c2ccc(F)cc2)cc1C(=O)NC1CCN(Cc2ccccc2)CC1,2,0.0,0.0,0.0
Cc1ccc(C)c(Cn2c(N3CCC(C(=O)NCc4cccs4)CC3)nc3ccccc32)c1,2,0.0,0.0,0.0
Cc1ccc(Cl)cc1N1CCN(CCCNC(=O)C2CCN(c3nc4ccccc4[nH]3)CC2)CC1,2,0.0,0.0,0.0
COc1ccc(C(=O)Nc2ccc3nc(N4CCCCC4)cc(C)c3c2)cc1OC,2,0.0,0.0,0.0
COc1cccc(C(=O)Nc2ccc(-c3nc4ccccc4[nH]3)cc2)c1,2,0.0,0.0,0.0
Cc1cc(C)c2nc(N3CCC(C(=O)NCCCN4CCC(N5CCCCC5)CC4)CC3)sc2c1,2,0.0,0.0,0.0
Fc1ccc2[nH]c3c(NCCCN4CCOCC4)ncnc3c2c1,2,0.0,0.0,0.0
O=C(NC1CCN(Cc2ccccc2)CC1)c1cc(C(=O)NC2CCN(Cc3ccccc3)CC2)cc(C(=O)NC2CCN(Cc3ccccc3)CC2)c1,2,0.0,0.0,0.0
Cl.Clc1cc(Br)ccc1-c1ccc(CNCC2CCNCC2)o1,2,0.0,0.0,0.0
O=C(NCCCN1CCC(N2CCCCC2)CC1)C1=Cc2cc(Br)ccc2OC1,2,0.0,0.0,0.0
Cc1cc(N(C)C)nc(Nc2ccc(NC(=O)Nc3ccccc3)cc2)n1,2,0.0,0.0,0.0
O=C(NC1CCN(Cc2ccccc2)CC1)c1cc(-c2ccncc2)nc2ccc(Cl)cc12,2,0.0,0.0,0.0
COc1ccc(-c2cn3c(C(=O)Nc4ccccc4Cl)c(-c4ccccc4)c4c3n2CCCC4)cc1,2,0.0,0.0,0.0
CCn1c(CN2CCN(Cc3ccccc3)CC2)nc2cc(NC(=O)c3cccs3)ccc21,2,0.0,0.0,0.0
O=C(NC1CCN(Cc2ccccc2)CC1)c1cc(-c2cccnc2)nc2ccc(Cl)cc12,2,0.0,0.0,0.0
CC1CN(C(=O)c2sc3ccccc3c2Cl)CC(C)O1,2,0.0,0.0,0.0
CNCCCNc1ccnc2cc(Cl)ccc12,2,0.0,0.0,0.0
CN(C)CCCNCc1ccc(-c2ccc(F)c(Cl)c2)o1.Cl,2,0.0,0.0,0.0
CCN1CCN(Cc2ccc(NC(=O)c3cc4ccc5cccnc5c4[nH]3)cc2)CC1,2,0.0,0.0,0.0
CC1CCN(Cc2ccc(NC(=O)c3cc4ccc5cccnc5c4[nH]3)cc2)CC1,2,0.0,0.0,0.0
O=C(Nc1ccc(CN2CCOCC2)cc1)c1ccc(-c2cc(Cl)ccc2Cl)o1,2,0.0,0.0,0.0
CCC(O)c1ccc(Br)cc1NC(=O)c1cccc(Cl)c1,2,0.0,0.0,0.0
COc1ccc(-c2nonc2NC(=O)c2cccc(Cl)c2)cc1OC,2,0.0,0.0,0.0
CC(=O)Nc1nnc(SCc2c(C)cc(C(C)(C)C)cc2C)s1,2,0.0,0.0,0.0
COc1cc(-c2nc(-c3ccccc3)c(-c3ccccc3)[nH]2)cc(OC)c1O,2,0.0,0.0,0.0
Cl.Oc1ccccc1CNCC12CC3CC(CC(C3)C1)C2,2,0.0,0.0,0.0
COc1ccc(Br)cc1C1Nc2ccc3ccccc3c2C2=C1C(=O)CC(c1ccccc1)C2,2,0.0,0.0,0.0
Cc1ccc(-c2nc3ccccc3o2)cc1NCc1cc(Cc2ccccc2)ccc1O,2,0.0,0.0,0.0
CCC(=O)Nc1nnc(Cc2ccc(OC)c(OC)c2)s1,2,0.0,0.0,0.0
COc1cc(SC)ccc1C(=O)N1CCCC(C)C1,2,0.0,0.0,0.0
CN(C)c1ccc(N=Cc2ccc(N3CCOCC3)cc2)cc1,2,0.0,0.0,0.0
CCOc1ccc(C2N(C)c3ccccc3N2C)cc1,2,0.0,0.0,0.0
Nc1nc(Nc2cccc(F)c2)nc2ccccc12,2,0.0,0.0,0.0
COc1ccc(C=C2SC(Nc3ccc(F)cc3)=NC2=O)c(OC)c1,2,0.0,0.0,0.0
COc1cc2c(cc1OC)C1=NNC(=O)C1=NC(C)(C)C2,2,0.0,0.0,0.0
COc1ccccc1NC1=C(N2CCCCC2)C(=O)c2ccccc2C1=O,2,0.0,0.0,0.0
CCOc1ccc(-n2cc(-c3ccccc3)c3c(SCc4cc(C)ccc4C)ncnc32)cc1,2,0.0,0.0,0.0
CCCCCC(=O)N1c2ccccc2N=C2CC(c3ccc(OC)c(OC)c3)CC(O)=C2C1c1ccc(C(F)(F)F)cc1,2,0.0,0.0,0.0
Cc1ccc(C(=O)c2oc3ccc4c(C)cc(=O)oc4c3c2C)cc1,2,0.0,0.0,0.0
COc1cc(CNCCc2ccc(Cl)cc2)cc(OC)c1O,2,0.0,0.0,0.0
CC(C)(C)c1ccc(C(=O)Nc2nc3ccccc3s2)cc1,2,0.0,0.0,0.0
COc1ccc2nc(C)cc(Nc3ccccc3O)c2c1,2,0.0,0.0,0.0
CCN(CC)CCNc1ncnc2c1[nH]c1ccc(Br)cc12,2,0.0,0.0,0.0
CCn1nc(-c2ccc(C(=O)OC)cc2)nc2c(=O)n(C)c(=O)nc1-2,2,0.0,0.0,0.0
COc1ccc(-c2nc(N3CCN(C(=O)C4CCCCC4)CC3)c3c4c(sc3n2)CCCC4)cc1,2,0.0,0.0,0.0
CCOc1ccccc1CN1CCc2nc3cc(C(C)(C)C)nn3c(O)c2C1,2,0.0,0.0,0.0
CCOc1c(Cl)cc(CNCC(O)c2ccccc2)cc1OC,2,0.0,0.0,0.0
CCOc1cc(CNC(C)C(O)c2ccccc2)cc(Cl)c1OCC,2,0.0,0.0,0.0
O=C(NC1CCN(Cc2ccccc2)CC1)c1cc2nc(-c3ccc(Cl)s3)cc(C(F)(F)F)n2n1,2,0.0,0.0,0.0
Cc1sc(NC(=O)c2ccccc2)c(C(c2cccs2)N2CCN(c3ccccc3)CC2)c1C,2,0.0,0.0,0.0
Cc1sc(NC(=O)c2ccco2)c(C(c2cccnc2)N2CCC(Cc3ccccc3)CC2)c1C,2,0.0,0.0,0.0
CCOC(=O)c1c(C)n(-c2ccccc2)c2ccc(OC(=O)c3cc(OC)c(OC)c(OC)c3)cc12,2,0.0,0.0,0.0
COc1cc(C(=O)Nc2nc3c(cc4c5c(cccc53)CC4)s2)cc(OC)c1OC,2,0.0,0.0,0.0
Cc1cc(N2CCCC2)nc(Nc2ccc(NC(=O)CCc3ccccc3)cc2)n1,2,0.0,0.0,0.0
O=C(NCC(c1ccsc1)N1CCCCCC1)c1ccc(C(F)(F)F)cc1,2,0.0,0.0,0.0
CCN1CCCC1CNc1[nH]cnc2c3cc(Cl)ccc3nc1-2,2,0.0,0.0,0.0
COc1ccc(-c2cc3c(SCC(=O)Nc4cc(C(F)(F)F)ccc4Cl)nccn3n2)cc1,2,0.0,0.0,0.0
Cc1ccc(-c2cc3c(SCC(=O)Nc4cc(C(F)(F)F)ccc4Cl)nccn3n2)cc1,2,0.0,0.0,0.0
Cc1cc(NC(=O)c2cccc(C(F)(F)F)c2)n(-c2nc(-c3ccc4c(c3)OCO4)cs2)n1,2,0.0,0.0,0.0
C[n+]1c2ccccc2nc2ccc(NCCO)cc21,2,0.0,0.0,0.0
CCN(CC)CCNc1ncnc2c1[nH]c1ccc(Cl)cc12,2,0.0,0.0,0.0
CN1CCN(c2ncnc3c2[nH]c2ccc(Cl)cc23)CC1,2,0.0,0.0,0.0
COc1cccc(Cn2c(Oc3ccccc3)nc3c2c(=O)n(C)c(=O)n3C)c1,2,0.0,0.0,0.0
CC1(c2ccccc2)Nc2ccccc2-c2nc3ccccc3n21,2,0.0,0.0,0.0
COc1ccc(CCN2C(=O)c3[nH]nc(-c4cc(Cl)c(C)cc4O)c3C2c2ccccc2F)cc1,2,0.0,0.0,0.0
COc1cccc(C2(C)Nc3ccccc3-c3nc4ccccc4n32)c1,2,0.0,0.0,0.0
N=c1n(CCN2CCCCC2)c2ccccc2n1CC(=O)c1ccc(Cl)c(Cl)c1,2,0.0,0.0,0.0
N#Cc1nc(Cc2cccc3ccccc23)oc1N1CCN(C(c2ccccc2)c2ccccc2)CC1,2,0.0,0.0,0.0
OC(CNCC1CCCO1)Cn1c2ccc(Cl)cc2c2cc(Cl)ccc21,2,0.0,0.0,0.0
CC(C)CNC(=O)c1c(N)n(CCc2ccccc2F)c2nc3ccccc3nc12,2,0.0,0.0,0.0
COc1ccc2c(c1)C1(Nc3ccccc3-c3nc4ccccc4n31)C(=O)N2,2,0.0,0.0,0.0
O=C(NNc1cc(N2CCCC2)nc(N2CCCC2)n1)c1ccccc1,2,0.0,0.0,0.0
CC(C)(C)CC(C)(C)NCC(O)COc1ccc(Cl)cc1Cl,2,0.0,0.0,0.0
COc1ccc(-c2c(C)nn3c(N)c(C#N)cnc23)cc1OC,2,0.0,0.0,0.0
Cc1cccc(-n2ncc3c(O)nc(-n4nc(C)cc4NC(=O)c4cc5ccccc5o4)nc32)c1,2,0.0,0.0,0.0
CCOC(=O)c1c[nH]c2c(CC)cccc2c1=O,2,0.0,0.0,0.0
Nc1ccn([C@@H]2O[C@H](CO)[C@@H](O)[C@H]2O)c(=O)n1,2,0.0,0.0,0.0
OC1=C2C(=Nc3ccccc3SC2c2ccccc2)c2ccccc21,2,0.0,0.0,0.0
C=CC12CCN(CC1)C(C(O)c1ccnc3ccc(OC)cc13)C2.Cl,2,0.0,0.0,0.0
CCN(CC)CCCNc1ccnc2cc3ccccc3cc12,2,0.0,0.0,0.0
CC(C)(C)c1ccc(O)c(CNC2CCCCC2)c1,2,0.0,0.0,0.0
O=c1cc(NC2CCN(CCCc3ccccc3)CC2)c2cc(Cl)ccc2o1,2,0.0,0.0,0.0
CC(NCc1ccccc1)c1cc(Cl)ccc1O,2,0.0,0.0,0.0
FC(F)(F)c1cccc(Nc2nc3ccccc3nc2Nc2cccc(C(F)(F)F)c2)c1,2,0.0,0.0,0.0
CCOc1cc(Br)c(C(C)NC(=O)c2cccc(OC)c2)cc1OCC,2,0.0,0.0,0.0
CCCCOC(=O)c1ccc(Nc2cc(C)nc3ccc(OC)cc23)cc1,2,0.0,0.0,0.0
FC(F)(F)c1cccc(Nc2nc(-c3ccccc3)nc3ncccc23)c1,2,0.0,0.0,0.0
COc1ccc(C(=O)Nc2ccc(Cl)cc2C(=O)Nc2ccncc2)cc1,2,0.0,0.0,0.0
CCOc1cc(Cl)c(C(C)NC(=O)c2ccccc2)cc1OCC,2,0.0,0.0,0.0
CCOc1cc(Cl)c(C(C)NC(=O)c2cccc(OC)c2)cc1OCC,2,0.0,0.0,0.0
CCOc1ccc(-c2nonc2NC(=O)c2cccc(C)c2)cc1OCC,2,0.0,0.0,0.0
Cc1c(C)n(CC(O)CNC2CCCCC2C)c2ccccc12,2,0.0,0.0,0.0
O=C(Nc1cccc(C(F)(F)F)c1)c1cc(Cl)ccc1O,2,0.0,0.0,0.0
Oc1ccc(Br)cc1CN1CCN(Cc2ccc(Cl)cc2)CC1,2,0.0,0.0,0.0
O=C(Nc1cccc(C2=NCCN2)c1)Nc1cccc(C2=NCCN2)c1,2,0.0,0.0,0.0
CCc1ccc(CNCC(O)c2ccccc2)cc1.Cl,2,0.0,0.0,0.0
CCOC(=O)c1cnc2ccc(OC)cc2c1NCc1ccccc1,2,0.0,0.0,0.0
Oc1c(C(Nc2ccccn2)c2cccc(Oc3ccccc3)c2)ccc2cccnc12,2,0.0,0.0,0.0
CC(C)(C)CC(C)(C)NCC(O)COc1ccc2c(c1)CCC2.Cl,2,0.0,0.0,0.0
COc1ccc2c(=O)cc(C(Cl)(Cl)Cl)oc2c1,2,0.0,0.0,0.0
Cn1c(C(=O)c2cccc3ccccc23)nc2ccccc21,2,0.0,0.0,0.0
COc1cccc(NC(=O)Cn2c(C)c(C#N)c3ccccc32)c1,2,0.0,0.0,0.0
CCOC(=O)c1cn(CC)c2cc(N3CCCCC3)c(F)cc2c1=O,2,0.0,0.0,0.0
CC1CC2=C(CC1CNCCCN(C)C)C(C)(C)CCC2,2,0.0,0.0,0.0
CCOC(=O)c1c(NC(=O)c2ccccc2)sc2c(O)c(CN(CC)CC)ccc12,2,0.0,0.0,0.0
COc1ccc(/C=C2/SC(=Nc3ccccc3)NC2=O)cc1,2,0.0,0.0,0.0
O=C(Nc1ccc(-c2nc3ccccc3[nH]2)cc1)c1ccc(Cl)c(Cl)c1,2,0.0,0.0,0.0
CCCc1cc(O)c2c3c(c(=O)oc2c1)CN(C)CC3,2,0.0,0.0,0.0
O=c1c2c([nH]c3ccccc13)CCCC2,2,0.0,0.0,0.0
Oc1ccc(Cl)cc1CNc1nc2ccccc2[nH]1,2,0.0,0.0,0.0
O=C(Nc1ccc(Cl)c(Cl)c1)Nc1ccc(Cl)c(Cl)c1,2,0.0,0.0,0.0
CCOc1c(Cl)cc(CNC(C)C(O)c2ccccc2)cc1OC,2,0.0,0.0,0.0
CCCCNc1nc(NC(C)(C)C)nc(NC(C)(C)C)n1,2,0.0,0.0,0.0
Cc1cc(Nc2ccc(C)c(Cl)c2)n2nc(C(F)(F)F)nc2n1,2,0.0,0.0,0.0
Cl.Cn1c(=O)n(C)c2cc(CNCCNc3ccnc4cc(Cl)ccc34)ccc21,2,0.0,0.0,0.0
CCC(c1ccccc1)c1nn2c(-c3cccs3)nnc2s1,2,0.0,0.0,0.0
COc1cccc(NC(=O)[C@H](C(C)C)n2c(=O)[nH]c3ccccc3c2=O)c1,2,0.0,0.0,0.0
CC(C)(C)C(=O)Nc1ccc(C(=O)Nc2cccc(-c3nc4ccccc4[nH]3)c2)cc1,2,0.0,0.0,0.0
COc1ccc(CNC(=O)c2cc3c(=O)n4ccccc4nc3n(CCc3ccccc3)c2=N)cc1,2,0.0,0.0,0.0
OC(CNC1CCCCC1)Cn1c2ccc(I)cc2c2cc(I)ccc21,2,0.0,0.0,0.0
O=C(Nc1cccc(-c2nc3ccccc3[nH]2)c1)c1cccc(NC(=O)c2ccco2)c1,2,0.0,0.0,0.0
CC(Oc1ccc(NC(=O)c2cccs2)cc1)C(=O)c1ccc(Cl)cc1,2,0.0,0.0,0.0
O=C(Nc1ccccc1O)c1ccc(Oc2cccc(C(=O)Nc3ccccc3O)c2)cc1,2,0.0,0.0,0.0
COc1ccc(-c2nonc2NC(=O)c2cccc(C)c2)cc1OC,2,0.0,0.0,0.0
c1ccc(-c2ccc(-c3nc4ccccc4[nH]3)cc2)cc1,2,0.0,0.0,0.0
CC(=O)c1sc(NC(=O)Nc2ccc(C)cc2C)nc1C,2,0.0,0.0,0.0
COc1ccc2nc(N)nc(C)c2c1,2,0.0,0.0,0.0
COc1cc(C(=O)Nc2ccc(-c3nc4ccccc4[nH]3)cc2)cc(OC)c1OC,2,0.0,0.0,0.0
O=C(c1ccccc1F)N(Cc1ccc(Cl)cc1)c1ccccn1,2,0.0,0.0,0.0
O=C(Nc1ccc(CN2CCOCC2)cc1)c1ccc(-c2ccc(Br)cc2)o1,2,0.0,0.0,0.0
Cl.N=c1n(CCN2CCCCC2)c2ccccc2n1CC(O)c1cccc(Br)c1,2,0.0,0.0,0.0
COCCn1c(C)nc2ccccc2c1=O,2,0.0,0.0,0.0
Cc1ccc(-c2cc(C(=O)Nc3ccc(S(=O)(=O)N4CCCCC4)cc3)[nH]n2)c(O)c1,2,0.0,0.0,0.0
COc1ccc(N2CCN(C(CNC(=O)CC(C)(C)C)c3ccc4c(c3)OCO4)CC2)cc1,2,0.0,0.0,0.0
O=C(Nc1nc(-c2ccccn2)cs1)c1ccccc1Br,2,0.0,0.0,0.0
CCOc1ccc(-c2nc(NC(=O)c3cccc(S(C)(=O)=O)c3)sc2C)cc1,2,0.0,0.0,0.0
COc1ccccc1N1CCN(C(CNS(=O)(=O)c2ccc(Cl)cc2)c2cccnc2)CC1,2,0.0,0.0,0.0
COc1ccc(-c2nc(NC(=O)CS(=O)(=O)c3ccc(F)cc3)sc2C)cc1,2,0.0,0.0,0.0
COc1ccccc1CNC(=O)CCn1c(=O)[nH]c2ccccc2c1=O,2,0.0,0.0,0.0
O=C(Nc1ccc(Cl)cc1)N1CCN(c2ccc3nncn3n2)CC1,2,0.0,0.0,0.0
O=C(CSc1ccc2nnc(-c3cccc(F)c3)n2n1)Nc1ccc2c(c1)OCO2,2,0.0,0.0,0.0
N=c1c2ccccc2nnn1-c1cccc(C(F)(F)F)c1,2,0.0,0.0,0.0
COc1ccc(C(=O)C2CC2c2ccc(Cl)cc2)cc1,2,0.0,0.0,0.0
O=C(CCl)NCCOc1ccc(Cl)cc1Cl,2,0.0,0.0,0.0
CCC(C)NCC(O)(c1ccc(Cl)cc1)c1ccc(Cl)cc1,2,0.0,0.0,0.0
CCCCNCC(O)(c1ccc(Cl)cc1)c1ccc(Cl)cc1,2,0.0,0.0,0.0
O=C1c2ccccc2-c2nnc(-c3ccc(Br)cc3)cc21,2,0.0,0.0,0.0
FC(F)(F)c1ccc(Nc2nnnc3ccccc23)cc1,2,0.0,0.0,0.0
Cc1ccc(S(=O)(=O)c2c(COC(=O)c3cccc(C)c3)c(-c3ccccc3)nn2C)cc1,2,0.0,0.0,0.0
O=C(Nc1ccsc1C(=O)NC1CCCCC1)c1ccc(F)cc1,2,0.0,0.0,0.0
CCOc1ccc(/C=C/c2nc(=O)c3ccccc3o2)cc1,2,0.0,0.0,0.0
CN(C)c1ccc(C(O)(c2ccc(N(C)C)cc2)c2ccc(N(C)C)cc2)cc1,2,0.0,0.0,0.0
Nc1ccc(-c2nc3cc(Cc4ccc5[nH]c(-c6ccc(N)cc6)nc5c4)ccc3[nH]2)cc1,2,0.0,0.0,0.0
COc1ccc(CN2CCN(Cc3ccccc3)CC2)c(O)c1,2,0.0,0.0,0.0
CC(C)=CCN1CCC(C(=O)Nc2ccc(-c3nc4ccccc4[nH]3)cc2)CC1,2,0.0,0.0,0.0
O=C(Nc1ccccc1O)c1ccc(-c2ccc(Cl)cc2Cl)o1,2,0.0,0.0,0.0
Oc1ccc(C(=C(Cl)Cl)c2ccc(O)cc2)cc1,2,0.0,0.0,0.0
O=C(Nc1ccc(F)c(Cl)c1)Nc1ccc(Cl)c(Cl)c1,2,0.0,0.0,0.0
O=C(NCC1Cc2cccc(-c3ccncc3)c2O1)c1csc2c1CCCC2,2,0.0,0.0,0.0
CCN(CC)CCCNc1nc(-c2ccc(Cl)cc2)nc2ccccc12,2,0.0,0.0,0.0
COc1cccc(C(=O)NC(c2ccc(C)cc2)c2cc(Cl)c3cccnc3c2O)c1,2,0.0,0.0,0.0
CCOC(=O)C1=C(C)N=c2sc(=Cc3cc(Cl)ccc3O)c(=O)n2C1c1ccc(OC)cc1,2,0.0,0.0,0.0
O=C(Cc1ccccc1)NC(c1ccc(Cl)cc1)c1c(O)ccc2ccccc12,2,0.0,0.0,0.0
CCOC(=O)c1cn(CC)c2cc(N(C)CCc3ccc(OC)c(OC)c3)c(F)cc2c1=O,2,0.0,0.0,0.0
FC(F)(F)c1cccc(CNC2CCN(CCc3ccccc3)CC2)c1,2,0.0,0.0,0.0
OC1CCCCC1C1(NC(=S)Nc2ccccc2)CCCCC1,2,0.0,0.0,0.0
CCCCCCc1cc(O)c2c3c(c(=O)oc2c1)CCC(C)C3,2,0.0,0.0,0.0
Cc1nc2ccccc2c(O)c1CC=C(Cl)Cl,2,0.0,0.0,0.0
CN1c2ccccc2N(C)C1c1ccc2c(c1)OCO2,2,0.0,0.0,0.0
Cc1ccc(OCCCCCCNCCO)c(C)c1,2,0.0,0.0,0.0
Cc1ccc(-c2cc3c(nn2)-c2ccccc2C3=O)cc1,2,0.0,0.0,0.0
COc1ccc(C(=O)NC(c2ccccc2Cl)c2cc(Cl)c3cccnc3c2O)cc1,2,0.0,0.0,0.0
c1ccc(Cn2c(N=Nc3c(Nc4ccccc4)ccc4ccccc34)nc3ccccc32)cc1,2,0.0,0.0,0.0
OC(Cn1nnc2ccccc21)Cn1c2ccc(Br)cc2c2cc(Br)ccc21,2,0.0,0.0,0.0
COc1ccc(-c2cc3c(nn2)-c2ccccc2C3=O)cc1,2,0.0,0.0,0.0
COc1ccc(C(=O)NC(c2ccc(Cl)cc2Cl)c2cc(Cl)c3cccnc3c2O)cc1,2,0.0,0.0,0.0
O=C(Nc1ccc(Cl)cc1C(=O)Nc1ccncc1)c1ccc(Cl)cc1Cl,2,0.0,0.0,0.0
COc1ccc(CN2CCCC(C(=O)c3ccc(C(F)(F)F)cc3)C2)c(O)c1,2,0.0,0.0,0.0
COc1cccc(O)c1CN1CCC2(CCCN(Cc3ccc(F)cc3)C2)C1,2,0.0,0.0,0.0
Cc1ccc(N2C(=O)C3C(C2=O)C2(c4ccccc4)C(=O)C3(c3ccccc3)C(c3ccccc3)=C2c2ccccc2)cc1,2,0.0,0.0,0.0
COc1ccc(CNC2CCN(c3ccc(NC(=O)c4cccc(Cl)c4)cc3)CC2)cc1OC,2,0.0,0.0,0.0
COc1ccc(CCN2CCC(CN(C)Cc3cnn(-c4ccccc4)c3)CC2)cc1,2,0.0,0.0,0.0
O=C(NC1CCCC1)c1ccc(N2CCC(NCc3cccc(C(F)(F)F)c3)CC2)cc1,2,0.0,0.0,0.0
Cc1ccc(CN2CCC(C(=O)Nc3ccc(-c4cc5ccccc5[nH]4)cc3)CC2)o1,2,0.0,0.0,0.0
COCCNC(=O)c1ccc(OC2CCN(Cc3ccc(F)c(F)c3)CC2)c(Cl)c1,2,0.0,0.0,0.0
COc1ccc(C2N(C)c3ccccc3N2C)cc1,2,0.0,0.0,0.0
Cc1ccc2cc3c(N)c4c(C)ccc(C)c4nc3nc2c1,2,0.0,0.0,0.0
O=C(NC(c1ccccc1)c1ccc2cccnc2c1O)c1ccccc1,2,0.0,0.0,0.0
CCCc1c(C)nc2ccccc2c1O,2,0.0,0.0,0.0
CCCC(c1nnnn1C1CCCCC1)N1CCN(C(=O)c2ccco2)CC1.Cl,2,0.0,0.0,0.0
CCCc1c(C)nc2ccc(Br)cc2c1O,2,0.0,0.0,0.0
COc1ccc(C2=C(c3ccc(OC)cc3)C3(c4ccccc4)C(=O)C2(c2ccccc2)C2C(=O)N(c4ccc(C)cc4)C(=O)C23)cc1,2,0.0,0.0,0.0
CN(C)c1ccc(-c2nc3cc(N)ccc3[nH]2)cc1,2,0.0,0.0,0.0
CCn1c(SCC(=O)Nc2cc(C(F)(F)F)ccc2Cl)nc2ccccc2c1=O,2,0.0,0.0,0.0
COCCN(C(=O)Cc1cccs1)C(C(=O)NCc1ccc(OC)cc1)c1ccc(C(C)C)cc1,2,0.0,0.0,0.0
O=C(NC1CCCCC1)C(c1cccs1)N(CCc1ccccc1)C(=O)c1ccco1,2,0.0,0.0,0.0
O=C(CCc1ccco1)NC1CCN(CC2(c3ccc(Cl)cc3)CCC2)CC1,2,0.0,0.0,0.0
CCOC(=O)C1(Cc2ccccc2)CCN(Cc2cccc(OC)c2O)CC1,2,0.0,0.0,0.0
C=C(C)CCC(C)N1CCC(N2CCC(C(=O)NCCc3ccccc3)CC2)CC1,2,0.0,0.0,0.0
Oc1ccccc1CN1CCC2(CCCN(Cc3ccccc3F)C2)C1,2,0.0,0.0,0.0
CC(C)(C)c1ccc(C(=O)Nc2c3c(nn2-c2cccc(Cl)c2)CSC3)cc1,2,0.0,0.0,0.0
CC(=O)c1ccc(NC(=O)CSc2nc(-c3ccccc3Cl)ns2)cc1,2,0.0,0.0,0.0
CC1=C(CC(=O)c2cccc([N+](=O)[O-])c2)C(=O)c2ccccc2C1=O,2,0.0,0.0,0.0
CSC1=NC(=Nc2c(C)cccc2C)C2(CCC(C(C)(C)C)CC2)N1c1ccc(Cl)cc1,2,0.0,0.0,0.0
CCCCCCc1cc2cc(-c3nc4ccccc4[nH]3)c(=Nc3ccccc3C)oc2cc1O,2,0.0,0.0,0.0
O=c1nc(C=Cc2ccc(Br)cc2)oc2ccccc12,2,0.0,0.0,0.0
CCOC(=O)c1c(C)n(-c2ccc(Cl)cc2)c2ccc(OC(=O)C=Cc3ccccc3)cc12,2,0.0,0.0,0.0
CCOC(=O)C1=C(c2ccccc2)N=c2sc(=Cc3cc(C)n(-c4ccc(F)cc4)c3C)c(=O)n2C1c1cccc(OC)c1OC,2,0.0,0.0,0.0
CCOC(=O)C1=C(C)N=c2sc(=Cc3ccccc3O)c(=O)n2C1c1ccc(OC)c2ccccc12,2,0.0,0.0,0.0
O=[N+]([O-])c1ccc(C=NNc2nc3ccccc3[nH]2)cc1,2,0.0,0.0,0.0
COc1ccccc1C(=O)ON=C(N)Cc1cccc2ccccc12,2,0.0,0.0,0.0
COc1cc(C(=O)ON=C(N)Cc2cccc3ccccc23)cc(OC)c1OC,2,0.0,0.0,0.0
Cc1cc(C=C2SC(=Nc3ccccc3)N(C3CCCC3)C2=O)c(C)n1-c1ccc(Cl)cc1,2,0.0,0.0,0.0
COc1ccc(Nc2nc(N/N=C/c3ccc(O)cc3)nc(Nc3ccc([N+](=O)[O-])cc3)n2)cc1,2,0.0,0.0,0.0
COc1ccc(C=C2SC(=N)N(c3ccccc3OC)C2=O)cc1,2,0.0,0.0,0.0
CCCCCCc1cc2cc(-c3csc(C=Cc4ccccc4)n3)c(=O)oc2cc1O,2,0.0,0.0,0.0
COc1cccc(C=Cc2nc(=O)c3ccccc3o2)c1OC,2,0.0,0.0,0.0
CCOc1ccc(N2C(N)=NC(N)=NC2(C)C)cc1.Cl,2,0.0,0.0,0.0
CN(C)c1ccc(N2C(N)=NC(N)=NC2(C)C)cc1,2,0.0,0.0,0.0
COc1ccc(CCn2c(=N)c(C(=O)NCc3cccnc3)cc3c(=O)n4cccc(C)c4nc32)cc1,2,0.0,0.0,0.0
COC(=O)c1ccc(Cl)c2c1C1C=CCC1C(c1cccc3ccccc13)N2,2,0.0,0.0,0.0
COc1ccc(C2c3ccc4ccccc4c3Oc3ncn(CCCn4ccnc4)c(=N)c32)cc1OC,2,0.0,0.0,0.0
COc1ccc(C2c3ccc4ccccc4c3Oc3ncn(CCCN(C)C)c(=N)c32)cc1,2,0.0,0.0,0.0
CN(N=O)C1=C(NC2CCCCC2)C(=O)c2ccccc2C1=O,2,0.0,0.0,0.0
COc1cc(Nc2nc3n(n2)C(C2CC2)CCN3CC(C)(C)O)ccc1-n1cnc(C)c1,2,0.0,0.0,0.0
COc1cc(Nc2nc3n(n2)C(C)CC(=O)N3Cc2ccccc2)ccc1-n1cnc(C)c1,2,0.0,0.0,0.0
O=C(O)C[C@H]1CCc2c1[nH]c1ccc(OCc3ccc(C4CCCC4)c(C(F)(F)F)c3)cc21,2,0.0,0.0,0.0
CCc1[nH]c2cc(F)ccc2c1C1CCN(CCCSc2ccc(F)cc2)CC1,2,0.0,0.0,0.0
COc1nc(-c2nc(Nc3cc(C(F)(F)F)ccc3F)n(C)n2)ccc1-n1cnc(C)c1,2,0.0,0.0,0.0
Cn1cc([C@@]2(c3cncc(C(=O)O)c3)N[C@@H](c3nc(-c4ccc(F)cc4)c[nH]3)Cc3c2[nH]c2ccccc32)cn1,3,0.0,0.0,0.0
Cn1cc([C@@]2(c3cc(C(=O)O)ccn3)N[C@@H](c3nc(-c4ccc(F)cc4)c[nH]3)Cc3c2[nH]c2ccccc32)cn1,2,0.0,0.0,0.0
Cn1cc([C@@]2(c3cccc(C(=O)O)n3)N[C@@H](c3nc(-c4ccc(F)cc4)c[nH]3)Cc3c2[nH]c2ccccc32)cn1,2,0.0,0.0,0.0
CCOC(=O)N1CCN(C(=O)[C@H](CCC(=O)O)NC(=O)c2cc([C@H]3C[C@@H]3COC)nc(-c3ccccc3)n2)CC1,2,0.0,0.0,0.0
CCCCOC(=O)N1CCN(C(=O)[C@H](CCC(=O)O)NC(=O)c2cc([C@H]3C[C@@H]3COC)nc(-c3ccccc3)n2)CC1,2,0.0,0.0,0.0
COc1ccc2c(c1)NC1(CCN(C(=O)c3ccc(OC)c(N(C)C)c3)CC1)c1cccn1-2,2,0.0,0.0,0.0
COc1ccc(S(=O)(=O)Nc2c(C)cc(C)cc2C)cc1,2,0.0,0.0,0.0
