is_drug_like,mol weight,logp,hydrogen donors,hydrogen acceptors
Yes,455.6020000000001,4.070040000000002,2,3
No,498.96700000000027,5.018400000000004,2,5
No,591.6150000000004,7.6976000000000075,1,5
Yes,448.61100000000016,2.770500000000003,3,4
Yes,304.393,4.315200000000003,1,3
No,528.7180000000003,6.640700000000008,2,6
No,537.7290000000002,6.806780000000008,1,6
Yes,368.48100000000017,2.3721699999999997,4,3
Yes,444.91900000000027,3.632100000000001,3,4
No,512.7190000000004,6.935100000000007,1,5
Yes,362.433,2.5619700000000005,4,3
Yes,496.4380000000001,4.760000000000004,2,3
No,526.7460000000001,7.243520000000009,1,5
No,542.745,6.943700000000009,1,6
No,541.7610000000001,6.393800000000009,2,6
Yes,427.5480000000001,3.4532000000000025,2,3
Yes,468.6050000000002,4.924640000000003,3,4
Yes,416.5260000000001,-0.24492999999999643,5,5
No,526.7460000000002,7.238100000000008,0,5
Yes,376.46000000000004,2.2396699999999994,4,3
Yes,429.52100000000024,0.8108700000000015,5,5
No,438.5730000000003,0.3700700000000037,6,5
No,679.7230000000004,-0.9878599999999909,9,8
No,480.6450000000004,5.574000000000006,0,5
No,723.7320000000003,-1.289659999999991,10,9
No,737.7590000000002,-1.2012599999999916,9,10
Yes,384.24500000000006,0.36059999999999964,4,6
No,521.6430000000004,2.142170000000001,4,5
Yes,369.446,3.373300000000002,2,5
No,625.771,1.131500000000004,4,8
No,500.9900000000001,3.776270000000002,4,5
No,511.97000000000025,2.26487,6,7
No,681.8559999999998,3.8695600000000026,3,9
Yes,445.5260000000001,1.3653700000000002,4,7
No,515.0170000000002,3.8187700000000024,4,5
Yes,458.56200000000024,3.246570000000001,4,5
No,460.3440000000002,-1.7247999999999948,6,6
Yes,444.5350000000002,3.9850400000000015,4,4
Yes,480.9970000000001,-0.06092999999999743,5,5
Yes,411.91100000000006,2.8485200000000006,2,5
No,630.192,3.0109000000000012,0,8
No,461.54400000000015,-0.4279299999999959,6,6
No,438.9110000000001,6.506820000000003,2,3
No,731.7730000000005,3.546570000000001,6,8
No,688.8110000000003,2.6292700000000035,3,9
No,539.5550000000004,3.6132000000000017,2,7
Yes,491.42300000000023,2.1477000000000013,3,6
No,673.8400000000003,2.729670000000003,3,8
No,582.7710000000004,2.7295000000000016,3,7
No,693.8740000000001,3.8742700000000054,3,7
No,712.7040000000001,4.0278700000000045,3,7
Yes,493.46100000000035,3.0586200000000012,2,6
Yes,432.9290000000002,4.3263200000000035,0,6
No,657.8410000000003,3.0294900000000036,3,7
No,518.4710000000002,2.8162800000000026,2,7
No,629.7870000000001,2.3309700000000024,3,7
No,678.2590000000001,3.374470000000004,3,7
No,712.7040000000002,4.027870000000004,3,7
No,678.2590000000001,3.374470000000004,3,7
No,659.8130000000002,2.4266700000000023,4,8
No,629.8059999999999,2.004070000000004,3,5
No,535.6490000000002,0.1346700000000075,5,5
Yes,491.03800000000024,3.0843000000000016,0,6
No,615.7600000000001,2.288470000000003,3,7
No,678.2590000000001,3.374470000000004,3,7
No,593.2190000000003,3.3791000000000007,3,7
Yes,374.4890000000001,-0.28279999999999617,4,4
No,693.8740000000001,3.8742700000000054,3,7
No,571.7220000000003,4.3472000000000035,3,5
Yes,349.2400000000001,-0.29659999999999687,4,5
No,665.82,3.4416700000000047,3,7
No,603.7490000000001,1.9887700000000035,4,7
No,643.8140000000002,2.7210700000000028,3,7
No,685.8950000000002,3.844470000000004,3,7
No,568.7440000000004,2.4819000000000013,3,7
No,719.9120000000001,4.310470000000007,3,7
No,581.7430000000003,1.8883700000000028,3,7
No,536.6330000000003,0.7339700000000065,5,5
No,510.68000000000046,1.9795000000000018,4,5
No,591.5400000000002,3.713700000000001,3,7
No,678.2590000000001,3.374470000000004,3,7
No,589.7410000000003,1.1276700000000073,4,5
No,534.0630000000001,1.9382000000000001,1,7
Yes,477.01100000000025,2.7421000000000006,1,6
No,567.7160000000005,1.498270000000002,3,7
No,599.5850000000002,4.467000000000005,2,7
No,643.8329999999999,2.3941700000000044,3,5
Yes,466.56400000000014,-1.110529999999994,5,6
No,558.7450000000001,4.778300000000005,2,6
No,573.5530000000003,3.9613700000000023,5,5
Yes,499.5750000000003,4.578860000000003,3,6
No,707.854,2.671370000000003,6,8
No,570.6760000000003,-0.6583999999999932,5,9
No,655.8470000000001,2.1260000000000012,5,8
Yes,372.47200000000004,3.864840000000002,4,3
No,575.5250000000003,3.8256700000000015,5,7
No,638.7760000000002,1.2032500000000017,6,9
No,714.874,2.403950000000001,6,9
No,690.8520000000002,1.9272700000000047,6,9
No,703.8909999999998,2.6310200000000012,5,8
No,724.309,3.1856700000000044,6,8
No,593.7140000000003,0.11730000000000551,5,8
Yes,372.47200000000004,3.864840000000002,4,3
Yes,372.47200000000004,3.864840000000002,4,3
No,656.7910000000002,0.1649700000000065,7,9
No,707.854,2.671370000000003,6,8
No,574.5410000000004,3.356370000000001,5,6
Yes,372.47200000000004,3.864840000000002,4,3
Yes,455.5400000000002,1.7006399999999988,3,6
No,629.7650000000002,0.28187000000000695,7,9
No,725.8439999999999,2.810470000000003,6,8
Yes,406.4900000000002,1.808339999999999,3,6
Yes,372.47200000000004,3.864840000000002,4,3
Yes,461.54700000000025,3.206120000000001,3,5
No,541.6340000000002,0.009270000000003442,5,8
No,757.861,3.5510700000000046,6,8
No,568.9800000000002,5.233500000000004,2,5
Yes,372.47200000000004,3.864840000000002,4,3
No,588.5680000000004,3.664790000000001,5,6
No,689.8640000000001,2.532270000000003,6,8
No,703.8909999999997,2.6310200000000012,5,8
No,530.5850000000004,1.0317700000000003,4,6
Yes,391.47100000000006,4.460290000000003,2,5
Yes,417.5090000000002,4.994490000000003,2,5
No,634.7890000000002,-0.6200599999999918,7,9
No,558.7450000000001,4.778300000000005,2,6
No,607.7150000000001,-0.32022999999999446,4,10
No,625.7770000000002,1.3593700000000033,4,8
No,480.5990000000002,-1.8624599999999947,8,8
No,625.7770000000002,1.3593700000000033,4,8
Yes,385.20500000000004,2.36667,3,3
Yes,452.5110000000002,3.62427,4,4
Yes,429.52400000000034,2.46237,2,4
No,607.7150000000001,-0.32022999999999446,4,10
No,542.7270000000001,3.4110000000000023,3,7
Yes,259.30899999999997,1.6039699999999997,3,3
No,501.58700000000044,3.0433700000000012,3,5
No,634.7890000000002,-0.6200599999999918,7,9
No,447.5430000000002,2.1004699999999996,6,6
Yes,327.38700000000006,4.491570000000003,4,2
Yes,460.7070000000005,3.715200000000002,3,4
Yes,344.21200000000005,3.8954900000000015,4,2
Yes,94.11699999999999,0.6638000000000001,1,2
Yes,341.414,4.799990000000003,4,2
No,637.6560000000002,4.158320000000004,4,6
No,511.49500000000046,1.213670000000001,6,5
No,537.6390000000004,-0.14452999999999516,5,8
Yes,448.61100000000016,2.770500000000003,3,4
Yes,252.27700000000002,2.21957,4,3
Yes,383.4730000000001,3.3976000000000015,1,5
Yes,251.28900000000002,2.8245700000000005,4,2
Yes,347.37800000000004,2.648440000000001,5,4
Yes,465.5760000000002,-0.3212299999999974,5,6
Yes,479.6030000000001,0.06887000000000226,5,6
No,537.6420000000002,3.3852400000000014,4,6
Yes,120.15499999999996,0.9706700000000004,2,1
Yes,403.8910000000001,4.026700000000003,2,5
No,515.4730000000002,3.156670000000001,4,8
No,552.0160000000002,3.0302000000000007,3,8
No,543.9930000000003,1.8018000000000012,5,8
No,579.0600000000002,1.682700000000001,4,9
No,508.6450000000003,0.9125700000000025,6,6
No,518.6830000000001,4.152800000000004,2,6
No,524.6590000000004,1.1251000000000029,4,8
No,539.6620000000003,0.9084700000000026,4,7
No,634.7779999999999,4.405800000000004,2,6
No,502.6160000000004,0.8507000000000029,4,6
No,586.6970000000003,1.3386700000000051,4,6
No,506.57900000000024,1.1198000000000032,4,6
No,536.6370000000003,0.18547000000000624,4,6
Yes,488.5890000000002,0.9807000000000035,4,6
Yes,457.60000000000014,1.5006000000000022,3,7
No,553.9920000000002,1.8201999999999998,3,10
No,533.6330000000003,0.8469700000000036,4,6
No,504.58800000000025,0.6863000000000026,5,7
Yes,463.6480000000003,2.228300000000001,3,7
No,1329.4220000000003,-0.75990000000001,15,17
No,555.7670000000004,2.2089000000000008,3,8
Yes,411.73900000000015,0.6577999999999993,4,5
No,748.8899999999998,3.0165400000000044,8,8
Yes,388.4720000000001,-0.5852999999999968,4,5
No,589.7220000000003,2.0616700000000017,4,7
Yes,493.63300000000027,3.9304400000000026,3,5
Yes,416.4850000000001,2.39902,3,5
Yes,494.6370000000004,1.188300000000002,4,6
Yes,482.5780000000003,0.258100000000005,5,7
Yes,426.4230000000002,4.238690000000002,2,5
Yes,415.4970000000001,3.0040200000000006,3,4
Yes,402.49900000000014,-0.32459999999999645,4,5
No,505.6160000000003,1.4753000000000014,4,8
No,526.5000000000002,3.1468700000000007,4,9
Yes,416.4850000000001,2.3990199999999993,3,5
No,691.834,3.7111700000000036,5,7
No,546.5730000000001,0.8686700000000004,4,10
No,521.6840000000003,1.9438000000000006,4,8
Yes,417.4730000000001,1.7940199999999993,3,6
No,731.811,-1.7442299999999868,9,9
Yes,416.4850000000001,2.3990199999999993,3,5
Yes,385.20500000000004,2.36667,3,3
No,561.0600000000003,2.5833200000000005,3,6
No,561.7120000000002,2.3206700000000016,5,7
Yes,371.17800000000005,2.688970000000001,3,3
No,561.7120000000002,2.3206700000000016,5,7
Yes,478.6180000000002,3.2719700000000023,3,4
Yes,412.3610000000002,3.508200000000002,2,3
No,540.7290000000003,6.748500000000008,0,6
No,576.7020000000003,-0.17572999999999217,6,7
Yes,479.0210000000004,2.3697,3,5
Yes,459.95500000000027,3.0684200000000006,2,4
No,526.6820000000001,0.780000000000006,4,7
No,526.7460000000003,7.108300000000008,0,5
Yes,443.5510000000001,2.4304000000000006,3,5
No,512.6400000000002,0.2356700000000045,5,8
Yes,386.5400000000002,1.4418000000000009,3,4
No,496.80500000000023,-1.3029999999999962,6,6
Yes,480.5910000000001,-0.7204299999999944,5,6
No,659.6329999999999,4.694000000000004,2,7
No,687.6430000000001,4.420500000000004,2,8
Yes,493.6330000000004,2.9190700000000014,4,5
No,733.759,7.293000000000008,2,6
No,708.5030000000002,5.442500000000005,2,6
No,753.7490000000004,7.099500000000007,2,6
Yes,434.5440000000002,2.5434400000000004,3,6
No,784.6270000000002,5.2176000000000045,4,8
Yes,465.6190000000003,3.589100000000002,2,4
No,735.731,6.283400000000007,2,7
Yes,407.4780000000002,1.203339999999999,3,7
Yes,442.47000000000014,2.35764,3,6
No,657.661,5.847700000000006,2,6
Yes,443.45800000000014,1.7526399999999995,3,7
No,657.661,5.703600000000005,2,6
Yes,478.61800000000034,3.4144700000000014,3,4
No,733.759,7.437100000000008,2,6
Yes,418.4980000000001,-0.8295999999999946,5,5
Yes,452.8240000000001,2.3461,2,6
Yes,432.4060000000002,2.0011199999999993,2,6
No,707.721,6.856800000000008,2,6
Yes,443.3890000000002,1.564379999999999,2,7
No,677.6510000000003,5.510100000000005,2,6
Yes,457.6400000000003,3.3884000000000016,2,4
No,699.7420000000001,7.018000000000008,2,6
Yes,490.9880000000004,1.5209000000000001,3,5
No,519.0420000000005,2.3010999999999995,3,5
Yes,474.5460000000002,3.03149,4,5
No,526.7030000000001,2.3420000000000014,3,5
No,545.5850000000002,1.4736700000000005,4,9
No,533.0690000000004,2.6911999999999994,3,5
Yes,217.28999999999996,0.6279000000000001,2,3
Yes,351.45400000000006,2.7567700000000013,4,3
Yes,468.82300000000015,1.5844999999999994,2,6
Yes,414.50600000000026,3.0044200000000005,2,5
Yes,485.27800000000013,2.0987999999999993,2,6
Yes,462.5310000000002,3.756020000000002,2,5
Yes,432.50500000000017,3.7474200000000017,2,4
Yes,467.83500000000015,2.1895,2,5
No,652.8370000000001,3.5070000000000014,3,8
Yes,127.191,0.36576999999999993,2,1
No,613.7560000000002,3.175700000000001,4,8
No,627.7830000000001,3.1837000000000018,4,8
No,568.7150000000001,3.584900000000003,3,6
Yes,474.5870000000004,0.820290000000002,4,5
No,666.864,3.6315000000000017,4,8
Yes,245.28199999999998,1.92627,3,3
No,565.7400000000001,3.217500000000001,4,7
Yes,396.53500000000025,2.4450200000000004,3,4
No,583.7300000000002,3.1671000000000005,4,7
No,610.8000000000001,3.7364000000000015,3,7
Yes,371.178,2.688970000000001,3,3
Yes,245.28199999999998,1.92627,3,3
Yes,441.51300000000015,1.392219999999999,3,6
Yes,383.4730000000001,3.681720000000002,2,5
No,522.7580000000003,7.742700000000009,0,4
Yes,453.59000000000026,1.2684200000000008,3,7
No,613.825,4.531170000000004,3,6
Yes,449.5360000000001,2.8229700000000006,5,5
Yes,469.56700000000035,1.7430199999999991,3,5
Yes,430.42000000000013,4.0268700000000015,5,5
Yes,447.5200000000001,2.9475700000000016,5,4
No,551.6410000000004,0.34020000000000467,8,8
No,597.1640000000003,0.9510700000000061,6,7
No,520.6780000000002,1.1209000000000067,4,7
No,548.6920000000003,0.2551700000000068,6,7
Yes,359.35400000000004,0.7601999999999995,3,7
Yes,447.45100000000014,3.0460700000000003,4,8
Yes,436.00400000000025,0.6084700000000027,5,5
No,547.7290000000003,2.794070000000003,5,7
Yes,383.358,3.5125400000000013,4,5
No,577.6790000000003,0.826500000000004,7,8
No,562.7190000000004,0.297670000000007,6,7
No,605.6930000000002,-0.24889999999999463,8,8
Yes,468.5350000000002,1.9174699999999993,4,6
No,592.7450000000003,0.09660000000000624,5,8
Yes,450.9710000000001,0.10337000000000396,5,5
Yes,355.34400000000005,4.536890000000002,2,4
Yes,398.4130000000001,4.602890000000002,2,5
Yes,422.9610000000002,0.3246000000000031,4,4
Yes,433.42400000000015,2.70387,5,8
No,593.7220000000002,1.3664000000000038,8,8
Yes,456.4490000000002,4.247290000000003,2,6
No,627.7390000000004,1.563000000000002,8,8
No,530.6510000000002,0.19167000000000356,5,6
No,548.7170000000002,1.8622700000000016,5,8
Yes,431.4080000000001,3.5397700000000016,4,7
Yes,433.5520000000002,2.5276000000000014,3,4
Yes,498.6570000000002,0.7090700000000034,5,8
Yes,347.37800000000004,3.2343400000000004,4,5
Yes,416.26800000000014,4.541140000000002,4,5
Yes,416.26800000000003,4.541140000000001,4,5
Yes,436.42400000000015,3.0558700000000005,4,7
Yes,391.38700000000006,2.9325400000000004,5,6
Yes,445.4350000000002,3.754570000000001,4,7
Yes,347.378,3.2343400000000004,4,5
Yes,397.3850000000001,3.8209600000000004,4,5
Yes,441.43800000000016,3.8208900000000003,3,6
No,558.6610000000002,0.6740700000000035,5,6
Yes,442.42200000000014,3.944290000000001,3,6
Yes,398.36900000000014,3.63579,3,5
Yes,459.5160000000002,4.955140000000004,4,4
No,587.6430000000005,5.219540000000004,3,6
Yes,391.5190000000002,3.936340000000002,4,4
No,651.6420000000003,5.586440000000004,5,6
Yes,448.48900000000015,4.293370000000002,4,5
Yes,463.5820000000003,4.113040000000003,4,6
No,592.5710000000005,3.5340700000000025,5,7
No,575.5880000000002,4.446640000000002,5,6
No,603.6420000000005,4.925140000000003,4,7
No,702.7050000000002,4.119870000000002,7,9
No,576.5720000000002,3.9959700000000025,4,6
Yes,475.51500000000016,4.660740000000003,5,5
Yes,229.63099999999997,-1.0823299999999998,5,6
No,668.6880000000004,3.015500000000002,6,9
No,512.5540000000002,3.623170000000001,4,6
No,559.5890000000002,4.7410400000000035,4,5
Yes,477.48700000000025,3.742270000000002,5,5
Yes,409.5090000000002,4.075440000000002,4,4
Yes,476.4990000000002,4.210070000000003,4,5
No,548.5620000000001,4.079270000000002,4,6
No,640.6340000000004,2.2353000000000014,6,9
No,654.6610000000004,2.6254000000000017,6,9
Yes,457.5300000000002,1.1401200000000005,2,8
Yes,493.6730000000005,4.0968000000000035,2,4
Yes,418.2950000000001,2.73207,5,3
Yes,429.52000000000015,3.7878700000000025,3,4
No,520.6080000000003,-0.15239999999999498,3,7
Yes,369.42500000000007,1.9781699999999998,5,4
No,627.8560000000004,2.9437000000000033,6,7
Yes,215.03500000000003,3.099800000000001,0,2
No,576.716,1.1063000000000032,2,8
No,533.6510000000002,-0.49099999999999455,3,7
No,609.7740000000002,2.6865000000000023,2,8
No,617.7500000000002,1.5399200000000015,3,9
No,559.7140000000002,1.5333000000000008,2,8
No,577.6600000000003,-1.0361999999999925,4,8
No,517.6290000000002,5.4813700000000045,3,4
Yes,339.39900000000006,1.9695699999999994,5,3
No,602.6740000000001,-0.8520999999999936,3,10
Yes,394.26200000000006,2.715370000000001,5,3
No,564.7300000000001,1.0427000000000022,2,8
Yes,471.60200000000026,0.125500000000004,4,6
Yes,458.56200000000024,3.246570000000001,4,5
No,558.6650000000001,-0.3996999999999953,2,9
Yes,462.98400000000015,2.871870000000002,2,5
No,538.6490000000002,2.1339000000000015,4,6
No,505.0210000000003,2.9298000000000006,1,6
Yes,456.97400000000016,2.1358699999999997,4,4
Yes,426.52000000000015,4.226110000000001,4,3
Yes,350.15700000000004,3.799400000000002,0,5
No,569.5840000000004,3.1045700000000007,4,5
Yes,465.53500000000025,2.29132,3,5
No,2095.223000000001,-58.90980000000009,0,63
No,550.7010000000002,0.920970000000005,4,7
Yes,315.71200000000005,3.1460000000000017,0,5
Yes,350.1570000000001,3.799400000000002,0,5
No,520.6560000000003,0.166370000000005,4,6
Yes,315.71200000000005,3.1460000000000017,0,5
Yes,214.25,-0.5594299999999999,4,4
No,2095.223000000001,-58.90980000000009,0,63
Yes,329.7390000000001,3.4544200000000025,0,5
Yes,314.72400000000005,3.751000000000002,0,4
No,592.6150000000005,3.590300000000002,3,7
No,475.7840000000002,7.366100000000002,2,3
No,548.6060000000002,3.861600000000002,3,5
No,553.6660000000005,4.998600000000004,3,4
No,482.15300000000053,5.199800000000004,2,3
No,548.6060000000002,3.861600000000002,3,5
Yes,494.07900000000024,4.738900000000004,2,3
No,548.6060000000002,3.861600000000002,3,5
Yes,462.5320000000002,-0.4173299999999977,5,6
No,547.6180000000003,4.466600000000003,3,4
No,619.8089999999999,5.138000000000004,2,8
No,547.6810000000003,2.327770000000003,4,5
No,556.7719999999999,7.116900000000009,0,6
No,472.65400000000034,5.970300000000007,2,5
No,488.6530000000003,5.806600000000007,2,6
No,529.7060000000001,5.969200000000007,2,6
No,543.7330000000001,6.338700000000008,1,7
No,568.8269999999999,8.06080000000001,0,5
No,572.7709999999998,6.304600000000009,2,7
No,501.6520000000003,5.366300000000004,3,6
No,526.7460000000001,7.107400000000009,1,5
No,540.773,7.4167200000000095,0,5
No,582.8539999999999,8.450900000000008,0,5
No,496.7200000000003,7.229500000000007,0,4
No,518.6790000000002,5.167500000000004,3,7
No,605.6420000000003,7.870800000000009,0,5
No,571.7429999999999,7.016500000000009,0,7
No,541.7610000000001,6.690500000000008,1,6
No,540.7730000000003,7.498400000000008,0,5
No,718.8599999999998,2.9739400000000042,6,8
No,510.7470000000003,7.272000000000007,0,4
Yes,289.338,3.376170000000002,3,2
No,605.6419999999998,7.870800000000009,0,5
No,554.8,7.67070000000001,0,5
No,542.745,6.813900000000008,1,6
No,540.7090000000003,1.8027000000000046,4,5
No,500.66800000000035,0.37030000000000474,4,5
Yes,446.5730000000004,1.7323199999999996,3,5
No,536.6570000000004,-0.1799999999999935,4,5
No,541.7170000000003,6.143500000000007,0,7
No,543.7330000000003,6.208900000000007,1,7
Yes,422.5740000000003,0.4025000000000023,4,5
No,542.7050000000003,0.5477000000000065,4,5
Yes,498.67200000000037,1.6253000000000033,4,5
Yes,272.348,2.3642700000000003,2,3
Yes,364.44500000000005,3.7368700000000024,3,4
No,565.7000000000002,1.250670000000002,3,7
Yes,402.49900000000014,-0.7152999999999954,4,5
Yes,393.49100000000004,1.1478700000000013,4,4
No,579.7270000000003,1.6407700000000016,3,7
Yes,478.61900000000037,-0.14042999999999717,4,5
No,504.61300000000017,-0.15052999999999672,6,6
Yes,420.5130000000001,1.7140699999999989,4,4
Yes,487.0000000000003,1.76077,4,5
Yes,419.5100000000001,3.2489700000000017,3,4
Yes,380.87600000000003,0.9130699999999996,4,4
No,570.7160000000001,1.2404000000000035,4,6
No,553.6890000000002,1.109770000000002,3,7
Yes,437.94900000000007,3.4003900000000016,2,5
No,554.7560000000003,7.138600000000008,0,6
Yes,387.48000000000013,1.4510999999999998,2,5
No,693.8740000000001,3.8742700000000054,3,7
Yes,499.5710000000001,2.4251000000000014,3,5
No,538.7570000000003,7.579000000000009,0,5
No,673.8400000000001,2.7296700000000023,3,8
No,609.7970000000004,2.5244700000000018,3,7
No,649.6040000000004,2.98337,5,9
Yes,466.56300000000016,2.5540700000000003,2,5
No,644.8020000000001,2.1160700000000023,3,8
No,651.5800000000004,1.7733700000000003,5,11
Yes,364.5340000000003,1.5187000000000008,3,4
Yes,441.5350000000001,2.027800000000001,3,4
No,609.7970000000004,2.6685700000000017,3,7
No,538.7570000000003,7.302300000000009,0,5
Yes,452.5360000000002,2.2118699999999993,3,5
No,589.7220000000002,1.8712700000000027,3,7
No,649.8620000000002,3.4487700000000023,3,7
No,719.9120000000001,4.310470000000007,3,7
No,678.2590000000001,3.374470000000004,3,7
No,643.8140000000002,2.7210700000000028,3,7
No,650.5920000000004,2.3783699999999985,5,10
Yes,449.59500000000014,3.343200000000002,3,4
No,657.8410000000002,3.111170000000004,3,7
No,581.8050000000004,2.4696000000000007,3,8
Yes,448.5480000000001,2.7170700000000014,3,4
No,595.7700000000003,2.1343700000000014,3,7
No,609.7970000000004,2.5244700000000018,3,7
No,567.7160000000005,1.498270000000002,3,7
Yes,472.59200000000016,2.615570000000001,2,6
Yes,405.4950000000002,1.0588999999999995,4,6
Yes,415.5380000000001,1.188700000000002,3,4
Yes,422.4450000000002,1.3197399999999992,5,7
Yes,415.5380000000001,1.188700000000002,3,4
Yes,444.5800000000002,0.22940000000000338,5,5
Yes,479.62500000000034,2.3844000000000007,3,4
Yes,415.5380000000001,1.188700000000002,3,4
No,544.5930000000003,3.264470000000001,3,7
Yes,470.53300000000024,3.5909700000000013,4,5
No,446.50800000000015,-0.1967299999999959,6,5
No,543.6090000000003,3.2975700000000003,4,7
Yes,429.56500000000017,1.2312000000000025,3,4
Yes,429.56500000000017,1.2312000000000025,3,4
Yes,444.5800000000002,0.22940000000000338,5,5
No,609.7930000000002,3.2341000000000024,4,8
No,595.7850000000001,4.154200000000003,2,6
Yes,444.5800000000002,0.22940000000000338,5,5
Yes,435.6130000000002,1.9589000000000025,3,4
Yes,430.5530000000002,0.3594000000000025,5,5
Yes,415.4940000000002,0.12627000000000344,4,5
Yes,444.5800000000002,0.22940000000000338,5,5
Yes,494.6400000000004,1.3826000000000023,5,5
Yes,471.52100000000024,2.985970000000001,4,6
Yes,429.56500000000017,1.2312000000000025,3,4
Yes,429.56500000000017,1.2312000000000025,3,4
No,542.6210000000002,3.470670000000001,3,6
No,551.3410000000001,2.2844999999999995,2,7
No,535.3420000000002,3.046100000000001,2,7
No,552.3290000000001,1.6794999999999993,2,8
No,621.1670000000001,3.2295700000000025,5,8
Yes,496.4380000000001,4.760000000000004,2,3
Yes,318.38,2.8348700000000013,4,3
Yes,385.895,2.5172000000000008,2,3
Yes,479.97200000000026,2.710770000000001,5,6
No,536.3300000000002,2.4410999999999996,2,8
No,617.6640000000004,-1.8141999999999907,6,9
Yes,424.50100000000026,2.27367,4,5
Yes,493.60800000000035,3.4617400000000016,3,6
No,532.6410000000002,3.868970000000002,3,6
Yes,453.5390000000003,3.179170000000002,2,6
Yes,135.17,0.99197,3,1
No,536.0540000000003,1.7158999999999993,2,7
No,625.7990000000002,3.6381700000000032,5,7
No,507.6350000000004,3.851840000000002,3,6
Yes,438.52800000000025,2.36207,3,6
No,520.5470000000003,-1.805199999999993,6,8
No,575.4450000000002,1.70492,3,7
Yes,496.5490000000002,0.94242,3,7
Yes,493.63000000000045,1.2477000000000003,3,6
No,579.4660000000001,2.3376199999999994,2,8
No,565.4390000000002,2.24922,3,7
Yes,487.5820000000003,0.9740999999999997,3,6
No,545.0210000000003,1.6842199999999992,2,8
No,530.9940000000001,1.5958199999999998,3,7
No,531.6350000000003,1.0711000000000013,2,8
Yes,434.5370000000002,-0.3048999999999944,4,7
Yes,452.51500000000027,1.4894400000000005,5,5
Yes,425.4850000000003,2.7006699999999997,3,5
No,546.6760000000002,1.3257700000000026,5,6
No,560.6950000000003,4.347470000000004,2,7
No,570.4990000000001,2.3693,2,7
No,502.5970000000004,1.2160199999999999,3,7
No,507.6570000000003,1.3361000000000014,2,7
Yes,494.5920000000004,3.011070000000001,2,6
Yes,466.5380000000003,2.5325700000000007,3,5
No,517.6080000000004,0.9827000000000007,3,7
No,549.7010000000002,1.8391000000000015,4,7
No,593.7100000000003,1.7469700000000021,6,8
No,553.7330000000002,1.564700000000002,4,7
No,532.6490000000002,1.1057000000000028,5,6
Yes,479.5810000000003,3.0716400000000013,3,6
No,522.0270000000002,1.627499999999999,3,6
No,522.6020000000003,3.397070000000002,2,7
Yes,494.59600000000034,2.358040000000001,4,6
No,580.5050000000001,1.8249999999999988,2,7
Yes,496.6160000000002,0.17257000000000416,5,6
No,555.7490000000003,2.5668000000000024,4,7
Yes,478.59300000000036,3.2604700000000015,2,6
No,540.6020000000003,1.0394200000000007,2,9
No,533.6330000000003,1.3706000000000027,4,7
Yes,452.5550000000003,2.7521700000000013,3,6
No,501.60900000000044,1.0625000000000009,2,7
No,516.6240000000001,1.304420000000001,2,8
No,585.7050000000003,4.498740000000004,3,7
No,548.7130000000002,2.6537700000000015,5,6
No,633.6630000000004,-1.0630999999999933,7,9
No,566.478,1.7365999999999993,3,6
No,557.6510000000002,4.020240000000002,4,6
No,589.4720000000001,1.7933199999999991,2,8
No,526.5750000000004,0.9510200000000014,3,8
Yes,480.99600000000015,4.406840000000003,4,4
No,537.4850000000004,0.512800000000003,4,8
No,556.472,2.2809,3,6
No,536.6290000000002,3.7871700000000024,2,7
Yes,466.5420000000003,1.8795400000000004,5,5
Yes,480.5690000000003,1.967940000000001,4,6
Yes,451.52700000000027,2.593140000000001,4,5
Yes,249.317,3.0427700000000018,3,1
Yes,499.64100000000025,0.6859000000000026,4,7
No,510.57600000000036,1.0308200000000003,2,8
Yes,493.6120000000002,0.8340700000000036,5,6
Yes,465.5540000000003,2.9832400000000012,4,5
Yes,410.4740000000002,1.8835699999999995,4,5
No,533.5070000000002,4.055600000000002,3,5
Yes,491.03200000000044,2.5122,3,5
No,515.5060000000002,6.246770000000005,3,6
No,525.5210000000002,4.007500000000004,2,4
No,510.66100000000034,0.22010000000000546,6,8
Yes,433.5310000000001,4.038170000000001,5,4
Yes,430.53400000000016,1.0283000000000009,3,6
Yes,276.365,2.13237,3,4
Yes,319.39000000000004,0.8568700000000002,4,5
Yes,387.509,2.4172700000000003,4,5
Yes,388.49700000000007,0.9790699999999997,5,6
No,551.7170000000003,1.9889000000000008,5,7
No,563.7280000000003,2.2292000000000014,4,7
No,549.7010000000002,1.8391000000000015,4,7
No,563.7280000000003,2.2292000000000014,4,7
No,563.7280000000003,2.1813000000000002,3,7
No,563.7280000000003,2.4388700000000014,5,7
No,582.7300000000002,3.3122700000000025,4,7
No,582.7300000000002,3.3122700000000016,4,7
No,582.7300000000002,3.3122700000000016,4,7
No,589.7660000000003,2.7810700000000024,4,7
No,589.7660000000003,2.7810700000000024,4,7
No,589.7660000000003,2.7810700000000024,4,7
No,521.6870000000002,2.914500000000001,3,7
No,521.6870000000002,2.914500000000001,3,7
No,535.7140000000002,3.175200000000003,3,7
No,535.7140000000002,3.175200000000003,3,7
No,561.752,3.550600000000002,3,7
No,561.752,3.550600000000002,3,7
No,522.6710000000003,3.212100000000002,2,7
No,506.6720000000001,3.9757000000000016,2,6
No,540.6890000000002,4.028200000000003,2,6
No,535.7180000000003,2.198900000000002,4,6
No,535.7180000000003,2.198900000000002,4,6
No,551.7170000000002,1.6898000000000015,5,7
No,548.7130000000003,2.4441000000000015,4,6
No,532.6490000000002,1.1057000000000028,5,6
No,546.6760000000002,1.1161000000000039,4,6
No,533.6330000000003,1.3706000000000027,4,7
No,560.6590000000002,0.8782000000000028,5,8
No,543.6500000000003,0.38410000000000444,5,8
No,571.7040000000002,0.8626000000000036,4,9
No,646.8180000000003,1.658400000000005,5,8
No,553.7330000000002,1.564700000000002,4,7
No,599.7610000000003,2.992300000000002,4,7
No,579.7270000000003,1.847700000000002,4,8
No,565.7000000000003,1.5447000000000004,5,8
No,567.6910000000003,1.9782000000000002,4,7
No,579.7270000000003,1.3314000000000026,5,8
No,592.7260000000002,0.9380000000000035,5,8
No,607.7370000000003,1.625700000000002,4,9
No,593.7100000000004,1.5373000000000017,5,8
No,547.725,3.3030000000000017,3,7
No,625.8169999999999,3.022899999999999,3,8
No,561.7520000000001,3.693100000000002,3,7
No,561.7520000000001,3.693100000000002,3,7
No,626.8270000000001,4.7650200000000025,3,6
No,613.7660000000002,1.7277700000000025,5,8
No,643.8110000000003,2.482370000000002,5,9
No,705.8850000000001,1.1409700000000047,5,10
No,665.798,1.710670000000002,6,9
No,559.5010000000003,5.076400000000002,2,7
No,532.5190000000002,4.811700000000003,2,5
No,564.9310000000003,4.675000000000003,2,7
No,535.6740000000002,1.578400000000002,4,7
No,567.6910000000004,1.9782000000000002,4,7
No,639.6510000000003,2.534600000000001,4,7
No,555.7490000000003,2.5668000000000024,4,7
No,577.7110000000004,1.7558000000000014,4,7
No,627.7930000000003,1.5590000000000002,4,8
No,549.7010000000002,1.9685000000000006,4,7
No,599.7580000000004,2.231270000000001,6,8
No,625.7990000000003,3.428500000000003,4,7
No,596.7570000000002,4.440270000000006,4,6
No,535.6740000000003,1.9691000000000003,4,7
No,541.7220000000002,2.1767000000000003,4,7
No,527.6950000000003,1.9307,4,7
No,611.7720000000003,3.1716000000000024,4,7
No,610.7400000000001,3.3914700000000053,5,7
Yes,367.877,1.4227999999999998,3,4
Yes,393.91500000000013,1.8128999999999997,3,4
No,469.0100000000003,5.272000000000005,1,5
No,518.0420000000001,5.853300000000005,1,6
No,518.0420000000001,6.171200000000005,1,6
No,489.9880000000002,5.073100000000004,1,6
Yes,325.79600000000005,0.3981999999999997,3,4
No,466.05000000000024,6.160300000000005,1,3
No,483.0370000000003,5.662100000000005,1,5
Yes,452.9860000000002,4.536000000000003,2,3
Yes,415.92100000000016,2.3136,3,4
Yes,415.92100000000016,2.3136,3,4
Yes,401.89400000000006,2.1395,3,4
Yes,407.94200000000023,2.3470999999999993,3,4
Yes,367.8770000000001,1.4227999999999994,3,4
Yes,453.9740000000002,3.9310000000000027,2,4
Yes,454.98300000000023,4.883500000000004,1,5
Yes,381.90400000000005,1.8128999999999997,3,4
No,469.0100000000003,5.2736000000000045,1,5
No,483.0370000000003,5.663700000000006,1,5
No,481.02100000000024,5.416100000000005,1,5
Yes,476.96400000000017,2.7174000000000005,3,5
Yes,476.96400000000017,2.7174000000000005,3,5
Yes,476.96400000000017,2.7174000000000014,3,5
Yes,476.96400000000017,2.7174000000000005,3,5
Yes,492.9630000000002,1.9557999999999998,3,5
Yes,492.9630000000002,1.9557999999999998,3,5
Yes,492.9630000000002,1.9557999999999998,3,5
Yes,492.9630000000002,1.9557999999999998,3,5
No,511.4090000000002,3.370800000000002,3,5
Yes,370.88400000000007,4.411100000000003,2,5
No,383.61400000000015,5.057800000000002,0,4
Yes,349.1690000000001,4.4044000000000025,0,4
Yes,429.5020000000002,1.446539999999999,3,5
Yes,457.5780000000001,2.9979200000000015,3,4
Yes,392.5210000000002,1.8296600000000003,3,5
Yes,180.598,1.3156999999999994,0,3
No,543.0490000000001,2.3645999999999994,3,8
Yes,290.33000000000004,2.31407,4,3
Yes,251.293,1.8327700000000005,3,3
Yes,276.30300000000005,2.39027,4,3
Yes,237.26600000000002,1.90897,3,3
No,528.4700000000003,4.253200000000002,2,7
Yes,455.5590000000003,1.3670700000000002,5,5
Yes,461.5880000000003,1.4285700000000001,5,6
Yes,456.5470000000003,0.7620700000000007,5,6
No,416.44100000000014,2.7604700000000006,7,5
Yes,480.5650000000002,3.708300000000002,2,8
No,543.6940000000003,0.7349700000000025,6,7
No,585.7349999999999,0.2593400000000062,8,7
No,466.5420000000002,0.3344700000000038,6,6
No,505.6190000000004,1.8637700000000024,6,5
No,588.5900000000001,5.051000000000004,2,7
No,722.7610000000002,3.313070000000004,7,9
No,723.6989999999997,1.854670000000003,9,8
No,729.7019999999998,3.354470000000001,8,8
No,655.6530000000001,3.435570000000002,7,7
No,655.6530000000001,3.435570000000002,7,7
Yes,458.51800000000014,3.9739700000000004,5,4
No,537.9,5.960300000000005,2,5
Yes,450.2740000000002,3.9193000000000024,1,6
Yes,459.5060000000003,2.699600000000001,1,5
Yes,496.50400000000013,4.853270000000005,4,6
No,543.5600000000002,6.5068700000000055,3,6
No,544.5480000000002,6.1380700000000035,4,6
Yes,447.9660000000002,1.1398000000000001,1,6
Yes,461.9930000000003,1.5299000000000003,1,6
Yes,449.98200000000026,0.7115999999999996,1,6
Yes,472.0140000000001,3.7367000000000017,3,5
Yes,443.8570000000001,2.7563700000000013,5,4
Yes,436.4940000000002,-0.20318999999999704,5,6
Yes,435.41000000000025,1.3696499999999991,5,6
No,858.998,-0.8232299999999924,10,10
Yes,378.60900000000004,4.461200000000002,1,3
Yes,488.54400000000027,3.2547700000000006,3,6
No,516.5980000000003,3.733270000000001,2,7
Yes,488.54400000000027,3.2547700000000015,3,6
No,516.5980000000003,3.733270000000001,2,7
No,502.61500000000035,4.206670000000002,2,7
No,502.61500000000035,4.206670000000002,2,7
No,4870.07799999998,-16.98957999999987,49,116
No,632.7370000000003,-3.1573999999999955,6,10
Yes,315.35400000000004,2.9571000000000014,0,6
Yes,285.328,2.948500000000001,0,5
Yes,299.355,3.256920000000002,0,5
Yes,345.3800000000001,2.965700000000001,0,7
Yes,268.276,2.1172199999999997,1,5
Yes,284.27500000000003,1.8174,1,6
Yes,254.24899999999997,1.8087999999999997,1,5
Yes,288.69399999999996,2.4622,1,5
Yes,314.3010000000001,1.8259999999999998,1,7
Yes,284.27500000000003,1.8174,1,6
Yes,288.69399999999996,2.4622,1,5
Yes,456.33300000000014,4.779970000000004,3,4
Yes,451.91400000000016,4.135170000000002,3,5
Yes,474.32300000000015,4.919070000000003,3,4
Yes,469.90400000000017,4.274270000000002,3,5
No,414.7180000000003,8.02480000000001,1,1
Yes,290.271,1.5460999999999998,5,6
No,597.5720000000005,1.7086700000000021,6,7
No,651.6890000000004,2.8472700000000026,5,7
No,616.763,1.089770000000005,6,6
Yes,222.196,2.1536200000000005,2,4
Yes,302.26000000000005,1.62962,2,6
Yes,302.26,1.62962,2,6
Yes,368.2970000000001,0.8026200000000001,3,8
Yes,272.23199999999997,-1.8580799999999988,1,5
Yes,352.296,-2.3820799999999975,1,7
Yes,208.16899999999995,1.85062,3,4
Yes,436.5160000000003,2.3925,2,5
No,587.6810000000005,3.0394200000000016,2,6
No,1174.4449999999988,0.48519999999999347,8,17
No,667.1820000000004,-2.9400999999999913,6,10
Yes,294.78200000000004,2.3571999999999997,1,2
Yes,308.8090000000001,2.747300000000001,1,2
Yes,322.836,2.9933000000000005,1,2
Yes,336.86300000000006,3.3834000000000017,1,2
Yes,362.90100000000024,3.917600000000003,1,2
Yes,370.8800000000001,3.5800000000000027,1,2
Yes,346.258,1.7162000000000002,2,3
Yes,360.2849999999999,2.1063000000000005,2,3
Yes,374.31199999999995,2.352300000000001,2,3
Yes,414.3770000000002,3.276600000000002,2,3
Yes,422.3560000000001,2.939000000000001,2,3
Yes,434.4070000000002,-0.15024999999999855,5,7
Yes,423.4240000000002,0.28649000000000124,5,6
Yes,324.40000000000003,0.8296800000000002,1,4
No,1021.183,0.047470000000002344,11,13
No,547.9960000000002,2.499900000000001,2,6
No,519.9110000000003,3.415300000000002,2,5
Yes,497.95800000000025,3.558600000000002,2,5
No,513.9130000000002,2.9166000000000007,2,6
Yes,477.56900000000036,1.9812699999999999,5,6
No,529.1250000000002,5.150000000000004,4,3
No,563.1640000000001,4.339100000000003,4,4
No,505.01500000000044,1.9109999999999998,3,5
Yes,311.425,3.3066000000000026,2,3
Yes,295.302,1.6194,1,6
Yes,268.228,2.7632000000000003,0,5
Yes,325.34700000000004,3.1415000000000015,1,5
Yes,280.671,1.4969999999999999,2,5
Yes,280.671,1.4969999999999999,2,5
Yes,385.4270000000001,3.649300000000002,1,6
Yes,270.24,2.9136200000000017,0,5
No,1088.933000000001,-2.1270999999999916,8,27
No,1090.949000000001,-2.1939999999999897,8,27
No,1463.2560000000012,-4.246700000000006,10,37
No,1411.1610000000012,-4.820500000000004,10,36
No,526.6380000000004,0.07757000000000547,8,7
No,568.6750000000004,0.25497000000000464,8,7
No,676.8840000000001,3.1981700000000046,6,6
No,556.7110000000004,2.233870000000005,6,5
No,598.7480000000003,2.4112700000000027,6,5
No,710.9010000000001,3.3947700000000056,6,6
No,710.9010000000001,3.3947700000000056,6,6
No,690.8450000000003,4.2015700000000065,6,6
No,690.8450000000003,4.2015700000000065,6,6
No,520.6050000000004,4.345770000000002,2,7
No,520.6050000000004,4.345770000000002,2,7
No,538.5950000000004,4.484870000000003,2,7
No,538.5950000000004,4.484870000000003,2,7
No,534.5880000000004,3.872370000000001,2,7
No,534.5880000000004,3.872370000000001,2,7
No,552.5780000000003,4.011470000000002,2,7
No,552.5780000000003,4.011470000000002,2,7
No,520.6050000000004,4.345770000000003,2,7
No,520.6050000000004,4.345770000000003,2,7
No,538.5950000000003,4.484870000000003,2,7
No,538.5950000000003,4.484870000000003,2,7
Yes,352.29600000000005,-1.230479999999999,0,8
Yes,338.26900000000006,-1.6205799999999986,0,8
Yes,380.3500000000001,-0.4518799999999985,0,8
Yes,382.32200000000006,-1.6039799999999973,0,9
Yes,366.32300000000004,-0.8403799999999992,0,8
Yes,380.3500000000001,-0.4518799999999994,0,8
Yes,382.32200000000006,-1.256379999999998,0,9
Yes,451.3850000000002,-1.4080799999999976,0,10
Yes,472.4030000000002,-0.011279999999999957,0,10
Yes,364.3070000000001,-1.064379999999999,0,8
Yes,393.34900000000005,-1.9347799999999966,0,8
Yes,391.37700000000007,-0.781079999999998,0,7
Yes,437.40200000000016,-1.7066999999999968,0,10
No,600.5300000000002,1.2800200000000006,0,13
No,572.4760000000002,0.49981999999999993,0,13
No,656.6380000000001,2.837220000000001,0,13
No,660.5820000000002,0.533020000000002,0,15
No,628.5840000000002,2.06022,0,13
No,656.6380000000001,2.837220000000001,0,13
No,685.6360000000004,0.8038000000000018,0,15
No,544.4220000000004,0.3230200000000007,2,11
No,688.5490000000004,-2.8855799999999947,0,16
No,688.5490000000001,-2.8855799999999947,0,16
No,600.5300000000003,1.2800200000000004,0,13
No,537.0660000000003,6.186100000000005,1,6
No,547.6180000000003,5.4409000000000045,1,8
No,570.6180000000002,6.551500000000005,1,6
No,517.6360000000003,5.114900000000003,2,7
No,520.6110000000003,5.671800000000004,1,6
No,530.5660000000003,4.707500000000003,2,7
No,548.6060000000002,4.835900000000003,1,9
No,538.0540000000002,5.581100000000004,1,7
Yes,465.9660000000002,4.762820000000004,1,5
No,520.0140000000002,5.4527000000000045,2,5
No,565.902,5.795400000000003,1,6
Yes,480.9770000000002,4.9714000000000045,1,5
No,487.0060000000002,5.032900000000003,1,6
No,515.4220000000003,5.624800000000004,1,5
No,515.5170000000003,4.731800000000004,1,6
Yes,492.5170000000002,3.6212000000000018,1,8
Yes,465.5100000000002,3.852100000000001,1,6
Yes,481.9650000000002,4.366400000000003,1,6
Yes,298.38599999999997,3.0121800000000016,1,3
Yes,188.18599999999998,0.7844799999999998,2,3
Yes,287.319,1.3017800000000002,1,5
Yes,291.31,2.31517,2,4
No,510.5410000000003,4.006370000000002,3,6
No,661.7850000000002,1.0664700000000042,7,7
No,813.9810000000002,3.0764700000000023,7,7
No,822.0050000000003,0.9088700000000095,7,9
No,813.9810000000002,3.0764700000000023,7,7
No,822.0050000000003,0.9088700000000095,7,9
No,813.9810000000002,3.0764700000000023,7,7
No,683.8310000000002,3.5966700000000014,5,7
No,681.7830000000001,0.6382700000000043,5,9
No,682.7710000000002,0.03327000000000663,5,10
Yes,208.246,1.3072699999999997,4,4
Yes,294.33600000000007,0.7656699999999996,3,5
Yes,293.35200000000003,0.33867000000000025,4,4
Yes,242.691,1.9606699999999997,4,4
Yes,226.692,2.25507,3,3
Yes,226.692,2.25507,3,3
Yes,222.273,1.6156899999999994,4,4
Yes,208.09200000000004,1.39647,3,2
Yes,479.0020000000002,1.5255000000000003,3,5
No,1192.9970000000008,-4.0795999999999975,8,30
No,982.7900000000008,-2.9800999999999944,8,25
Yes,239.69899999999998,1.2678000000000003,1,3
No,936.0270000000003,2.966970000000007,8,10
No,907.9730000000004,2.186770000000009,8,10
No,698.6690000000002,4.3173600000000025,2,14
Yes,138.059,-0.09110000000000007,2,2
No,627.7460000000003,5.812270000000005,3,9
Yes,440.6060000000003,2.9505,3,5
Yes,435.8890000000001,2.5199000000000007,1,6
No,848.7640000000001,3.7905200000000026,0,18
No,533.6540000000001,2.5142700000000024,5,6
Yes,482.4410000000002,2.3627,5,10
Yes,302.23800000000006,1.988,5,7
No,611.5290000000005,-2.1449000000000003,11,15
Yes,290.271,1.5460999999999998,5,6
Yes,287.247,2.908900000000001,5,5
Yes,270.24,2.576800000000001,3,5
Yes,302.28200000000004,2.518500000000001,3,6
Yes,228.247,2.9738000000000016,3,3
Yes,194.186,1.4986,2,3
Yes,180.159,1.1956,3,3
No,652.801,0.007950000000006896,9,8
No,518.6630000000002,-0.17762999999999363,8,6
No,713.9059999999998,1.8012700000000061,8,9
No,693.89,2.980100000000003,4,8
No,679.8629999999999,2.4459000000000035,4,8
No,757.9510000000001,3.895100000000003,3,9
No,519.6870000000004,1.7112000000000023,4,5
No,604.5820000000001,2.1094200000000005,2,7
Yes,416.52900000000034,3.123470000000001,3,4
Yes,434.47000000000014,2.2533000000000003,3,6
No,851.0190000000001,0.5992700000000118,11,9
Yes,278.35200000000003,1.2775999999999994,1,3
No,536.6770000000004,1.7862700000000022,7,6
No,532.6450000000002,2.199250000000002,6,6
No,522.6500000000004,1.909770000000001,7,6
No,523.6340000000004,2.033169999999999,7,6
No,557.6950000000004,3.4807700000000015,6,5
No,557.6950000000004,3.4807700000000015,6,5
No,507.6350000000004,2.3275699999999997,6,5
No,470.6620000000004,2.1491700000000016,6,5
No,528.6980000000004,1.864670000000002,7,6
No,514.6710000000004,1.4745700000000022,7,6
No,500.64400000000046,1.0844700000000014,7,6
No,500.64400000000035,1.2269700000000026,7,6
No,530.6740000000003,0.7382400000000049,9,6
No,444.5840000000002,0.24254000000000459,8,5
No,516.6470000000003,0.3481400000000054,9,6
Yes,174.631,0.5677699999999999,2,1
Yes,196.25300000000001,2.637670000000001,2,1
Yes,148.209,1.58751,2,1
Yes,148.20899999999997,1.58751,2,1
Yes,270.33199999999994,2.818570000000001,2,3
Yes,430.4640000000001,0.63642,0,9
No,529.5240000000002,1.4283999999999994,0,11
No,645.6180000000003,2.2889,1,11
No,638.6270000000002,1.9896200000000002,1,11
No,817.7540000000004,3.5170200000000023,1,16
No,462.55500000000035,-1.7364299999999941,8,6
No,538.6530000000004,0.004870000000005703,8,6
Yes,468.60500000000025,4.372200000000002,4,5
Yes,476.4450000000003,2.3377999999999997,0,9
Yes,439.4310000000001,3.696600000000002,1,7
No,503.5380000000003,3.6079700000000017,4,6
Yes,488.52300000000025,3.730070000000002,4,5
No,536.9950000000002,4.8663700000000025,4,5
No,520.5400000000003,4.352070000000002,4,5
No,532.5760000000004,4.221570000000003,4,6
No,520.5400000000003,4.352070000000002,4,5
No,532.5760000000004,4.221570000000003,4,6
No,520.5400000000003,4.352070000000002,4,5
No,532.5760000000004,4.221570000000003,4,6
No,516.5770000000003,4.521390000000003,4,5
No,502.5500000000003,4.212970000000003,4,5
Yes,489.51100000000025,3.125070000000001,4,6
No,506.51300000000026,3.869170000000002,4,5
No,518.5490000000002,3.7386700000000017,4,6
No,506.51300000000026,3.869170000000002,4,5
No,518.5490000000002,3.738670000000001,4,6
No,506.51300000000026,3.869170000000002,4,5
No,502.55000000000024,4.038490000000001,4,5
Yes,488.52300000000025,3.730070000000002,4,5
Yes,438.5280000000002,2.301570000000001,4,4
No,719.8690000000001,1.5936700000000052,8,9
Yes,361.785,1.8496000000000001,1,6
Yes,425.80900000000014,3.162500000000002,1,7
Yes,420.34000000000003,3.170600000000001,2,3
Yes,331.42,0.3151700000000021,4,4
No,507.6160000000001,1.4339700000000015,5,5
Yes,228.25100000000003,2.3425000000000002,1,3
Yes,161.613,1.5004,1,2
Yes,406.4610000000001,2.430270000000001,2,4
Yes,388.4710000000002,2.29117,2,4
No,606.6500000000003,1.023670000000004,8,6
No,639.6790000000002,2.2871700000000024,7,6
No,639.6790000000002,2.2871700000000024,7,6
No,654.6940000000002,2.3084700000000016,8,6
No,566.7070000000004,0.3238700000000068,8,6
No,599.7360000000004,1.587370000000003,7,6
No,599.7360000000003,1.587370000000004,7,6
No,614.7510000000003,1.6086700000000032,8,6
No,681.7830000000001,0.6382700000000043,5,9
No,813.9810000000002,3.0764700000000023,7,7
No,662.7690000000002,1.037600000000006,5,8
No,813.9810000000002,3.0764700000000023,7,7
No,681.8150000000002,3.372670000000002,5,7
No,689.8390000000002,2.073870000000003,7,7
No,644.7770000000003,1.5838700000000054,8,7
Yes,379.468,2.78167,5,4
Yes,321.37699999999995,1.8121699999999998,3,5
No,538.5300000000002,4.609770000000002,4,5
No,506.51300000000026,3.869170000000002,4,5
No,502.5500000000003,4.212970000000002,4,5
No,517.5650000000003,3.9163900000000025,4,6
No,503.53800000000024,3.433490000000001,4,6
Yes,419.57300000000015,3.760970000000002,2,3
No,516.5770000000003,4.521390000000003,4,5
No,530.6040000000004,4.829810000000004,4,5
No,530.6040000000004,4.829810000000004,4,5
No,530.6040000000004,4.829810000000004,4,5
No,530.6040000000004,4.829810000000004,4,5
No,530.6040000000004,4.829810000000004,4,5
No,534.5670000000003,4.660490000000003,4,5
No,538.5300000000003,4.491170000000002,4,5
No,538.5300000000003,4.491170000000002,4,5
No,517.5650000000003,3.9163900000000025,4,6
No,512.6140000000004,4.690710000000004,4,5
No,512.6140000000004,4.690710000000004,4,5
Yes,498.58700000000033,4.382290000000003,4,5
Yes,498.58700000000033,4.382290000000003,4,5
Yes,498.58700000000033,4.382290000000003,4,5
Yes,484.5600000000003,4.073870000000003,4,5
Yes,499.57500000000033,3.7772900000000025,4,6
Yes,499.57500000000033,3.7772900000000025,4,6
No,520.5400000000003,4.352070000000002,4,5
No,516.5770000000003,4.521390000000003,4,5
No,512.6140000000004,4.690710000000004,4,5
No,578.7130000000002,3.929000000000001,4,5
No,549.6540000000002,-0.5245299999999946,4,7
No,542.618,0.46787000000000467,4,7
No,551.9910000000001,1.9674999999999996,2,8
No,647.1610000000001,2.943600000000001,1,8
No,548.9950000000001,1.5405999999999995,2,9
No,561.7050000000003,1.167700000000004,3,7
No,600.1050000000002,1.1467000000000007,2,8
No,600.7460000000001,2.4216700000000015,4,7
No,593.7100000000003,3.4140699999999997,4,7
No,643.1700000000001,4.088770000000002,5,7
No,635.231,4.623200000000003,3,7
No,636.179,2.5740700000000007,4,7
No,605.0880000000003,3.8100000000000023,2,5
No,714.636,4.8121000000000045,2,9
No,621.2040000000002,4.234700000000003,3,7
No,601.7340000000002,1.0796700000000032,4,8
No,635.191,3.075070000000001,4,7
No,635.191,2.8699700000000012,4,8
No,541.6300000000001,1.8098700000000005,4,6
Yes,465.94100000000014,2.673800000000001,3,5
Yes,491.9470000000002,4.224400000000003,2,7
No,505.97400000000016,4.614500000000004,2,7
No,502.5500000000002,4.038490000000001,4,5
No,516.5770000000002,4.346910000000002,4,5
No,516.5770000000002,4.346910000000002,4,5
No,516.5770000000002,4.346910000000002,4,5
No,516.5770000000002,4.346910000000002,4,5
No,520.5400000000003,4.177590000000002,4,5
No,524.5030000000003,4.008270000000002,4,5
No,524.5030000000003,4.008270000000002,4,5
No,524.5030000000003,4.008270000000002,4,5
No,503.5380000000002,3.433490000000001,4,6
No,938.1289999999992,1.670040000000006,13,9
No,1522.9800000000002,-24.864599999999975,0,38
No,706.6120000000004,6.036200000000009,8,14
No,1547.7840000000006,-4.917530000000016,18,21
Yes,428.5580000000003,3.144990000000001,4,4
Yes,432.52100000000024,2.975670000000001,4,4
Yes,422.5100000000001,2.9373900000000015,4,4
No,1457.703000000001,-6.507530000000001,18,21
No,690.6550000000001,2.89292,0,13
No,758.7740000000003,4.800920000000004,0,13
No,682.6760000000002,3.230520000000001,0,13
No,676.6280000000002,2.8504200000000006,0,13
No,736.6800000000003,2.833120000000001,0,15
No,736.6800000000003,2.83312,0,15
No,734.7080000000002,3.637620000000002,0,14
No,734.7080000000002,3.637620000000002,0,14
No,764.8220000000005,5.181020000000005,0,13
No,682.6760000000003,3.230520000000001,0,13
No,676.6280000000003,2.8504200000000006,0,13
No,676.6280000000003,2.5028200000000007,0,13
No,722.6530000000004,2.4430200000000006,0,15
No,794.6730000000002,-1.688679999999995,0,17
No,780.6460000000003,-1.0932799999999965,0,17
No,688.5490000000002,-2.8855799999999956,0,16
No,546.4390000000002,-3.817079999999997,0,12
No,622.5370000000003,-2.563079999999996,0,12
Yes,442.4210000000001,0.4136200000000001,0,8
No,518.5190000000002,1.9840199999999995,0,8
Yes,422.32200000000023,-4.469279999999998,0,8
Yes,434.4420000000002,0.7200199999999997,0,8
Yes,428.3940000000001,0.33991999999999956,0,8
Yes,488.44600000000025,0.3226199999999999,0,10
Yes,486.4740000000002,1.1271199999999995,0,9
Yes,486.4740000000002,1.1271199999999995,0,9
No,470.3410000000002,-5.769579999999998,0,12
Yes,414.36700000000013,-0.05017999999999989,0,8
Yes,311.777,0.7158699999999998,4,6
Yes,473.5740000000003,1.099800000000003,4,7
Yes,399.5390000000002,1.87557,4,4
Yes,421.96900000000016,2.737200000000001,3,4
Yes,420.9850000000003,2.7036,3,4
Yes,479.98600000000016,1.5590999999999997,3,5
No,578.1390000000001,1.1573700000000036,6,6
No,578.1390000000001,1.1573700000000036,6,6
No,569.4760000000003,1.4811700000000017,5,5
No,559.4370000000002,-0.03272999999999604,7,6
No,583.5030000000003,1.8712700000000013,5,5
No,656.5800000000004,4.114800000000003,4,6
No,595.4970000000003,2.107600000000001,5,7
No,595.4970000000002,2.107600000000001,5,7
No,610.5120000000002,1.6898000000000006,6,8
Yes,285.30699999999996,2.1850700000000005,5,4
Yes,398.41900000000004,1.3850699999999991,3,6
No,312.333,1.5165399999999993,6,4
Yes,270.292,1.7933700000000001,4,4
Yes,270.292,1.7933700000000001,4,4
Yes,284.31899999999996,1.66987,4,4
No,1241.9919999999997,-12.736800000000011,0,27
No,1575.882000000001,-3.5253300000000225,18,21
Yes,356.2340000000001,3.3304000000000005,4,3
No,426.51200000000006,6.166100000000006,3,4
No,444.57500000000016,5.319600000000005,2,3
No,502.61500000000024,4.810200000000003,4,4
No,502.6150000000002,3.9231000000000016,4,5
Yes,489.57600000000036,3.5085000000000024,0,5
No,650.9760000000001,3.952700000000001,3,4
Yes,384.39900000000006,2.863100000000001,2,6
Yes,273.296,0.9890999999999999,1,6
Yes,271.32399999999996,2.1428000000000003,1,5
Yes,291.31399999999996,2.2759,1,5
Yes,322.328,0.9924999999999988,2,6
Yes,405.19899999999996,2.4098000000000006,1,5
Yes,279.30299999999994,1.8052,1,5
Yes,255.23699999999997,1.2038,1,6
Yes,376.298,2.1115999999999997,2,6
Yes,319.36799999999994,2.6826000000000008,1,5
Yes,315.336,2.764000000000001,1,5
Yes,315.336,2.764000000000001,1,5
Yes,266.26399999999995,1.0057999999999998,1,6
Yes,283.26599999999996,1.7498999999999998,1,5
Yes,344.17199999999997,2.3733000000000004,1,5
Yes,310.273,1.5189999999999997,1,7
Yes,310.273,1.5189999999999997,1,7
Yes,333.27299999999997,2.629600000000001,1,5
Yes,293.33000000000004,2.1731999999999996,1,5
Yes,295.302,1.6194,1,6
Yes,293.3300000000001,2.22764,1,5
Yes,279.30300000000005,1.9192199999999995,1,5
Yes,265.276,2.1189999999999998,2,4
Yes,472.54200000000026,0.8934000000000009,5,6
Yes,400.52700000000016,0.26907000000000303,4,4
Yes,380.4920000000001,1.3225000000000011,3,4
No,1462.018000000001,-31.80380000000007,9,41
No,2379.6629999999973,-52.03720000000018,13,66
No,3329.305999999986,-72.40739999999967,17,93
No,4262.949999999975,-92.70919999999951,21,119
No,5196.593999999971,-113.01099999999934,25,145
No,6130.237999999971,-133.31280000000123,29,171
No,7041.899999999971,-149.2839000000015,34,196
No,7909.59799999997,-156.5936000000017,41,219
No,8909.187999999973,-189.88750000000203,42,248
No,5196.593999999975,-113.01099999999936,25,145
Yes,434.49600000000027,3.1408400000000016,1,4
No,570.0310000000005,2.1160999999999994,3,8
No,526.6260000000003,5.661740000000005,1,5
No,531.8860000000001,1.7529999999999997,1,6
Yes,400.36000000000007,4.105980000000003,1,4
No,509.51300000000026,2.8996000000000013,1,6
No,515.4670000000002,3.632900000000003,1,5
No,3346.9149999999922,-18.845150000000206,54,51
No,3290.806999999994,-20.25985000000021,54,51
Yes,459.5580000000002,4.8807000000000045,3,5
Yes,279.383,3.9624000000000033,0,2
Yes,319.246,3.9277000000000024,0,2
Yes,277.411,4.168600000000003,0,1
Yes,324.39900000000006,3.812980000000003,0,3
Yes,319.246,3.9277000000000024,0,2
Yes,161.20099999999996,-1.8064999999999984,1,3
Yes,314.86,4.528400000000004,0,2
No,556.7690000000005,7.0490000000000075,1,6
Yes,270.37199999999996,3.817400000000002,1,2
Yes,272.3879999999999,3.6092000000000026,2,2
Yes,288.38699999999994,2.5800000000000005,3,3
Yes,149.215,0.10669999999999985,3,3
Yes,282.33599999999996,2.3949000000000007,0,5
Yes,275.352,1.7739,1,4
Yes,446.6420000000003,3.177100000000001,0,6
Yes,382.89100000000013,1.177,1,5
Yes,436.5200000000002,2.498700000000001,2,6
Yes,394.4390000000002,0.6204999999999998,4,6
Yes,454.96600000000024,3.889300000000003,1,5
Yes,452.49400000000026,2.366800000000001,2,6
No,488.32700000000017,-2.2304999999999957,4,12
Yes,255.36500000000004,2.649800000000001,0,3
Yes,261.394,2.7113000000000005,0,4
Yes,288.35,3.929800000000002,1,2
Yes,126.00399999999998,-0.1579000000000001,3,2
Yes,259.265,0.029799999999999882,2,4
No,390.9580000000002,5.555620000000006,0,2
Yes,314.3620000000001,2.5577000000000005,0,4
Yes,356.227,0.40430000000000005,3,5
Yes,421.30500000000006,4.7112000000000025,1,4
Yes,435.90400000000017,4.390100000000004,1,3
Yes,299.499,4.576200000000004,2,2
Yes,340.42699999999996,2.8828400000000007,4,4
No,478.8850000000002,0.4390000000000007,6,9
Yes,129.167,-1.034159999999999,4,2
Yes,314.411,1.4589999999999999,2,7
Yes,441.57500000000016,1.9828999999999997,2,6
Yes,152.182,0.6416,2,4
Yes,214.648,2.582,1,2
Yes,280.32300000000004,4.247200000000003,0,3
Yes,249.35399999999996,2.1528,2,3
Yes,292.244,-2.0711999999999957,4,6
Yes,331.17600000000004,3.7493000000000016,1,4
Yes,388.8950000000002,3.148200000000002,1,4
Yes,264.3689999999999,2.617000000000001,1,4
No,356.057,5.862600000000001,2,3
No,406.90700000000004,6.609000000000001,2,2
No,513.6770000000002,5.950920000000006,1,4
Yes,323.13199999999995,0.9089999999999998,3,5
Yes,372.80800000000005,3.141800000000001,3,6
Yes,76.051,-0.9367000000000001,2,2
Yes,345.4240000000001,2.8997400000000013,1,5
Yes,440.5070000000002,4.2173000000000025,1,6
Yes,407.98900000000003,1.4636000000000002,0,2
No,458.58100000000024,5.351300000000005,1,4
Yes,330.749,1.8907,3,5
Yes,159.232,1.7516,0,1
No,514.5320000000004,-0.13859999999999673,0,12
Yes,276.21399999999994,3.2081000000000017,1,3
Yes,259.34900000000005,2.5775000000000006,2,3
Yes,288.182,2.8624399999999994,5,2
Yes,421.9000000000002,3.0908000000000015,2,5
No,530.4560000000004,5.190380000000005,1,8
No,501.51400000000024,5.5408000000000035,2,6
Yes,415.4960000000001,-0.3177999999999983,1,6
Yes,331.34700000000004,1.5833,2,4
Yes,287.4060000000001,4.697900000000004,0,1
Yes,386.5860000000001,4.901100000000005,0,4
Yes,137.162,0.3191999999999999,1,2
Yes,398.34100000000024,-0.5396999999999981,1,3
Yes,162.236,1.8483,0,2
No,343.898,5.104400000000005,0,2
Yes,130.078,-0.7977000000000001,2,2
Yes,136.114,0.058499999999999885,2,4
Yes,200.16899999999998,-0.015300000000000313,1,3
Yes,123.11499999999998,-0.4245000000000001,1,3
Yes,252.347,0.5974,3,4
Yes,363.50500000000017,3.308500000000002,1,4
Yes,174.20299999999995,1.7992,0,2
Yes,207.273,2.4417199999999992,1,2
Yes,237.7299999999999,2.897800000000001,1,2
Yes,448.39400000000006,4.859300000000005,1,4
Yes,341.4070000000001,1.5253999999999999,2,5
Yes,254.285,3.1057000000000015,1,2
Yes,416.8720000000002,4.483500000000002,2,5
Yes,444.4230000000002,0.9115199999999997,3,8
Yes,179.219,2.0437,1,2
Yes,163.173,-2.9667999999999988,5,5
No,1134.987000000001,-15.230600000000031,21,35
Yes,246.194,-1.6836,3,5
No,342.297,-5.395599999999993,8,11
Yes,384.51600000000025,4.425900000000004,0,4
Yes,340.46300000000014,4.0633000000000035,0,3
Yes,312.4530000000001,3.8826000000000036,1,2
Yes,296.4100000000001,3.6126000000000023,2,2
No,811.8780000000002,3.157700000000002,4,16
Yes,414.34600000000006,3.4407000000000014,2,4
No,556.6600000000003,1.3223000000000011,6,10
Yes,410.4930000000003,3.5904200000000026,0,5
Yes,334.33200000000005,-1.6511999999999971,3,8
Yes,216.19199999999995,2.5478000000000005,0,4
Yes,167.20799999999997,0.645,3,3
No,477.0480000000002,5.088000000000005,1,3
Yes,296.153,4.743620000000003,2,2
Yes,241.29,3.7452400000000017,2,2
Yes,212.248,3.0436000000000014,0,2
Yes,296.153,4.364100000000001,2,2
Yes,297.13699999999994,4.4128000000000025,1,2
Yes,301.47400000000016,4.330500000000004,1,2
Yes,443.311,3.386700000000001,2,6
Yes,284.428,4.239400000000003,0,3
Yes,411.473,4.628100000000003,3,3
Yes,441.54900000000015,4.374260000000002,2,6
No,546.9370000000002,4.510120000000002,3,7
Yes,156.61199999999997,2.662440000000001,1,1
Yes,308.37800000000004,0.5328000000000004,4,4
Yes,359.4010000000001,2.28022,2,4
Yes,445.54500000000024,2.0781199999999993,3,6
Yes,198.31399999999994,0.7355699999999996,3,2
Yes,231.086,1.8103700000000003,3,2
Yes,122.12699999999997,0.18050000000000016,1,2
Yes,309.45300000000003,4.188600000000004,1,2
Yes,379.4350000000002,3.6784000000000026,1,3
Yes,393.4430000000002,3.405100000000002,1,7
Yes,258.229,2.309600000000001,2,4
No,649.6700000000003,6.581400000000007,2,9
No,557.6070000000001,0.8270000000000015,2,14
Yes,367.8770000000003,2.0877999999999997,2,5
Yes,313.288,3.111300000000001,2,4
Yes,389.38700000000017,0.966,2,7
No,543.5250000000003,0.0012999999999993017,6,12
No,543.5250000000003,0.0012999999999993017,6,12
Yes,151.253,1.9139,1,1
Yes,198.26899999999992,2.695800000000001,1,2
Yes,213.24400000000003,2.6613999999999995,2,5
Yes,229.261,-0.5941000000000001,2,6
Yes,234.20199999999994,2.7771,1,4
Yes,253.26199999999994,-0.895,4,7
Yes,225.20799999999997,-1.3318000000000003,3,6
Yes,167.197,0.59769,3,4
Yes,395.43400000000014,2.423800000000001,1,4
No,337.5730000000001,5.559100000000006,2,3
No,471.6850000000001,6.445800000000008,2,3
Yes,328.4120000000001,2.1353999999999997,4,4
Yes,392.4060000000002,2.0816,3,5
No,764.9500000000003,3.2473000000000014,5,13
Yes,246.19400000000002,-1.6851999999999996,3,5
No,778.9469999999999,4.753600000000004,2,11
Yes,200.23700000000002,2.9712000000000014,1,2
Yes,258.23299999999995,0.08779999999999993,1,4
Yes,361.39300000000003,4.421500000000001,0,1
No,420.63400000000024,5.114000000000006,3,3
Yes,480.64900000000034,4.943400000000005,1,6
No,747.9640000000002,2.439700000000004,4,14
No,748.9960000000001,1.9007000000000054,5,14
No,733.9370000000002,1.785600000000004,5,14
No,812.0179999999997,4.929200000000005,1,13
Yes,268.356,4.828600000000005,2,2
No,300.44200000000006,5.602600000000005,1,1
No,300.44200000000006,5.602600000000005,1,1
Yes,408.87800000000004,1.8443999999999996,4,6
No,720.9620000000001,5.905200000000005,4,9
Yes,293.4540000000001,4.867000000000004,0,1
Yes,310.48100000000005,4.869700000000004,1,1
Yes,324.4640000000001,4.048700000000004,1,2
Yes,356.44700000000006,3.159600000000001,1,5
Yes,490.6260000000003,3.0740000000000016,3,5
Yes,354.45000000000016,2.9525000000000015,1,4
Yes,249.31699999999998,2.4668,1,3
Yes,253.26900000000003,0.8334000000000001,3,7
No,461.5560000000001,5.8570000000000055,1,2
Yes,408.88200000000006,2.266300000000001,2,7
No,429.6040000000001,5.406500000000006,1,3
Yes,430.5410000000002,2.7168000000000014,2,6
Yes,206.28499999999997,3.073200000000001,1,1
Yes,376.13600000000025,4.558300000000004,1,2
No,914.187,6.180600000000006,3,13
No,847.0190000000003,4.615720000000003,5,14
Yes,300.296,-1.523199999999998,1,6
Yes,391.46700000000016,4.411120000000004,0,5
Yes,339.3660000000001,-0.3953999999999982,1,8
Yes,363.3950000000001,0.15050000000000108,4,6
Yes,171.23999999999992,1.3702999999999994,2,2
Yes,198.21799999999996,0.4272000000000001,2,4
Yes,361.39700000000005,4.112400000000003,0,5
Yes,307.28700000000003,2.2289000000000003,1,7
Yes,180.15899999999996,1.3101,1,3
Yes,384.51600000000025,4.575300000000005,0,4
Yes,370.4890000000002,4.185200000000004,0,4
Yes,404.9340000000003,4.751700000000005,0,4
Yes,386.53200000000027,4.655200000000004,0,4
Yes,416.9450000000003,4.607600000000004,0,4
Yes,371.3020000000002,-1.7444999999999975,1,10
Yes,320.324,0.6633000000000002,2,5
No,399.9660000000002,5.972400000000006,1,4
No,510.8280000000005,5.452500000000005,0,3
Yes,357.4940000000002,3.342900000000002,1,4
Yes,75.067,-0.9702999999999999,2,2
Yes,305.205,1.925,2,3
Yes,197.18999999999997,0.052200000000000135,4,4
Yes,147.13,-0.7368999999999997,3,3
Yes,387.44000000000017,1.0567999999999995,1,8
Yes,383.40800000000024,1.7845999999999997,1,8
Yes,451.4830000000003,1.7177999999999993,1,9
Yes,230.26299999999998,3.036500000000001,1,2
Yes,232.28299999999996,1.8550999999999997,2,2
Yes,318.354,2.0060000000000002,3,4
Yes,233.69899999999996,2.2509000000000006,1,3
Yes,214.052,1.157,1,3
Yes,289.37500000000006,1.9308999999999996,1,4
No,495.6390000000002,5.270900000000005,1,5
No,877.0450000000004,5.6482200000000065,6,15
Yes,305.502,3.1984000000000004,1,2
Yes,396.95300000000003,3.1496000000000013,1,2
Yes,346.33900000000006,2.1756,1,7
Yes,317.223,2.4484000000000004,1,4
No,567.7960000000003,4.747620000000004,4,6
Yes,287.35900000000004,1.8503,1,4
No,1255.4379999999994,0.7256400000000032,5,18
No,396.6590000000001,7.641000000000008,1,1
No,628.8139999999999,4.328140000000003,4,5
No,495.7450000000004,6.881900000000007,1,5
Yes,305.374,2.3743000000000007,2,4
Yes,303.358,2.0576,5,5
No,810.9889999999998,3.9909000000000034,3,12
No,824.9719999999999,3.5175000000000027,3,12
Yes,287.35900000000004,3.383000000000002,2,2
Yes,269.30800000000005,0.38260000000000005,2,4
Yes,160.17999999999998,0.9153999999999998,2,4
Yes,136.19799999999998,0.6923999999999992,2,2
Yes,380.66200000000003,0.8210000000000004,3,5
Yes,379.8910000000002,1.5976000000000001,3,5
Yes,304.217,3.377900000000002,1,2
Yes,206.332,2.7851000000000017,1,3
No,534.4910000000002,4.967800000000004,0,8
No,476.5360000000002,-5.136799999999991,6,10
No,514.6290000000004,7.2644200000000065,1,3
Yes,242.274,3.6670000000000016,1,2
Yes,251.71299999999997,2.904300000000001,1,2
Yes,244.265,3.6808000000000023,1,1
No,500.57900000000024,4.430000000000004,1,6
No,521.0500000000003,4.086800000000004,1,7
No,790.0010000000001,2.7465000000000055,4,15
No,563.6720000000004,6.121300000000007,1,6
Yes,492.68900000000025,4.255800000000003,0,6
Yes,151.165,1.3505999999999998,2,2
Yes,236.278,-1.4237999999999997,1,5
No,404.34100000000007,5.4992000000000045,0,2
No,325.496,5.341420000000006,1,2
Yes,284.363,-2.6710999999999965,2,6
Yes,405.49500000000023,1.2352000000000007,4,5
Yes,213.664,1.857,2,2
No,249.096,-1.2731999999999999,6,4
Yes,359.451,2.989420000000001,1,5
Yes,310.4660000000001,4.631100000000004,0,3
No,475.58700000000016,-3.200699999999992,8,12
Yes,224.21599999999998,-0.7090799999999999,2,4
Yes,267.245,-0.19628000000000012,2,5
Yes,470.5440000000002,2.673700000000001,2,9
Yes,430.3790000000001,2.8795800000000007,2,5
Yes,361.37300000000005,1.5439999999999998,1,5
Yes,152.149,1.1788,1,3
Yes,201.254,2.6864,1,3
Yes,262.35599999999994,2.994300000000001,1,2
No,514.5890000000003,-1.0438999999999956,2,10
No,510.4810000000003,-0.16829999999999856,2,12
No,511.5820000000002,0.8396999999999999,2,12
Yes,468.37000000000023,2.1145,3,9
Yes,144.214,2.2874,1,1
No,384.6480000000002,7.619000000000008,1,1
Yes,447.54300000000035,2.965820000000001,2,8
Yes,354.4500000000001,2.6471000000000013,2,4
No,608.6880000000004,4.171100000000004,1,10
Yes,451.61500000000024,3.193900000000001,2,4
Yes,145.16099999999997,1.9403999999999995,1,2
Yes,94.11299999999999,1.3921999999999999,1,1
Yes,325.46000000000015,2.2875200000000007,0,4
No,412.6380000000001,6.072400000000007,0,2
No,282.4679999999999,6.1085000000000065,1,1
Yes,146.21,0.25570000000000004,0,2
Yes,494.53100000000023,2.9376000000000015,1,7
Yes,402.48700000000025,2.560600000000001,1,6
Yes,494.53100000000023,2.9853000000000014,1,7
No,853.918,3.7357000000000036,4,14
Yes,108.13999999999997,1.1789,1,1
Yes,327.8150000000001,3.7714000000000025,0,4
Yes,343.8830000000001,4.1303000000000045,0,4
Yes,326.83100000000013,3.7227000000000023,1,4
Yes,266.38800000000003,3.0234000000000014,0,2
Yes,259.35299999999995,2.782700000000001,2,4
Yes,310.3350000000001,0.8768,2,7
Yes,338.45500000000015,2.841400000000001,2,2
Yes,296.5520000000001,3.6212000000000026,0,4
Yes,387.23,1.7840599999999998,3,4
Yes,412.9460000000002,3.809000000000002,1,5
Yes,357.793,3.9273200000000026,1,3
Yes,464.44400000000013,3.992480000000003,1,4
Yes,331.8680000000001,4.880900000000004,0,3
Yes,255.36100000000002,3.3542000000000023,0,2
Yes,392.4990000000001,3.410300000000002,1,5
Yes,414.41000000000025,2.4092000000000002,1,8
Yes,388.46400000000017,2.5828000000000007,1,6
Yes,176.124,-1.4073999999999995,4,6
No,182.172,-3.5854000000000004,6,6
Yes,416.4740000000002,3.0909000000000013,2,3
Yes,192.123,-1.2484999999999995,4,4
Yes,324.38000000000005,2.519000000000001,1,4
Yes,264.372,3.0839000000000016,0,2
Yes,114.17299999999999,0.7087999999999999,1,2
Yes,354.1,-1.2181000000000002,3,5
Yes,245.36599999999993,3.2997200000000024,0,2
No,532.472,4.462700000000003,0,7
Yes,310.33500000000004,0.8768,2,7
Yes,426.4880000000001,4.826600000000004,0,6
Yes,211.22400000000002,1.617,1,3
Yes,301.3940000000001,2.8145700000000007,4,3
Yes,331.35300000000007,1.5809999999999997,2,5
Yes,257.289,2.1916200000000003,1,2
Yes,269.388,3.662620000000003,0,2
Yes,383.51700000000017,2.8560000000000016,1,6
Yes,424.49700000000024,2.5731,2,5
Yes,438.5240000000003,2.5671,2,5
Yes,191.13899999999998,-1.2782000000000004,1,6
Yes,261.089,1.884,1,2
Yes,469.3910000000003,1.6899999999999993,2,10
No,501.66700000000014,5.510500000000006,3,4
Yes,195.218,0.7367000000000001,3,3
Yes,418.57400000000024,4.585600000000005,1,5
Yes,403.5260000000002,4.064700000000003,1,3
Yes,190.155,-1.0273000000000003,4,3
Yes,76.05499999999999,-0.9561000000000002,3,2
Yes,237.29899999999992,1.4525,1,4
Yes,250.33799999999997,3.573240000000002,1,2
Yes,291.391,2.3334,2,4
Yes,248.326,1.68608,2,4
No,631.8180000000003,2.0422000000000016,4,7
Yes,372.55300000000017,3.8145000000000024,2,2
Yes,190.158,1.8485999999999996,1,4
Yes,260.253,1.1077,1,4
Yes,359.26,2.667700000000001,0,6
No,454.6110000000002,5.093080000000005,0,6
Yes,285.391,2.658400000000001,0,4
Yes,228.247,2.631800000000001,1,3
Yes,233.24499999999998,-0.794999999999999,1,4
No,645.6080000000004,-8.564500000000011,14,19
Yes,376.4680000000002,2.7808000000000015,2,4
No,538.5840000000003,4.9268000000000045,1,7
No,624.8739999999999,5.458300000000006,0,8
Yes,392.4670000000002,1.8957000000000002,3,5
No,654.6059999999999,3.192800000000001,3,6
Yes,461.47100000000023,2.639820000000001,1,8
Yes,314.36600000000004,2.9644200000000005,1,4
Yes,435.8890000000002,2.5487200000000003,2,6
Yes,375.87100000000015,4.425600000000004,1,3
Yes,293.4069999999999,2.9666000000000015,0,4
Yes,341.4330000000001,0.5567000000000012,2,5
Yes,170.212,-0.12729999999999997,1,2
No,404.5040000000001,5.3852000000000055,0,2
No,584.6590000000006,-1.5149999999999972,8,12
Yes,349.31600000000003,2.1769,1,5
Yes,408.5790000000002,3.4487000000000023,4,4
Yes,122.12299999999996,1.3848,1,1
No,429.1340000000001,6.117800000000003,0,3
Yes,310.8280000000001,4.018900000000002,1,2
Yes,303.358,0.9180999999999995,1,5
Yes,198.22599999999997,-0.367,0,2
No,863.3649999999996,17.853899999999975,0,4
Yes,397.475,4.338300000000004,2,5
Yes,482.62800000000027,4.773280000000004,1,5
No,368.5240000000001,5.1070000000000055,0,2
Yes,254.24599999999998,-2.213099999999999,2,5
Yes,198.18199999999996,-1.8643999999999998,1,3
Yes,206.027,-0.9922000000000002,5,3
Yes,254.28599999999997,-0.18789999999999946,3,5
Yes,172.20900000000003,-0.08380000000000004,2,3
Yes,334.169,2.889400000000001,2,3
No,471.54600000000016,-0.7283199999999983,2,11
Yes,379.50000000000017,4.361100000000004,0,4
Yes,352.4780000000001,4.364400000000003,1,3
Yes,265.36,2.6949000000000014,1,3
Yes,308.315,2.7586000000000013,1,5
Yes,314.46900000000005,4.723500000000005,0,2
Yes,76.095,-0.6405000000000001,2,2
No,928.8030000000002,11.08549999999999,1,11
No,512.4880000000003,4.657880000000004,2,5
No,676.8690000000001,3.1846700000000006,6,9
Yes,407.5590000000002,1.7173800000000015,2,5
Yes,365.47800000000024,0.5470800000000009,2,5
No,512.4880000000003,4.657880000000004,2,5
Yes,430.57700000000017,4.665440000000004,2,4
Yes,444.60400000000016,4.973860000000004,2,4
Yes,471.5080000000001,4.462400000000003,2,5
Yes,396.4940000000001,3.9871000000000025,2,3
No,482.4650000000002,5.275500000000003,0,9
No,490.56600000000026,5.923700000000004,0,9
No,502.5740000000002,4.419700000000004,0,11
No,491.55400000000026,5.318700000000003,0,10
Yes,474.50200000000024,4.380900000000003,0,9
Yes,474.50200000000024,4.380900000000004,0,9
No,520.5920000000002,5.932300000000005,0,10
No,491.55400000000026,5.318700000000003,0,10
No,495.5420000000002,5.220120000000003,0,11
Yes,414.46800000000013,4.256700000000002,0,9
No,561.6450000000002,5.625500000000004,0,10
No,605.6980000000003,5.642100000000006,0,11
No,589.6990000000002,6.187900000000005,0,10
No,600.6820000000001,5.827700000000005,0,11
No,513.6010000000002,4.483400000000004,0,11
No,509.5440000000002,5.457800000000003,0,10
No,509.5440000000002,5.457800000000003,0,10
No,505.58100000000024,5.627120000000003,0,10
No,534.6190000000003,5.724420000000005,1,10
No,525.9990000000003,5.972100000000003,0,10
No,568.6580000000001,5.327200000000004,0,11
Yes,443.51000000000016,4.147320000000002,1,10
No,539.6390000000001,4.932720000000005,0,11
No,513.6010000000002,4.401720000000004,0,11
No,555.6380000000003,4.600000000000004,0,12
No,532.5940000000003,6.549600000000004,0,9
No,514.5850000000003,4.254700000000003,1,11
No,542.6390000000002,5.031700000000005,1,11
No,530.6030000000002,5.540320000000005,0,10
No,570.6490000000002,4.7614000000000045,1,12
No,582.582,5.273500000000003,1,11
No,588.589,6.0549000000000035,1,10
No,542.5360000000003,6.393800000000004,0,9
No,502.5930000000002,6.241500000000005,0,9
No,623.0340000000001,6.708300000000004,1,10
No,609.7300000000002,5.256900000000005,1,11
No,608.7020000000002,4.616480000000005,1,12
No,645.7630000000003,6.055000000000007,0,11
No,506.58400000000023,6.945600000000004,0,8
No,507.62200000000024,6.032000000000004,0,10
No,495.5360000000002,6.413200000000003,0,8
No,471.3360000000002,5.257520000000004,0,7
No,502.98300000000023,6.815420000000004,0,7
No,512.5470000000004,5.890720000000004,0,9
No,520.6150000000002,3.609320000000002,1,10
No,520.6150000000004,4.239120000000003,1,10
No,498.5680000000002,5.502120000000003,1,9
Yes,465.5350000000002,3.9235200000000026,1,9
No,532.6260000000003,4.919420000000004,1,9
No,491.5730000000002,5.085920000000003,1,9
Yes,447.52000000000015,4.7051200000000035,0,8
No,522.5900000000003,6.719920000000005,2,8
No,512.5950000000003,6.250460000000005,1,9
No,519.5330000000002,6.5168200000000045,1,8
No,515.5700000000003,6.686140000000004,1,8
No,587.1050000000001,6.475020000000006,0,9
No,560.6800000000003,4.796020000000005,0,10
No,475.5740000000002,5.483720000000004,0,8
No,475.5740000000002,5.483720000000004,0,8
No,504.61600000000027,4.635320000000004,0,9
Yes,435.5090000000002,4.561020000000004,0,8
No,540.6300000000002,6.848320000000004,1,10
No,516.5580000000003,6.081140000000004,1,9
No,567.6750000000002,5.525040000000005,0,10
No,586.6550000000001,5.519280000000005,0,11
No,587.6830000000002,6.159700000000004,0,10
No,615.615,6.215800000000004,1,10
No,600.6820000000001,5.909380000000005,0,11
Yes,342.35100000000006,2.5041,2,5
Yes,461.92700000000013,3.4346000000000023,1,6
Yes,462.9150000000002,2.8374000000000006,2,6
Yes,457.8950000000002,3.0686000000000018,1,6
Yes,477.97000000000025,3.5329000000000024,1,7
No,635.231,4.623200000000003,3,7
No,636.179,1.733070000000001,4,8
Yes,479.4870000000002,2.9404000000000003,2,5
Yes,497.5550000000003,3.098080000000002,1,6
No,558.5740000000002,2.3411999999999997,1,8
No,540.5840000000002,2.2020999999999997,1,8
No,533.5600000000004,2.4644000000000004,2,6
No,533.5350000000003,3.376280000000002,1,6
No,545.003,2.8469000000000015,1,7
No,510.5580000000002,2.1935000000000002,1,7
No,522.5450000000003,1.5213999999999999,1,10
Yes,333.8230000000001,2.1950000000000003,2,4
Yes,447.53900000000027,3.8110000000000026,2,5
Yes,313.4050000000001,1.7617999999999998,3,4
Yes,395.46300000000014,3.236720000000002,2,5
Yes,295.346,1.5892199999999999,3,4
Yes,389.48100000000017,1.3310199999999992,2,6
Yes,409.8990000000001,1.6759999999999993,2,6
Yes,409.8990000000002,1.6760000000000002,2,6
Yes,393.44400000000013,1.1616999999999993,2,6
Yes,393.44400000000013,1.1616999999999993,2,6
Yes,325.4160000000001,2.0828999999999995,2,5
Yes,325.4160000000001,2.0828999999999995,2,5
Yes,443.45100000000014,2.0413999999999994,2,6
Yes,443.4510000000002,2.0414,2,6
Yes,377.4700000000002,0.8818000000000001,1,5
Yes,391.45000000000016,3.4067000000000025,2,5
Yes,403.5080000000001,1.5849999999999993,2,6
Yes,389.48100000000017,1.33102,2,6
Yes,389.48100000000017,1.33102,2,6
Yes,393.44400000000013,1.1616999999999993,2,6
Yes,403.50800000000015,1.8011999999999997,2,6
Yes,376.4420000000001,0.41759999999999964,2,7
Yes,417.5350000000002,2.1460000000000004,2,6
Yes,451.5520000000002,2.6895999999999995,2,6
Yes,407.47100000000023,1.4701199999999994,2,6
Yes,407.47100000000023,1.4701199999999994,2,6
Yes,417.5350000000002,1.89342,2,6
Yes,409.8990000000001,1.6759999999999995,2,6
Yes,409.8990000000001,1.6759999999999995,2,6
Yes,405.4800000000002,1.0311999999999997,2,7
Yes,405.4800000000002,1.0311999999999997,2,7
Yes,443.4510000000002,2.0414000000000003,2,6
Yes,417.5350000000002,1.89342,2,6
Yes,316.3360000000001,1.9167,2,5
Yes,330.36300000000017,2.2251199999999995,2,5
Yes,309.373,1.93142,2,4
Yes,355.39800000000014,1.8293999999999997,2,6
Yes,354.41400000000016,1.4023999999999992,3,5
Yes,354.41400000000004,1.4023999999999994,3,5
Yes,375.4540000000002,1.0225999999999986,2,6
Yes,325.41600000000017,2.0828999999999995,2,5
Yes,325.41600000000005,2.0828999999999995,2,5
Yes,339.39900000000017,1.6094999999999993,2,5
Yes,299.3780000000001,1.5415999999999994,2,4
Yes,299.37800000000004,1.5415999999999996,2,4
Yes,337.38300000000015,1.84812,2,4
Yes,373.4380000000001,1.2612199999999993,2,5
Yes,375.4540000000001,1.0225999999999993,2,6
Yes,375.4540000000002,1.0226000000000002,2,6
Yes,437.52500000000015,2.451900000000001,2,6
Yes,437.52500000000015,2.4519,2,6
Yes,339.3990000000001,1.6094999999999997,2,5
Yes,339.3990000000001,1.6094999999999995,2,5
Yes,401.47000000000014,2.9034000000000013,2,5
Yes,401.47000000000014,2.9034000000000013,2,5
Yes,390.4690000000001,0.5272000000000009,3,6
Yes,390.46900000000016,0.5272000000000008,3,6
Yes,354.4140000000001,1.4023999999999994,3,5
Yes,355.3980000000001,1.8293999999999997,2,6
Yes,431.4960000000002,3.3998000000000026,2,6
Yes,431.4960000000002,3.3998000000000017,2,6
Yes,297.362,1.3505999999999998,3,5
Yes,353.4260000000001,1.9995999999999996,2,5
Yes,353.4260000000001,1.9995999999999996,2,5
Yes,367.45300000000015,2.2455999999999996,2,5
Yes,368.44100000000014,1.744599999999999,2,5
Yes,389.4810000000001,1.4126999999999994,2,6
Yes,389.48100000000017,1.4126999999999998,2,6
Yes,403.50800000000015,1.8011999999999988,2,6
Yes,403.50800000000015,1.8012,2,6
Yes,404.49600000000015,0.8693999999999993,2,6
Yes,397.88800000000015,1.5247999999999995,2,5
Yes,375.4540000000001,1.0225999999999993,2,6
Yes,421.49800000000016,1.940299999999999,2,6
Yes,435.5250000000002,2.3304,2,6
Yes,411.4340000000002,1.4589,2,6
Yes,443.4510000000002,1.7970000000000002,2,6
Yes,419.48200000000026,1.6943,2,6
Yes,315.3520000000001,1.4896999999999998,3,5
Yes,357.4330000000001,2.6121,2,5
Yes,357.4330000000001,2.6105,2,5
Yes,371.4600000000001,2.8581000000000003,2,5
Yes,456.5030000000002,1.9860000000000002,2,7
Yes,429.42400000000015,1.7545000000000002,2,6
Yes,359.8610000000001,2.7363,2,5
Yes,343.4060000000001,2.2219999999999995,2,5
Yes,343.4060000000001,2.2219999999999995,2,5
Yes,392.43800000000016,2.801700000000001,2,6
Yes,452.5400000000002,2.084599999999999,2,7
Yes,452.54000000000025,2.0845999999999996,2,7
Yes,357.4330000000001,2.5304200000000003,2,5
Yes,339.4430000000001,2.3913200000000003,2,5
Yes,311.38900000000007,1.65902,3,5
Yes,312.3730000000001,2.08602,2,5
Yes,316.3360000000001,1.9167,2,5
Yes,316.3360000000001,1.9167,2,5
Yes,312.3730000000001,2.08602,2,5
Yes,253.257,2.932520000000001,0,4
Yes,271.247,3.071620000000001,0,4
Yes,339.3470000000001,3.0569000000000015,0,6
Yes,369.3730000000001,3.065500000000002,0,7
Yes,285.324,3.1012000000000013,0,5
Yes,265.26800000000003,3.289200000000002,0,4
Yes,296.28200000000004,2.2131999999999996,3,4
Yes,300.27000000000004,2.853720000000001,2,4
Yes,229.26,2.916500000000001,0,4
Yes,412.4490000000001,3.8492200000000016,0,5
Yes,271.70300000000003,3.8168200000000017,0,3
Yes,301.348,4.238000000000001,0,6
Yes,216.192,2.3113,0,4
Yes,305.29,0.9575999999999998,1,7
Yes,163.13199999999995,0.4813,1,3
Yes,233.17899999999997,2.407,0,5
Yes,248.26300000000003,0.7501000000000002,2,4
Yes,453.2920000000001,4.879000000000003,2,4
Yes,401.4220000000001,4.047220000000002,0,5
Yes,352.22400000000005,3.2036000000000016,0,5
Yes,314.086,1.6616,2,3
Yes,164.16,1.9336000000000002,1,2
Yes,347.3520000000001,1.8229199999999999,1,7
Yes,363.35100000000006,1.5231000000000001,1,8
Yes,275.30400000000003,3.6724400000000017,0,4
Yes,271.341,3.787320000000002,0,4
Yes,351.31500000000005,1.6536,1,7
Yes,292.088,3.1329800000000017,0,4
Yes,170.21499999999997,2.12387,2,1
Yes,303.366,-0.4650299999999974,4,4
Yes,317.39300000000003,-0.07492999999999767,4,4
Yes,329.40400000000005,-0.07492999999999861,4,4
Yes,329.40400000000005,-0.060229999999999284,4,4
Yes,338.4560000000002,-0.5157299999999976,5,4
Yes,345.447,0.5611700000000028,4,4
Yes,352.48300000000023,-0.12562999999999747,5,4
Yes,355.4420000000001,0.7448000000000012,4,5
Yes,357.45800000000014,0.7052700000000012,4,4
Yes,361.40200000000004,-0.7495299999999967,5,5
No,362.4780000000002,-0.16932999999999765,6,4
Yes,365.437,0.8877700000000014,4,4
Yes,367.4530000000001,0.9304000000000008,4,5
Yes,367.4970000000001,1.52507,5,4
Yes,368.48100000000017,1.2263000000000006,4,4
Yes,369.46900000000016,0.7873000000000011,4,5
Yes,369.46900000000016,0.7873000000000011,4,5
Yes,371.4850000000002,1.0953700000000008,4,4
Yes,371.4850000000002,1.0953700000000008,4,4
Yes,371.4850000000001,1.11007,4,4
Yes,372.46900000000016,1.12897,4,4
Yes,359.90100000000007,2.894400000000001,3,3
Yes,375.4290000000001,-0.3594299999999968,5,5
Yes,379.46400000000006,0.757770000000002,4,4
Yes,381.48000000000013,1.051670000000001,5,4
Yes,381.48000000000013,1.3205000000000005,4,5
Yes,383.49600000000015,1.10847,4,4
Yes,385.51200000000017,1.4854700000000005,4,4
Yes,387.4400000000001,-0.3594299999999975,5,5
Yes,387.44000000000017,-0.2632299999999983,4,5
Yes,389.4590000000002,2.4004700000000003,5,3
Yes,389.88300000000015,2.1266000000000003,4,4
Yes,391.47500000000014,1.1469700000000007,5,4
Yes,391.47500000000014,1.85967,4,4
Yes,391.4750000000001,0.902270000000001,4,4
Yes,393.4910000000001,0.8338700000000014,5,4
Yes,393.4910000000001,1.2372700000000014,5,4
Yes,393.4910000000001,1.2372700000000014,5,4
Yes,393.4910000000001,1.1478700000000013,4,4
Yes,394.47900000000016,1.2261000000000002,5,5
Yes,394.47900000000016,1.2261000000000002,5,5
Yes,395.50700000000023,1.9416999999999998,3,5
Yes,395.5070000000001,1.4417700000000004,5,4
Yes,395.5070000000001,1.3600900000000025,5,4
Yes,395.5070000000001,1.312370000000001,5,4
Yes,395.5070000000001,1.3600900000000016,5,4
Yes,395.5070000000001,1.3600900000000016,5,4
Yes,399.4700000000001,1.190770000000001,5,4
Yes,399.4700000000001,1.19077,5,4
Yes,399.4700000000001,1.190770000000001,5,4
Yes,399.47000000000014,1.001270000000002,5,4
Yes,399.5390000000002,1.87557,4,4
Yes,403.48600000000016,1.6524000000000005,4,5
No,403.48300000000023,0.3261700000000023,6,5
Yes,403.48300000000006,0.27667000000000325,5,5
Yes,405.5020000000002,1.5370700000000004,5,4
Yes,405.5020000000001,1.5370700000000004,5,4
Yes,405.5020000000001,0.9300700000000017,4,4
Yes,406.4900000000001,1.0083000000000006,5,5
Yes,406.4900000000002,1.293,4,6
No,406.4900000000002,1.142870000000001,6,4
Yes,407.5180000000002,1.0945700000000014,5,4
Yes,407.51800000000014,1.627370000000001,5,4
Yes,407.51800000000014,1.6273700000000002,5,4
Yes,407.51800000000014,1.5379700000000014,4,4
Yes,409.4900000000001,1.0477000000000016,5,5
No,409.4900000000001,0.3412700000000019,6,5
Yes,409.53400000000016,1.668510000000001,5,4
Yes,409.5340000000001,1.6685100000000017,5,4
Yes,411.50600000000014,1.0602700000000027,5,5
Yes,411.50600000000014,1.0602700000000027,5,5
Yes,411.50600000000014,1.0602700000000027,5,5
Yes,413.5220000000003,1.2727700000000013,4,4
Yes,415.9250000000001,1.7050699999999996,5,4
Yes,415.9250000000001,1.7050699999999996,5,4
Yes,415.9250000000001,1.7050699999999996,5,4
Yes,415.4940000000002,0.42077000000000186,5,5
Yes,417.4600000000001,1.32987,5,4
Yes,417.4600000000001,1.32987,5,4
Yes,417.4600000000001,1.32987,5,4
Yes,417.4600000000001,1.32987,5,4
Yes,417.51300000000015,1.6802000000000001,4,5
Yes,417.51300000000015,2.0836000000000006,4,5
Yes,417.51300000000015,2.0836000000000006,4,5
Yes,417.51300000000015,1.6802000000000001,4,5
Yes,417.51300000000015,1.8147699999999996,5,4
Yes,417.51300000000015,1.8147699999999996,5,4
No,417.51000000000005,0.7146700000000019,6,5
Yes,417.5100000000001,0.5423700000000025,5,6
Yes,417.5100000000003,0.6683700000000021,5,5
No,418.50100000000015,1.2873700000000015,6,4
Yes,423.5420000000002,1.876269999999999,5,5
Yes,423.47300000000007,0.603270000000002,5,5
No,423.51700000000017,0.7313700000000007,6,5
Yes,428.53700000000026,0.21157000000000203,5,5
Yes,429.9520000000001,2.013489999999999,5,4
No,429.52100000000036,0.8587700000000016,6,5
Yes,429.52100000000024,0.9070700000000005,4,5
No,431.5370000000001,1.104770000000002,6,5
Yes,431.5370000000003,1.056870000000001,5,5
Yes,435.57200000000023,2.2350700000000003,5,4
Yes,437.5000000000001,0.4732700000000021,5,5
No,439.5160000000002,0.767170000000003,6,5
Yes,441.5320000000002,1.0688700000000029,5,6
Yes,441.5320000000002,1.0688700000000027,5,6
Yes,441.53200000000027,0.9054700000000007,4,5
Yes,443.5480000000003,1.2009700000000003,5,5
Yes,443.54800000000023,1.2009700000000012,5,5
No,445.52000000000027,0.5164700000000007,6,6
Yes,445.56400000000036,1.4469700000000014,5,5
Yes,450.3700000000002,2.3584700000000005,5,4
Yes,449.47700000000015,2.0704699999999994,5,4
Yes,449.47700000000015,2.0704699999999994,5,4
Yes,449.5110000000002,0.6992700000000016,4,5
Yes,449.5990000000003,2.62517,5,4
No,451.5270000000002,0.549370000000003,6,5
Yes,451.52700000000016,0.8633700000000017,5,5
Yes,451.61500000000024,2.87277,5,4
Yes,451.61500000000024,2.72867,5,4
Yes,457.5750000000003,1.5910700000000009,5,5
No,460.58200000000016,2.210870000000001,6,4
Yes,463.5380000000002,0.6455700000000024,5,5
Yes,463.6260000000003,3.01527,5,4
Yes,465.5540000000002,1.2534700000000016,5,5
Yes,467.6390000000002,2.535490000000001,4,5
Yes,471.6050000000002,2.882769999999999,5,4
Yes,472.5930000000002,2.2777699999999994,5,5
Yes,473.4990000000002,2.9168000000000003,4,5
Yes,485.6290000000003,3.051470000000002,4,5
Yes,487.5260000000002,3.259000000000002,3,5
No,473.6210000000002,3.06177,6,5
Yes,475.6120000000002,3.4952700000000005,5,4
Yes,495.66800000000023,2.8893700000000013,5,6
No,496.6590000000002,3.8374700000000006,6,4
No,545.6400000000002,2.3461700000000008,6,6
No,547.7030000000002,4.549770000000002,5,4
No,556.7110000000004,2.7193700000000005,5,6
No,559.6670000000003,2.4345700000000017,5,7
No,569.7540000000002,2.634570000000002,5,6
No,584.7210000000002,2.355170000000002,5,6
Yes,457.5750000000003,1.5910700000000009,5,5
Yes,429.52100000000024,0.8108700000000015,5,5
No,397.4790000000001,1.0717700000000012,6,5
Yes,385.5120000000002,1.4854700000000003,4,4
Yes,394.47900000000016,1.2261000000000002,5,5
Yes,420.51700000000017,1.0187000000000008,4,5
Yes,408.3290000000002,3.0744000000000007,3,3
Yes,315.37700000000007,-0.3209299999999986,4,4
No,403.48300000000023,0.4539700000000013,6,5
Yes,379.46400000000017,1.5184699999999993,5,4
Yes,383.49600000000015,1.3616400000000008,4,5
Yes,385.4680000000002,0.6236000000000007,4,6
No,510.6420000000002,3.36407,6,4
Yes,461.99000000000024,2.8363000000000005,3,6
Yes,407.51800000000014,1.627370000000001,5,4
Yes,421.5450000000002,1.9357900000000003,5,4
No,569.7540000000002,2.634570000000002,5,6
No,539.6440000000002,2.06287,6,7
Yes,439.5190000000002,3.5536700000000003,5,3
Yes,421.4760000000001,2.8479900000000002,5,3
No,531.6570000000004,2.25387,6,6
No,505.0150000000004,1.2983999999999998,5,6
Yes,419.4850000000001,2.40907,5,4
Yes,403.48600000000005,2.7088900000000002,5,3
Yes,465.5570000000002,4.067470000000001,5,3
Yes,421.5450000000002,1.9357900000000003,5,4
Yes,401.8940000000001,2.312200000000001,4,4
Yes,369.46900000000016,1.0532200000000014,4,5
Yes,369.46900000000005,1.0532200000000016,4,5
Yes,369.46900000000016,1.053220000000001,4,5
Yes,418.8810000000002,2.3292,3,5
Yes,407.5180000000002,1.545690000000001,5,4
Yes,421.54500000000024,1.9357900000000003,5,4
Yes,421.54500000000024,1.9357900000000003,5,4
No,633.8190000000001,1.9643700000000033,5,7
Yes,411.5060000000002,1.0602700000000023,5,5
Yes,407.51800000000014,1.545690000000001,5,4
Yes,395.5070000000002,1.6289200000000006,4,5
Yes,415.92100000000016,2.6206200000000006,4,4
Yes,367.4530000000001,0.9304000000000008,4,5
No,537.6640000000003,3.7415700000000003,6,5
Yes,395.50700000000023,1.5472400000000004,4,5
Yes,451.52700000000016,1.6345700000000007,5,6
No,527.6250000000002,3.204970000000002,5,6
Yes,493.6080000000002,2.8048699999999993,5,6
Yes,367.45300000000015,1.2154999999999996,4,5
Yes,423.51700000000017,1.245870000000002,5,5
Yes,479.5810000000002,2.41477,5,6
Yes,451.5270000000002,1.1366000000000012,4,6
Yes,381.48000000000013,1.2388200000000007,4,5
Yes,385.4680000000001,0.7534000000000023,4,6
Yes,373.43200000000013,0.8839000000000004,4,5
No,514.6300000000003,1.9816700000000012,6,5
Yes,442.9470000000001,2.5649999999999995,4,4
Yes,382.46800000000013,0.44667000000000096,5,5
Yes,365.4770000000001,2.3433,3,3
Yes,394.4790000000001,0.6322700000000019,5,5
Yes,395.46300000000014,0.4471000000000015,4,5
Yes,479.0020000000002,1.9781000000000006,4,5
Yes,389.88700000000017,1.3981999999999997,4,5
Yes,461.48800000000017,2.2560699999999994,5,4
No,422.53300000000013,0.6959700000000033,6,5
Yes,418.50100000000015,1.1089500000000012,5,5
Yes,434.3340000000001,2.2357,4,4
Yes,369.46900000000016,0.6213000000000007,4,5
Yes,427.57400000000024,1.5968000000000009,4,6
Yes,395.5070000000002,1.3139200000000002,4,5
Yes,395.5070000000002,1.3139200000000002,4,5
Yes,407.51800000000014,1.312370000000001,5,4
Yes,407.51800000000014,1.312370000000001,5,4
Yes,407.4990000000002,2.5288700000000004,4,5
Yes,403.9100000000002,1.9132999999999991,4,4
No,568.8890000000001,3.374970000000002,5,6
Yes,395.5070000000001,1.4417700000000009,5,4
Yes,407.51800000000014,1.6273700000000002,5,4
Yes,410.5220000000002,0.6975200000000021,5,6
Yes,493.6080000000002,2.6607700000000003,5,6
Yes,465.55400000000014,2.0246700000000004,5,6
Yes,390.4470000000001,1.7954699999999997,5,4
Yes,355.4420000000001,0.7448000000000012,4,5
Yes,445.56700000000023,2.78212,4,5
Yes,415.92100000000016,2.62062,4,4
Yes,403.9100000000002,2.43502,4,4
Yes,411.4810000000001,1.3763700000000003,5,4
Yes,402.8820000000001,1.2949000000000006,4,4
Yes,421.54500000000013,1.7996700000000005,5,4
Yes,409.53400000000016,1.80122,4,5
Yes,395.5070000000002,1.3139200000000002,4,5
No,519.5240000000002,2.567070000000001,5,6
Yes,407.51800000000014,1.312370000000001,5,4
Yes,429.9480000000002,2.695720000000001,4,4
Yes,395.5070000000002,1.6289200000000006,4,5
Yes,446.55500000000023,1.724720000000001,4,6
Yes,397.47900000000016,0.9026200000000009,4,6
Yes,391.4750000000001,1.8295000000000003,4,4
No,515.6580000000002,3.02097,6,5
Yes,398.8940000000002,2.29268,3,4
Yes,380.44800000000015,1.3448799999999996,4,5
Yes,435.5720000000002,2.3606700000000007,5,4
Yes,480.99600000000027,3.106520000000001,4,5
Yes,463.5040000000002,2.33272,4,5
No,503.64700000000033,3.022520000000002,5,6
Yes,477.4870000000002,1.8593200000000005,4,5
Yes,477.4870000000002,1.8593200000000005,4,5
Yes,409.5340000000002,1.70402,4,5
Yes,395.5070000000001,1.4928000000000008,4,5
Yes,445.56700000000023,2.4671200000000004,4,5
Yes,427.9400000000001,1.8700999999999997,3,6
No,473.57700000000017,1.9800700000000009,6,5
No,501.6310000000002,2.630869999999999,6,5
Yes,429.9520000000002,1.9673200000000004,4,5
Yes,425.92000000000013,2.4829000000000008,4,4
No,487.6480000000002,3.1042700000000005,6,5
Yes,423.5610000000002,1.9307600000000005,4,5
No,447.5430000000002,0.997570000000003,6,5
Yes,399.92200000000014,2.91502,3,3
Yes,439.9470000000002,2.558,4,4
No,438.53200000000015,0.2972700000000028,6,5
Yes,356.43000000000006,0.2585000000000021,5,5
Yes,409.5340000000002,1.6223400000000012,4,5
Yes,445.56700000000023,2.4671200000000004,4,5
No,520.0770000000002,3.5786700000000007,5,4
Yes,485.6320000000002,2.9252699999999994,5,4
Yes,440.9350000000002,2.0016999999999996,3,5
Yes,445.56700000000023,2.78212,4,5
Yes,446.55500000000023,1.8621200000000002,4,6
Yes,409.53400000000016,1.8749199999999997,4,5
No,542.6840000000003,2.8836700000000013,6,5
Yes,355.4420000000001,0.7448000000000012,4,5
Yes,410.5220000000002,0.5671200000000014,4,6
Yes,424.54900000000026,0.8755400000000021,4,6
Yes,489.6200000000003,2.6324200000000015,5,6
Yes,474.4030000000002,2.0764200000000006,4,5
Yes,471.60500000000025,2.980920000000001,4,5
No,569.628,3.823870000000001,5,5
Yes,409.5340000000002,1.70402,4,5
Yes,409.5340000000002,1.70402,4,5
Yes,448.3610000000002,2.54412,4,4
No,516.0450000000003,4.225000000000001,4,4
Yes,472.59300000000025,2.37592,4,6
Yes,401.89800000000014,1.5838000000000003,4,5
Yes,457.5780000000002,2.905820000000001,4,5
Yes,457.5780000000002,2.905820000000001,4,5
Yes,478.62200000000024,2.4374200000000004,4,7
Yes,424.9320000000001,3.087900000000001,4,3
Yes,443.97500000000025,3.0858200000000013,4,4
Yes,401.8940000000001,2.3122000000000007,4,4
Yes,429.9480000000002,3.0107200000000014,4,4
Yes,391.4750000000001,1.6009000000000004,3,4
Yes,392.4630000000001,1.7208199999999994,4,5
No,530.6730000000003,2.8852200000000012,5,6
Yes,443.97500000000025,3.0041400000000014,4,4
Yes,480.00800000000027,3.848920000000003,4,4
Yes,467.9610000000002,1.6573999999999995,3,6
Yes,474.4030000000002,2.0764200000000006,4,5
Yes,471.60500000000025,2.980920000000001,4,5
No,508.8440000000002,3.458220000000002,4,4
Yes,494.0390000000002,3.537720000000003,4,5
Yes,426.52100000000013,0.2988200000000023,5,6
Yes,439.60400000000027,2.87432,4,5
Yes,494.03900000000016,3.825500000000001,4,4
Yes,449.59900000000033,2.5814199999999996,4,5
Yes,451.6150000000003,2.6114200000000007,4,5
No,572.7100000000003,2.356720000000002,4,7
Yes,452.55900000000014,0.5595200000000022,5,6
Yes,395.5030000000001,2.27564,4,4
Yes,426.9080000000001,1.8779,4,5
No,518.0210000000002,2.8106,3,6
Yes,410.90500000000014,2.4782800000000007,3,4
Yes,428.9200000000002,1.7055000000000002,4,4
Yes,487.60400000000027,3.0072200000000002,4,6
Yes,406.4900000000002,1.288920000000001,5,5
Yes,407.47400000000016,1.6766,4,6
Yes,478.5970000000004,1.4407200000000009,4,6
Yes,490.00700000000023,3.7112000000000007,4,4
No,516.0450000000003,4.225000000000001,4,4
Yes,453.93400000000014,1.5823000000000003,3,6
Yes,436.33900000000017,2.9656000000000016,4,4
No,514.6050000000004,2.9917000000000016,4,6
No,532.6200000000002,2.2189200000000007,5,6
Yes,453.5430000000003,1.425920000000001,4,6
Yes,477.63400000000024,3.042420000000001,4,6
Yes,423.5420000000002,2.0223199999999997,4,6
No,506.0460000000003,4.362720000000003,4,4
No,544.0590000000001,3.3244000000000007,3,6
No,518.6370000000004,2.5787200000000006,5,6
No,545.047,2.7194000000000003,3,7
No,605.0740000000001,2.5624000000000002,4,7
Yes,471.60500000000025,2.980920000000001,4,5
Yes,455.5590000000003,1.3311200000000016,4,7
No,546.5200000000003,5.077620000000004,4,5
No,584.533,4.039300000000002,3,7
No,512.0790000000003,3.695820000000003,4,6
Yes,467.57000000000033,1.8160200000000006,4,6
No,509.65100000000047,2.986320000000001,4,6
Yes,423.5610000000002,2.0925200000000013,4,5
No,518.0210000000002,2.8106,3,6
Yes,490.00700000000023,3.7112000000000007,4,4
Yes,496.01500000000016,2.27424,3,6
Yes,425.92000000000013,2.4829000000000008,4,4
Yes,439.94700000000006,2.79132,4,4
No,528.0130000000003,1.6745999999999996,3,8
Yes,478.5970000000004,1.159820000000002,4,6
Yes,465.3520000000002,1.0644200000000008,4,7
Yes,464.3970000000003,2.6207200000000004,4,5
Yes,463.55700000000024,2.6062200000000004,4,5
No,531.5010000000001,3.3515200000000025,4,5
Yes,406.4900000000001,1.4117000000000004,5,5
Yes,467.9610000000002,1.9723999999999997,3,6
Yes,485.6320000000003,2.904720000000001,4,5
Yes,420.5170000000002,1.1856000000000009,4,6
Yes,420.5170000000002,1.1856000000000009,4,6
Yes,487.60400000000027,3.1062200000000013,4,6
Yes,470.5770000000003,2.3388,4,6
Yes,480.0120000000003,3.1205200000000017,4,5
Yes,439.9470000000002,2.873000000000001,4,4
Yes,391.4750000000001,1.6008999999999995,3,4
Yes,464.3970000000003,2.6207200000000004,4,5
No,526.4390000000002,2.074919999999999,3,6
Yes,447.5430000000002,1.31242,3,6
Yes,486.41400000000016,2.17262,3,5
Yes,481.5970000000004,2.2061200000000003,4,6
No,509.6510000000003,2.6846200000000007,3,7
Yes,409.5340000000002,1.9711200000000004,3,5
Yes,439.9470000000001,2.4933000000000014,3,4
Yes,464.3970000000003,2.6207200000000004,4,5
Yes,464.3970000000003,2.6207200000000004,4,5
Yes,476.37500000000017,1.6651200000000002,4,6
Yes,397.47900000000016,0.9026200000000009,4,6
Yes,413.4970000000002,1.4530200000000004,4,5
Yes,450.3660000000002,3.0407000000000015,4,4
Yes,453.57200000000023,1.3186200000000003,4,8
Yes,453.97400000000016,2.5684000000000005,3,4
No,508.84800000000024,2.729820000000001,4,5
Yes,474.4030000000002,2.0764200000000006,4,5
Yes,475.5930000000003,2.4757200000000017,4,6
Yes,435.9810000000002,2.0288200000000005,4,6
No,513.9480000000002,2.865920000000001,4,6
Yes,470.42200000000025,3.410620000000002,4,5
Yes,436.94300000000015,3.1548000000000016,3,4
Yes,451.59600000000023,2.52862,4,6
Yes,447.94200000000023,2.1064200000000004,4,5
Yes,487.0290000000003,2.57702,4,7
Yes,435.9810000000002,2.02882,4,6
Yes,470.3710000000001,2.5920000000000005,4,4
Yes,391.4750000000001,1.8294999999999997,4,4
No,536.9020000000002,3.4621200000000014,3,5
No,500.44100000000014,2.5627199999999997,3,5
No,508.8480000000002,2.729820000000001,4,5
Yes,391.4750000000001,2.3258199999999998,4,4
Yes,468.9890000000002,2.27182,3,5
Yes,410.52200000000016,1.0173400000000008,4,6
Yes,437.50400000000025,0.8501200000000009,4,8
Yes,408.5270000000001,2.562900000000001,3,5
Yes,405.5020000000001,1.9045999999999996,4,4
No,520.0050000000005,2.29352,4,6
No,506.4090000000002,3.360900000000001,3,4
Yes,459.9780000000002,1.9759200000000006,4,6
Yes,468.0010000000002,2.876820000000002,3,4
Yes,488.4190000000002,3.221800000000001,3,4
Yes,475.59300000000025,2.47572,4,6
Yes,459.5940000000003,2.7755400000000003,4,5
No,521.6120000000003,3.205020000000001,4,5
Yes,421.54500000000024,1.8030200000000003,4,5
No,532.8700000000001,3.3309000000000006,3,4
No,514.8770000000002,2.7913200000000007,4,6
No,564.4450000000003,3.1579000000000015,3,5
Yes,407.51800000000014,1.627370000000001,5,4
Yes,407.51800000000014,1.627370000000001,5,4
Yes,407.51800000000014,1.627370000000001,5,4
Yes,478.94400000000013,2.151819999999999,2,7
Yes,450.9300000000001,3.0524199999999997,3,5
Yes,442.5230000000002,2.6531199999999995,3,6
Yes,431.50000000000017,1.9812199999999993,4,6
Yes,470.3710000000001,2.5920000000000005,4,4
Yes,457.9370000000002,2.6971,4,4
Yes,391.4750000000001,1.8294999999999997,4,4
Yes,423.5610000000002,2.3612200000000003,3,5
Yes,488.4300000000002,2.4186199999999998,3,5
No,592.9370000000001,4.604600000000002,2,6
No,599.1530000000002,4.360040000000002,3,7
No,568.1210000000001,1.6876200000000001,2,7
Yes,485.97100000000023,1.9982200000000003,3,6
Yes,499.99800000000033,2.0866199999999995,2,7
No,593.5550000000002,2.4402200000000014,2,8
No,619.593,2.972820000000002,2,8
No,598.1030000000001,1.4820200000000003,3,8
No,592.1170000000003,1.5014200000000004,2,9
No,598.0210000000005,2.3800200000000014,3,8
No,590.1450000000001,2.0893,2,8
No,590.1450000000001,2.0893,2,8
No,671.625,-0.20179999999999704,3,8
No,594.115,2.607500000000001,2,8
No,644.603,3.108800000000002,2,8
No,619.593,2.8367000000000018,2,8
No,633.62,3.2252000000000023,2,8
No,606.144,1.0600999999999998,3,9
No,606.144,1.0600999999999998,3,9
No,606.144,1.0600999999999998,3,9
No,592.1610000000002,1.6696199999999999,3,9
No,692.1560000000004,1.9128200000000009,4,10
No,614.5950000000003,1.7013200000000004,3,9
No,635.186,1.1968000000000008,3,9
No,578.1340000000002,1.3612,3,9
No,578.1340000000002,1.3612,3,9
No,641.6650000000002,2.352300000000001,2,9
No,651.2290000000003,1.6313000000000013,3,10
No,633.214,1.6294000000000006,2,9
No,633.214,1.6294000000000006,2,9
No,665.2120000000003,1.0154000000000034,3,10
No,655.692,2.742400000000002,2,9
No,610.1139999999999,1.5782999999999991,3,9
No,660.6019999999999,2.0795999999999997,3,9
No,660.6019999999999,2.0795999999999997,3,9
No,646.5749999999999,1.8256199999999994,3,9
No,738.163,2.2910999999999997,4,10
No,646.5749999999999,2.0371,3,9
No,646.5749999999999,2.0371,3,9
No,672.6569999999998,3.7449000000000026,2,8
Yes,456.9300000000001,4.195870000000003,2,4
No,520.964,5.126600000000004,1,4
Yes,470.95700000000016,4.246900000000003,1,4
No,451.35700000000014,5.212700000000004,1,3
No,520.964,5.126600000000004,1,4
Yes,487.4120000000002,4.761200000000004,1,3
Yes,487.4120000000002,4.761200000000004,1,3
Yes,481.02100000000013,4.982030000000004,2,4
No,520.964,5.126600000000004,1,4
Yes,473.38500000000016,4.710170000000003,2,4
No,521.8570000000002,5.414600000000004,1,4
Yes,482.9930000000001,4.116400000000003,1,4
No,495.0480000000002,5.033060000000004,1,4
Yes,470.95700000000016,4.246900000000003,1,4
No,520.964,5.126600000000004,1,4
Yes,487.4120000000002,4.761200000000004,1,4
Yes,487.4120000000002,4.761200000000004,1,4
Yes,452.96700000000016,4.107800000000004,1,4
No,503.0270000000002,5.261000000000005,1,4
No,538.0160000000002,6.270200000000004,0,4
Yes,468.9660000000002,4.065370000000002,2,5
Yes,484.9840000000002,4.589100000000005,0,3
Yes,474.3690000000002,4.895400000000004,1,4
No,463.79600000000016,5.938620000000005,1,3
Yes,452.96700000000016,4.365190000000003,2,4
No,501.43900000000025,5.103400000000005,0,3
Yes,466.9940000000001,4.416220000000004,1,4
No,505.4020000000002,4.900300000000004,1,4
Yes,487.4120000000002,4.761200000000004,1,4
Yes,426.51600000000036,4.599620000000004,0,4
No,347.5430000000001,5.240600000000005,2,2
No,349.5590000000001,5.464600000000005,2,2
Yes,463.6220000000004,4.684300000000004,0,4
No,370.57700000000017,7.251100000000008,1,2
No,506.6640000000004,9.105400000000003,0,5
No,324.50800000000004,6.924040000000008,1,1
No,308.509,7.218440000000007,0,0
No,384.6040000000002,7.554100000000008,0,2
No,384.6040000000002,7.554100000000008,0,2
No,372.5490000000002,6.264000000000007,1,3
No,354.57800000000015,7.545500000000008,0,1
No,367.4920000000001,5.499700000000005,0,2
No,269.47299999999996,5.213700000000005,1,1
No,297.527,5.9923000000000055,1,1
No,337.59200000000016,6.916600000000007,1,1
No,361.57000000000016,5.894700000000006,1,2
No,381.5190000000001,5.8898000000000055,0,2
No,361.57000000000016,5.582800000000006,1,2
No,381.5190000000001,5.8898000000000055,0,2
No,367.4920000000001,5.499700000000005,0,2
No,361.5700000000001,5.4866000000000055,2,2
No,361.57000000000016,5.630700000000005,2,2
No,375.59700000000015,5.876700000000006,2,2
No,351.49000000000007,5.795680000000005,1,3
No,468.68200000000036,6.358200000000006,2,4
No,314.46900000000005,5.735800000000006,1,2
No,381.5600000000002,6.7547800000000064,1,3
No,367.53300000000013,6.364680000000006,1,3
No,459.6300000000002,7.401680000000009,1,4
Yes,461.34500000000014,4.354920000000004,0,4
Yes,447.3620000000001,4.828320000000005,0,4
Yes,426.9000000000001,3.701520000000002,0,4
Yes,433.33500000000004,4.785820000000005,0,4
Yes,425.48500000000035,1.8313999999999997,1,6
No,400.4690000000001,5.120700000000006,1,2
Yes,468.1450000000002,3.3894000000000024,2,3
No,310.437,5.727820000000007,1,2
No,388.5920000000002,6.303400000000009,2,3
No,376.5810000000002,5.657300000000008,3,3
Yes,322.4080000000001,3.672200000000002,1,2
Yes,396.48700000000014,4.079500000000003,1,4
Yes,294.35400000000004,2.8920000000000012,1,2
Yes,336.43500000000006,4.062300000000003,1,2
Yes,364.48900000000015,4.842500000000005,1,2
Yes,372.4150000000001,4.340500000000003,1,2
Yes,365.4330000000003,1.8142,1,4
Yes,393.48700000000025,2.4310400000000003,1,4
Yes,342.3980000000001,3.6822000000000026,1,2
No,378.51600000000013,5.069240000000005,1,2
Yes,308.3810000000001,3.2821000000000016,1,2
Yes,401.41300000000035,2.0924,1,4
No,522.2810000000001,6.367500000000005,1,2
Yes,323.3960000000001,2.0435999999999996,1,3
Yes,363.4610000000003,2.967900000000001,1,3
No,508.25400000000013,5.977400000000005,1,2
Yes,386.4420000000001,4.7306000000000035,1,2
Yes,364.48900000000015,4.679140000000004,1,2
No,366.54500000000013,7.243120000000008,1,2
No,352.5620000000001,7.739020000000008,1,1
No,523.2250000000003,3.3392000000000017,1,4
No,494.22700000000015,5.587300000000004,1,2
No,476.83500000000015,7.212620000000006,0,2
No,462.8080000000001,6.870420000000005,1,2
No,489.8340000000002,6.184620000000005,1,3
No,448.78100000000023,6.562000000000004,1,2
No,457.74800000000016,6.455220000000003,1,3
No,449.7690000000002,5.630200000000004,1,3
Yes,479.5770000000004,2.804620000000001,1,6
No,327.4270000000001,5.743920000000005,0,1
No,430.67900000000014,7.216200000000008,1,4
Yes,292.3380000000001,2.644400000000001,1,2
No,291.394,5.062500000000004,0,1
Yes,252.27300000000002,1.7696,2,2
No,362.51300000000015,6.329000000000007,1,2
No,424.63100000000026,6.684200000000007,1,4
No,314.469,5.846500000000006,2,2
No,355.4810000000001,6.524120000000006,0,1
No,368.5610000000002,6.861000000000007,1,2
No,348.4420000000001,5.234100000000004,1,3
No,376.5810000000002,5.657300000000008,3,3
No,334.4590000000001,5.593900000000005,1,2
No,466.82100000000014,6.568000000000005,1,4
No,466.82100000000014,6.568000000000004,1,4
No,523.6790000000001,5.868800000000004,1,4
No,459.37700000000035,5.293820000000005,1,4
No,497.3480000000001,6.304020000000004,1,3
No,464.78400000000016,5.333620000000004,1,4
No,449.7690000000001,5.5485200000000034,1,3
No,477.8230000000001,6.328720000000005,1,3
Yes,465.76800000000014,4.784920000000004,1,4
No,448.7810000000002,6.480320000000004,1,2
No,462.8080000000001,6.870420000000005,1,2
No,476.83500000000015,7.260520000000005,1,2
No,478.80700000000013,5.841220000000005,2,3
No,464.7800000000001,5.404820000000004,1,3
No,496.82500000000016,7.006420000000005,0,2
No,474.8190000000001,6.726320000000005,1,2
No,452.7690000000001,6.267820000000004,1,3
No,538.7840000000002,7.756720000000004,1,2
No,436.7700000000001,6.289920000000004,0,2
No,437.75400000000013,6.763220000000005,0,3
No,484.21400000000017,6.283600000000003,1,3
No,528.6650000000002,6.392700000000003,1,3
No,474.7790000000001,5.501880000000004,1,4
No,481.7860000000002,6.099700000000004,1,3
No,463.79600000000016,5.938620000000005,1,3
No,523.6790000000001,5.868800000000004,1,4
No,477.8230000000001,6.192600000000005,1,3
No,463.79600000000016,5.938620000000005,1,3
No,508.2470000000001,6.047720000000004,1,3
No,447.3410000000001,5.424320000000004,1,3
Yes,465.76800000000014,4.691300000000004,1,4
No,416.3080000000001,5.446100000000004,1,4
Yes,360.46100000000007,3.884800000000003,1,3
Yes,345.4460000000001,4.380200000000004,0,2
Yes,359.473,4.816600000000004,1,2
Yes,388.5150000000001,4.5016400000000045,1,3
Yes,373.50000000000006,4.997040000000005,0,2
No,429.3510000000001,5.191600000000005,1,3
No,428.36300000000006,6.123400000000005,1,2
No,415.32400000000007,5.181200000000004,2,3
No,463.79600000000016,5.845000000000004,1,3
No,462.8080000000001,6.776800000000005,1,2
No,501.74700000000024,8.104680000000004,0,3
No,467.3020000000002,7.451280000000005,0,3
No,481.3290000000002,7.759700000000004,0,3
No,511.8360000000002,7.704500000000006,1,3
No,547.8160000000003,7.982700000000006,1,3
No,561.8430000000003,8.372800000000003,1,3
No,396.8770000000001,6.519680000000005,0,3
No,465.7670000000002,7.8264800000000045,0,3
Yes,296.39500000000004,2.6668000000000003,1,2
Yes,324.449,3.447000000000002,1,2
Yes,324.449,3.302900000000001,1,2
Yes,366.53000000000003,4.617300000000004,1,2
No,380.5570000000001,5.007400000000005,1,2
Yes,352.50300000000004,4.227200000000003,1,2
Yes,340.44800000000004,2.6834000000000007,1,3
Yes,326.42100000000005,2.029299999999999,2,3
Yes,358.46600000000007,3.847100000000002,1,2
Yes,372.49300000000005,3.8896000000000024,1,2
Yes,393.339,4.609700000000004,1,2
No,435.42000000000013,5.9241000000000055,1,2
No,449.44700000000006,6.314200000000006,1,2
No,427.3560000000001,5.153900000000003,1,2
No,441.38300000000004,5.196400000000003,1,2
Yes,454.187,4.191800000000002,1,2
Yes,468.21400000000006,4.580300000000003,1,2
Yes,482.24100000000004,4.972000000000004,1,2
Yes,482.24100000000004,4.827900000000003,1,2
No,524.322,6.142300000000005,1,2
No,538.349,6.532400000000006,1,2
Yes,466.19800000000004,4.3579000000000025,1,2
No,516.258,5.372100000000003,1,2
No,530.2850000000001,5.414600000000004,1,2
No,576.241,4.656200000000004,1,2
No,560.198,4.042100000000002,1,2
Yes,466.1730000000001,4.807100000000004,1,2
No,500.19000000000017,5.207200000000003,1,2
No,560.1730000000001,4.491300000000003,1,2
No,544.1300000000001,3.877200000000003,1,2
No,386.5760000000002,6.2235000000000085,2,3
Yes,419.93800000000005,2.5253000000000014,1,4
Yes,447.99200000000013,3.305500000000002,1,4
Yes,447.99200000000013,3.3039000000000023,1,4
Yes,433.9650000000001,2.9154000000000018,1,4
Yes,445.97600000000006,3.0595000000000017,1,4
Yes,474.03000000000003,3.8397000000000023,1,4
Yes,488.0570000000001,4.229800000000004,1,4
Yes,478.04300000000006,3.012500000000002,1,5
Yes,448.9800000000001,2.7005000000000017,1,5
Yes,476.0460000000001,4.084100000000002,1,4
Yes,462.01900000000006,3.6956000000000024,1,4
Yes,460.0030000000001,3.449600000000002,1,3
Yes,461.9750000000001,2.2959000000000014,1,5
No,510.0410000000001,1.6941000000000013,1,6
Yes,460.0030000000001,3.449600000000002,1,3
Yes,460.0030000000001,3.449600000000002,1,3
No,466.6850000000003,7.620000000000008,0,2
No,453.66700000000026,7.465700000000008,1,3
No,395.5870000000001,7.476400000000007,2,2
No,464.6940000000003,7.607400000000008,1,3
No,437.66800000000023,7.499600000000007,1,2
No,445.68800000000016,7.400000000000008,1,3
No,445.68800000000016,7.400000000000008,1,3
No,415.6620000000001,7.391400000000008,1,2
No,401.63500000000005,7.3489000000000075,1,2
No,387.608,7.671200000000009,1,2
Yes,388.51100000000014,4.999100000000005,1,2
No,420.59700000000026,5.670500000000006,1,2
Yes,392.5430000000002,4.746200000000004,1,2
Yes,392.54300000000023,4.890300000000004,1,2
No,384.47900000000016,5.597200000000004,1,2
Yes,422.5174336000002,1.7062,0,6
Yes,268.34100000000007,2.649000000000001,1,2
No,350.4620000000001,5.166900000000005,0,2
Yes,252.27300000000002,2.4841000000000006,1,2
Yes,328.37100000000004,3.686600000000002,1,2
Yes,404.49100000000016,4.583200000000003,0,4
No,372.4930000000001,5.182840000000004,0,2
No,596.2310000000001,5.775200000000003,0,2
No,502.2310000000001,6.091000000000004,0,2
No,482.21900000000016,7.179600000000003,0,2
No,413.32900000000006,5.872800000000003,0,2
No,423.3350000000001,5.328500000000004,0,2
Yes,344.439,4.566000000000003,0,2
No,476.15700000000015,6.470400000000003,0,2
No,431.70600000000013,6.361300000000003,0,2
No,431.70600000000013,6.361300000000003,0,2
Yes,388.4230000000002,4.418300000000003,0,4
No,486.1630000000001,5.9261000000000035,0,2
No,397.2610000000001,5.707900000000003,0,2
No,397.2610000000001,5.707900000000004,0,2
No,407.2670000000001,5.163600000000003,0,2
No,362.8160000000001,5.0545000000000035,0,2
Yes,328.37100000000004,4.401100000000003,0,2
No,386.5760000000002,6.2235000000000085,2,3
No,500.2570000000001,6.360420000000005,1,3
No,472.7590000000002,6.186100000000003,1,3
No,497.7690000000002,6.057780000000003,1,4
No,514.7960000000002,6.388700000000004,1,4
Yes,441.24000000000007,4.387700000000003,0,4
No,439.2240000000001,5.118300000000002,0,3
No,438.2360000000001,5.723300000000004,0,2
No,481.3050000000002,6.241700000000003,0,3
No,467.27800000000013,5.680700000000003,0,3
No,453.2510000000001,5.426720000000002,0,3
No,439.2240000000001,5.118300000000001,0,3
No,439.3460000000003,6.061200000000003,0,3
Yes,403.24400000000014,4.525500000000003,0,3
Yes,421.2340000000001,4.821100000000003,0,3
No,453.25100000000015,5.508400000000003,0,3
No,435.26100000000014,5.211200000000003,0,3
No,439.2240000000001,5.118300000000002,0,3
No,447.32500000000016,5.604300000000005,0,3
Yes,399.2810000000001,4.966000000000004,0,3
Yes,385.2540000000001,4.575900000000003,0,3
No,399.2810000000001,5.136900000000003,0,3
No,427.3350000000002,5.917100000000004,0,3
Yes,440.3340000000003,4.677900000000005,0,4
No,439.3460000000003,6.061200000000004,0,3
No,325.537,5.132400000000005,2,2
Yes,340.4670000000001,4.657300000000005,0,2
Yes,271.32,1.6517999999999995,1,4
No,446.8090000000002,7.264520000000005,0,2
No,447.79700000000014,6.627720000000005,0,3
No,445.82100000000014,8.401420000000002,0,1
No,515.9630000000002,6.314080000000006,1,4
No,490.95300000000015,6.442400000000006,1,3
No,422.9560000000001,5.423600000000005,1,3
No,422.9560000000001,5.423600000000005,1,3
No,457.94800000000015,6.306800000000006,1,2
No,421.96800000000013,6.028600000000005,1,2
No,403.6070000000002,6.293200000000006,2,3
Yes,302.377,4.597700000000003,2,1
Yes,407.26700000000005,4.449100000000003,1,2
No,544.3310000000001,8.245500000000005,2,1
Yes,338.35699999999997,4.875900000000002,2,1
Yes,332.403,4.606300000000003,2,2
Yes,320.367,4.736800000000002,2,1
No,428.2730000000001,5.202300000000004,2,1
No,381.2730000000001,5.360200000000003,2,1
No,336.82200000000006,5.251100000000004,2,1
Yes,320.367,4.736800000000002,2,1
No,486.1630000000001,5.211600000000003,1,2
Yes,364.3510000000001,3.964800000000002,1,2
No,490.19500000000005,5.615000000000004,3,2
No,586.065,6.727300000000003,2,1
No,386.5390000000001,6.720500000000006,2,1
No,536.6760000000002,6.029900000000003,1,2
No,502.23100000000005,5.376500000000003,1,2
No,510.68200000000013,6.941000000000003,2,1
No,421.7800000000001,6.722800000000003,2,1
No,476.2370000000001,6.287600000000004,2,1
No,387.33500000000004,6.0694000000000035,2,1
No,633.065,6.5694000000000035,2,1
No,539.065,6.885200000000003,2,1
No,494.6140000000001,6.776100000000003,2,1
No,450.1630000000001,6.667000000000003,2,1
No,405.7120000000001,6.557900000000004,2,1
No,460.16900000000004,6.1227000000000045,2,1
No,371.26700000000005,5.904500000000004,2,1
No,378.55300000000017,5.028500000000006,2,4
No,364.57000000000016,5.501900000000007,2,3
No,411.4610000000002,5.080100000000003,1,5
No,379.46300000000014,5.679740000000004,1,3
No,351.40900000000005,5.0629000000000035,1,3
No,426.34700000000015,6.179900000000004,1,3
Yes,417.5090000000001,4.890300000000004,1,5
No,427.3350000000001,5.2481000000000035,1,4
No,427.3350000000001,5.248100000000004,1,4
Yes,418.4970000000001,3.9585000000000026,1,6
Yes,386.4990000000001,4.558140000000004,1,4
Yes,358.4450000000001,3.9413000000000027,1,4
No,488.8460000000004,6.812120000000006,0,2
No,487.8580000000004,7.743920000000006,0,1
No,502.8400000000001,5.550900000000005,2,3
No,472.41600000000005,5.831900000000006,2,3
No,458.3890000000001,5.441800000000005,2,3
No,464.35200000000015,5.234200000000005,2,3
No,464.35200000000015,5.234200000000005,2,3
Yes,416.30800000000016,4.489300000000003,2,3
Yes,430.3350000000002,4.879400000000003,2,3
Yes,430.3350000000002,4.879400000000003,2,3
No,464.78000000000026,5.532800000000004,2,3
No,393.918,5.563620000000005,1,2
No,414.3360000000002,5.908600000000004,1,2
No,489.59100000000024,5.298600000000005,1,5
No,367.4920000000001,6.826100000000006,1,2
No,402.49300000000005,6.845500000000006,0,2
No,382.5030000000001,7.183100000000006,0,2
No,368.47600000000006,6.7930000000000055,0,2
No,354.44900000000007,6.402900000000005,0,2
No,340.4220000000001,6.012800000000005,0,2
Yes,411.5010000000002,4.935000000000004,0,4
No,537.7370000000002,5.630640000000005,0,6
No,366.54500000000013,7.005040000000007,0,2
No,352.5940000000001,5.520400000000005,0,4
No,400.6380000000001,6.474500000000006,0,4
No,312.497,6.375200000000007,0,1
No,476.0640000000002,6.8132400000000075,1,2
No,369.46400000000017,5.575900000000004,0,2
No,422.9560000000002,5.652500000000005,1,2
No,455.0420000000003,6.179800000000006,1,2
No,455.0420000000003,6.179800000000006,1,2
No,420.59700000000026,5.526400000000006,1,2
No,406.5700000000002,5.137900000000005,1,2
No,551.8360000000002,3.6648000000000014,3,7
No,334.4590000000001,5.978520000000007,1,2
No,354.53400000000016,6.986700000000008,1,2
No,356.50600000000014,6.156200000000006,1,3
No,526.3530000000002,8.211800000000006,2,2
No,526.3530000000002,8.101100000000008,1,2
No,437.45100000000014,7.899600000000007,2,2
No,437.45100000000014,7.788900000000007,1,2
No,368.56100000000015,7.115800000000007,2,2
No,368.5610000000002,7.005100000000008,1,2
No,342.52300000000014,6.516000000000007,1,2
No,314.469,5.846500000000006,2,2
No,314.46900000000005,5.735800000000006,1,2
No,396.6150000000003,7.785300000000008,1,2
No,460.7490000000002,8.383300000000006,1,4
No,446.72200000000026,7.996400000000008,1,4
No,480.7390000000002,9.0243,1,4
No,400.55900000000025,6.173100000000007,1,4
No,432.69500000000016,7.7170000000000085,2,4
No,432.6950000000002,7.606300000000008,1,4
No,348.53300000000013,5.4817000000000045,1,4
No,351.4900000000002,5.839280000000006,2,3
No,351.4900000000001,5.728580000000005,1,3
No,337.46300000000014,5.4491800000000055,2,3
No,337.4630000000001,5.338480000000005,1,3
No,370.4920000000001,6.934000000000007,2,2
No,370.4920000000002,6.823300000000007,1,2
No,362.5130000000001,6.6226000000000065,1,2
No,348.48600000000005,6.232500000000005,1,2
No,334.45900000000006,6.089220000000006,2,2
Yes,410.49500000000035,3.937020000000003,0,5
Yes,415.2980000000001,3.266600000000002,1,4
Yes,380.8530000000001,2.613200000000001,1,4
Yes,430.9130000000002,3.7664000000000026,1,4
Yes,452.5320000000003,4.060520000000003,1,5
Yes,385.4450000000003,2.1399,1,5
Yes,408.90700000000027,3.8626000000000023,2,4
Yes,359.45100000000025,2.6957000000000013,2,4
Yes,374.4620000000003,3.1221000000000014,1,4
Yes,344.43600000000026,3.0318200000000015,1,3
Yes,376.45300000000026,3.5610200000000027,1,3
Yes,373.47800000000024,3.1253400000000022,1,4
Yes,372.49000000000024,3.7303400000000027,1,3
Yes,358.4630000000003,3.421920000000002,1,3
Yes,409.5110000000003,3.9701200000000023,1,4
Yes,440.3150000000003,2.9976200000000013,0,5
Yes,391.4450000000002,2.2437200000000006,0,6
Yes,283.34900000000005,1.86782,1,3
Yes,382.4410000000002,3.238500000000002,0,5
Yes,410.4950000000003,4.018700000000003,0,5
Yes,396.46800000000025,3.6286000000000023,0,5
Yes,428.4660000000003,2.4835000000000003,0,7
Yes,412.4670000000003,2.7833200000000007,0,6
No,487.7200000000002,8.317980000000002,0,3
No,532.0360000000002,3.754900000000003,1,6
No,586.0060000000002,4.644900000000003,1,6
No,555.2470000000001,5.889820000000004,1,3
No,334.48500000000007,5.029000000000004,0,4
Yes,417.5750000000003,3.4368000000000025,0,4
Yes,459.6120000000004,3.3483000000000027,0,5
Yes,393.53100000000023,4.431700000000004,0,3
Yes,429.58600000000035,3.5793000000000026,0,4
No,396.4780000000001,5.325420000000005,0,2
No,365.98900000000015,6.487100000000006,1,1
No,504.3680000000001,4.126120000000004,0,4
No,382.58800000000025,7.251100000000007,1,2
No,378.5560000000002,6.4709000000000065,1,2
No,468.61900000000026,5.070120000000005,0,4
Yes,432.58600000000024,4.424020000000004,0,4
Yes,468.6190000000003,4.722520000000005,0,4
Yes,454.59200000000027,4.380320000000004,1,4
Yes,432.58600000000024,4.4703200000000045,1,4
Yes,406.54800000000023,3.937720000000003,1,4
Yes,418.55900000000025,4.080220000000003,1,4
Yes,458.5550000000003,4.476920000000004,1,4
Yes,454.5920000000003,4.646240000000005,1,4
Yes,484.6180000000003,4.736520000000004,1,5
Yes,470.5910000000003,4.346420000000004,1,5
Yes,475.0100000000003,4.991220000000005,1,4
Yes,454.59200000000027,4.680020000000004,0,4
Yes,440.5650000000003,4.337820000000004,1,4
No,480.6300000000003,5.215220000000006,1,4
No,486.3800000000002,5.670300000000004,1,4
No,486.3800000000002,5.670300000000004,1,4
No,485.39600000000013,5.201000000000004,1,3
Yes,487.4120000000002,4.635600000000003,1,4
Yes,487.4120000000002,4.635600000000004,1,4
Yes,335.41100000000006,2.793700000000001,1,3
Yes,360.421,2.6653800000000007,1,4
Yes,349.43800000000005,3.102120000000001,1,3
Yes,436.3020000000001,4.771480000000003,1,3
Yes,384.43000000000006,4.312120000000003,1,2
No,461.2990000000001,5.486420000000003,1,2
Yes,387.39000000000004,2.2266199999999996,1,4
Yes,385.41800000000006,3.380320000000002,1,3
No,445.3940000000001,5.957560000000005,1,2
No,522.2630000000003,7.131860000000005,1,2
No,446.3820000000002,5.0257600000000044,1,3
No,417.34000000000003,5.340720000000005,1,2
No,494.2090000000002,6.515020000000003,1,2
Yes,418.3280000000001,4.408920000000003,1,3
No,445.3940000000001,5.957560000000005,1,2
No,522.2630000000003,7.131860000000005,1,2
No,446.3820000000002,5.0257600000000044,1,3
No,417.34000000000003,5.340720000000005,1,2
No,494.2090000000002,6.515020000000003,1,2
Yes,418.3280000000001,4.408920000000003,1,3
No,459.76400000000024,5.861620000000003,1,2
Yes,383.88300000000027,3.7555200000000015,1,3
Yes,394.866,3.318780000000002,1,4
Yes,396.922,4.9349200000000035,1,2
Yes,383.88300000000004,3.7555200000000024,1,3
Yes,368.8680000000001,4.378900000000004,1,2
Yes,369.85600000000005,3.4471000000000016,1,3
No,479.83900000000017,6.610960000000006,1,2
No,480.8270000000002,5.679160000000005,1,3
No,528.6540000000002,7.168420000000004,1,2
No,452.77300000000014,5.062320000000004,1,3
Yes,412.48400000000015,4.9289600000000044,1,2
No,489.3530000000002,6.103260000000004,1,2
Yes,413.47200000000015,3.9971600000000036,1,3
No,415.5770000000001,6.599800000000006,0,2
Yes,397.5150000000002,4.719400000000005,0,4
Yes,368.52100000000013,4.391500000000003,1,3
Yes,364.4890000000001,4.804480000000004,0,3
No,415.5770000000001,6.599800000000006,0,2
Yes,397.5150000000002,4.719400000000005,0,4
No,383.5320000000002,5.079200000000005,0,3
Yes,369.5050000000001,4.425100000000004,1,3
Yes,368.52100000000013,4.391500000000003,1,3
Yes,364.4890000000001,4.804480000000004,0,3
No,490.48200000000026,6.486700000000007,0,3
No,427.58500000000026,5.0841000000000065,1,4
Yes,447.6010000000001,3.209900000000002,1,5
Yes,411.5460000000003,3.796800000000003,1,4
Yes,369.50900000000007,3.420600000000002,1,4
Yes,399.4910000000001,3.7466000000000026,0,5
Yes,404.98200000000026,4.568620000000005,0,3
No,460.61800000000017,5.417400000000006,0,4
No,460.61800000000017,5.417400000000006,0,4
Yes,384.52000000000027,3.847000000000003,0,4
Yes,384.52000000000027,3.847000000000002,0,4
Yes,370.49300000000005,3.5440000000000023,1,4
Yes,370.49300000000005,3.5440000000000023,1,4
Yes,354.494,3.8384000000000036,0,3
Yes,354.4940000000001,4.515000000000003,1,3
Yes,383.48800000000017,4.661500000000005,0,4
Yes,371.4770000000001,4.344000000000005,2,4
Yes,385.50400000000025,4.647000000000004,1,4
No,475.62900000000036,6.520400000000007,0,4
No,445.6030000000001,6.511800000000007,0,3
No,445.6030000000002,6.511800000000007,0,3
No,445.6030000000002,6.511800000000007,0,3
No,445.6030000000002,6.511800000000007,0,3
Yes,369.5050000000002,4.941400000000004,0,3
Yes,369.5050000000002,4.941400000000005,0,3
Yes,369.5050000000002,4.941400000000004,0,3
Yes,369.5050000000002,4.941400000000004,0,3
Yes,355.478,4.638400000000004,1,3
Yes,355.47800000000007,4.638400000000004,1,3
Yes,355.47800000000007,4.638400000000004,1,3
Yes,355.47800000000007,4.638400000000004,1,3
Yes,417.57100000000014,4.336300000000004,0,4
No,407.47600000000006,5.951600000000005,0,2
No,353.5060000000002,5.241220000000005,0,2
No,418.37500000000006,5.695300000000006,0,2
No,373.9240000000001,5.586200000000006,0,2
No,418.37500000000006,5.695300000000006,0,2
No,373.9240000000001,5.586200000000006,0,2
No,357.46900000000005,5.071900000000005,0,2
No,411.4390000000001,5.489200000000006,0,2
Yes,339.47900000000004,4.932800000000005,0,2
No,503.3400000000001,4.869400000000004,0,4
Yes,449.2600000000001,4.702200000000003,2,5
Yes,357.7930000000001,4.869500000000003,1,4
No,492.30500000000035,5.416500000000004,0,4
No,513.5900000000003,5.976200000000005,0,4
Yes,401.462,4.139920000000003,0,4
Yes,412.445,3.7031800000000015,0,5
Yes,466.33100000000024,4.594000000000006,0,4
Yes,421.8800000000002,4.484900000000006,0,4
Yes,427.4220000000003,4.6086000000000045,0,4
No,547.448,5.474400000000004,0,4
No,513.4400000000002,4.0755000000000035,0,5
No,528.3600000000001,4.965000000000003,0,5
No,492.30500000000035,5.416500000000004,0,4
Yes,441.40500000000026,4.248800000000005,0,4
No,491.41200000000015,5.263100000000004,0,4
No,511.39300000000026,5.925900000000004,0,3
Yes,477.3850000000003,4.527000000000004,0,4
No,492.30500000000035,5.416500000000004,0,4
No,490.33300000000037,6.570200000000004,0,3
No,475.4130000000003,5.680700000000004,0,3
No,502.36900000000037,6.439700000000005,0,4
No,439.4330000000003,5.402500000000005,0,3
No,403.45300000000026,5.124300000000005,0,3
Yes,405.42500000000024,3.9706000000000037,0,4
Yes,386.45100000000025,4.380200000000004,0,4
No,474.31500000000034,5.277400000000004,0,4
Yes,387.43500000000023,3.8315000000000037,0,4
Yes,385.46300000000025,4.985200000000005,0,3
Yes,421.51800000000026,4.533700000000004,0,4
No,489.83400000000023,6.1189000000000044,1,3
No,383.44700000000006,5.388200000000005,0,3
No,449.54700000000014,5.516500000000006,1,4
Yes,409.4320000000001,4.888300000000004,2,3
Yes,421.5180000000001,4.263300000000004,0,4
Yes,372.468,4.817200000000004,0,3
Yes,354.4720000000002,1.79182,1,4
Yes,368.49900000000025,2.18032,1,4
Yes,394.5370000000002,2.5704200000000004,1,4
Yes,420.5750000000002,2.9605200000000016,1,4
Yes,410.58000000000027,3.206520000000002,1,4
Yes,418.5590000000002,2.714520000000001,1,4
Yes,432.58600000000024,2.9621200000000014,1,4
Yes,420.5750000000002,2.9605200000000016,1,4
Yes,446.6130000000003,3.350620000000002,1,4
Yes,418.55900000000025,2.5704200000000004,1,4
Yes,420.5750000000002,2.9605200000000016,1,4
Yes,483.4720000000003,4.568300000000004,1,3
No,519.5050000000002,5.214400000000005,1,3
Yes,469.4450000000003,4.178200000000003,1,3
Yes,485.4440000000003,3.4146000000000027,1,4
No,348.48600000000016,6.253400000000007,1,2
No,362.46900000000016,6.496200000000006,1,3
No,1088.2779999999998,-2.148600000000015,14,14
No,480.8670000000002,6.396100000000006,1,2
No,358.4780000000002,5.4340000000000055,2,3
Yes,363.46100000000007,3.6765000000000017,1,3
Yes,349.4340000000001,3.747600000000002,1,3
Yes,389.4990000000002,4.066600000000003,1,3
Yes,375.472,4.137700000000003,1,3
Yes,355.48200000000014,4.014100000000003,1,3
Yes,367.4240000000001,3.886700000000003,1,3
Yes,475.3300000000001,4.352200000000003,1,3
Yes,383.8790000000001,4.401000000000003,1,3
Yes,363.4610000000001,4.056020000000003,1,3
Yes,389.8420000000001,4.020900000000003,1,3
Yes,355.3970000000001,3.3675000000000015,1,3
Yes,361.445,3.747600000000002,1,3
Yes,335.4070000000001,3.3575000000000017,1,3
Yes,321.38000000000005,2.9674000000000014,1,3
Yes,307.353,2.5773,1,3
Yes,407.5580000000002,4.650200000000003,1,3
Yes,399.49400000000014,4.900800000000004,1,3
Yes,379.46000000000015,3.7562000000000024,1,4
Yes,345.4430000000001,3.8423000000000025,1,4
Yes,345.4430000000001,3.8423000000000025,1,4
No,410.53300000000024,5.029400000000004,1,2
No,500.7080000000003,7.041500000000007,1,3
No,471.43900000000025,5.652800000000005,1,2
No,434.6240000000003,6.013700000000006,1,2
No,460.54000000000025,5.909100000000007,1,2
No,468.6410000000003,6.557300000000007,1,2
No,500.7080000000003,7.041500000000007,1,3
No,381.8380000000001,5.642700000000004,0,4
Yes,390.846,4.628200000000004,0,6
No,418.2550000000001,5.742300000000003,0,5
No,431.2980000000002,5.799700000000004,0,5
No,382.826,5.1220000000000026,1,5
No,466.8220000000001,6.020600000000003,1,6
No,417.2710000000001,5.775400000000003,1,5
No,423.30000000000007,5.836900000000002,1,6
Yes,378.83500000000004,4.859300000000004,1,6
Yes,455.79900000000015,4.781580000000002,1,7
Yes,392.8180000000001,4.385900000000003,1,6
Yes,403.845,4.187900000000003,1,6
Yes,469.7820000000001,4.308180000000002,1,7
Yes,414.74600000000004,4.5142000000000015,1,5
No,448.2030000000001,5.772600000000002,1,4
No,448.2030000000001,5.772600000000002,1,4
No,413.75800000000004,5.119200000000002,1,4
No,387.84200000000004,5.223800000000003,1,4
Yes,436.90000000000026,3.9422000000000024,1,8
No,486.8340000000001,5.6087000000000025,1,7
Yes,432.24200000000013,4.697000000000002,1,6
No,431.2540000000001,5.302000000000002,1,5
Yes,418.49700000000024,4.662700000000004,1,5
Yes,436.47500000000014,4.702380000000003,1,6
No,453.47700000000015,5.446480000000005,1,5
No,442.49400000000014,5.883220000000005,1,4
No,462.91200000000015,6.228200000000004,1,4
No,428.4670000000001,5.574800000000004,1,4
No,444.92200000000014,6.089100000000004,1,4
No,452.55800000000016,6.559100000000005,1,4
No,444.92200000000014,6.089100000000004,1,4
Yes,428.47100000000006,4.635800000000004,1,4
No,428.4670000000001,5.574800000000004,1,4
No,427.48300000000006,5.240800000000004,1,3
No,440.5220000000001,5.925300000000005,1,2
No,426.49500000000006,5.914900000000005,2,2
No,427.4790000000001,6.179800000000005,1,3
No,427.4790000000001,6.179800000000005,1,3
No,428.4670000000001,5.574800000000004,1,4
No,410.4770000000001,5.435700000000004,1,4
No,510.4290000000002,4.223100000000004,2,6
No,473.79500000000036,6.255500000000002,1,5
No,472.80700000000036,7.187300000000003,1,4
No,458.78000000000037,6.4330000000000025,0,4
No,424.3350000000003,5.779600000000004,0,4
No,473.7950000000002,5.194500000000004,0,5
Yes,439.35000000000014,4.541100000000004,0,5
Yes,391.471,3.7562000000000024,1,4
Yes,365.43300000000016,3.366100000000002,1,4
Yes,379.46000000000015,3.7562000000000024,1,4
Yes,397.5190000000002,4.022700000000003,1,4
Yes,345.4430000000001,3.0984000000000016,1,4
Yes,388.4680000000002,1.3845000000000005,1,6
Yes,385.50800000000015,4.022700000000003,1,4
Yes,345.4430000000001,3.0984000000000016,1,4
Yes,361.4420000000001,3.4608000000000025,1,5
Yes,347.4150000000001,1.8231999999999995,2,5
Yes,371.4810000000001,3.632600000000002,1,4
Yes,353.37800000000016,1.8223,1,5
Yes,405.49800000000005,4.146300000000003,1,4
Yes,385.42300000000006,3.376100000000002,1,4
Yes,351.4060000000001,2.9760000000000018,1,4
No,414.6300000000002,6.630000000000008,1,3
No,327.427,5.743920000000005,0,1
No,357.4530000000001,5.752520000000005,0,2
No,370.57700000000017,7.164000000000008,0,2
Yes,418.5180000000002,4.759400000000004,1,3
Yes,352.41500000000013,3.179800000000002,1,4
Yes,422.4280000000001,4.444600000000003,1,4
Yes,435.9580000000001,4.357920000000003,1,6
Yes,429.95100000000014,3.060500000000001,1,7
Yes,384.88500000000005,3.8165000000000022,1,5
Yes,397.9280000000001,3.562000000000002,1,4
Yes,358.87200000000007,3.2959200000000015,1,5
Yes,342.80400000000003,2.827420000000001,1,5
Yes,434.97000000000014,4.962920000000003,1,5
No,438.3320000000001,5.4444000000000035,1,4
Yes,404.2900000000001,4.001200000000003,1,3
Yes,351.855,3.208700000000002,1,3
Yes,397.28300000000013,4.056080000000002,1,4
No,456.2690000000001,5.083000000000003,1,4
Yes,451.1690000000001,4.946900000000003,1,3
No,440.2700000000001,5.203200000000003,1,3
Yes,405.82500000000005,4.549800000000003,1,3
Yes,405.82500000000005,4.549800000000003,1,3
Yes,388.8760000000001,4.079200000000003,1,4
Yes,372.4210000000001,3.5649000000000015,1,4
Yes,418.90200000000004,4.087800000000002,1,5
Yes,406.8660000000001,4.218300000000003,1,4
No,456.87300000000016,5.098000000000003,1,4
No,373.279,6.397500000000005,2,2
No,359.2080000000001,5.302600000000004,2,3
No,389.278,5.759300000000004,1,3
No,373.2350000000001,5.6056000000000035,1,3
No,475.80700000000024,6.059100000000005,0,3
No,495.33200000000016,6.170520000000004,0,3
No,477.8480000000002,6.605920000000005,0,3
No,491.8750000000002,6.859900000000005,0,3
No,461.7800000000002,5.716900000000004,1,3
No,473.79100000000017,5.861000000000005,1,3
No,475.80700000000024,6.059100000000005,0,3
No,498.2410000000002,6.592020000000004,1,3
No,503.8610000000003,6.509000000000005,1,3
No,491.85000000000036,6.555460000000005,1,3
No,512.2680000000004,6.900440000000004,1,3
No,477.8230000000003,6.247040000000005,1,3
No,532.6860000000003,7.245420000000005,1,3
No,503.9560000000002,5.618800000000005,1,5
Yes,468.8880000000002,4.112600000000003,0,6
Yes,476.89000000000016,3.5314000000000023,2,6
No,564.8360000000001,4.451700000000003,1,3
Yes,463.9500000000001,3.7187800000000024,1,4
Yes,463.9500000000001,3.7187800000000024,1,4
No,564.8360000000001,4.451700000000003,1,3
No,514.2760000000001,6.109220000000003,1,4
No,565.5260000000003,6.777220000000006,1,5
No,516.4980000000003,5.259820000000005,1,5
No,530.5250000000002,5.696220000000006,2,5
No,531.5090000000002,6.123220000000005,1,5
No,517.4820000000003,5.734720000000006,1,5
No,503.45500000000015,5.344620000000004,1,5
No,563.5540000000003,7.331020000000006,1,4
No,567.5860000000002,7.524520000000006,1,4
No,541.5480000000003,7.278520000000006,1,4
No,553.5590000000003,7.134420000000006,1,4
No,527.5210000000003,6.888420000000005,1,4
No,525.5050000000002,6.354220000000005,1,4
No,499.46700000000027,6.108220000000005,1,4
No,541.5480000000002,6.990320000000006,1,4
No,515.5100000000002,6.744320000000005,1,4
No,514.5220000000003,7.820220000000006,1,3
No,516.5380000000002,8.067820000000006,1,3
No,488.48400000000015,7.287620000000006,1,3
No,529.5370000000003,7.2785200000000065,1,4
No,541.5480000000002,7.134420000000006,1,4
No,515.5100000000002,6.888420000000005,1,4
No,501.4830000000002,6.498320000000005,1,4
No,513.4940000000003,6.354220000000005,1,4
No,487.45600000000013,6.108220000000005,1,4
No,531.5530000000002,7.3254200000000065,1,4
No,505.5150000000002,7.079420000000006,1,4
No,529.5370000000003,7.406020000000006,1,4
No,503.49900000000025,7.160020000000006,1,4
No,529.5370000000003,6.998300000000006,1,4
No,529.5370000000003,7.142400000000006,1,4
No,515.5100000000002,6.752300000000005,1,4
No,529.5370000000003,7.134420000000006,1,4
No,515.5100000000002,6.744320000000005,1,4
No,515.5100000000002,6.888420000000005,1,4
No,527.5210000000003,6.744320000000005,1,4
No,501.4830000000002,6.498320000000005,1,4
No,483.8520000000002,6.390220000000004,1,4
No,469.82500000000016,6.0001200000000035,1,4
No,528.3030000000001,6.499320000000004,1,4
Yes,327.43200000000013,1.7146999999999994,2,6
No,557.219,4.736120000000004,1,4
No,368.54200000000014,6.3905000000000065,1,3
No,404.59400000000016,7.281500000000008,1,2
No,390.5670000000001,6.891400000000007,1,2
No,376.54000000000013,6.637420000000008,1,2
No,387.52300000000014,6.200680000000006,1,3
No,441.4090000000001,7.091500000000007,1,2
No,396.95800000000014,6.982400000000007,1,2
No,380.50300000000016,6.468100000000007,1,2
No,376.5400000000002,6.637420000000008,1,2
No,387.5230000000002,6.200680000000006,1,3
No,376.5400000000002,6.637420000000008,1,2
No,441.40900000000016,7.091500000000007,1,2
No,396.9580000000002,6.982400000000007,1,2
No,380.50300000000016,6.468100000000007,1,2
No,390.5670000000002,6.9458400000000085,1,2
Yes,292.37800000000004,4.8156200000000045,0,2
Yes,280.323,3.700820000000003,0,3
Yes,404.4540000000001,3.1186000000000016,0,3
Yes,328.82100000000014,1.5828999999999998,0,3
No,534.4000000000001,4.776100000000003,0,3
Yes,466.4030000000001,3.8709000000000033,0,3
No,534.4000000000001,4.474800000000003,1,3
No,534.4000000000001,4.474800000000003,1,3
Yes,398.5280000000002,3.393900000000002,0,3
Yes,397.7110000000001,2.8897000000000013,0,3
Yes,397.71100000000024,2.8897000000000013,0,3
Yes,363.2660000000001,2.2363,0,3
Yes,462.6150000000002,4.994300000000005,0,3
Yes,400.5440000000001,3.6415000000000024,0,3
Yes,363.2660000000002,2.2363,0,3
Yes,414.3140000000001,2.4640000000000004,0,4
Yes,412.5550000000002,3.7840000000000034,0,3
Yes,414.57100000000037,4.030000000000004,0,3
Yes,413.32600000000014,3.0690000000000017,0,3
Yes,363.2660000000002,2.2363,0,3
Yes,414.57100000000037,4.031600000000004,0,3
Yes,481.3230000000002,4.087800000000004,0,3
Yes,405.3470000000002,3.4066000000000027,0,3
Yes,495.35000000000014,4.648800000000004,0,3
Yes,364.51100000000025,2.716640000000001,0,3
Yes,400.5440000000004,3.6415000000000024,0,3
Yes,454.5140000000001,4.183900000000004,0,3
Yes,441.38000000000017,3.8041000000000036,0,3
Yes,472.45100000000014,4.137400000000004,0,3
Yes,427.3530000000001,3.6300000000000026,0,3
Yes,412.5550000000002,3.7668000000000026,0,3
Yes,481.3230000000002,4.087800000000004,0,3
Yes,438.3360000000001,2.9406800000000013,0,4
Yes,386.51700000000017,3.253000000000002,0,3
No,506.4680000000003,4.748300000000004,0,3
Yes,495.35000000000025,4.477900000000004,0,3
No,586.5580000000001,5.059320000000005,1,4
Yes,481.3230000000002,4.087800000000004,0,3
No,605.5820000000001,4.380800000000004,0,5
No,587.5460000000002,4.454320000000004,1,5
No,572.5310000000001,4.750900000000004,1,4
No,564.5480000000001,4.588200000000004,1,4
No,559.326,4.562300000000003,0,3
No,586.501,4.444900000000004,1,4
No,538.4660000000002,3.586400000000003,0,5
No,548.427,4.8186000000000035,0,3
No,550.5210000000001,3.8956000000000035,1,4
No,573.519,4.145900000000003,1,5
No,604.4910000000001,4.956500000000005,1,4
No,520.4950000000002,4.6772000000000045,0,3
No,546.533,5.238200000000005,0,3
No,572.5310000000001,4.750900000000004,1,4
No,574.503,4.410800000000004,0,6
No,573.519,4.145900000000003,1,5
Yes,423.5940000000003,4.815300000000004,3,5
No,451.64800000000037,5.7396000000000065,3,5
Yes,409.5670000000002,4.569300000000004,3,5
Yes,353.45900000000006,3.0960000000000014,4,5
No,555.8000000000004,8.560500000000005,3,5
No,555.8000000000005,8.300000000000004,4,5
No,487.7690000000005,8.446200000000006,2,3
No,473.7420000000005,8.05610000000001,2,3
No,431.66100000000034,6.885800000000007,2,3
No,433.6330000000003,6.233000000000006,2,4
Yes,363.4980000000001,4.5137000000000045,3,4
No,473.7420000000005,8.198600000000008,2,3
No,459.71500000000043,7.808500000000009,2,3
No,417.6340000000003,6.6382000000000065,2,3
No,419.6060000000003,5.985400000000006,2,4
No,447.66000000000037,6.909700000000007,2,4
No,405.5790000000002,5.739400000000005,2,4
Yes,349.47100000000006,4.266100000000003,3,4
No,477.7300000000005,7.028500000000008,3,4
No,463.70300000000043,6.638400000000008,3,4
No,421.6220000000003,5.468100000000006,3,4
No,752.3380000000001,10.730039999999986,1,4
No,499.8510000000001,5.487120000000004,1,4
No,421.58500000000015,5.553900000000006,0,3
No,536.2900000000002,7.752200000000005,1,3
No,484.2140000000003,6.238200000000004,0,3
No,506.22000000000014,6.542100000000004,1,3
No,471.7750000000001,5.888700000000004,1,3
No,498.24100000000027,6.674600000000004,1,3
No,524.2100000000002,6.681200000000004,1,3
No,489.7650000000001,6.027800000000004,1,3
No,524.2100000000002,6.681200000000004,1,3
No,489.7650000000001,6.027800000000004,1,3
No,524.2100000000002,6.681200000000004,1,3
No,536.2460000000003,6.550700000000004,1,4
No,540.6650000000002,7.195500000000004,1,3
No,540.6650000000002,7.195500000000004,1,3
No,542.2000000000002,6.820300000000004,1,3
No,492.1930000000001,6.864400000000003,1,3
No,419.0150000000001,6.411300000000006,0,4
Yes,464.7840000000002,4.391700000000003,1,4
No,449.76900000000023,5.630200000000004,1,3
No,463.79600000000016,6.020300000000005,1,3
No,475.80700000000024,5.876200000000004,1,3
No,406.70000000000016,5.391700000000004,1,2
No,482.7980000000002,6.698000000000005,0,2
No,494.2200000000002,5.739300000000004,1,3
No,509.2350000000002,4.5008000000000035,1,4
No,451.1510000000001,5.5008000000000035,1,2
No,507.2590000000002,7.061200000000005,1,2
No,541.2200000000003,5.581400000000004,1,3
No,498.1510000000001,5.342900000000003,1,2
No,554.2590000000002,6.903300000000005,1,2
No,429.3510000000001,5.285220000000005,1,3
Yes,445.35,4.985400000000005,1,4
No,458.7760000000002,6.909800000000004,1,3
No,464.35600000000017,5.904100000000003,1,4
No,451.5920000000002,5.422800000000005,1,5
No,419.5940000000002,5.983000000000006,1,4
No,462.0180000000003,6.298800000000004,1,4
No,497.9980000000003,6.544000000000005,1,4
No,472.97200000000015,7.042800000000005,1,3
No,420.96500000000003,6.503600000000005,1,3
No,420.96500000000003,6.359500000000005,1,3
No,420.96500000000003,6.503600000000004,1,3
No,438.95500000000004,6.642700000000004,1,3
No,455.4100000000001,7.1570000000000045,1,3
No,426.994,6.421000000000005,1,4
No,401.5350000000001,5.491200000000004,1,4
No,391.92300000000006,6.9565000000000055,0,3
Yes,386.2820000000001,4.864300000000004,0,2
No,400.30900000000014,5.252800000000004,0,2
No,414.3360000000002,5.500400000000005,0,2
No,414.3360000000002,5.642900000000005,0,2
No,444.36200000000025,5.269400000000005,0,3
No,440.2520000000002,5.4067000000000025,0,2
No,436.28900000000016,5.4996000000000045,0,2
No,416.30800000000016,5.089100000000005,0,3
No,456.2510000000002,5.243000000000003,0,3
No,452.2880000000002,5.335900000000004,0,3
No,466.3150000000002,5.726000000000005,0,3
No,359.5540000000001,5.381500000000005,2,2
No,359.5540000000001,5.381500000000005,2,2
No,337.54799999999994,5.273300000000005,2,2
No,337.54799999999994,5.273300000000005,2,2
Yes,305.418,3.789600000000003,2,3
Yes,413.44100000000014,3.1214000000000013,0,8
Yes,376.3950000000001,3.5508400000000018,0,6
No,362.47700000000015,5.0495000000000045,0,5
No,425.3190000000002,5.9756000000000045,0,5
No,390.87400000000014,5.322200000000004,0,5
Yes,391.8620000000001,4.717200000000004,0,6
No,492.86000000000024,6.359900000000003,0,6
No,443.3090000000002,6.114700000000004,0,5
No,476.8610000000001,6.480100000000004,0,5
No,440.9500000000001,5.922000000000005,0,5
No,412.8960000000003,5.186900000000004,0,5
No,408.86400000000015,5.461300000000003,0,5
No,408.86400000000015,5.146300000000004,0,5
No,408.86400000000015,5.146300000000004,0,5
No,408.86400000000015,5.8255000000000035,1,5
No,410.8800000000001,5.900600000000004,1,5
No,396.85300000000007,5.510500000000004,1,5
No,382.826,5.1220000000000026,1,5
Yes,396.8090000000001,4.648600000000003,1,5
Yes,270.64700000000005,2.5463000000000005,1,4
Yes,322.4120000000001,4.125200000000004,0,5
Yes,374.4190000000001,4.807900000000004,0,5
Yes,357.41700000000014,4.063800000000002,0,6
No,439.9220000000001,5.843700000000005,0,5
No,408.86400000000015,5.461300000000003,0,5
No,460.25800000000015,6.585300000000003,0,4
No,394.8370000000001,5.292900000000002,1,5
No,408.86400000000015,5.825500000000003,1,5
Yes,396.80900000000014,4.049800000000002,1,5
No,405.5410000000001,6.156900000000006,1,1
No,448.3940000000003,5.946000000000005,2,4
No,436.3830000000003,5.585900000000005,2,4
Yes,385.89500000000015,4.512400000000004,2,4
Yes,430.3460000000001,4.621500000000004,2,4
Yes,419.4470000000001,4.877800000000004,2,4
Yes,435.44600000000014,4.7576000000000045,2,5
Yes,376.46000000000015,3.730680000000002,2,5
Yes,381.47600000000017,3.867600000000002,2,5
Yes,365.47700000000015,4.167420000000003,2,4
Yes,369.4400000000001,3.9981000000000035,2,4
No,420.3400000000002,5.165800000000004,2,4
No,420.3400000000002,5.165800000000004,2,4
No,420.3400000000002,5.165800000000004,2,4
Yes,438.3550000000003,4.515800000000004,3,5
No,420.3400000000002,5.165800000000004,2,4
Yes,432.3620000000003,4.867500000000003,2,4
Yes,383.49200000000025,4.113600000000003,2,5
Yes,367.49300000000017,4.413420000000003,2,4
Yes,378.4760000000002,3.9766800000000018,2,5
No,422.3560000000003,5.411800000000004,2,4
Yes,412.9210000000003,4.630080000000003,2,5
No,439.45300000000026,5.262900000000004,2,4
No,371.91200000000026,5.522000000000005,2,3
Yes,337.4670000000001,4.786920000000003,2,3
No,397.88100000000014,5.6711000000000045,2,3
Yes,373.88400000000024,4.510800000000003,2,4
Yes,345.8740000000001,4.987800000000004,2,3
No,359.9010000000002,5.377900000000005,2,3
No,373.92800000000017,5.768000000000005,2,3
Yes,387.9110000000003,4.7584000000000035,2,4
Yes,413.82700000000006,4.653800000000004,2,4
Yes,397.372,4.1395000000000035,2,4
Yes,427.85400000000027,4.962220000000003,2,4
Yes,443.8530000000003,4.6624000000000025,2,5
No,413.8270000000002,5.0359000000000025,2,4
No,432.2730000000001,6.070800000000004,2,3
No,411.8550000000001,5.807500000000004,2,3
No,468.24800000000005,5.675600000000003,2,3
Yes,448.83200000000005,4.526300000000003,3,4
No,448.2720000000001,5.3072000000000035,2,4
Yes,394.56200000000024,3.7280200000000034,0,5
Yes,420.60000000000025,4.262220000000004,0,5
Yes,394.5370000000002,3.1708200000000017,1,4
Yes,448.3850000000002,3.085320000000001,1,4
Yes,380.5100000000002,2.6366200000000006,1,4
Yes,393.46200000000016,3.892400000000003,1,3
Yes,398.50700000000035,2.0371999999999995,1,5
No,490.99100000000027,5.113100000000005,0,7
No,470.55000000000024,5.482600000000003,1,4
No,463.6030000000003,5.431220000000005,1,6
No,469.3540000000001,5.667000000000005,1,4
Yes,466.9690000000002,4.7238400000000045,0,4
No,474.6050000000003,5.140400000000005,1,3
Yes,490.6470000000004,3.4865600000000025,2,6
No,453.5860000000004,5.402920000000004,0,2
No,493.04700000000037,5.725000000000006,0,3
No,480.60500000000013,5.011700000000005,1,3
Yes,440.54000000000013,4.752700000000004,0,4
No,461.5810000000003,5.725600000000006,0,2
Yes,466.54500000000036,4.650700000000003,1,5
No,504.55000000000024,3.2694400000000012,1,7
Yes,419.4850000000002,4.199900000000004,1,7
Yes,486.5240000000003,4.3465200000000035,1,6
Yes,466.55900000000025,3.7593400000000035,0,6
No,491.70500000000027,6.4283200000000065,1,5
Yes,448.5230000000002,3.169220000000002,0,5
Yes,405.52700000000016,4.033000000000003,1,5
No,526.6010000000005,2.942420000000001,1,10
No,502.5620000000002,5.000400000000004,0,6
No,469.5850000000003,5.650720000000005,1,4
No,454.6360000000003,5.048100000000005,0,4
Yes,415.5140000000001,4.704820000000003,0,3
No,507.9740000000004,5.111940000000006,0,6
Yes,447.58300000000037,3.636980000000003,1,5
No,477.60500000000013,5.091000000000005,1,4
No,500.59300000000025,5.123100000000004,0,5
Yes,420.34000000000015,4.784500000000005,0,3
Yes,420.34000000000015,4.784500000000005,0,3
Yes,369.5310000000002,2.2159999999999993,0,4
Yes,378.4980000000002,2.6340200000000014,0,5
Yes,392.5250000000002,2.9424400000000013,0,5
No,501.43900000000025,5.151300000000004,1,3
Yes,474.03000000000003,3.8397000000000023,1,3
No,510.01000000000016,4.084900000000004,1,3
Yes,495.9830000000001,3.6948000000000025,1,3
Yes,354.45000000000005,3.9584000000000037,0,3
Yes,367.48900000000003,4.963100000000005,0,3
Yes,327.42400000000004,3.879100000000003,0,3
Yes,325.45200000000006,4.6852000000000045,0,2
Yes,325.45200000000006,4.6852000000000045,0,2
Yes,325.45200000000006,4.542700000000004,0,2
No,353.50600000000003,5.322900000000006,0,2
Yes,352.5220000000001,4.990500000000005,0,2
Yes,352.5220000000001,4.990500000000005,0,2
Yes,368.521,4.228500000000004,0,3
Yes,352.52200000000005,4.895900000000005,1,2
No,366.54900000000015,5.2381000000000055,0,2
Yes,367.53700000000015,3.7536000000000023,0,3
Yes,353.51000000000005,3.411400000000002,1,3
No,366.54900000000004,5.382200000000006,0,2
Yes,352.522,4.992100000000005,0,2
Yes,338.495,4.602000000000005,0,2
Yes,312.457,4.067800000000003,0,2
Yes,284.403,3.464900000000002,1,2
Yes,379.5000000000002,4.5983000000000045,0,3
No,351.49000000000024,5.221000000000005,0,2
No,363.5010000000002,5.076900000000005,0,2
Yes,366.288,4.834500000000005,0,2
Yes,383.38500000000005,4.931200000000004,0,2
Yes,311.4250000000001,4.440800000000004,0,2
Yes,378.51600000000025,3.9825000000000035,0,3
Yes,366.5050000000003,4.126600000000003,0,3
Yes,384.37300000000005,3.4467000000000017,0,3
Yes,381.303,3.7401000000000026,0,3
Yes,382.5480000000002,4.618600000000004,0,3
Yes,368.52100000000013,4.372600000000004,0,3
Yes,354.49400000000026,4.126600000000003,0,3
Yes,340.4670000000002,3.736500000000003,0,3
Yes,326.44000000000017,3.346400000000002,0,3
Yes,312.4130000000001,2.9563000000000015,0,3
Yes,352.478,4.128600000000003,0,2
Yes,283.41499999999996,4.916200000000004,0,1
Yes,366.46100000000007,3.6552000000000024,0,3
No,297.442,5.306300000000006,0,1
No,351.41200000000003,5.848700000000005,0,1
No,311.469,5.696400000000006,0,1
Yes,299.41400000000004,3.888600000000003,1,2
Yes,285.387,3.4985000000000026,1,2
Yes,327.468,4.6688000000000045,1,2
Yes,313.44100000000003,4.278700000000003,1,2
Yes,313.44100000000003,4.542700000000004,0,2
Yes,299.414,4.152600000000004,0,2
No,343.53600000000006,5.649400000000006,0,2
Yes,313.39700000000005,3.9809000000000028,1,2
Yes,327.42400000000004,4.069300000000003,0,3
Yes,312.41300000000007,3.3816000000000024,1,2
No,339.47900000000004,5.265500000000006,0,2
Yes,332.4470000000001,4.949500000000005,0,2
No,331.4590000000001,5.554500000000004,0,1
Yes,332.4470000000001,4.949500000000005,0,2
No,346.4740000000001,5.143900000000005,0,2
No,346.4740000000001,5.143900000000005,0,2
No,334.4630000000001,5.007900000000005,0,1
No,346.4740000000001,5.143900000000005,0,2
Yes,349.47800000000007,4.482400000000005,0,2
No,351.5150000000001,5.810400000000005,0,2
No,351.5150000000001,5.810400000000005,0,2
No,366.5300000000001,5.513820000000005,0,3
No,387.9360000000001,5.2538000000000045,0,4
No,346.2610000000001,5.3074800000000035,0,3
No,321.251,5.435800000000004,0,2
Yes,434.3670000000004,4.908200000000004,0,4
No,594.9960000000002,5.504900000000006,1,4
No,613.6150000000001,4.7210000000000045,0,5
No,443.37800000000004,5.5392000000000055,1,3
No,570.546,5.225600000000005,1,4
No,598.6000000000001,6.007400000000007,1,4
No,545.4920000000002,4.902300000000005,2,4
No,725.7460000000002,8.450700000000005,2,5
No,767.8270000000001,9.620999999999999,2,5
No,591.542,4.272200000000004,0,5
No,612.6050000000002,8.457600000000005,2,4
No,654.6860000000001,9.627899999999997,2,4
No,514.9790000000002,6.347180000000005,2,4
No,514.9790000000002,6.347180000000005,2,4
No,493.05100000000016,6.218880000000006,2,5
No,497.04200000000026,6.4815800000000054,2,4
Yes,305.42199999999997,2.596920000000001,1,4
Yes,304.434,3.201920000000002,1,3
Yes,318.461,3.510340000000003,1,3
Yes,368.8680000000003,4.894420000000004,2,3
Yes,370.84000000000026,3.7407200000000023,2,4
Yes,415.2910000000003,3.849820000000002,2,4
Yes,366.42100000000016,3.0959200000000013,2,5
Yes,366.4210000000001,3.0959200000000013,2,5
Yes,370.84000000000026,3.7407200000000023,2,4
Yes,394.4750000000003,3.874520000000002,2,5
Yes,404.3920000000003,4.106120000000002,2,4
Yes,384.8670000000003,3.751120000000003,1,4
Yes,370.84000000000026,3.442700000000002,1,4
Yes,424.38500000000005,4.465600000000004,1,3
No,465.31500000000017,6.303580000000004,1,3
No,454.3610000000001,5.042880000000005,1,4
Yes,456.3330000000001,3.8891800000000023,1,5
No,549.4330000000002,6.175080000000006,1,4
No,479.3420000000002,5.981280000000004,1,3
No,540.2480000000002,6.604680000000004,1,3
Yes,368.4990000000002,2.699040000000001,1,4
Yes,472.3760000000001,4.004600000000004,2,4
Yes,471.39200000000005,4.455270000000003,3,4
Yes,487.39100000000013,4.4753700000000025,4,5
Yes,474.34800000000007,2.850900000000002,2,5
No,567.4480000000002,5.136800000000004,2,4
No,535.4350000000003,4.6837000000000035,1,5
No,534.4510000000002,5.134370000000004,2,5
No,482.34600000000023,5.715970000000003,3,3
No,496.37300000000016,5.393670000000003,3,3
No,540.4510000000002,4.004700000000004,2,4
Yes,480.35500000000025,4.829620000000003,2,4
No,511.41300000000035,3.796780000000001,2,5
No,560.445,4.102980000000002,1,6
No,558.4689999999999,5.571480000000005,1,4
No,549.4580000000003,4.997700000000004,2,4
No,550.4460000000003,4.392700000000003,2,5
No,568.4360000000003,4.531800000000003,2,5
No,578.4560000000001,4.527500000000004,2,5
No,596.4460000000001,4.666600000000004,2,5
Yes,310.18399999999997,3.2870000000000026,0,4
Yes,322.23900000000003,4.827600000000003,0,3
Yes,320.22300000000007,4.603600000000003,0,3
Yes,347.41800000000006,3.5592000000000024,0,5
Yes,304.39700000000005,4.069000000000003,0,4
Yes,304.39700000000005,4.069000000000003,0,4
No,591.0260000000004,3.2943000000000016,1,6
No,593.0420000000001,3.540300000000002,1,6
No,324.5490000000001,6.953500000000007,0,2
No,360.5630000000002,5.767600000000007,0,2
Yes,438.48000000000025,3.764400000000002,2,6
Yes,349.47799999999995,4.187740000000003,1,2
No,391.5590000000001,5.221920000000005,1,2
Yes,363.505,4.441720000000004,1,2
No,487.8800000000002,6.076400000000005,1,3
Yes,408.49800000000016,4.0782000000000025,2,4
Yes,442.9430000000002,4.731600000000004,2,4
Yes,422.5250000000002,4.468300000000003,2,4
Yes,438.5240000000002,4.086800000000003,2,5
Yes,426.48800000000017,4.2173000000000025,2,4
No,426.9440000000002,5.438300000000005,1,4
No,461.38900000000024,6.091700000000005,1,4
No,440.97100000000023,5.828400000000006,1,4
No,456.97000000000025,5.446900000000006,1,5
No,444.9340000000002,5.577400000000005,1,4
No,528.0000000000001,4.238000000000004,1,3
Yes,477.9930000000001,3.3976000000000015,1,3
Yes,495.9830000000001,4.241200000000004,1,4
Yes,495.9830000000001,4.241200000000004,1,4
No,528.0000000000001,4.784400000000004,1,4
No,528.0000000000001,4.784400000000004,1,4
Yes,495.9830000000001,4.241200000000004,1,4
No,528.0000000000001,4.784400000000004,1,4
Yes,477.9930000000001,3.9440000000000035,1,4
Yes,460.0030000000001,3.996000000000003,1,4
No,555.4090000000001,6.326400000000004,1,4
No,521.8570000000002,5.961000000000005,1,4
No,521.8570000000002,5.961000000000004,1,4
Yes,470.95700000000016,4.793300000000004,1,4
No,487.4120000000002,5.307600000000003,1,4
No,528.0000000000001,4.238000000000004,1,3
No,528.0000000000001,4.238000000000004,1,3
Yes,495.9830000000001,3.6948000000000025,1,3
Yes,495.9830000000001,3.6948000000000025,1,3
No,379.2640000000001,5.667100000000003,1,4
No,395.30700000000013,5.820800000000004,1,4
Yes,362.51700000000017,4.500500000000004,0,2
Yes,377.53200000000015,4.435900000000005,1,2
Yes,351.49400000000014,3.9033000000000033,1,2
Yes,393.60000000000014,4.600800000000005,1,2
No,446.42200000000025,5.742700000000006,1,2
No,446.42200000000025,5.742700000000006,1,2
No,446.42200000000025,5.742700000000006,1,2
No,446.42200000000025,5.742700000000006,1,2
No,474.4180000000002,5.337500000000006,1,2
No,429.9670000000002,5.228400000000006,1,2
No,429.9670000000002,5.228400000000006,1,2
No,403.3530000000002,5.027100000000005,0,2
No,417.3800000000002,5.417200000000006,0,2
No,431.40700000000027,5.807300000000006,0,2
No,483.48300000000046,6.443400000000006,0,2
No,432.3950000000002,5.306300000000006,0,2
Yes,434.3670000000002,4.152600000000003,0,3
No,420.38400000000024,5.210100000000004,1,2
Yes,447.4100000000002,4.810900000000005,1,3
No,462.49000000000024,5.907600000000006,1,2
No,480.8670000000002,6.396100000000006,1,2
No,460.44900000000035,6.051120000000006,1,2
No,461.43700000000035,5.119320000000005,1,3
No,476.44800000000043,5.751300000000005,1,3
No,538.519,7.535000000000007,1,3
No,514.4190000000001,6.761500000000006,1,2
No,464.41200000000026,5.8818000000000055,1,2
No,460.62100000000015,6.1424000000000065,0,2
No,499.35000000000025,5.353000000000006,3,6
No,511.8620000000002,5.367600000000004,1,4
No,481.8360000000001,5.962000000000004,1,4
No,509.8900000000001,6.742200000000005,1,4
No,575.6650000000002,6.2348000000000035,1,3
No,495.86300000000017,6.352100000000005,1,4
No,479.7950000000002,5.122500000000004,2,4
No,509.8900000000001,6.742200000000005,1,4
No,481.8360000000001,5.962000000000004,1,4
No,527.8610000000002,5.033700000000004,1,5
No,511.8620000000001,5.367600000000004,1,4
No,495.86300000000006,6.3521000000000045,1,4
No,509.8900000000001,6.742200000000006,1,4
No,505.82900000000024,6.475000000000006,2,4
No,519.8560000000002,6.865100000000005,2,4
No,517.8400000000003,6.619100000000005,2,4
No,539.3810000000002,6.672420000000006,2,4
No,573.8260000000001,7.407500000000005,2,4
No,573.8260000000001,7.407500000000005,2,4
No,541.8090000000001,6.721800000000004,2,4
No,553.8730000000002,8.113600000000005,2,4
No,552.8890000000001,7.990200000000005,2,4
No,555.893,7.693500000000006,2,4
No,541.8660000000002,7.439520000000005,2,4
No,555.893,7.747940000000006,2,4
No,567.9040000000001,7.619800000000005,2,4
No,527.8390000000003,7.131100000000004,2,4
No,541.8660000000002,7.439520000000005,2,4
No,555.8930000000001,7.747940000000005,2,4
No,542.854,6.834520000000005,2,5
No,577.8990000000002,8.284300000000004,2,4
No,577.8990000000002,8.284300000000004,2,4
No,577.8990000000002,8.284300000000004,2,4
No,475.80300000000017,7.114100000000005,1,3
No,475.80300000000017,7.114100000000005,1,3
No,641.8230000000001,8.340000000000003,2,4
No,641.8230000000001,8.340000000000003,2,4
No,541.8660000000001,7.439520000000005,2,4
No,525.4760000000001,7.136000000000007,2,4
No,511.4490000000001,6.745900000000006,2,4
No,511.4490000000001,6.745900000000006,2,4
No,457.3570000000002,5.433100000000005,2,4
No,491.80200000000025,6.0865000000000045,2,4
No,533.8830000000003,7.1127000000000065,2,4
No,505.8290000000002,6.476600000000005,2,4
No,505.82900000000024,6.475000000000006,2,4
No,461.7760000000002,6.505800000000004,1,3
No,533.8830000000002,6.907600000000007,2,4
No,504.84500000000025,6.143900000000007,2,4
No,518.8720000000002,6.532400000000006,2,4
Yes,381.5200000000003,3.932800000000003,0,3
Yes,397.56300000000033,4.394800000000004,0,3
Yes,381.5200000000003,3.931200000000003,0,3
No,731.0930000000002,5.912800000000007,2,5
No,583.8760000000002,7.379000000000006,1,3
No,518.4390000000002,5.494900000000006,1,2
No,458.6020000000003,6.150300000000007,1,3
No,474.6700000000003,6.618800000000007,1,3
No,484.6400000000003,6.262900000000007,2,3
No,472.67300000000046,6.847700000000008,1,2
No,503.0860000000003,7.210700000000008,1,2
No,504.6210000000003,6.835500000000008,1,2
No,509.1150000000003,7.272200000000007,1,3
No,493.65100000000035,6.428980000000007,1,3
No,526.7210000000005,7.182740000000008,1,3
Yes,416.56500000000034,4.871600000000004,1,2
No,458.6060000000003,5.076000000000005,1,3
No,474.6890000000005,6.938000000000009,1,2
No,420.5970000000003,5.452700000000005,1,2
No,496.6950000000004,6.6755000000000075,1,2
Yes,439.35300000000007,4.095800000000003,1,2
No,442.5590000000002,5.536200000000005,1,3
No,385.51100000000014,6.407400000000006,1,2
Yes,349.4780000000001,4.931900000000004,1,2
No,355.526,5.312000000000006,1,2
No,407.6020000000002,5.948100000000006,1,2
No,395.5910000000001,5.8040000000000065,1,2
No,393.57500000000016,5.556400000000005,1,2
No,393.5750000000002,5.700500000000006,1,2
No,377.5320000000001,5.667000000000006,1,2
No,395.5910000000001,5.946500000000007,1,2
No,363.5050000000001,5.276900000000005,1,2
No,399.48500000000007,5.555100000000006,1,2
No,399.48500000000007,5.555100000000005,1,2
No,369.5340000000001,5.338400000000005,1,3
No,341.49899999999997,5.0644000000000045,1,2
No,355.526,5.454500000000006,1,2
No,369.55300000000005,5.844600000000006,1,2
No,389.5430000000001,5.809300000000006,1,2
No,403.4480000000001,6.273000000000005,1,2
No,370.49600000000015,6.015700000000006,0,2
No,391.55900000000014,6.0555000000000065,1,2
No,409.6180000000001,6.335000000000007,1,2
Yes,393.57500000000016,4.920500000000005,1,3
No,395.5220000000001,5.170200000000005,1,3
No,395.5910000000001,5.310600000000005,1,3
No,413.58100000000013,5.449700000000005,1,3
Yes,407.5140000000002,2.625400000000001,1,4
Yes,390.24500000000006,4.343700000000003,3,2
No,733.3130000000003,11.450019999999991,2,4
No,677.2050000000002,9.88962,2,4
No,621.0970000000002,8.329220000000007,2,4
No,564.9890000000001,6.768820000000007,2,4
No,1096.944,17.04263999999997,2,5
No,1040.8359999999998,15.482239999999964,2,5
No,984.7279999999997,13.921839999999971,2,5
No,928.6199999999997,12.36143999999998,2,5
No,719.2860000000003,11.107819999999993,3,4
No,663.1780000000002,9.54742,3,4
No,607.0700000000002,7.987020000000008,3,4
No,550.9620000000002,6.426620000000006,3,4
Yes,494.85400000000016,4.866220000000004,3,4
No,1082.917,16.70043999999997,3,5
No,1026.8089999999997,15.140039999999967,3,5
No,970.7009999999997,13.579639999999975,3,5
No,914.5929999999997,12.019239999999984,3,5
No,858.4849999999998,10.45883999999999,3,5
No,830.4309999999998,9.678639999999994,3,5
Yes,466.8000000000002,4.086020000000003,3,4
Yes,499.6080000000003,3.7197000000000013,2,5
Yes,254.28500000000003,3.286900000000002,1,2
Yes,268.312,3.677000000000003,1,2
Yes,331.41200000000003,3.078800000000002,0,4
Yes,307.346,1.1747999999999998,2,5
Yes,325.364,3.402000000000001,2,4
Yes,321.4200000000002,4.214800000000003,0,2
Yes,297.35400000000004,2.3108,2,3
Yes,345.398,4.546600000000003,2,3
Yes,293.36600000000004,3.480900000000002,1,2
Yes,339.391,2.8816000000000015,1,4
Yes,341.40700000000015,2.0155,2,4
Yes,311.38100000000003,2.699300000000001,2,3
Yes,335.4470000000002,4.604900000000003,0,2
Yes,311.38100000000003,2.7009000000000003,2,3
Yes,307.39300000000003,3.871000000000002,1,2
Yes,353.418,3.271700000000002,1,4
Yes,325.408,3.0894000000000013,2,3
Yes,323.3920000000001,2.8246000000000007,2,3
Yes,325.408,2.7440000000000015,2,3
Yes,323.392,3.175300000000002,0,3
Yes,387.40500000000026,4.594700000000004,1,3
Yes,451.65900000000045,3.8042000000000025,2,5
No,453.35999999999996,5.420480000000003,0,5
No,441.36200000000014,5.189420000000005,1,3
No,406.5700000000003,5.198720000000005,1,2
Yes,310.4630000000001,2.922340000000001,0,3
Yes,335.44700000000006,4.205500000000004,0,2
No,502.0150000000003,3.091800000000002,2,7
Yes,461.9500000000003,2.3116000000000003,2,7
Yes,417.89700000000016,2.6884000000000015,1,6
Yes,464.6090000000003,3.688900000000003,1,6
Yes,429.49800000000016,2.0866,1,5
Yes,420.44300000000015,1.6970999999999998,1,7
Yes,438.57100000000025,3.290820000000002,1,6
Yes,401.53200000000027,2.516140000000001,0,4
Yes,410.879,2.6218000000000004,1,5
Yes,470.55100000000016,2.7709400000000013,1,6
Yes,496.67700000000053,3.7322200000000034,0,5
Yes,424.54400000000027,2.9007200000000015,1,6
No,445.57300000000015,5.353640000000004,1,6
Yes,475.63600000000037,3.500300000000002,1,6
Yes,399.5010000000001,3.695240000000002,1,7
Yes,464.6090000000004,3.544800000000002,1,6
Yes,424.5440000000002,2.9007200000000015,1,6
Yes,498.6930000000004,3.9158000000000035,0,5
No,527.5210000000003,3.027700000000001,1,6
No,505.58100000000024,4.782520000000003,1,9
No,459.60000000000014,5.377940000000003,0,6
Yes,475.5550000000002,4.773920000000003,1,8
Yes,478.56700000000023,3.011800000000002,1,7
Yes,442.44000000000005,2.5698000000000008,1,6
Yes,452.9200000000003,2.4609000000000005,0,6
Yes,491.05700000000036,3.4613200000000024,0,5
Yes,441.59700000000043,3.4404400000000024,0,4
Yes,450.5820000000003,3.2988000000000017,1,6
Yes,406.52900000000017,2.900100000000001,1,5
Yes,489.5820000000002,4.8164200000000035,1,8
No,519.6080000000003,4.825020000000003,1,9
Yes,460.5770000000001,3.961700000000003,1,6
Yes,477.0300000000002,3.1529000000000016,0,5
Yes,442.5850000000002,2.4995000000000003,0,5
Yes,435.9770000000002,3.1695400000000022,0,4
Yes,484.66600000000034,3.669800000000003,0,5
Yes,478.6360000000003,4.0774000000000035,1,6
Yes,473.5510000000002,2.4853000000000005,1,6
Yes,464.54000000000013,3.630620000000002,1,6
Yes,486.6380000000003,2.898200000000002,0,6
Yes,440.9740000000002,3.5535000000000023,1,5
Yes,443.5690000000004,2.28674,0,5
No,443.5030000000001,5.308900000000005,0,4
Yes,345.3980000000001,3.7170200000000033,2,3
Yes,326.302,2.630880000000001,1,4
Yes,375.4680000000002,4.735700000000004,1,4
No,415.51800000000014,5.239760000000004,2,4
No,501.97100000000046,4.463700000000004,2,7
Yes,484.9580000000002,4.113600000000003,1,5
Yes,331.37100000000004,3.6927200000000022,3,3
Yes,417.4690000000003,3.075190000000002,2,5
Yes,350.29600000000005,4.182300000000002,3,4
Yes,290.322,2.3526800000000003,1,4
Yes,408.5270000000003,4.002900000000003,0,6
Yes,300.745,4.116720000000002,3,3
No,379.47500000000014,5.1547000000000045,1,3
Yes,417.4690000000002,3.075190000000001,2,5
Yes,396.5160000000002,3.6799200000000027,0,6
Yes,345.3980000000001,3.798700000000002,2,3
Yes,374.4000000000001,2.35367,1,5
No,513.5790000000003,5.263160000000003,2,7
Yes,480.99500000000023,4.282920000000003,1,5
Yes,382.4890000000002,3.4339200000000023,0,6
No,527.6060000000003,5.5715800000000035,2,7
Yes,423.9000000000003,4.052000000000003,0,4
Yes,489.9350000000003,4.594200000000003,2,6
Yes,408.49800000000016,4.609020000000004,0,3
Yes,296.32599999999996,3.8970400000000014,3,4
No,459.52700000000016,5.104500000000003,2,5
Yes,405.50200000000024,3.224590000000002,2,4
No,444.13000000000005,5.315920000000003,0,3
No,492.0410000000004,5.040120000000004,2,5
Yes,379.2610000000001,4.8618400000000035,0,3
No,454.61700000000013,5.2355000000000045,2,4
Yes,403.48200000000026,3.7070200000000026,0,4
No,527.6060000000003,5.5715800000000035,2,7
Yes,308.312,2.4917800000000003,1,4
No,454.61700000000013,5.2355000000000045,2,4
Yes,406.5070000000002,4.175520000000003,1,4
No,473.5290000000001,5.317500000000005,0,5
Yes,337.38300000000015,1.6033699999999997,2,4
No,392.5060000000001,6.5845000000000065,2,2
Yes,320.27000000000004,4.173700000000003,3,3
Yes,294.35400000000004,4.156420000000003,2,3
Yes,324.38,4.165020000000004,2,4
Yes,395.2600000000001,4.562020000000003,0,4
No,492.6070000000002,5.472900000000003,2,7
No,415.29400000000004,5.706620000000004,0,3
Yes,405.5020000000002,3.224590000000002,2,4
No,486.5780000000002,5.411400000000003,2,6
Yes,381.4070000000001,3.0486000000000013,0,4
Yes,300.36500000000007,4.099340000000002,0,3
Yes,398.5760000000002,4.107420000000004,0,5
Yes,300.36500000000007,4.099340000000002,0,3
Yes,391.4750000000002,2.91617,2,4
Yes,391.4710000000002,3.778920000000003,0,4
Yes,407.42600000000016,2.6382000000000003,0,6
No,514.6320000000002,6.028240000000005,2,6
Yes,488.56900000000036,3.878420000000002,1,6
Yes,358.51100000000014,3.1831200000000015,0,5
Yes,419.4810000000002,3.4072000000000022,0,5
Yes,407.47000000000014,3.308200000000002,0,5
Yes,414.4690000000003,2.5687699999999998,2,5
Yes,365.4370000000002,2.38197,2,4
Yes,413.4810000000003,3.173770000000002,2,4
No,511.56300000000016,4.7535000000000025,2,7
Yes,350.809,4.452920000000002,0,4
Yes,314.77200000000005,4.4197200000000025,2,3
Yes,403.44200000000023,2.766770000000001,2,5
Yes,427.50800000000027,3.2162700000000015,2,4
Yes,450.56400000000036,3.6121200000000027,0,7
No,459.57100000000014,5.184600000000005,1,4
Yes,407.54300000000023,3.4819200000000023,0,6
No,512.5910000000002,5.868160000000004,2,6
Yes,370.5220000000001,3.1831200000000015,0,5
Yes,334.8100000000001,4.752740000000004,0,3
Yes,398.55700000000024,3.9024200000000038,0,6
Yes,421.57000000000033,3.910320000000003,1,5
Yes,436.58100000000036,3.9145400000000024,0,6
Yes,389.45500000000027,3.398600000000002,0,4
Yes,395.46300000000025,2.0100699999999994,2,5
Yes,405.5020000000002,3.3062700000000014,2,4
No,392.4620000000001,5.466520000000005,0,4
No,528.5900000000003,5.5683400000000045,2,7
Yes,330.391,4.107940000000004,0,4
No,509.59100000000024,5.361740000000004,2,6
Yes,417.50900000000036,4.178800000000003,0,4
Yes,406.55500000000023,4.086920000000004,0,5
No,465.60000000000014,5.246100000000005,1,5
Yes,436.5160000000002,1.3057699999999999,2,6
Yes,413.905,4.122120000000003,2,5
Yes,351.4100000000002,1.99347,2,4
Yes,386.5210000000002,2.706120000000001,0,6
Yes,345.196,4.2258200000000015,3,3
Yes,436.58100000000036,3.9145400000000032,0,6
Yes,365.23400000000004,4.553420000000004,0,3
Yes,381.40700000000015,3.0486000000000013,0,4
Yes,320.783,4.444320000000003,0,3
Yes,474.63400000000036,4.282040000000004,0,6
Yes,314.39200000000005,4.407760000000003,0,3
Yes,320.783,4.444320000000002,0,3
Yes,409.4860000000001,3.4773200000000015,2,6
No,533.0090000000001,6.2131400000000045,2,6
Yes,487.5660000000002,4.806400000000003,2,7
Yes,491.63800000000015,4.843100000000004,2,4
Yes,470.6390000000004,3.116340000000002,0,5
Yes,481.59900000000016,4.046700000000002,2,5
Yes,453.58900000000017,4.167100000000003,3,4
No,479.5620000000001,5.1929200000000035,1,7
No,399.5790000000003,5.065800000000005,1,2
No,399.5790000000003,5.020700000000005,1,2
No,413.94900000000007,5.0175000000000045,1,2
Yes,373.5410000000002,4.486500000000004,1,2
No,447.5010000000001,5.382900000000005,1,2
Yes,378.47300000000024,2.4649,1,5
Yes,378.47300000000024,2.4649,1,5
Yes,441.55400000000026,0.7687000000000024,1,7
Yes,427.52700000000027,1.3621000000000003,1,6
No,446.0600000000001,5.771400000000007,0,4
No,448.0760000000002,6.017400000000007,0,4
Yes,399.5350000000002,4.926300000000005,0,4
No,401.55100000000016,5.172300000000005,0,4
No,452.45100000000025,5.862400000000005,0,4
No,454.46700000000016,6.108400000000007,0,4
No,468.4940000000002,6.498500000000007,0,4
No,470.4660000000002,5.344800000000006,0,5
Yes,419.9780000000002,4.268900000000003,1,5
Yes,434.0050000000002,4.659000000000004,1,5
No,448.03200000000027,5.047500000000005,1,5
Yes,446.0160000000002,4.801500000000004,1,5
No,460.04300000000035,5.455600000000006,0,5
Yes,431.9890000000002,4.677000000000004,0,5
Yes,486.4650000000004,4.053200000000003,2,6
No,484.4930000000001,5.253100000000008,1,5
No,498.52000000000015,5.643200000000008,1,5
No,512.5470000000003,6.031700000000009,1,5
No,518.9380000000002,6.122700000000007,1,5
Yes,390.27000000000015,3.7043000000000026,0,4
Yes,407.3670000000002,3.5554000000000023,0,4
No,424.27800000000013,5.103200000000005,0,3
Yes,439.38800000000015,4.231500000000003,1,4
Yes,453.4460000000002,2.2308000000000003,1,6
Yes,406.47700000000003,2.847900000000001,2,4
Yes,405.38000000000017,2.5993000000000013,1,5
Yes,443.4690000000003,4.7793000000000045,2,3
Yes,445.4410000000002,4.089380000000003,2,4
Yes,445.44100000000014,4.350680000000003,2,4
Yes,461.44000000000017,3.9691800000000024,2,5
Yes,475.4670000000002,4.2167800000000035,2,5
Yes,445.44100000000014,4.208180000000003,2,4
Yes,419.55000000000024,4.497600000000003,1,5
Yes,375.47200000000015,3.855400000000003,2,3
Yes,335.4470000000002,3.9791000000000034,1,2
Yes,369.89200000000017,4.632500000000004,1,2
Yes,386.4950000000002,4.527300000000003,1,3
Yes,374.48400000000015,4.4604000000000035,2,2
Yes,419.50000000000017,4.508300000000003,2,3
Yes,342.48300000000023,2.617000000000001,1,3
Yes,335.4470000000002,3.9791000000000034,1,2
Yes,369.89200000000017,4.632500000000004,1,2
Yes,386.4950000000002,4.527300000000003,1,3
Yes,374.48400000000015,4.4604000000000035,2,2
Yes,419.50000000000017,4.508300000000003,2,3
Yes,342.48300000000023,2.617000000000001,1,3
Yes,386.4950000000002,4.527300000000004,1,3
Yes,386.4950000000002,4.527300000000004,1,3
Yes,387.4830000000002,3.9223000000000026,1,4
Yes,374.48400000000015,4.4604000000000035,2,2
Yes,375.47200000000015,3.855400000000003,2,3
Yes,375.47200000000015,3.855400000000003,2,3
Yes,350.4620000000002,3.682520000000002,1,3
Yes,358.48200000000014,1.9958999999999998,1,4
Yes,326.3960000000002,2.967100000000001,1,4
Yes,426.47900000000016,2.9284000000000017,1,4
Yes,414.4650000000001,3.754520000000002,2,3
Yes,320.4580000000001,3.5374000000000025,0,3
No,704.0310000000002,7.455200000000008,4,7
Yes,399.4130000000001,4.968320000000005,1,6
Yes,298.382,4.564500000000004,2,3
Yes,327.3800000000001,1.3014,2,5
Yes,422.5690000000003,4.898900000000005,1,3
Yes,392.4990000000002,4.043600000000003,1,3
No,316.485,6.065700000000007,2,2
No,384.60400000000016,7.792200000000008,2,2
No,341.4540000000001,6.215700000000005,0,1
No,356.4690000000001,6.237000000000005,1,1
No,356.4690000000001,6.2370000000000045,1,1
Yes,344.4140000000001,4.693200000000004,1,2
Yes,344.41400000000004,4.693200000000004,1,2
No,342.4420000000001,5.610700000000005,0,2
Yes,330.38700000000006,4.066900000000003,0,3
No,342.4420000000001,5.610700000000005,0,2
Yes,330.38700000000006,4.066900000000003,0,3
No,342.4420000000001,5.610700000000005,0,2
No,458.57700000000017,6.303100000000007,0,3
Yes,430.54800000000006,4.956600000000005,0,4
Yes,421.52200000000005,3.311880000000002,0,5
Yes,432.52000000000004,3.802900000000003,0,5
Yes,419.55000000000007,4.4655800000000045,0,4
Yes,472.54200000000026,2.0446999999999997,0,6
Yes,391.51500000000027,4.655500000000004,0,3
Yes,488.5850000000004,2.5383000000000004,0,6
Yes,470.5950000000003,2.3992000000000004,0,6
Yes,474.5270000000003,4.539000000000004,0,4
Yes,456.53700000000026,4.399900000000004,0,4
Yes,440.51900000000035,3.140100000000002,0,5
Yes,456.5370000000003,4.241800000000004,0,4
Yes,438.54700000000025,4.102700000000004,0,4
Yes,452.57400000000035,4.539800000000004,0,4
Yes,434.5840000000003,4.400700000000004,0,4
Yes,446.4730000000002,3.9029000000000034,0,4
Yes,450.55800000000033,4.437900000000004,0,4
Yes,436.5310000000003,4.047800000000003,0,4
Yes,422.50400000000025,3.800200000000003,0,4
Yes,438.54700000000037,4.293800000000004,0,4
Yes,424.5200000000003,4.047800000000003,0,4
Yes,410.49300000000034,3.657700000000003,0,4
Yes,446.4730000000001,4.0610000000000035,0,4
Yes,428.4830000000001,3.7638000000000034,0,4
Yes,418.5410000000002,3.908700000000003,0,4
Yes,418.5410000000002,4.051200000000003,0,4
Yes,404.5140000000002,3.661100000000003,0,4
Yes,406.53000000000026,3.9071000000000025,0,4
Yes,378.4760000000002,3.1285000000000016,0,4
Yes,392.50300000000027,3.518600000000003,0,4
Yes,406.53000000000026,3.908700000000003,0,4
Yes,420.5570000000003,4.154700000000004,0,4
No,613.7140000000002,3.1971400000000028,1,2
No,473.7470000000002,5.693620000000004,1,3
No,571.9580000000003,6.037420000000005,2,4
No,584.9570000000002,5.137220000000005,3,4
No,584.9570000000002,5.137220000000005,3,4
No,471.77500000000026,6.763640000000004,1,3
No,583.9690000000003,5.893320000000005,2,4
No,572.9460000000003,5.2813200000000045,3,4
No,583.9690000000003,5.893320000000005,2,4
Yes,371.82000000000005,0.10029999999999983,0,4
Yes,193.20200000000003,0.8911,2,2
Yes,292.14000000000004,1.7633999999999999,2,5
Yes,324.896,4.3183400000000045,1,2
No,405.49600000000015,-3.585399999999993,6,10
Yes,173.128,-1.7578999999999994,2,4
Yes,448.0910000000001,3.0764000000000014,0,2
Yes,284.311,2.8969000000000005,2,4
Yes,153.823,2.5529,0,0
Yes,188.23000000000002,1.4844199999999999,0,1
Yes,361.82500000000005,3.554500000000001,2,3
Yes,239.746,3.2993000000000023,1,2
Yes,236.274,3.3872000000000018,1,1
Yes,266.34099999999995,0.45210000000000006,3,4
Yes,349.81800000000004,1.5191999999999999,1,4
Yes,357.3220000000001,2.7103,4,6
No,252.31599999999997,5.737200000000003,0,0
Yes,194.194,-1.0293,0,3
No,270.315,-1.9200599999999977,8,4
No,390.5640000000003,6.433000000000007,0,4
Yes,385.5120000000001,2.0881999999999996,0,6
Yes,186.236,1.56069,0,3
No,558.6500000000003,6.313600000000008,4,4
Yes,277.269,1.1457999999999997,1,7
Yes,367.4460000000001,2.2288999999999994,2,6
No,252.31599999999997,5.737200000000003,0,0
Yes,246.30599999999998,-0.2809999999999997,0,6
Yes,348.35800000000006,2.0796,1,5
Yes,298.379,2.8408000000000015,0,5
No,376.4960000000002,5.122800000000005,1,3
Yes,223.07,0.6008000000000002,2,2
No,802.9959999999999,-5.010200000000002,3,15
Yes,245.19100000000003,-3.4569000000000005,4,7
Yes,249.33499999999998,2.7950800000000013,0,3
Yes,165.19199999999998,1.4455,1,3
Yes,193.24599999999998,2.2257,1,3
Yes,440.4630000000001,4.028600000000002,2,6
Yes,272.30300000000005,4.613200000000003,0,2
Yes,228.291,3.423700000000002,2,2
Yes,157.01,2.4491000000000005,0,0
Yes,408.9220000000002,2.1650000000000005,3,5
No,317.476,5.769300000000006,0,1
Yes,196.20199999999997,0.6436,0,4
Yes,219.23999999999995,1.4578,0,3
Yes,136.19799999999995,0.8434999999999999,1,2
Yes,461.50000000000017,0.0942000000000009,4,6
No,332.50000000000006,5.705400000000002,0,6
Yes,286.4,3.698100000000002,2,3
Yes,252.269,2.8580000000000005,0,3
Yes,307.43700000000007,4.417800000000004,0,2
No,1495.4800000000005,-10.699580000000005,20,31
Yes,244.207,-3.1679999999999997,4,8
Yes,435.44000000000017,-1.1724999999999979,4,10
Yes,301.729,4.336300000000002,1,3
Yes,265.30899999999997,0.5020999999999994,2,5
Yes,472.44600000000025,2.0127000000000006,4,6
Yes,380.488,4.468820000000004,2,4
Yes,307.39,2.7711000000000015,0,5
No,1422.7199999999998,-1.6776000000000149,17,19
No,424.088,5.456800000000003,1,3
Yes,182.65099999999998,-3.2080999999999973,1,2
No,548.6330000000003,3.480400000000002,3,9
Yes,210.285,0.0696000000000001,0,6
Yes,420.4340000000002,-3.1755999999999975,4,8
Yes,293.374,2.9287600000000014,0,4
Yes,430.3790000000001,2.8795800000000007,2,5
Yes,158.204,1.9313999999999998,0,1
Yes,183.182,0.7801,2,2
Yes,195.22099999999998,2.681300000000001,1,1
Yes,313.788,3.4292000000000025,1,4
Yes,151.165,1.3505999999999998,2,2
No,440.42000000000024,0.24409999999999987,6,10
Yes,365.4110000000001,0.023700000000000443,4,6
Yes,186.16699999999997,-0.35698000000000013,3,5
Yes,185.251,3.5741000000000014,0,2
Yes,82.106,0.7181199999999999,1,1
No,1732.1529999999996,10.364700000000001,6,28
No,645.7460000000003,0.6481000000000035,3,12
Yes,58.08,0.1647,1,1
Yes,290.447,3.959100000000003,1,2
Yes,136.154,0.36770000000000025,2,2
Yes,378.10800000000023,3.1869000000000014,3,3
Yes,153.137,0.6726000000000001,3,3
No,924.0910000000002,0.7117000000000053,12,17
Yes,248.32600000000002,1.9055999999999995,3,3
Yes,96.944,1.9352,0,0
Yes,220.35600000000002,4.685300000000005,1,1
Yes,294.35800000000006,2.4083200000000007,1,2
No,268.359,5.553220000000004,0,0
Yes,214.22699999999998,-0.2492999999999997,4,4
Yes,349.4120000000001,0.3181000000000002,3,5
Yes,313.82800000000003,4.434900000000004,0,1
Yes,211.268,3.1453700000000007,3,1
Yes,206.32900000000004,4.295200000000005,1,1
Yes,336.4320000000001,2.3655,3,5
Yes,312.277,2.2764999999999995,0,6
No,972.8460000000006,-13.054800000000025,18,30
No,645.3190000000002,6.936200000000007,0,4
No,351.0160000000001,5.258100000000002,2,2
No,585.6080000000002,-8.424200000000015,13,17
Yes,447.46900000000016,2.558700000000001,1,8
Yes,297.37300000000005,3.920600000000003,0,1
Yes,238.28999999999996,3.0020000000000016,1,1
Yes,198.269,2.4418000000000006,2,2
Yes,354.1890000000001,3.907300000000002,2,4
Yes,326.44,1.5545,2,4
No,575.7100000000002,2.4303,3,6
Yes,293.41400000000004,4.871880000000004,0,2
Yes,272.303,4.613200000000003,0,2
No,505.63700000000034,2.4028,3,7
Yes,309.40900000000005,3.7901000000000034,0,2
Yes,302.458,4.269300000000005,1,2
Yes,415.82900000000006,3.4705200000000014,1,5
Yes,265.33799999999997,3.2433000000000005,2,4
Yes,258.23299999999995,0.08779999999999993,1,4
Yes,170.233,2.1554,1,2
No,430.7170000000003,8.840260000000002,1,2
Yes,131.175,0.5901000000000001,2,2
Yes,187.202,1.0191,2,3
Yes,293.41,4.089920000000004,0,1
Yes,223.27499999999998,3.2162000000000015,1,1
No,1541.5470000000007,-12.394899999999996,21,42
Yes,347.38,4.8003000000000045,0,1
Yes,308.77200000000005,3.5801200000000017,0,3
Yes,232.28299999999996,1.3532,2,3
No,457.4320000000001,-3.108019999999997,7,12
Yes,258.23299999999995,0.08779999999999993,1,4
Yes,134.14199999999997,0.1450999999999994,1,3
Yes,216.236,2.4755000000000003,1,2
Yes,222.251,-0.8561000000000003,2,6
No,400.64700000000016,6.589800000000009,2,2
Yes,226.27599999999998,1.1849999999999998,2,3
No,321.97400000000005,6.198200000000001,0,2
Yes,212.208,1.3056,2,3
Yes,362.4660000000002,1.7815999999999996,3,5
Yes,261.08899999999994,1.884,1,2
Yes,259.3929999999999,3.5537000000000027,0,2
Yes,129.09399999999997,-0.5088000000000001,2,3
No,891.5400000000004,-3.5355000000000087,0,3
Yes,352.7700000000001,2.8103000000000007,0,6
No,469.6690000000001,7.217600000000008,0,3
Yes,141.17,0.4491999999999999,1,2
Yes,164.20399999999995,2.1292999999999997,1,2
No,531.6020000000004,2.190599999999999,2,10
Yes,335.8790000000001,3.783000000000002,2,4
No,381.69000000000005,5.801400000000003,0,2
Yes,183.207,0.35060000000000013,4,4
Yes,295.379,1.5298999999999996,2,5
Yes,285.235,-1.8409000000000002,4,8
Yes,332.31100000000004,3.6658000000000017,2,5
No,1281.1290000000013,-17.13289999999998,24,39
Yes,493.6150000000002,4.590320000000004,2,7
Yes,62.068000000000005,-1.0290000000000001,2,2
Yes,321.33700000000016,0.5409999999999998,1,8
Yes,154.253,2.6714000000000016,1,1
Yes,330.4680000000001,3.8384000000000027,1,3
Yes,422.4930000000002,2.4445000000000006,2,6
Yes,376.46800000000013,2.923300000000001,2,4
Yes,255.23399999999998,-1.970899999999999,4,7
No,822.9419999999996,2.245600000000003,8,13
Yes,240.30999999999997,2.8227,1,3
No,288.475,5.090300000000005,1,1
Yes,337.456,-0.7679999999999998,4,6
Yes,356.26000000000005,2.4663000000000004,1,4
Yes,303.293,1.7736999999999998,0,4
Yes,225.16,0.9739,0,6
Yes,375.40000000000015,1.9804,2,5
Yes,323.4180000000001,1.6298199999999994,2,4
Yes,169.073,-1.2042000000000002,4,3
Yes,266.25699999999995,-1.1933999999999994,0,5
Yes,212.24800000000002,2.9807000000000015,1,1
Yes,246.097,1.5455700000000003,3,2
Yes,242.32199999999997,1.9975,2,2
Yes,376.45300000000026,1.6046,2,5
No,561.6830000000002,2.040199999999999,3,6
Yes,303.14099999999996,3.6057000000000023,1,3
Yes,309.33099999999996,4.435000000000003,1,2
Yes,263.2,-1.2886,3,6
Yes,384.259,3.9643000000000033,1,5
Yes,495.5790000000002,4.9356000000000035,2,6
Yes,497.5000000000002,1.0202999999999998,5,10
Yes,325.4120000000001,1.5346000000000002,3,3
Yes,204.314,-0.292599999999999,4,4
Yes,369.3430000000002,1.6991999999999998,1,4
Yes,434.50400000000025,2.2747000000000006,2,6
Yes,437.5310000000002,4.308100000000003,1,5
No,462.4550000000002,-1.1722999999999981,6,9
Yes,299.355,3.892400000000001,2,4
Yes,32.046,-1.1812,2,2
Yes,338.444,3.4623000000000026,1,5
Yes,359.4010000000001,2.3156,1,4
No,581.6730000000001,1.990800000000002,3,6
Yes,46.069,-0.0014000000000000123,1,1
Yes,285.274,3.822000000000002,1,3
Yes,331.34400000000005,0.8772000000000002,1,5
No,612.6400000000004,-3.8767999999999985,10,12
Yes,312.4170000000001,2.3183999999999996,1,3
No,588.5620000000004,1.3385999999999993,3,13
Yes,360.837,4.680000000000004,0,4
Yes,297.74500000000006,-0.35129999999999967,3,5
Yes,319.407,2.918700000000001,1,4
Yes,306.276,0.7357999999999993,1,5
Yes,494.0130000000003,3.641700000000003,3,5
Yes,154.253,2.7441000000000013,0,1
Yes,357.3850000000001,2.0664,1,4
Yes,230.09799999999998,2.3644999999999996,2,3
Yes,231.26099999999997,3.2459000000000024,1,1
No,1229.3230000000008,-6.504500000000019,17,29
Yes,110.11199999999998,1.0977999999999999,2,2
Yes,277.195,2.9971000000000005,3,3
Yes,292.287,-0.0620000000000005,1,6
Yes,203.28500000000003,2.9240200000000014,0,1
Yes,166.188,-0.3897000000000006,3,6
Yes,338.77200000000005,0.9242000000000001,3,4
Yes,333.4530000000002,3.9299000000000026,1,4
Yes,465.9530000000003,3.358100000000002,2,6
Yes,321.829,3.6739000000000024,0,4
Yes,206.28499999999997,3.073200000000001,1,1
Yes,336.29900000000004,2.9014000000000006,2,6
Yes,399.4430000000002,2.871600000000001,1,6
Yes,276.37600000000003,3.4780000000000024,1,3
Yes,243.21900000000002,-2.563,4,7
No,527.5260000000003,1.0288999999999997,5,11
No,504.6360000000004,-0.017599999999997396,4,12
Yes,169.56699999999998,1.7745,1,2
Yes,342.43900000000025,3.478200000000002,1,3
Yes,424.9910000000001,0.3895000000000004,4,7
Yes,213.708,2.3714000000000004,2,2
Yes,309.4940000000001,4.402200000000004,0,3
No,780.9490000000002,2.218100000000003,6,14
No,455.47400000000016,-0.6224999999999987,3,11
Yes,299.761,2.950700000000001,1,3
Yes,152.237,2.401700000000001,0,1
Yes,139.154,0.39931999999999984,1,2
Yes,333.345,-2.5726799999999965,0,5
Yes,369.4690000000002,3.4647000000000014,1,5
Yes,466.97700000000026,4.103100000000003,1,5
No,663.0800000000002,7.124400000000003,2,3
Yes,271.404,3.3834000000000026,0,2
Yes,236.23099999999997,-0.21050000000000008,2,5
No,707.8500000000005,2.2212000000000014,4,8
Yes,381.3790000000001,3.5139200000000006,1,3
Yes,281.35200000000003,1.0414999999999999,2,4
No,645.1959999999999,3.7050000000000027,2,7
Yes,266.388,3.5328000000000026,1,2
No,583.6890000000001,2.0811000000000024,3,6
Yes,242.702,3.060500000000001,0,3
No,344.845,5.376700000000004,0,1
No,613.9150000000002,3.1154,3,3
Yes,380.913,4.481400000000002,0,1
Yes,347.3960000000001,0.4449000000000012,3,5
Yes,119.37800000000001,1.9864,0,0
Yes,360.45000000000016,1.9898000000000002,2,5
Yes,182.18699999999998,0.0688999999999999,2,4
Yes,414.52700000000016,3.368500000000002,0,6
Yes,301.386,2.956800000000002,4,4
Yes,257.22299999999996,-1.452599999999998,2,6
Yes,132.16199999999998,1.8987,0,1
Yes,250.24999999999994,1.721,2,4
Yes,284.74600000000004,3.153800000000002,0,2
Yes,257.265,0.8136999999999999,2,3
No,405.96900000000005,6.562600000000006,0,2
No,1202.634999999999,3.2690000000000046,5,12
Yes,469.97300000000024,2.967900000000001,1,5
No,861.9350000000002,0.7855000000000025,5,14
Yes,139.62599999999998,-3.3110999999999975,1,1
Yes,285.69100000000003,-0.29740000000000044,3,7
Yes,392.4670000000002,1.8957000000000002,3,5
Yes,230.676,1.6818,1,3
Yes,341.8350000000001,2.796100000000001,2,4
Yes,318.8730000000001,4.894400000000004,0,3
Yes,146.14499999999998,1.793,0,2
Yes,337.46300000000014,4.221000000000004,1,3
Yes,78.136,-0.005299999999999971,0,1
Yes,425.92000000000013,3.353200000000002,2,3
Yes,276.745,1.7379,2,3
Yes,289.158,3.589800000000003,1,2
Yes,274.795,3.8186000000000027,0,2
Yes,220.976,2.6804000000000006,0,4
Yes,250.19999999999996,3.035600000000001,2,2
Yes,378.5160000000001,3.173300000000001,0,3
Yes,406.482,3.738000000000002,3,5
Yes,384.4459999999999,3.4594000000000014,0,0
Yes,315.716,3.037700000000001,1,4
Yes,142.158,-0.9059000000000004,1,2
Yes,303.19999999999993,-1.052299999999998,0,2
Yes,365.21400000000006,1.4736999999999998,2,10
Yes,331.4670000000001,1.3224999999999998,2,8
Yes,260.3809999999999,2.850740000000001,2,3
Yes,257.164,-4.989399999999998,0,0
Yes,334.39700000000005,0.8607999999999998,2,4
Yes,170.237,1.38499,2,2
Yes,259.34900000000005,2.5775000000000006,2,3
Yes,222.243,2.849400000000001,0,2
Yes,323.80500000000006,3.6671400000000007,2,5
Yes,424.5340000000002,2.4404000000000003,4,6
Yes,218.25599999999994,0.5378999999999999,2,2
Yes,334.41600000000005,2.2984,2,3
Yes,301.327,3.0337000000000005,2,5
Yes,332.4840000000001,4.401000000000005,2,3
Yes,329.3710000000001,3.326500000000002,1,4
No,530.6580000000004,3.013800000000002,4,8
Yes,232.23899999999995,0.7004,2,3
No,665.7330000000004,0.11970000000000325,7,13
Yes,288.307,1.1098000000000001,1,5
Yes,312.41300000000007,2.5349000000000004,0,2
Yes,285.36499999999995,2.1955,1,3
Yes,284.42800000000005,4.241000000000003,0,3
Yes,266.30400000000003,2.6512200000000004,1,4
Yes,295.29800000000006,2.4086000000000007,0,4
Yes,298.42600000000004,3.4925000000000024,1,2
Yes,123.15499999999999,1.2773999999999999,1,2
Yes,248.32199999999992,2.7620000000000013,0,3
Yes,278.31200000000007,0.19300000000000006,0,4
Yes,471.51800000000026,-0.7936999999999972,4,10
Yes,293.32200000000006,4.025800000000003,1,3
Yes,248.32600000000002,1.9055999999999995,3,3
No,516.8570000000003,9.908299999999995,2,4
Yes,274.40399999999994,3.4891000000000028,1,2
Yes,123.11099999999998,0.7797999999999999,1,2
Yes,418.44600000000014,2.9708000000000014,1,8
No,1019.2609999999997,-0.8053999999999932,13,14
No,460.43900000000014,-1.2435999999999974,7,10
Yes,333.36300000000006,1.6105000000000003,1,4
Yes,314.4980000000001,4.271100000000003,1,2
Yes,341.4510000000001,3.2414000000000023,2,4
Yes,252.27299999999997,2.6422000000000008,1,2
No,277.496,5.295400000000005,1,1
Yes,199.278,3.894800000000001,1,2
Yes,360.4500000000002,1.5575999999999999,3,5
Yes,235.33100000000002,1.3403999999999996,2,3
Yes,388.4200000000001,3.201800000000002,1,7
Yes,319.336,1.2683,2,4
Yes,176.17499999999998,0.5992000000000001,1,3
Yes,294.3949999999999,2.5562000000000005,1,5
Yes,315.35400000000004,2.9079000000000006,2,4
Yes,403.9790000000002,3.942700000000003,1,5
Yes,281.35900000000004,2.840420000000001,2,4
Yes,401.96300000000025,4.530100000000004,1,4
Yes,358.43400000000014,1.7658,2,5
Yes,236.315,1.7673999999999999,1,4
Yes,317.42900000000014,3.2609000000000012,2,2
Yes,281.27099999999996,2.3842999999999996,1,4
Yes,312.4530000000001,3.8826000000000036,1,2
Yes,312.4420000000001,3.4392200000000033,1,5
Yes,205.25399999999996,-1.1355999999999997,4,4
Yes,178.27499999999995,3.6390000000000025,1,1
Yes,126.11099999999998,0.8033999999999997,3,3
Yes,178.191,0.42399999999999954,2,2
Yes,308.3810000000001,3.7878000000000025,0,2
No,517.5640000000003,-0.24029999999999685,3,7
Yes,341.4950000000001,4.264980000000004,1,3
Yes,221.304,1.0487999999999995,3,3
Yes,360.36600000000004,2.5657000000000005,1,7
Yes,263.38399999999996,3.826400000000003,1,1
Yes,383.3760000000001,2.8843000000000005,1,6
Yes,293.37000000000006,3.1285200000000017,0,2
Yes,108.14399999999998,0.9722000000000002,2,2
Yes,448.40100000000024,0.49030000000000107,1,3
Yes,172.615,-2.6767999999999983,1,2
Yes,220.316,2.3216200000000002,2,2
Yes,373.95300000000015,4.580200000000004,0,4
No,614.6500000000003,-8.895300000000017,13,19
Yes,282.221,3.542200000000001,2,3
Yes,238.15899999999996,0.07349999999999995,1,6
Yes,413.4260000000003,2.881800000000001,0,8
Yes,339.3910000000001,3.860000000000003,0,5
Yes,170.16399999999996,0.3381999999999999,1,4
Yes,277.41100000000006,4.211400000000004,1,1
Yes,164.18300000000002,-3.534599999999999,1,4
Yes,353.4660000000001,1.9351,2,3
Yes,179.26299999999998,2.0294399999999997,1,2
Yes,265.441,3.727300000000003,0,2
No,650.7760000000003,3.2752000000000026,4,10
Yes,422.9200000000001,4.2668000000000035,2,5
Yes,299.8020000000001,2.0023999999999997,2,4
Yes,268.74399999999997,1.4020000000000006,1,3
No,785.9690000000003,2.4426000000000037,4,15
Yes,256.09599999999995,2.0098,2,5
Yes,310.4370000000001,3.915600000000003,1,2
Yes,398.2970000000001,-1.9332999999999958,1,4
Yes,102.137,1.0095999999999998,0,2
Yes,179.223,0.7243999999999996,2,3
No,705.6470000000002,5.5773000000000055,0,9
Yes,404.54700000000025,4.195500000000004,1,5
Yes,365.8420000000001,2.714120000000001,2,4
No,416.1350000000001,6.454800000000002,0,2
Yes,273.357,2.01,1,2
No,559.7950000000003,1.746800000000003,4,9
Yes,369.3680000000001,3.515220000000001,1,4
Yes,288.43500000000006,3.8965400000000026,1,2
Yes,110.13399999999999,-0.40759999999999996,0,3
Yes,73.095,-0.2956000000000001,0,1
Yes,428.5400000000001,4.777400000000004,1,5
Yes,246.30599999999993,2.7864000000000013,1,2
Yes,267.36899999999997,1.6132,2,4
Yes,152.237,2.401700000000001,0,1
Yes,351.4090000000001,1.95092,2,6
Yes,152.14899999999997,1.1787999999999998,1,3
No,260.34000000000003,5.1738000000000035,2,2
Yes,365.84200000000004,2.0834,2,4
No,586.6890000000004,4.0911000000000035,1,8
No,484.50300000000016,-7.2914000000000065,11,15
Yes,307.34900000000005,3.2966000000000024,0,4
Yes,171.15599999999998,0.09201999999999994,1,4
No,586.1970000000001,8.948000000000002,2,4
Yes,198.17799999999997,-1.0342000000000002,3,4
Yes,351.353,1.7959,2,4
Yes,295.298,2.972200000000001,2,4
Yes,211.21699999999998,0.4423000000000001,4,4
Yes,228.29099999999997,3.370000000000002,0,2
Yes,372.1680000000001,1.7216,4,7
No,917.1400000000002,4.31690000000001,4,16
Yes,226.279,2.637100000000001,0,3
Yes,209.25300000000001,-0.13029999999999975,2,5
Yes,270.21,3.2541200000000012,1,3
No,740.7610000000001,2.263300000000001,2,10
No,934.1710000000002,4.47890000000001,5,17
Yes,339.4390000000002,1.9247,3,3
Yes,241.68200000000002,0.8181199999999997,2,6
Yes,309.406,0.6347999999999998,4,5
Yes,164.20399999999998,2.4339000000000004,1,2
No,531.4399999999999,4.205800000000003,0,6
Yes,254.285,3.1057000000000015,1,2
Yes,455.5510000000002,4.402500000000004,1,7
Yes,285.31,2.65916,0,4
Yes,341.4330000000001,0.5567000000000012,2,5
Yes,344.4950000000001,4.084400000000003,1,3
Yes,246.35399999999996,2.7262400000000007,1,2
Yes,241.24299999999994,0.5302000000000002,2,5
Yes,433.5010000000003,2.52402,1,8
Yes,310.39300000000003,4.396800000000003,1,2
Yes,137.142,-0.3149000000000006,2,3
Yes,390.52000000000015,3.949500000000003,1,5
No,320.04600000000005,5.929000000000002,0,0
Yes,255.27299999999997,2.291,1,2
Yes,90.07799999999999,-0.5482,2,2
No,473.4460000000002,-0.7310999999999974,7,9
Yes,234.343,2.5837400000000006,1,2
Yes,382.89100000000025,4.887800000000005,0,3
Yes,383.4700000000002,-0.3079999999999994,3,6
Yes,454.44700000000023,0.2684000000000012,5,10
Yes,374.4770000000001,1.8036,3,5
Yes,320.341,2.73322,2,5
Yes,357.4500000000003,1.7072999999999998,3,5
Yes,211.261,1.1291999999999998,4,4
No,444.4880000000002,-0.13919999999999944,8,10
Yes,309.4340000000001,4.014400000000004,0,3
Yes,204.298,2.1460999999999997,0,3
Yes,406.54500000000013,-0.856999999999998,5,8
Yes,321.163,3.1013000000000015,2,3
No,575.6870000000001,5.695920000000005,2,6
Yes,416.3590000000001,1.8944999999999996,2,5
Yes,386.3739999999999,0.8499000000000017,0,2
Yes,305.341,2.6407800000000003,0,4
Yes,434.50400000000025,2.4188000000000005,2,6
Yes,266.34099999999995,1.1176,1,5
Yes,294.351,1.1941999999999997,2,5
No,753.9409999999998,2.732400000000003,5,10
Yes,271.28,1.4969999999999999,2,5
Yes,143.142,0.37359999999999993,0,3
Yes,186.17,1.52836,2,4
Yes,435.52800000000013,4.161700000000002,2,5
Yes,157.21299999999997,0.8361000000000001,2,2
Yes,449.92400000000004,4.932000000000001,2,2
Yes,228.24699999999996,3.4644600000000025,0,3
No,520.7220000000004,4.213760000000003,1,8
No,1449.2710000000004,0.10620000000000512,19,25
No,436.2700000000001,5.492700000000003,0,4
Yes,327.33600000000007,3.0539000000000014,2,4
Yes,236.29599999999996,2.7321999999999997,2,3
No,637.7440000000003,2.9699000000000044,0,5
Yes,308.3330000000001,3.609600000000003,1,4
Yes,136.296,-5.9945,0,0
Yes,163.387,1.4412,1,1
Yes,121.136,-2.3391999999999995,4,4
Yes,89.09400000000001,0.10160000000000025,1,2
Yes,277.4079999999999,3.0356000000000014,1,3
Yes,247.34199999999998,2.1737,2,3
Yes,371.8720000000001,2.3617,0,4
Yes,133.405,2.376500000000001,0,0
Yes,284.359,2.2062,1,3
Yes,324.341,-0.7975999999999985,3,8
Yes,218.20499999999998,0.044299999999999784,0,6
Yes,407.50500000000017,4.945600000000005,0,4
Yes,284.3590000000001,2.9499000000000013,1,3
Yes,416.58300000000025,4.852300000000005,0,5
Yes,334.41900000000004,2.0925000000000002,0,3
Yes,267.31,1.67444,2,5
No,444.44000000000017,-0.21439999999999837,6,9
Yes,348.4280000000001,2.5299199999999997,3,5
Yes,179.30699999999996,2.5500000000000007,1,1
Yes,263.037,-1.1386000000000003,3,4
Yes,137.13799999999998,0.49110000000000004,2,2
Yes,238.28699999999998,1.3510999999999997,2,3
Yes,129.91,-4.6846,0,2
Yes,270.339,1.2295199999999997,2,6
No,804.0310000000001,4.639000000000004,3,12
Yes,337.38200000000006,1.6425,2,6
Yes,356.41800000000006,4.365500000000003,1,2
No,370.587,5.885600000000005,0,4
No,467.5200000000002,-6.295800000000006,10,14
Yes,283.113,-0.3744000000000002,5,4
No,837.058,2.2096000000000076,5,17
Yes,138.12199999999999,1.0903999999999998,2,2
Yes,187.286,2.1826,0,1
Yes,253.28300000000002,1.3660199999999998,2,5
No,371.524,5.9961000000000055,0,2
Yes,404.34800000000007,2.0385999999999997,2,5
Yes,290.44700000000006,3.959100000000003,1,2
No,397.75800000000015,6.518000000000003,0,2
No,340.419,5.350000000000005,1,2
Yes,328.4340000000001,1.1702999999999997,1,5
Yes,192.262,1.58914,2,2
Yes,334.3540000000001,3.9734000000000016,2,4
No,751.0110000000001,6.188000000000006,4,10
Yes,247.72599999999994,2.496900000000001,1,3
Yes,276.317,1.3875,2,4
Yes,372.4170000000001,4.031600000000003,1,3
No,1701.2060000000006,4.838100000000016,25,46
Yes,291.438,4.877300000000004,0,1
Yes,263.3809999999999,2.6346000000000007,1,3
Yes,328.5000000000001,4.1181000000000045,2,2
Yes,312.45300000000003,3.8826000000000036,1,2
Yes,311.4070000000001,1.7739199999999995,2,4
Yes,244.20700000000002,-3.0114999999999994,4,7
Yes,259.34900000000005,2.5775000000000006,2,3
No,306.236,5.179600000000004,1,1
Yes,272.37,1.0895000000000001,3,4
Yes,250.28300000000004,0.8596000000000001,2,5
Yes,225.288,1.5192999999999997,4,4
Yes,206.28499999999997,3.073200000000001,1,1
Yes,314.37000000000006,2.2553,2,4
Yes,263.793,3.959800000000002,0,2
Yes,278.35200000000003,2.098,2,3
Yes,270.379,1.2062000000000002,3,4
No,670.855,3.092400000000003,5,7
Yes,279.8550000000001,4.738000000000005,0,1
No,581.5800000000005,-8.161100000000008,12,15
Yes,398.4000000000001,3.7016000000000013,3,7
Yes,307.41800000000006,4.948320000000003,0,2
No,473.5940000000001,6.075200000000007,2,6
No,822.9530000000003,4.335420000000004,6,15
Yes,244.24699999999999,-0.8778000000000001,5,5
Yes,385.3700000000002,2.3767000000000005,2,4
Yes,474.5870000000004,1.6109,1,7
Yes,234.38699999999992,2.3451000000000004,0,2
Yes,295.408,1.3211999999999997,2,3
No,1767.4640000000006,-1.957199999999984,24,33
Yes,265.222,-3.048299999999999,5,8
Yes,255.32400000000004,1.5261,2,5
Yes,288.431,3.879200000000003,1,2
Yes,75.136,0.91337,2,1
Yes,316.4270000000002,0.5024999999999997,2,8
Yes,416.5180000000003,2.3831999999999995,2,5
Yes,357.435,2.490900000000001,1,6
Yes,162.18799999999993,2.1437999999999997,0,2
Yes,377.444,4.6822000000000035,1,3
Yes,332.353,-2.9255999999999953,5,9
Yes,264.31,1.16802,2,5
Yes,361.30999999999995,-5.726600000000004,0,4
Yes,417.38700000000006,2.904300000000001,2,4
Yes,266.616,-11.320999999999996,0,0
Yes,404.4910000000001,3.795500000000003,0,3
Yes,247.27599999999998,0.5344200000000001,0,5
Yes,421.4530000000002,1.8468000000000002,2,7
Yes,394.4230000000001,3.7033000000000023,0,6
Yes,239.315,1.3059999999999998,4,4
Yes,185.183,0.4805199999999999,1,4
No,447.53300000000024,-3.851499999999994,8,12
Yes,425.40000000000043,4.560400000000004,0,3
Yes,278.337,1.4764399999999998,2,5
Yes,320.757,3.2531000000000008,2,4
No,460.44900000000035,6.051120000000006,1,2
No,460.44900000000035,6.051120000000006,1,2
Yes,486.86909855600015,4.735500000000003,0,5
Yes,482.85300000000007,4.735500000000004,0,5
No,452.63200000000035,5.301100000000007,3,6
No,494.7130000000005,6.426300000000008,3,6
No,383.61700000000013,5.4896000000000065,1,3
No,524.7120000000003,5.887700000000006,0,6
Yes,391.5590000000002,4.467500000000005,0,2
No,405.58600000000024,5.000100000000005,0,2
No,419.6130000000003,5.390200000000005,0,2
No,407.60200000000026,5.224100000000005,0,2
Yes,423.6010000000003,4.460500000000004,0,3
Yes,365.5210000000003,4.3407000000000036,1,2
Yes,379.54800000000023,4.351100000000004,0,2
Yes,393.5750000000003,4.834000000000005,0,2
Yes,451.6110000000004,4.490800000000005,0,4
Yes,487.66600000000045,3.6384000000000025,0,5
Yes,471.6670000000004,4.402000000000004,0,4
Yes,443.6130000000004,3.621800000000003,0,4
Yes,459.6120000000004,2.858200000000001,0,5
Yes,457.64000000000044,4.011900000000003,0,4
Yes,473.63900000000046,3.248300000000002,0,5
Yes,487.6660000000005,3.6368000000000027,0,5
No,521.6830000000004,4.287500000000004,0,5
Yes,472.6550000000005,3.468600000000002,0,4
Yes,488.6540000000005,2.705000000000001,0,5
Yes,452.59900000000044,3.5802000000000023,0,4
No,515.6980000000004,5.497500000000006,0,4
Yes,488.65400000000045,2.7529000000000003,1,5
No,511.6480000000005,2.888200000000001,0,6
Yes,473.6390000000004,3.248300000000002,0,5
Yes,459.6120000000004,2.858200000000001,0,5
Yes,395.54700000000025,3.587500000000003,0,3
Yes,381.52000000000015,3.3415000000000026,0,3
No,427.59200000000016,5.257700000000005,0,2
No,419.6130000000003,5.247700000000005,0,2
Yes,423.6260000000002,4.563000000000004,0,3
Yes,421.58500000000026,4.236500000000004,0,3
Yes,428.58000000000015,4.652700000000005,0,3
Yes,428.58000000000015,4.652700000000005,0,3
Yes,422.49700000000024,3.676700000000003,1,4
Yes,388.53300000000024,3.725400000000003,2,4
Yes,484.62600000000043,2.1978999999999997,1,8
No,566.1490000000002,2.958500000000001,2,8
Yes,472.9770000000003,2.3742,1,7
Yes,402.53500000000025,3.680600000000002,2,3
No,470.65400000000045,5.385100000000005,2,3
Yes,428.57300000000043,4.214800000000004,2,3
Yes,442.6000000000004,4.604900000000004,2,3
Yes,456.62700000000046,4.850900000000005,2,3
Yes,402.53500000000037,3.8247000000000027,2,3
Yes,454.54200000000026,4.212000000000003,2,3
Yes,414.4770000000001,3.423820000000002,2,3
No,476.0640000000003,6.8132400000000075,1,2
Yes,342.4140000000001,3.4883000000000024,1,2
Yes,450.5790000000005,4.643300000000004,2,3
Yes,450.5790000000005,4.643300000000004,2,3
Yes,464.60600000000056,4.5133000000000045,2,3
No,436.5520000000005,5.038100000000005,2,3
No,436.5520000000004,5.038100000000005,2,3
No,436.5520000000004,5.038100000000005,2,3
Yes,450.57900000000046,4.967000000000005,2,3
Yes,450.57900000000046,4.967000000000005,2,3
Yes,443.5690000000005,4.494600000000005,2,5
Yes,443.5690000000004,4.494600000000005,2,5
Yes,457.5960000000005,4.423500000000004,2,5
Yes,457.59600000000046,4.423500000000004,2,5
Yes,471.62300000000056,4.8136000000000045,2,5
No,508.66600000000017,5.005400000000004,2,4
Yes,248.326,1.3081999999999998,2,4
Yes,305.37800000000004,1.6718999999999995,2,5
Yes,262.35299999999995,1.9623,1,4
No,567.9040000000003,6.467220000000005,1,3
No,534.8750000000001,4.877520000000003,2,4
No,640.0110000000001,8.464120000000005,1,4
No,539.8940000000002,6.898120000000006,1,3
No,581.931,7.075520000000006,1,3
No,617.9860000000002,6.488620000000005,1,4
No,639.0270000000002,8.037120000000007,2,3
No,673.0440000000001,8.438820000000003,2,3
No,677.0070000000001,8.90022,2,3
No,702.0860000000001,8.827120000000003,2,4
No,667.081,8.818920000000004,2,3
No,625.0000000000001,7.6470200000000075,2,3
No,610.9730000000001,7.258520000000006,2,3
No,625.0000000000001,7.648620000000006,2,3
No,665.0650000000002,8.571320000000004,2,3
No,639.0269999999999,8.038720000000007,2,3
No,563.9130000000002,6.937220000000006,1,4
No,505.8330000000003,5.548620000000004,1,3
No,562.9290000000002,6.510220000000006,2,3
No,534.8750000000001,5.731620000000005,2,3
No,548.9020000000002,6.120120000000005,2,3
No,548.9020000000002,6.121720000000005,2,3
No,562.929,6.5118200000000055,2,3
No,535.8590000000002,6.158620000000004,1,4
No,505.8330000000003,5.548620000000004,1,3
No,541.8880000000003,4.961720000000005,1,4
No,548.902,6.121720000000005,2,3
No,535.8590000000002,6.158620000000005,1,4
No,563.9130000000002,6.937220000000006,1,4
No,541.8880000000003,4.961720000000005,1,4
No,548.9020000000003,6.120120000000005,2,3
No,548.902,6.121720000000005,2,3
No,562.9290000000001,6.5118200000000055,2,3
No,535.8590000000002,6.158620000000005,1,4
Yes,437.5840000000004,3.4505000000000017,1,3
Yes,437.5840000000004,3.4505000000000017,1,3
Yes,423.55700000000036,3.0604000000000013,1,3
Yes,423.55700000000036,3.0604000000000013,1,3
Yes,425.5730000000004,3.3080000000000016,1,3
Yes,437.5840000000004,3.4505000000000017,1,3
Yes,437.5840000000004,3.4505000000000017,1,3
Yes,423.55700000000036,3.0604000000000013,1,3
Yes,437.58400000000034,3.498400000000002,2,3
Yes,465.63800000000043,4.230700000000004,1,3
Yes,451.6110000000004,3.840600000000003,1,3
Yes,425.5730000000004,3.3080000000000016,1,3
Yes,425.5730000000004,3.3080000000000016,1,3
Yes,443.5630000000004,3.257600000000002,1,3
Yes,457.5900000000004,3.647700000000003,1,3
Yes,469.62600000000043,3.060600000000001,2,4
Yes,467.6100000000004,3.077,1,4
Yes,487.6160000000004,3.0086000000000013,2,4
Yes,469.62600000000043,3.059000000000001,2,4
Yes,455.5990000000004,2.6689,2,4
Yes,455.5990000000004,2.6704999999999997,2,4
Yes,450.58300000000037,3.201780000000001,1,4
Yes,441.5720000000004,3.239600000000002,1,4
Yes,338.48000000000013,3.808620000000002,0,5
Yes,324.45300000000003,3.4185200000000027,0,5
Yes,370.88800000000015,3.1340200000000014,0,5
Yes,356.8610000000002,3.1236200000000016,1,5
Yes,386.88700000000017,2.199220000000001,1,6
Yes,443.93900000000036,2.562920000000001,1,7
Yes,412.92500000000024,3.1683200000000022,0,6
No,416.3080000000001,5.1959000000000035,1,3
No,430.33500000000015,5.586000000000005,1,3
No,444.3620000000001,5.832000000000005,1,3
No,444.3620000000001,5.832000000000005,1,3
No,444.3620000000001,5.832000000000005,1,3
No,484.42700000000036,6.756300000000005,1,3
No,486.39900000000034,5.602600000000004,1,4
Yes,446.3340000000002,4.822400000000004,1,4
No,460.3610000000001,5.212500000000004,1,4
No,432.30700000000013,5.415800000000004,1,4
No,460.3610000000001,6.194400000000005,1,4
No,445.35000000000014,5.378900000000004,2,3
No,467.3560000000002,5.479780000000004,1,4
No,469.3280000000002,5.477800000000004,1,5
No,469.3280000000002,5.477800000000004,1,5
Yes,470.3160000000002,4.872800000000003,1,6
Yes,494.4000000000002,4.220600000000003,1,5
No,458.3890000000001,6.174200000000006,0,3
No,442.3460000000001,5.682200000000005,0,3
Yes,395.934,4.956400000000004,2,2
Yes,424.97600000000017,4.108000000000002,2,3
Yes,371.824,4.264400000000003,2,3
Yes,341.84200000000004,3.9384000000000023,3,2
Yes,355.8690000000001,4.397900000000003,3,2
Yes,369.896,4.422200000000004,2,2
Yes,340.8540000000001,4.664620000000004,2,1
No,361.2720000000001,5.009600000000003,2,1
Yes,344.81700000000006,4.495300000000003,2,1
Yes,425.9600000000001,4.837400000000004,3,3
No,395.934,5.092520000000004,2,2
Yes,375.516,4.693100000000004,2,2
Yes,381.907,4.784100000000004,2,2
Yes,343.77000000000004,3.7020000000000017,2,3
Yes,341.84200000000004,3.8598000000000017,2,2
Yes,333.218,4.447200000000002,2,1
No,409.96100000000007,5.346500000000005,2,2
No,410.9450000000001,5.773500000000006,1,3
Yes,372.80800000000005,4.691400000000003,1,4
Yes,370.88000000000005,4.849200000000004,1,3
Yes,423.94400000000013,4.986700000000004,2,3
Yes,313.788,3.3760000000000012,3,2
Yes,327.815,3.8355000000000015,3,2
Yes,474.4390000000002,3.3596000000000013,1,7
Yes,471.60400000000016,4.309020000000004,1,6
No,525.5010000000002,7.579700000000005,1,3
No,530.4370000000001,3.6167000000000025,2,4
No,572.518,4.641300000000004,2,4
No,572.518,4.641300000000004,2,4
No,581.7560000000003,9.945299999999996,0,4
No,616.8460000000003,9.633899999999999,0,5
No,631.8160000000001,11.098499999999987,0,4
No,581.7560000000003,9.945299999999996,0,4
No,646.8720000000005,9.5127,0,6
No,616.8460000000003,9.633899999999999,0,5
No,646.8720000000005,9.5127,0,6
No,607.7940000000002,10.459099999999994,0,4
No,660.8550000000004,8.503100000000005,0,7
No,531.6960000000003,8.792100000000003,0,4
No,427.5880000000002,7.561100000000008,0,3
Yes,357.43900000000014,1.5917000000000001,1,6
No,426.6450000000003,5.670700000000006,1,2
Yes,398.59100000000024,4.890500000000005,1,2
Yes,318.46100000000007,3.475800000000002,1,2
Yes,340.46700000000016,4.588300000000004,1,2
Yes,370.5370000000002,4.293120000000004,1,2
Yes,384.56400000000025,4.681620000000004,1,2
Yes,356.51000000000016,3.9014200000000034,1,2
Yes,304.434,3.4094200000000026,1,2
Yes,384.5200000000002,3.281920000000002,1,3
Yes,396.4530000000001,4.197820000000004,1,2
Yes,482.40600000000023,4.650120000000004,1,2
No,433.5960000000003,5.1075200000000045,1,3
No,460.6620000000004,6.274920000000007,1,2
Yes,396.57500000000033,4.922920000000005,1,2
No,412.6180000000003,5.282200000000006,1,2
No,579.5130000000003,5.7366000000000055,1,6
No,517.4420000000001,4.307300000000004,1,6
No,538.4830000000001,5.8574000000000055,2,5
No,524.4560000000001,5.467300000000005,2,5
No,524.4560000000001,5.465700000000005,2,5
No,539.467,6.282800000000006,1,6
No,538.4830000000001,6.175300000000005,2,5
No,539.4670000000001,6.600700000000006,1,6
No,614.581,7.384300000000007,2,5
No,600.5540000000001,6.994200000000006,2,5
No,600.5540000000001,6.992600000000006,2,5
No,586.527,6.604100000000006,2,5
No,614.581,7.382700000000007,2,5
No,593.5400000000001,5.834200000000005,1,6
No,515.4480000000001,6.243700000000005,1,5
No,615.565,7.8097000000000065,1,6
No,543.458,5.812800000000005,1,5
No,543.4580000000003,6.188100000000006,1,5
No,366.45700000000016,5.133700000000005,0,4
No,366.4570000000001,5.133700000000005,0,4
Yes,308.37700000000007,4.521220000000004,1,3
Yes,280.323,3.706240000000003,1,3
Yes,280.323,3.706240000000003,1,3
No,406.5220000000003,6.187100000000006,2,4
No,434.57600000000036,6.793100000000007,0,4
No,392.49500000000023,5.797000000000006,2,4
No,420.5490000000003,6.403000000000007,0,4
No,408.5380000000001,6.4331000000000085,2,4
No,436.5920000000002,7.0391000000000075,0,4
No,394.51100000000014,6.043000000000007,2,4
No,422.56500000000017,6.649000000000008,0,4
No,378.5120000000001,6.337400000000008,1,3
No,392.5390000000001,6.640400000000007,0,3
No,356.84900000000005,5.475500000000005,1,3
No,370.8760000000001,5.778500000000004,0,3
No,356.84900000000005,5.475500000000005,1,3
No,370.8760000000001,5.778500000000004,0,3
Yes,338.4030000000001,4.527700000000005,2,4
No,336.43100000000004,5.130520000000005,1,3
No,350.4580000000001,5.433520000000005,0,3
No,336.4310000000001,5.130520000000005,1,3
No,350.45800000000014,5.433520000000005,0,3
Yes,322.40400000000005,4.822100000000004,1,3
No,336.4310000000001,5.125100000000005,0,3
Yes,338.4030000000001,4.527700000000005,2,4
No,564.7540000000001,6.477600000000008,0,5
Yes,326.34800000000007,2.893300000000001,1,5
Yes,389.24500000000006,4.295900000000004,0,4
Yes,375.2180000000001,4.1635000000000035,0,4
Yes,296.322,3.4010000000000016,0,4
No,439.5310000000002,6.339120000000004,0,4
Yes,326.46899999999994,3.3000700000000016,3,4
No,345.4170000000001,5.883020000000005,0,1
Yes,464.3870000000001,4.3221000000000025,1,4
Yes,462.39600000000013,4.062800000000003,1,5
Yes,446.3970000000001,4.1830000000000025,1,4
Yes,440.4430000000002,3.562700000000002,1,5
Yes,446.4220000000002,3.6072000000000015,2,5
Yes,428.4320000000002,3.4681000000000015,2,5
Yes,454.4700000000001,4.597800000000004,1,5
Yes,438.47100000000006,4.718000000000004,1,4
No,496.4040000000001,5.114100000000002,1,4
Yes,428.8880000000002,4.154000000000003,2,4
Yes,446.85300000000007,4.868900000000003,1,3
Yes,372.43700000000007,3.805100000000003,1,4
Yes,364.5110000000002,4.340100000000004,1,4
Yes,366.52700000000016,3.722800000000003,2,4
Yes,362.5390000000002,4.486400000000003,2,3
No,402.94700000000023,5.017400000000004,2,3
Yes,425.54500000000036,3.9226000000000036,1,4
Yes,398.51900000000023,4.872900000000004,1,3
Yes,370.46500000000015,4.092700000000003,1,3
Yes,364.5110000000002,3.472400000000002,1,4
Yes,350.48400000000015,3.131800000000002,2,4
Yes,352.50000000000017,3.3778000000000024,2,4
No,492.4410000000002,5.102300000000003,1,4
Yes,490.4500000000002,4.8430000000000035,1,5
Yes,474.4510000000002,4.963200000000004,1,4
Yes,458.4330000000002,3.701800000000003,1,5
Yes,456.44200000000023,3.4425000000000026,1,6
Yes,442.4340000000001,4.370800000000004,2,4
Yes,440.4430000000001,4.111500000000003,2,5
Yes,456.46100000000007,4.8571000000000035,1,4
Yes,458.4330000000001,3.703400000000003,1,5
Yes,440.4430000000001,3.564300000000003,1,5
Yes,414.5270000000003,3.6689000000000025,1,5
Yes,386.4730000000003,2.8539200000000013,1,5
Yes,441.3360000000001,3.852300000000003,1,5
Yes,406.8910000000001,3.198900000000002,1,5
Yes,404.9190000000001,4.0050000000000034,1,4
Yes,469.1660000000001,4.639120000000002,2,3
No,508.2470000000001,6.934820000000005,1,2
No,500.3860000000003,5.373700000000005,1,5
No,523.2580000000003,6.1634000000000055,2,3
No,464.03400000000033,7.248420000000006,1,3
No,508.2470000000001,6.047720000000004,1,3
Yes,340.471,3.871000000000003,1,3
Yes,368.5250000000001,4.651200000000004,1,3
No,454.0580000000002,6.213820000000006,1,2
Yes,332.83500000000004,3.1796200000000017,1,3
Yes,366.50900000000007,4.494420000000003,1,3
No,429.3510000000001,5.285220000000004,1,3
Yes,395.67700000000013,4.411420000000002,2,3
No,515.2380000000002,7.193620000000005,0,2
Yes,444.36600000000016,4.867420000000004,2,4
No,510.2190000000001,4.894020000000003,1,4
No,429.3510000000001,5.285220000000004,1,3
No,518.5290000000003,7.317800000000007,1,3
No,463.34000000000015,5.124500000000005,1,4
No,490.09100000000024,7.121660000000007,1,2
No,500.3860000000003,5.373700000000005,1,5
Yes,326.44399999999996,3.3992200000000024,1,3
Yes,382.55200000000013,4.959620000000005,1,3
Yes,433.39400000000006,4.941920000000004,1,3
No,469.0290000000001,5.698200000000006,1,3
No,455.0020000000002,5.308100000000005,1,3
No,434.5840000000001,5.044800000000005,1,3
Yes,420.55700000000013,4.654700000000004,1,3
Yes,400.5670000000002,4.285200000000004,1,3
Yes,366.4650000000002,3.1636200000000017,1,3
Yes,370.42800000000017,3.625020000000002,1,3
Yes,382.46400000000017,3.4945200000000023,1,4
Yes,401.51100000000025,1.4381199999999998,1,5
Yes,392.50300000000016,3.462640000000002,1,3
Yes,369.46900000000016,2.799800000000001,1,4
Yes,360.4580000000001,2.1424199999999995,1,4
Yes,328.416,2.29192,1,3
Yes,459.5940000000003,4.446800000000004,1,4
Yes,383.4960000000002,2.7798000000000016,1,4
No,539.6540000000005,3.2832000000000017,3,7
Yes,436.53700000000026,3.2905000000000015,2,5
Yes,465.57500000000033,3.522000000000003,2,5
Yes,465.57500000000033,3.522000000000003,2,5
Yes,465.57500000000033,3.522000000000003,2,5
Yes,495.60100000000034,3.5306000000000024,2,6
No,646.648,3.944300000000003,2,9
Yes,441.4950000000002,3.051800000000002,2,6
Yes,470.5330000000002,3.2833000000000023,2,6
No,500.55900000000037,3.291900000000002,2,7
Yes,470.5330000000003,3.6654000000000027,2,6
Yes,498.5870000000004,4.445600000000004,2,6
Yes,451.54800000000034,3.561600000000002,2,5
Yes,435.54900000000026,3.895500000000003,2,4
Yes,464.5220000000001,2.7997000000000005,3,7
Yes,420.4690000000001,2.783100000000001,3,6
Yes,440.5070000000002,3.6568000000000023,2,5
Yes,439.5190000000002,4.261800000000004,2,4
Yes,439.5190000000002,4.261800000000004,2,4
Yes,438.5310000000002,4.866800000000004,2,3
Yes,416.52500000000026,4.0786000000000024,2,4
Yes,403.4820000000002,4.163400000000003,2,4
Yes,433.46400000000017,3.3417000000000012,3,5
Yes,390.44300000000027,3.420600000000002,2,5
Yes,360.4170000000001,3.4120000000000017,2,4
Yes,360.4170000000001,3.4120000000000017,2,4
Yes,360.4170000000001,3.4120000000000017,2,4
Yes,391.4310000000001,2.4335000000000004,2,6
Yes,396.4720000000001,3.1000000000000014,2,6
Yes,397.4310000000002,2.2615000000000007,2,6
Yes,359.4290000000001,4.017000000000003,2,3
Yes,389.4550000000001,3.643500000000002,2,4
Yes,387.4830000000001,4.797200000000004,2,3
Yes,387.4830000000001,4.797200000000004,2,3
Yes,387.4830000000001,4.797200000000004,2,3
Yes,388.4710000000001,4.192200000000003,2,4
Yes,387.4830000000001,4.797200000000004,2,3
No,420.9400000000001,6.0556000000000045,2,2
Yes,408.5460000000002,3.0671000000000017,1,4
Yes,266.34,4.831000000000003,2,2
Yes,270.37199999999996,4.669800000000004,2,2
Yes,266.3399999999999,4.2218000000000035,2,2
Yes,266.3399999999999,4.221800000000003,2,2
Yes,300.354,2.3889999999999993,4,4
No,408.76000000000016,7.017300000000005,0,2
No,390.5230000000001,5.646800000000008,2,3
No,394.5550000000001,5.443300000000008,2,3
No,396.57100000000014,5.523200000000007,2,3
No,502.6590000000004,5.368820000000005,1,4
No,472.6330000000003,5.360220000000005,1,3
Yes,475.43100000000027,4.455720000000004,1,3
No,478.6620000000003,5.421720000000006,1,4
No,478.6620000000003,5.421720000000006,1,4
No,464.6350000000003,5.113300000000005,1,4
Yes,448.5670000000003,4.644800000000004,1,4
Yes,448.5670000000003,4.644800000000004,1,4
Yes,410.5180000000001,4.398800000000003,1,4
Yes,396.4910000000001,4.008700000000003,1,4
No,527.4960000000003,6.358600000000006,1,3
No,527.4960000000003,6.358600000000006,1,3
No,489.4470000000002,6.112600000000006,1,3
No,475.42000000000013,5.7225000000000055,1,3
No,493.05100000000033,5.705200000000006,1,3
No,455.0020000000001,5.459200000000005,1,3
No,440.9750000000001,5.069100000000005,1,3
No,493.05100000000033,5.705200000000006,1,3
No,455.0020000000001,5.459200000000005,1,3
No,440.9750000000001,5.069100000000005,1,3
No,472.6330000000003,5.360220000000005,1,3
No,434.5840000000001,5.114220000000005,1,3
Yes,420.55700000000013,4.724120000000004,1,3
No,472.6330000000003,5.360220000000005,1,3
No,434.5840000000001,5.114220000000005,1,3
Yes,420.55700000000013,4.724120000000004,1,3
No,458.6060000000003,5.0518000000000045,1,3
Yes,450.5240000000002,2.3689999999999998,2,8
No,415.3270000000001,5.887600000000004,0,3
No,370.8760000000001,5.778500000000005,0,3
Yes,308.37700000000007,4.323080000000004,1,3
Yes,312.3400000000001,4.153760000000003,1,3
Yes,326.367,4.456760000000004,0,3
Yes,294.35,4.014660000000003,1,3
Yes,308.37700000000007,4.317660000000004,0,3
Yes,322.4040000000001,4.824220000000005,0,3
Yes,294.35,4.009240000000004,0,3
Yes,216.27999999999997,3.533240000000002,0,2
Yes,412.9460000000001,4.478400000000004,0,4
Yes,374.22700000000015,4.791200000000003,1,5
No,452.0420000000002,6.516800000000007,2,2
No,508.15000000000026,8.077200000000008,2,2
No,454.0140000000002,5.363100000000005,2,3
No,411.97700000000003,5.592500000000006,2,2
No,410.9450000000001,5.611400000000005,1,3
No,571.4120000000004,5.197300000000004,1,6
No,549.5060000000001,6.454600000000006,1,5
No,537.495,6.310500000000006,1,5
No,535.4790000000002,6.064500000000005,1,5
No,523.4680000000002,5.920400000000005,1,5
No,563.5330000000001,6.844700000000007,1,5
No,523.4680000000002,6.064500000000006,1,5
No,549.5060000000001,6.4546000000000054,1,5
No,559.4570000000003,6.546700000000005,1,6
No,511.41300000000024,5.504200000000004,1,6
No,378.5160000000001,5.619400000000006,0,2
No,348.4900000000002,5.610800000000006,0,1
Yes,330.344,3.425220000000002,1,6
Yes,273.42,4.339700000000003,1,1
Yes,295.46700000000004,4.126600000000004,2,2
Yes,291.43500000000006,3.6786000000000025,2,2
Yes,289.41900000000004,3.4546000000000023,2,2
Yes,289.41900000000004,3.4546000000000023,2,2
Yes,263.381,2.898400000000001,2,2
Yes,263.381,2.898400000000001,2,2
Yes,279.38000000000005,1.8707999999999996,3,3
No,559.5480000000001,5.862100000000007,0,3
No,549.1580000000002,7.519020000000007,1,2
No,471.4670000000002,5.396080000000004,1,5
No,525.3530000000003,6.286900000000005,1,4
Yes,446.95800000000025,3.4659200000000028,0,6
Yes,458.9940000000002,3.3354200000000023,0,7
Yes,458.9940000000002,3.3354200000000023,0,7
Yes,496.9650000000002,4.345620000000005,0,6
Yes,463.4130000000002,3.980220000000004,0,6
Yes,485.4410000000002,2.6733200000000017,0,7
Yes,464.40100000000035,2.7648200000000016,1,6
Yes,477.39600000000036,3.334320000000002,0,6
Yes,423.3480000000001,2.6210200000000015,1,6
Yes,393.3220000000002,3.5454200000000022,1,5
Yes,407.3490000000001,3.555820000000002,0,5
No,443.55100000000016,5.119100000000004,1,6
No,494.37800000000016,6.064600000000005,1,5
Yes,404.894,3.4605000000000024,2,5
Yes,400.9060000000002,4.2241000000000035,2,4
Yes,402.49800000000005,3.5096000000000025,2,4
Yes,335.451,4.499100000000004,1,2
Yes,371.484,4.928500000000004,2,2
No,389.88600000000014,5.306600000000004,1,2
Yes,329.403,4.245800000000003,1,3
No,409.4450000000001,5.725000000000005,0,4
No,389.45500000000015,5.866900000000005,0,4
Yes,369.4210000000001,4.722300000000005,0,5
Yes,359.38500000000005,4.571800000000003,0,4
Yes,365.433,4.951900000000004,0,4
Yes,319.40500000000003,4.703700000000004,0,4
Yes,314.38800000000003,4.663600000000003,0,2
No,326.48400000000015,5.575700000000005,0,2
No,567.7670000000003,4.745800000000004,5,6
No,435.65200000000016,6.546500000000007,2,2
Yes,426.9040000000001,4.253400000000004,1,4
Yes,434.88300000000015,4.7516200000000035,1,4
No,418.8840000000002,5.051440000000004,1,3
Yes,410.9050000000001,4.553220000000003,1,3
No,432.9110000000001,5.110540000000004,1,3
Yes,404.5140000000003,4.267340000000003,1,3
Yes,434.88300000000015,4.7516200000000035,1,4
Yes,406.4860000000001,3.908420000000003,1,4
No,432.91100000000023,5.110540000000005,1,3
Yes,424.93200000000036,4.612320000000003,1,3
Yes,410.9050000000003,4.553220000000004,1,3
Yes,434.8830000000002,4.7516200000000035,1,4
Yes,426.90400000000034,4.253400000000003,1,4
Yes,322.43300000000005,3.655400000000003,0,3
Yes,382.46000000000015,4.470800000000004,0,4
Yes,398.9150000000002,4.985100000000005,0,4
No,419.33300000000014,5.248400000000005,0,4
Yes,322.43300000000005,3.655400000000003,0,3
Yes,308.406,3.2653000000000016,0,3
No,433.3600000000002,5.638500000000005,0,4
Yes,398.9150000000002,4.9851000000000045,0,4
Yes,364.4700000000002,4.331700000000003,0,4
Yes,350.44300000000015,4.545000000000004,0,4
Yes,384.88800000000015,4.595000000000005,0,4
Yes,350.44300000000015,3.941600000000003,0,4
Yes,336.4160000000001,4.154900000000004,0,4
Yes,308.406,3.2653000000000025,0,3
Yes,366.44200000000006,2.8069000000000006,0,5
Yes,366.44200000000006,2.8069000000000006,0,5
Yes,294.379,2.8752000000000013,0,3
Yes,272.373,3.142800000000002,0,3
Yes,334.4440000000002,4.419700000000003,0,3
Yes,270.357,2.918800000000001,0,3
Yes,270.35699999999997,2.918800000000001,0,3
Yes,398.8710000000001,4.235200000000003,0,5
Yes,364.42600000000004,3.581800000000002,0,5
No,419.33300000000014,5.248400000000005,0,4
Yes,384.88800000000015,4.595000000000004,0,4
Yes,287.3879999999999,2.4286000000000003,0,4
Yes,286.3999999999999,3.4860000000000024,0,3
Yes,304.37100000000004,2.3798000000000004,0,5
Yes,304.37100000000004,2.3798000000000004,0,5
Yes,304.37100000000004,2.3798000000000004,0,5
Yes,274.34499999999997,2.3712,0,4
Yes,274.34499999999997,2.3712,0,4
Yes,289.31600000000003,2.2708000000000004,0,5
Yes,289.3160000000001,2.2708000000000004,0,5
Yes,323.2150000000001,3.1251000000000015,0,3
Yes,280.299,2.6408000000000005,0,3
Yes,280.299,2.6408000000000005,0,3
Yes,262.3089999999999,2.5017000000000005,0,3
Yes,313.2090000000001,3.669400000000002,0,3
Yes,313.2090000000001,3.669400000000003,0,3
Yes,313.2090000000001,3.669400000000003,0,3
Yes,278.764,3.016000000000002,0,3
Yes,278.764,3.016000000000001,0,3
Yes,278.764,3.016000000000001,0,3
Yes,244.31899999999996,2.3626000000000005,0,3
No,620.6730000000006,2.3565,7,11
No,361.5260000000001,5.332900000000004,2,2
Yes,392.48000000000025,4.280320000000003,0,5
Yes,383.92300000000006,4.812300000000004,2,2
No,426.0040000000001,5.982600000000006,2,2
Yes,399.37700000000007,3.756700000000002,1,4
Yes,421.56700000000023,1.7230999999999999,1,5
No,400.5590000000002,6.315800000000007,2,3
Yes,374.45900000000023,1.2553999999999996,2,7
Yes,426.9520000000003,3.5584200000000026,0,6
Yes,345.39300000000014,4.0435000000000025,1,2
Yes,434.0240000000003,4.8166000000000055,0,3
Yes,419.99700000000024,4.428100000000005,0,3
No,504.6310000000005,3.387500000000001,1,6
Yes,434.0240000000003,4.818200000000005,0,3
Yes,419.99700000000024,4.428100000000005,0,3
No,448.0510000000002,5.208300000000006,0,3
No,448.0510000000002,5.206700000000006,0,3
Yes,434.02400000000017,4.818200000000005,0,3
Yes,434.02400000000017,4.818200000000005,0,3
Yes,434.02400000000017,4.819800000000005,0,3
Yes,405.9700000000001,4.039600000000004,0,3
Yes,367.53700000000015,4.307720000000003,0,2
No,468.86700000000013,5.183600000000006,0,2
No,424.4160000000001,5.074500000000006,0,2
Yes,407.96100000000007,4.5602000000000045,0,2
Yes,499.6080000000003,3.7197000000000013,2,5
Yes,353.5100000000002,3.917620000000003,0,2
No,468.86700000000013,5.183600000000006,0,2
No,424.4160000000001,5.074500000000006,0,2
Yes,407.96100000000007,4.5602000000000045,0,2
Yes,353.5100000000002,3.917620000000003,0,2
No,424.4160000000001,5.074500000000006,0,2
Yes,407.96100000000007,4.5602000000000045,0,2
Yes,407.96100000000007,4.5602000000000045,0,2
Yes,467.53200000000015,4.632600000000004,1,3
Yes,339.483,3.609200000000002,0,2
No,346.47400000000005,5.151600000000005,1,1
Yes,347.84600000000006,4.233000000000003,1,4
Yes,381.398,4.598400000000004,1,4
Yes,396.413,4.383500000000003,1,5
Yes,382.386,3.993400000000003,1,5
Yes,368.359,3.6033000000000017,1,5
Yes,321.42100000000005,2.5540000000000003,1,5
Yes,412.51200000000017,1.6155,1,6
Yes,258.35,3.3983000000000017,1,4
Yes,317.377,3.6700800000000013,1,5
Yes,216.26900000000003,2.2279999999999998,1,4
Yes,298.415,4.178500000000002,1,4
Yes,292.3670000000001,3.7984000000000018,1,4
Yes,317.377,3.6700800000000013,1,5
Yes,310.357,3.9375000000000018,1,4
Yes,310.3570000000001,3.9375000000000018,1,4
Yes,328.3470000000001,4.076600000000002,1,4
Yes,326.81200000000007,4.451800000000002,1,4
Yes,326.812,4.451800000000002,1,4
Yes,326.81200000000007,4.451800000000002,1,4
Yes,337.36400000000003,3.7066000000000017,1,6
Yes,337.36400000000003,3.7066000000000017,1,6
Yes,360.36400000000003,4.817200000000002,1,4
Yes,376.3630000000001,4.697000000000002,1,5
Yes,364.43000000000006,3.975100000000003,1,6
Yes,336.37600000000003,3.4966000000000017,2,5
Yes,396.273,4.432580000000002,1,5
Yes,396.273,4.4325800000000015,1,5
Yes,396.273,4.4325800000000015,1,5
Yes,396.273,4.4325800000000015,1,5
Yes,416.26000000000005,4.469100000000002,1,6
Yes,331.40400000000005,3.680480000000002,0,5
Yes,345.43100000000004,4.163380000000004,0,5
Yes,373.48500000000007,4.943580000000004,0,5
Yes,371.46900000000016,4.553480000000003,0,5
No,413.5500000000003,5.723780000000004,0,5
No,407.5020000000001,5.191780000000004,0,5
No,400.48200000000014,5.4592000000000045,0,4
No,452.4990000000002,5.099980000000004,0,7
Yes,457.54000000000013,4.380480000000004,0,7
Yes,471.56700000000023,4.688900000000004,0,7
No,502.5370000000002,4.288680000000004,0,9
No,451.5110000000002,5.328380000000005,0,7
Yes,359.41400000000004,3.803580000000003,0,6
Yes,385.45200000000017,4.193680000000003,0,6
Yes,413.50600000000026,4.973880000000004,0,6
No,427.5330000000003,5.363980000000004,0,6
Yes,431.4770000000002,3.736880000000002,0,8
Yes,445.50400000000025,4.126980000000003,0,8
Yes,421.4850000000001,4.831980000000004,0,6
Yes,441.4720000000002,4.868500000000004,0,7
Yes,439.47500000000014,4.971080000000003,0,6
No,489.48200000000014,5.850780000000003,0,6
No,507.47200000000015,5.989880000000003,0,6
No,505.48100000000017,5.7305800000000024,0,7
Yes,464.5540000000002,4.897980000000004,0,7
Yes,481.53700000000026,4.849180000000004,0,8
Yes,411.44600000000014,4.424980000000003,0,7
Yes,412.43400000000014,3.819980000000003,0,8
Yes,430.4930000000003,3.443780000000002,0,7
Yes,394.51900000000006,2.54,1,4
Yes,393.53100000000006,4.024500000000003,1,3
Yes,379.5040000000001,3.634400000000002,1,3
Yes,351.49400000000014,4.253900000000003,1,2
Yes,323.4400000000001,3.788700000000003,1,2
Yes,337.467,3.962800000000003,1,2
Yes,389.47400000000016,4.3952000000000035,1,2
Yes,393.4370000000001,4.475200000000004,1,2
No,426.3470000000002,5.5038000000000045,1,2
Yes,358.4450000000001,3.5920000000000023,1,3
Yes,358.4450000000001,3.5920000000000023,1,3
Yes,394.4250000000001,3.8702000000000023,1,3
Yes,394.4250000000001,3.8702000000000023,1,3
Yes,347.3650000000001,2.3108000000000004,2,3
Yes,359.37600000000015,2.4549000000000003,2,3
Yes,373.40300000000013,2.8450000000000006,2,3
Yes,411.4960000000002,4.754700000000004,1,2
Yes,373.40300000000013,2.9665000000000017,1,3
Yes,312.3730000000001,1.4275999999999998,2,4
Yes,428.9680000000003,3.6335200000000025,0,6
Yes,414.9410000000002,2.934320000000002,1,6
Yes,427.94000000000034,2.34302,1,6
Yes,258.361,4.4452200000000035,1,2
Yes,244.33399999999997,4.136800000000003,1,2
Yes,272.38800000000003,4.699200000000004,1,2
No,314.4690000000001,5.869500000000006,1,2
No,314.4690000000001,5.869500000000006,1,2
Yes,258.361,4.4452200000000035,1,2
No,610.5610000000001,5.033300000000003,3,5
No,617.5240000000005,8.019300000000005,1,4
No,451.7850000000002,5.276620000000004,2,3
No,507.89300000000014,6.837020000000005,2,3
No,1060.8259999999998,15.492239999999963,2,5
No,1033.6719999999998,11.809239999999985,4,6
No,1145.8879999999997,14.930039999999968,4,6
No,1033.6719999999998,11.809239999999985,4,6
No,1145.888,14.930039999999968,4,6
No,1039.7199999999996,11.688239999999984,4,6
No,1151.9359999999997,14.80903999999997,4,6
No,1039.7199999999996,11.688239999999984,4,6
No,1151.9359999999997,14.80903999999997,4,6
No,1039.7199999999998,11.688239999999986,4,6
No,1151.9359999999997,14.80903999999997,4,6
No,1039.7199999999998,11.688239999999986,4,6
No,1151.9359999999997,14.80903999999997,4,6
No,1039.7199999999998,11.688239999999986,4,6
No,1151.9359999999997,14.80903999999997,4,6
No,1091.7959999999998,12.468439999999982,4,6
No,1204.0119999999997,15.589239999999965,4,6
No,1005.7059999999998,12.528839999999981,4,6
No,1005.7059999999999,12.528839999999981,4,6
No,555.8930000000003,6.747920000000006,2,3
No,612.0010000000001,8.308320000000005,2,3
No,561.9410000000003,7.014420000000006,2,3
No,618.0490000000003,8.574820000000004,2,3
No,541.9100000000003,7.107720000000006,2,3
No,598.0180000000001,8.668120000000002,2,3
No,1033.6719999999998,11.809239999999987,4,6
No,1019.6889999999997,12.169039999999983,4,6
No,1019.6889999999999,12.169039999999981,4,6
No,545.6370000000003,2.4971000000000005,2,7
No,407.5580000000002,5.307900000000005,0,3
Yes,380.4880000000001,4.858500000000005,0,4
No,534.7890000000006,7.190200000000009,0,4
Yes,436.6000000000002,4.459500000000004,0,4
No,1010.4659999999992,14.202599999999974,0,7
No,814.088,8.741200000000006,0,7
No,842.1419999999999,9.521400000000002,0,7
No,548.8160000000005,7.484100000000009,1,4
Yes,450.6270000000002,4.7534000000000045,1,4
No,1038.5199999999998,14.790399999999972,2,7
No,842.1419999999997,9.329000000000002,2,7
No,417.6340000000003,6.661800000000008,2,3
No,459.52100000000024,5.1524000000000045,1,4
No,459.52100000000024,5.1524000000000045,1,4
Yes,477.4030000000004,2.7997000000000014,1,5
Yes,472.35800000000023,4.654900000000003,1,3
No,392.8900000000002,5.646200000000004,2,3
No,406.91700000000026,6.036300000000004,2,3
No,366.85200000000003,5.112000000000004,2,3
No,394.9060000000001,5.892200000000004,2,3
No,422.9600000000001,6.672400000000005,2,3
No,451.01400000000007,7.4526000000000066,2,3
No,352.8250000000001,5.0877000000000026,3,3
No,366.85200000000003,5.477800000000003,3,3
No,380.8790000000001,5.867900000000003,3,3
No,394.906,6.2580000000000044,3,3
No,408.93300000000005,6.648100000000005,3,3
No,422.9600000000001,7.038200000000005,3,3
No,406.9170000000002,6.400500000000004,3,3
No,380.8790000000001,5.502100000000004,2,3
No,394.906,5.892200000000004,2,3
No,408.93300000000005,6.282300000000005,2,3
No,380.8350000000001,5.004400000000003,3,3
Yes,358.44500000000016,4.992800000000004,2,3
No,376.43500000000023,5.1319000000000035,2,3
No,437.3410000000003,5.755300000000004,2,3
Yes,383.4550000000002,4.864480000000003,2,4
Yes,403.44200000000023,4.901000000000004,2,5
No,372.4720000000002,5.301220000000004,2,3
No,388.47100000000023,5.001400000000003,2,4
No,401.51400000000024,5.058800000000003,2,4
Yes,402.4540000000001,4.721500000000003,2,5
No,448.52300000000037,5.018600000000004,2,6
No,386.49900000000025,5.609640000000005,2,3
No,386.49900000000025,5.609640000000005,2,3
No,386.4990000000002,5.5552000000000055,2,3
No,400.5260000000002,6.116200000000005,2,3
No,392.8900000000002,5.646200000000004,2,3
No,427.33500000000004,6.299600000000003,2,3
No,427.33500000000026,6.299600000000004,2,3
No,393.8780000000002,5.0412000000000035,2,4
No,408.50500000000005,6.146000000000004,2,3
No,408.50500000000005,6.146000000000004,2,3
No,1721.1650000000004,3.071169999999979,21,19
No,367.48900000000026,5.131820000000005,1,3
No,337.46300000000025,5.123220000000004,1,2
No,409.5700000000003,6.166000000000006,1,3
Yes,381.398,4.598400000000004,1,4
Yes,347.84600000000006,4.233000000000003,1,4
No,397.95,5.202400000000004,2,2
No,426.0040000000002,5.982600000000006,2,2
No,426.0040000000002,6.348400000000005,3,2
Yes,369.896,4.422200000000004,2,2
Yes,383.8790000000001,4.314600000000003,3,2
No,411.93300000000016,5.094800000000004,3,2
No,439.98700000000014,5.875000000000005,3,2
Yes,326.82700000000006,4.356200000000003,2,1
Yes,356.8530000000001,4.3648000000000025,2,2
No,382.935,5.653700000000005,2,1
No,361.2720000000001,5.009600000000003,2,1
No,361.2720000000001,5.009600000000003,2,1
Yes,356.8530000000001,4.3648000000000025,2,2
Yes,342.8260000000001,4.0618000000000025,3,2
Yes,372.85200000000003,4.070400000000003,3,3
No,395.71700000000004,5.663000000000003,2,1
Yes,370.83600000000007,4.084900000000002,2,3
Yes,381.9070000000001,4.3880000000000035,2,2
No,418.92800000000005,5.764000000000004,2,3
Yes,367.88000000000005,4.346100000000003,1,2
Yes,402.3250000000001,4.999500000000004,1,2
Yes,353.44100000000003,3.9079000000000024,2,2
Yes,381.495,4.688100000000004,2,2
Yes,367.4680000000001,4.434120000000004,2,2
Yes,353.441,4.125700000000003,2,2
Yes,369.896,4.640000000000003,2,2
Yes,393.50600000000003,4.832200000000005,2,2
Yes,379.479,4.5782200000000035,2,2
Yes,365.452,4.269800000000003,2,2
Yes,377.4730000000001,3.4619000000000018,2,5
No,432.6990000000002,6.394600000000008,1,5
No,416.6310000000002,5.678000000000006,1,5
No,444.6850000000003,6.458200000000009,1,5
No,456.6960000000003,6.602300000000008,1,5
No,400.5630000000002,5.209500000000006,1,5
Yes,356.8530000000001,4.824900000000004,2,3
Yes,267.328,2.5177,2,2
Yes,263.34000000000003,3.687800000000002,1,1
Yes,309.36500000000007,3.0885000000000016,1,3
Yes,305.37700000000007,2.935700000000001,2,2
Yes,301.38900000000007,4.105800000000003,1,1
Yes,347.4140000000001,3.5065000000000026,1,3
Yes,271.31600000000003,2.3057999999999996,1,3
Yes,317.3410000000001,1.7065000000000001,1,5
Yes,301.38600000000014,2.8875000000000006,2,3
Yes,297.39800000000014,4.0576000000000025,1,2
Yes,343.423,3.458300000000002,1,4
Yes,301.38600000000014,2.8875000000000006,2,3
Yes,297.39800000000014,4.0576000000000025,1,2
Yes,343.423,3.458300000000002,1,4
Yes,321.442,3.3282000000000016,1,3
Yes,300.402,3.708000000000003,2,2
Yes,321.442,3.3282000000000016,1,3
Yes,300.402,3.708000000000003,2,2
Yes,272.348,3.0572000000000017,2,2
Yes,337.51000000000005,4.041500000000003,1,3
Yes,316.47,4.421300000000003,2,2
Yes,315.3910000000001,1.9036999999999995,1,5
Yes,294.35100000000006,2.2835,2,4
Yes,266.29699999999997,1.6327,2,4
Yes,389.58000000000004,4.767600000000005,3,3
No,367.27200000000005,6.224700000000006,2,3
No,365.2560000000002,5.8346000000000044,2,3
No,373.235,5.611020000000004,2,3
No,373.235,5.611020000000004,2,3
No,387.26200000000006,5.919440000000005,2,3
No,427.20500000000015,6.321400000000004,2,3
No,427.20500000000004,6.321400000000004,2,3
No,387.26200000000006,5.865000000000005,2,3
No,387.26200000000006,5.865000000000005,2,3
No,401.2890000000001,6.255100000000005,2,3
No,401.2890000000001,6.4260000000000055,2,3
No,415.31600000000003,6.645200000000006,2,3
No,415.31600000000003,6.6001000000000065,2,3
No,375.2070000000001,5.008200000000004,3,4
No,393.65300000000013,5.956000000000004,2,3
No,387.26200000000006,5.914020000000004,1,3
No,429.3430000000001,6.948200000000006,1,3
No,407.6800000000002,6.259000000000003,1,3
No,401.2890000000001,6.217020000000003,0,3
No,443.3700000000001,7.251200000000006,0,3
No,421.7070000000001,6.562000000000003,0,3
Yes,412.53400000000016,3.507900000000002,1,4
Yes,387.52800000000025,2.7026000000000003,0,5
Yes,396.9630000000002,3.4182000000000015,1,5
Yes,325.884,4.496000000000004,1,3
Yes,354.92600000000004,3.6476000000000024,1,4
Yes,263.38499999999993,3.062400000000001,1,3
Yes,297.8299999999999,3.7158000000000024,1,3
Yes,311.85699999999997,3.7401000000000026,0,3
Yes,362.86100000000016,2.2468399999999997,1,5
Yes,368.9530000000001,3.6719000000000026,0,4
Yes,316.449,3.780400000000003,0,3
Yes,277.412,3.0867000000000013,0,3
Yes,303.23300000000006,4.327500000000003,0,2
Yes,441.41400000000016,3.527300000000002,1,5
Yes,345.4910000000001,2.9320000000000004,0,4
Yes,291.43899999999996,3.8426000000000027,1,3
Yes,387.5280000000002,2.7026000000000003,0,5
Yes,399.722,4.745400000000002,1,3
Yes,316.449,3.780400000000003,0,3
Yes,370.4970000000001,2.4017999999999997,1,4
No,479.6050000000002,5.452900000000004,3,3
No,515.6600000000002,5.001400000000004,3,4
No,543.7140000000002,6.6238000000000055,3,4
No,522.0510000000003,5.934600000000004,3,4
No,487.60600000000017,5.281200000000004,3,4
No,465.57800000000015,5.410400000000004,3,3
No,531.6590000000002,4.967500000000004,3,5
No,515.6600000000002,5.267320000000004,3,4
No,627.5290000000001,5.563500000000004,3,4
No,519.6230000000002,5.098000000000003,3,4
No,501.63300000000015,4.958900000000003,3,4
Yes,427.5070000000002,2.791400000000001,3,5
Yes,419.5280000000002,2.7616000000000014,3,5
Yes,470.41400000000016,3.5710200000000025,3,4
Yes,407.5170000000001,2.508700000000001,3,5
Yes,405.5450000000002,3.198620000000002,3,4
Yes,460.53700000000015,3.0843000000000016,2,6
Yes,494.6420000000002,3.416500000000002,2,5
Yes,439.5620000000002,3.7307000000000023,2,4
Yes,491.59400000000016,4.551900000000003,3,5
No,554.6970000000002,5.482700000000003,4,4
Yes,451.5730000000002,3.9447000000000028,3,4
Yes,453.58900000000017,4.168700000000003,3,4
Yes,467.61600000000016,4.4147000000000025,3,4
Yes,411.5080000000001,3.1278000000000024,3,4
No,432.5930000000001,5.427400000000005,2,4
No,462.5530000000003,6.223800000000005,2,4
No,415.5220000000003,5.727100000000004,2,5
No,399.4580000000002,5.934600000000004,2,4
No,467.0380000000001,5.4294000000000056,2,4
No,450.9740000000002,5.636900000000005,2,3
No,416.52900000000005,5.634900000000005,2,3
No,549.8860000000001,6.548720000000006,1,4
No,603.9590000000002,6.3910200000000055,1,4
No,583.9690000000002,5.987920000000006,1,4
No,623.912,6.284320000000005,1,4
No,555.915,5.351820000000005,1,4
No,567.9040000000003,6.842520000000006,1,3
No,559.9250000000002,6.718920000000006,1,3
No,547.9140000000002,6.574820000000006,1,3
No,547.9140000000001,6.718920000000006,1,3
No,559.8030000000002,6.091020000000005,1,3
No,549.8860000000002,6.547120000000006,1,4
No,495.45400000000046,6.538600000000005,1,3
No,464.39600000000036,6.989000000000005,0,2
No,465.3840000000003,6.103500000000005,1,3
No,534.5310000000004,7.624200000000007,1,2
No,452.38500000000033,6.253800000000005,0,2
Yes,469.37200000000024,4.604700000000005,1,4
No,453.37300000000033,5.368300000000004,1,3
No,518.4880000000003,7.326300000000006,1,2
No,520.5040000000004,7.5723000000000065,1,2
No,562.5850000000004,8.742600000000001,1,2
No,568.9760000000003,8.729299999999999,1,2
No,534.5310000000004,7.766700000000007,1,2
No,520.5040000000004,7.5723000000000065,1,2
No,509.4810000000004,6.928700000000005,1,3
No,479.41100000000023,6.493600000000005,1,3
No,517.8880000000003,6.374600000000005,1,3
No,467.40000000000026,5.758400000000004,1,3
Yes,310.4409999999999,4.410620000000004,1,1
Yes,296.41399999999993,4.156640000000004,1,1
Yes,332.44700000000006,4.839120000000004,1,1
Yes,318.42,4.5851400000000035,1,1
Yes,332.44700000000006,4.3206200000000035,1,1
Yes,318.42,4.066640000000003,1,1
No,362.51700000000005,5.046720000000005,1,1
Yes,348.49,4.792740000000005,1,1
No,354.4530000000001,5.753620000000005,1,1
No,340.42600000000004,5.499640000000004,1,1
No,354.4530000000001,5.753620000000004,1,1
No,340.42600000000004,5.499640000000004,1,1
Yes,229.279,3.0463200000000015,1,1
Yes,215.252,2.792340000000001,1,1
No,627.7650000000002,7.482400000000007,0,7
Yes,415.53600000000023,4.757600000000004,1,5
Yes,415.53600000000023,4.757600000000004,1,5
No,437.5420000000002,5.545800000000004,1,5
Yes,399.9210000000002,4.257800000000003,1,5
No,421.92700000000013,5.046000000000003,1,5
Yes,365.4760000000002,3.6044000000000027,1,5
Yes,387.48200000000014,4.392600000000003,1,5
Yes,303.40500000000014,2.1750999999999996,1,5
Yes,325.4110000000001,2.963300000000001,1,5
Yes,387.54500000000024,4.958500000000004,1,4
Yes,357.4750000000002,4.374900000000004,1,4
No,379.4810000000002,5.209100000000004,1,4
No,401.4870000000002,5.9973000000000045,1,4
No,379.4810000000003,5.209100000000004,1,4
No,401.4870000000002,5.9973000000000045,1,4
Yes,225.31299999999993,2.3858000000000006,1,4
No,522.6230000000004,4.103620000000003,1,6
No,374.46100000000007,5.816500000000005,0,4
No,394.49500000000006,6.9611000000000045,0,3
No,288.37100000000004,5.285500000000003,0,2
No,288.37100000000004,5.285500000000003,0,2
No,324.445,5.339400000000005,0,3
No,338.4720000000001,5.873600000000006,0,3
No,310.418,5.093400000000004,0,3
Yes,296.39099999999996,4.703300000000004,0,3
No,344.47900000000004,6.484000000000005,0,2
No,358.5060000000001,7.0182000000000055,0,2
No,330.45200000000006,6.238000000000005,0,2
No,316.425,5.8479000000000045,0,2
Yes,306.365,4.000900000000003,0,3
Yes,358.39700000000005,4.409000000000003,0,4
Yes,320.392,4.391000000000004,0,3
Yes,334.419,4.781100000000004,0,3
Yes,308.38100000000003,4.0309000000000035,0,3
Yes,294.35400000000004,3.8568000000000033,0,3
Yes,308.38100000000003,3.9319000000000033,0,3
Yes,308.38100000000003,4.076000000000003,0,3
Yes,294.354,3.685900000000002,0,3
Yes,266.3,3.0418200000000013,0,3
No,326.399,5.145500000000004,0,2
No,378.4310000000001,5.553600000000004,0,3
No,340.426,5.535600000000004,0,2
No,354.45300000000003,5.925700000000004,0,2
No,328.4150000000001,5.175500000000004,0,2
No,314.38800000000003,5.001400000000004,0,2
No,328.4150000000001,5.076500000000004,0,2
No,328.4150000000001,5.220600000000004,0,2
Yes,314.38800000000003,4.830500000000003,0,2
Yes,286.334,4.186420000000003,0,2
Yes,344.41400000000004,4.768800000000004,0,3
Yes,304.345,4.3042200000000035,2,3
No,542.47,6.870200000000004,1,4
No,559.5230000000001,5.556800000000004,2,6
No,560.5110000000001,4.800700000000004,3,6
Yes,474.3730000000003,4.024100000000004,0,6
No,507.4420000000002,6.360800000000004,2,4
No,505.4700000000002,7.267200000000004,0,3
No,491.44300000000015,7.256800000000005,1,3
No,471.98400000000004,7.732700000000005,1,2
No,521.9910000000001,8.612400000000003,1,2
No,453.99400000000014,7.593600000000006,1,2
No,454.98200000000014,6.988600000000005,1,3
No,522.9790000000002,8.007400000000006,1,3
No,515.9620000000002,8.550900000000004,1,1
Yes,450.99500000000006,4.9821000000000035,3,5
No,557.141,5.432700000000005,2,6
No,583.0570000000002,5.544100000000004,2,6
No,537.085,6.097000000000006,2,6
No,610.4850000000002,6.741000000000005,2,4
No,569.0300000000002,5.1540000000000035,2,6
No,624.5120000000002,6.751400000000006,1,4
No,644.9300000000002,7.3944000000000045,2,4
No,606.066,6.096200000000006,2,5
No,620.0490000000003,5.8163000000000045,2,6
No,556.4970000000001,6.8860000000000054,2,5
No,644.0370000000004,7.106400000000004,2,4
No,556.515,5.851000000000005,2,4
No,633.1170000000003,6.697300000000005,2,6
No,611.4730000000002,6.136000000000005,2,5
No,618.5860000000002,7.280300000000006,2,4
No,662.595,6.978500000000006,3,5
No,592.523,6.371200000000006,2,5
No,564.469,5.892700000000004,3,4
No,683.58,6.799300000000006,3,6
No,563.485,5.2934000000000045,3,4
No,711.5900000000001,7.017700000000006,4,6
No,668.565,6.8608000000000064,1,5
No,626.54,7.430000000000006,3,4
No,536.4590000000001,5.976000000000004,3,4
No,662.595,6.978500000000006,3,5
No,612.557,7.789800000000006,3,4
No,612.5569999999999,7.789800000000006,3,4
No,608.0570000000002,6.421100000000005,2,4
No,626.4840000000003,6.729200000000005,2,5
No,660.1620000000001,5.819000000000005,2,6
No,682.5920000000001,7.320000000000006,2,5
No,696.6230000000002,6.891800000000006,4,6
No,482.4100000000002,7.996200000000006,1,2
No,482.41000000000014,8.185500000000006,1,1
No,466.4110000000002,8.892199999999999,0,1
No,450.5630000000001,6.154500000000006,1,5
No,453.99400000000014,7.404300000000005,1,3
No,453.99400000000014,7.404300000000005,1,3
No,437.9950000000001,8.300300000000004,0,2
No,438.9830000000001,7.695300000000006,0,3
No,668.565,7.472900000000006,1,6
No,668.5210000000001,6.911100000000006,2,6
No,724.6290000000001,8.471500000000004,2,6
No,710.6020000000001,8.081400000000007,2,6
No,709.6180000000002,7.482100000000006,2,6
No,610.485,7.153300000000006,2,5
No,681.6080000000001,7.565400000000007,2,6
Yes,380.39500000000015,1.2862,1,5
No,376.5810000000002,5.657300000000008,3,3
No,442.6400000000003,6.944400000000008,0,4
Yes,372.4940000000002,3.5728200000000028,1,6
Yes,424.42300000000023,4.035220000000003,1,6
Yes,424.42300000000023,4.035220000000003,1,6
Yes,438.45000000000016,4.425320000000004,1,6
Yes,438.45000000000016,4.4269200000000035,1,6
Yes,476.4770000000002,2.6714200000000003,1,8
Yes,452.4770000000002,4.815420000000004,1,6
Yes,490.5040000000002,3.0599200000000017,1,8
Yes,400.3570000000001,2.2290200000000002,2,7
No,508.4940000000002,3.1411200000000017,1,8
Yes,458.41200000000015,3.354420000000002,1,7
Yes,496.4390000000002,1.5989199999999995,1,9
Yes,444.3850000000002,2.9643200000000016,1,7
Yes,472.4390000000002,3.7429200000000025,1,7
Yes,458.41200000000026,3.352820000000002,1,7
Yes,406.4330000000001,3.739620000000002,1,6
Yes,388.44300000000015,3.4440200000000027,1,6
Yes,427.3830000000002,1.982719999999999,2,7
Yes,424.42700000000013,2.868900000000001,1,6
Yes,441.4750000000003,4.1007200000000035,1,6
Yes,412.41200000000015,4.1087200000000035,1,6
Yes,412.41600000000017,2.940800000000001,1,6
Yes,425.41100000000023,3.310600000000001,2,7
Yes,424.4230000000001,4.036820000000003,1,6
Yes,412.4120000000002,4.1087200000000035,1,6
Yes,413.40000000000015,3.3825000000000003,2,7
Yes,387.40200000000004,2.9184,2,4
Yes,412.41600000000017,2.940800000000001,1,6
Yes,427.42700000000013,3.7710000000000026,2,7
Yes,426.4390000000002,4.497220000000004,1,6
Yes,426.44300000000015,3.329300000000001,1,6
Yes,387.40200000000016,2.7906000000000013,2,4
Yes,399.4130000000002,2.934700000000001,2,4
Yes,385.3860000000002,2.6740000000000004,2,4
Yes,403.4010000000002,1.9038999999999997,3,5
Yes,413.44000000000017,3.3232000000000017,2,4
Yes,399.413,3.062500000000001,2,4
Yes,440.42200000000025,3.4876200000000024,1,7
Yes,424.3700000000001,2.1078,2,5
Yes,396.4380000000001,1.9555,2,5
Yes,387.35800000000023,1.5202999999999998,2,5
Yes,349.4060000000001,2.0811999999999995,2,4
Yes,367.3960000000002,2.3768000000000002,2,4
Yes,436.3810000000002,2.2519,2,5
Yes,426.4700000000002,1.6885199999999998,1,8
Yes,444.46000000000015,1.9841199999999994,1,8
Yes,402.4700000000002,3.8325200000000024,1,6
Yes,399.44400000000013,0.4682000000000006,2,6
Yes,363.43300000000016,2.4696999999999996,2,4
Yes,440.4970000000002,2.0770199999999996,1,8
Yes,417.40300000000025,3.1453000000000015,2,4
Yes,442.41300000000024,4.118020000000003,1,6
Yes,498.3540000000001,4.366300000000003,2,5
No,439.2860000000001,5.444100000000002,2,3
Yes,430.4480000000001,4.154500000000003,2,5
Yes,400.4220000000001,4.145900000000002,2,4
Yes,370.396,4.137300000000002,2,3
No,469.31200000000007,5.2131000000000025,2,4
No,441.3020000000001,5.834200000000004,2,3
Yes,446.4470000000001,4.034300000000003,2,6
Yes,362.4510000000001,3.1357000000000017,2,5
Yes,432.42400000000015,2.9445000000000014,2,7
Yes,410.46700000000016,3.043800000000002,2,6
Yes,460.47400000000016,3.9235000000000033,2,6
Yes,418.48100000000017,3.763200000000002,2,4
Yes,461.3670000000003,4.211500000000004,2,6
Yes,456.4420000000001,4.537700000000004,2,6
Yes,426.46000000000004,3.856900000000003,1,4
Yes,420.4970000000002,3.789100000000003,1,4
No,478.4920000000001,5.2176000000000045,1,5
Yes,492.5160000000002,3.7497000000000016,1,7
No,483.3390000000001,5.460700000000003,2,4
Yes,406.37600000000003,4.415500000000002,2,3
Yes,432.37000000000006,4.798700000000002,2,4
Yes,432.50800000000015,4.010800000000002,2,4
Yes,430.44800000000015,4.154500000000002,2,5
Yes,388.4550000000001,3.994200000000003,2,3
Yes,416.5090000000001,4.772800000000004,2,3
Yes,390.4710000000001,4.528400000000004,2,3
Yes,404.49800000000016,4.918500000000004,2,3
Yes,376.4440000000001,4.138300000000003,2,3
Yes,377.4320000000001,3.206500000000002,2,4
Yes,391.4590000000001,3.5966000000000022,2,4
Yes,404.4980000000001,4.9169000000000045,2,3
Yes,386.45900000000006,4.505480000000002,2,5
Yes,375.4320000000002,4.093400000000002,3,5
Yes,403.44200000000023,4.086000000000003,3,5
Yes,384.4430000000002,4.259480000000003,2,5
No,393.8780000000002,5.0412000000000035,2,4
Yes,384.4430000000002,4.259480000000003,2,5
No,393.8780000000002,5.0412000000000035,2,4
No,414.6300000000002,6.630000000000008,1,3
Yes,431.5110000000002,4.454500000000004,1,3
Yes,379.50400000000025,4.478000000000003,1,3
Yes,417.5530000000002,4.724000000000004,1,3
No,466.0250000000003,5.685820000000006,1,3
Yes,419.5000000000002,4.406200000000004,1,3
Yes,419.5000000000002,4.406200000000004,1,3
Yes,457.54900000000015,4.796300000000004,1,3
Yes,419.50000000000017,4.550300000000004,1,3
Yes,405.4730000000002,4.160200000000003,1,3
Yes,484.95900000000006,3.121520000000001,1,5
No,467.9720000000001,5.368020000000005,1,3
No,467.9720000000001,5.368020000000005,1,3
No,508.03700000000015,6.004120000000006,1,3
No,506.0210000000002,5.758120000000005,1,3
No,467.9720000000001,5.512120000000005,1,3
No,453.94500000000005,5.1220200000000045,1,3
No,502.05800000000045,5.927440000000005,1,3
No,464.0090000000004,5.681440000000005,1,3
No,449.98200000000037,5.291340000000004,1,3
No,541.4010000000003,6.616420000000004,1,4
No,505.4210000000003,6.023620000000005,1,4
No,535.4750000000003,6.864220000000006,1,4
No,555.4280000000003,7.0065200000000045,1,4
No,551.4960000000004,5.403820000000005,1,6
No,569.4860000000003,5.353420000000004,1,6
No,605.4660000000005,5.946220000000005,1,6
No,565.5230000000003,5.793920000000006,1,6
No,619.4930000000004,6.336320000000005,1,6
No,579.5500000000003,6.039920000000006,1,6
No,593.5770000000002,6.430020000000006,1,6
No,621.4650000000003,4.9170200000000035,2,7
No,620.4770000000003,5.848820000000005,2,6
No,620.4770000000003,5.848820000000005,2,6
No,620.4770000000003,5.848820000000005,2,6
No,620.4770000000003,5.848820000000005,2,6
No,619.4930000000004,5.815220000000005,2,6
No,647.5470000000001,6.418120000000006,1,6
No,682.4260000000002,7.9664200000000065,1,6
No,617.4080000000004,6.601920000000004,1,6
No,667.4150000000001,7.481620000000006,1,6
No,613.4450000000002,6.771240000000005,1,6
No,667.4150000000001,7.481620000000006,1,6
No,422.5730000000002,5.706700000000006,1,4
Yes,462.6380000000003,4.993700000000005,0,4
No,433.59600000000023,5.698000000000007,0,3
No,465.5970000000002,5.707320000000006,1,3
Yes,399.34400000000005,2.716400000000001,1,4
No,364.5330000000002,5.530100000000005,1,1
Yes,407.5580000000002,3.672100000000002,1,3
Yes,421.5850000000003,3.980520000000003,1,3
Yes,392.54300000000023,4.766500000000004,1,2
Yes,361.48900000000015,4.643680000000004,1,2
Yes,366.5050000000001,4.112400000000004,2,2
Yes,380.53200000000015,4.502500000000005,2,2
Yes,348.5270000000001,4.877100000000006,3,3
Yes,294.398,3.866500000000003,2,1
Yes,437.5840000000004,3.6807000000000025,1,4
Yes,437.5840000000004,3.6807000000000025,1,4
Yes,437.5840000000004,3.6807000000000025,1,4
Yes,453.6520000000004,4.394000000000004,1,4
Yes,469.65100000000047,3.409500000000002,1,4
Yes,308.425,4.174920000000003,2,1
Yes,333.435,3.8634800000000027,1,2
Yes,347.46200000000005,4.253580000000004,1,2
No,394.55900000000025,5.156600000000005,1,2
Yes,294.39799999999997,3.866500000000003,2,1
No,364.53300000000013,5.530100000000005,1,1
Yes,347.46200000000005,4.253580000000004,1,2
Yes,361.4890000000001,4.643680000000004,1,2
No,375.5160000000002,5.033780000000005,1,2
Yes,394.5150000000002,4.594800000000004,2,2
No,382.5230000000002,5.479700000000006,1,1
No,404.4760000000001,5.682400000000006,1,1
Yes,392.54300000000023,4.766500000000005,1,2
Yes,407.51400000000024,3.792100000000003,1,3
Yes,317.39200000000005,4.587480000000004,1,2
Yes,312.38800000000003,4.005600000000003,2,1
Yes,352.4780000000001,3.7223000000000037,2,2
Yes,366.50500000000017,4.1124000000000045,2,2
Yes,380.5320000000002,4.502500000000005,2,2
Yes,384.4950000000002,4.2515000000000045,2,2
Yes,398.5220000000002,4.641600000000005,2,2
Yes,378.5160000000002,4.709100000000004,1,2
No,400.51300000000015,5.775300000000006,1,1
Yes,302.41800000000006,3.3322000000000025,2,2
Yes,314.42900000000014,3.4763000000000024,2,2
Yes,328.4560000000002,3.8664000000000036,2,2
Yes,365.52100000000013,4.078800000000003,2,2
Yes,379.5480000000002,4.468900000000004,2,2
Yes,421.5890000000002,3.9932700000000017,4,2
No,353.809,5.054600000000002,2,3
No,337.81000000000006,5.354420000000003,2,2
No,353.809,5.054600000000003,2,3
No,323.783,5.046000000000003,2,2
No,323.783,5.046000000000003,2,2
No,323.783,5.046000000000003,2,2
Yes,324.771,4.4410000000000025,2,3
No,322.795,5.651000000000003,2,1
No,352.821,5.659600000000003,2,2
No,338.79400000000004,5.356600000000003,3,2
No,380.875,6.438200000000004,2,2
No,366.80400000000014,5.379700000000002,2,3
No,336.822,5.959420000000003,2,1
No,336.822,5.959420000000003,2,1
No,367.7920000000001,5.559200000000003,2,3
No,357.24,6.304400000000003,2,1
No,391.68500000000006,6.957800000000002,2,1
No,391.68500000000006,6.957800000000002,2,1
No,391.68500000000006,6.957800000000002,2,1
No,340.785,5.790100000000003,2,1
No,358.77500000000003,5.9292000000000025,2,1
No,378.903,6.948500000000005,2,1
No,435.01100000000014,8.246000000000004,2,1
No,398.8930000000001,7.318000000000005,2,1
No,398.8930000000001,7.318000000000005,2,1
No,426.90300000000013,6.882000000000005,2,2
No,362.8160000000001,6.397200000000003,2,2
No,372.8550000000001,6.804200000000004,2,1
No,373.8430000000001,6.199200000000004,2,2
No,373.8430000000001,6.199200000000004,2,2
No,410.90400000000017,7.222200000000004,2,1
No,405.4940000000001,5.296800000000006,3,4
Yes,387.47600000000006,4.750600000000007,3,5
Yes,329.396,3.9963000000000033,3,4
No,385.504,5.556700000000007,3,4
No,469.6660000000001,7.897300000000009,3,4
Yes,370.5410000000002,4.366500000000004,2,4
Yes,368.52500000000015,3.9764000000000026,2,4
Yes,382.5520000000002,4.509000000000004,2,4
Yes,396.57900000000024,4.899100000000004,2,4
Yes,382.55200000000025,4.144800000000004,1,4
No,424.9760000000003,5.551500000000004,2,4
Yes,384.5680000000002,4.6109000000000036,2,4
Yes,368.5250000000002,3.9764000000000035,2,4
Yes,354.4980000000002,3.7288000000000032,2,4
Yes,396.5790000000001,4.899100000000004,2,4
Yes,397.5670000000002,2.9063000000000008,1,5
Yes,382.5520000000002,4.144800000000003,1,4
Yes,358.4860000000002,2.5587,3,5
Yes,370.54100000000017,4.366500000000004,2,4
Yes,382.5520000000002,4.509000000000004,2,4
Yes,358.4860000000002,2.7028000000000008,3,5
Yes,370.54100000000017,4.510600000000004,2,4
Yes,382.55200000000025,4.653100000000004,2,4
Yes,306.41000000000014,2.0666999999999995,3,5
Yes,318.4650000000001,3.874500000000003,2,4
Yes,330.47600000000017,4.017000000000003,2,4
Yes,384.5240000000002,2.991100000000002,1,5
Yes,384.52400000000017,3.135200000000002,1,5
Yes,332.4480000000001,2.499100000000001,1,5
Yes,384.5240000000002,2.991100000000001,1,5
Yes,384.5240000000003,3.135200000000001,1,5
Yes,332.4480000000002,2.4991000000000003,1,5
Yes,342.44300000000015,1.8677,1,5
Yes,342.44300000000015,2.0118,1,5
Yes,290.367,1.3757,1,5
Yes,384.5680000000002,4.755000000000004,2,4
Yes,358.4860000000001,2.5587000000000004,3,5
No,424.9760000000001,5.551500000000005,2,4
Yes,324.46799999999996,3.8910000000000036,1,2
Yes,350.38400000000007,3.9573000000000027,1,2
Yes,302.805,3.2018000000000013,1,2
Yes,316.832,3.5919000000000025,1,2
Yes,361.2830000000001,3.7010000000000023,1,2
Yes,361.2830000000001,3.7010000000000023,1,2
Yes,312.41299999999995,2.9471000000000016,1,3
Yes,312.41299999999995,2.9471000000000016,1,3
Yes,293.37,2.4200800000000005,1,3
Yes,313.35699999999997,2.456600000000001,1,4
Yes,327.384,2.846700000000001,1,4
Yes,330.85900000000004,3.634400000000003,1,2
Yes,359.40500000000014,1.6742999999999995,1,4
Yes,345.37800000000016,1.2841999999999996,1,4
Yes,387.5640000000002,4.784000000000004,2,3
No,401.59100000000024,5.174100000000005,2,3
No,401.5910000000002,5.172500000000005,2,3
No,383.5760000000002,5.954100000000006,1,2
Yes,356.4410000000002,3.7967200000000023,1,2
Yes,435.3370000000004,4.559220000000003,1,2
No,432.5390000000003,5.463720000000005,1,2
No,462.5650000000004,5.472320000000005,1,3
No,418.51200000000017,5.155300000000005,1,2
No,448.5380000000003,5.163900000000004,1,3
No,497.4080000000002,5.917800000000005,1,2
No,527.4340000000004,5.926400000000005,1,3
No,494.61000000000024,6.8223000000000065,1,2
No,524.6360000000004,6.830900000000007,1,3
Yes,356.44100000000026,4.560720000000004,1,3
No,435.33700000000033,5.3232200000000045,1,3
Yes,368.4330000000001,4.080700000000003,0,4
Yes,429.3390000000001,4.704100000000005,0,4
Yes,364.47000000000014,4.250020000000004,0,4
Yes,364.47000000000014,3.9841000000000033,0,4
Yes,378.4970000000001,4.374200000000004,0,4
Yes,414.91400000000016,4.473800000000004,0,5
Yes,428.9410000000001,4.863900000000005,0,5
No,442.96800000000013,5.254000000000006,0,5
No,456.99500000000006,5.644100000000006,0,5
No,471.0220000000001,6.0342000000000064,0,5
No,485.04900000000015,6.424300000000008,0,5
No,499.0760000000001,6.814400000000008,0,5
No,450.6040000000002,5.689220000000005,0,5
No,464.6310000000002,5.943200000000006,0,5
No,478.6580000000002,6.504200000000008,0,5
No,464.6310000000002,5.997640000000007,0,5
No,471.0220000000001,6.0342000000000064,0,5
No,471.0220000000001,6.0342000000000064,0,5
Yes,344.823,3.2642000000000015,2,3
Yes,361.875,4.407800000000003,1,4
Yes,341.798,3.2562700000000024,2,3
Yes,345.807,4.242900000000002,1,4
Yes,372.87700000000007,4.450900000000003,0,4
No,434.9480000000002,5.679100000000004,1,4
No,452.9380000000002,5.818200000000004,1,4
No,469.39300000000026,6.332500000000005,1,4
No,513.8440000000003,6.441600000000005,1,4
No,448.9750000000001,5.987520000000005,1,4
No,463.0020000000001,6.329720000000006,0,4
No,448.97500000000025,5.721600000000005,1,4
Yes,370.8610000000001,4.204900000000003,0,4
Yes,370.8610000000001,4.204900000000005,0,4
No,398.5020000000002,6.155500000000006,1,3
No,384.47500000000014,5.765400000000006,1,3
No,370.4480000000001,5.3753000000000055,1,3
Yes,356.42100000000005,4.985200000000005,1,3
No,412.4850000000001,5.946100000000006,0,4
No,398.45800000000014,5.556000000000005,0,4
No,398.45800000000014,5.857700000000005,1,3
No,384.4310000000001,5.4676000000000045,1,3
No,719.8149999999996,7.2299800000000065,3,10
No,406.91700000000026,6.327800000000004,3,3
No,391.9020000000002,6.251200000000004,2,2
No,407.90500000000026,5.722800000000004,3,4
No,390.9140000000002,5.788400000000005,1,2
No,458.37500000000017,2.233199999999999,8,11
No,433.6210000000003,5.894940000000005,1,4
Yes,465.61900000000037,4.576540000000004,1,4
No,403.5950000000001,6.746940000000007,1,4
No,375.5410000000001,5.966740000000005,1,4
No,445.67600000000016,7.484940000000008,1,4
No,443.6600000000002,7.2389400000000075,1,4
No,443.6600000000002,7.094840000000007,1,4
No,443.6600000000002,7.0964400000000065,1,4
No,457.68700000000024,7.486540000000008,1,4
No,455.6710000000002,7.240540000000007,1,4
Yes,452.5800000000002,3.0379400000000016,1,6
No,435.5930000000002,5.428540000000005,1,4
Yes,407.5390000000001,4.648340000000004,1,4
No,421.56600000000014,5.038440000000004,1,4
No,477.6740000000002,6.166540000000007,1,4
No,475.65800000000024,5.920540000000006,1,4
No,475.65800000000024,5.776440000000005,1,4
No,475.65800000000024,5.778040000000006,1,4
No,550.8810000000003,6.159900000000006,0,6
No,549.8930000000004,6.764900000000006,0,5
No,533.438,6.250600000000005,0,5
No,530.4630000000001,6.067500000000005,0,6
No,516.4360000000004,5.506500000000006,0,6
No,540.458,6.176180000000005,0,6
No,529.475,6.672500000000006,0,5
No,515.4480000000004,6.111500000000007,0,5
No,531.4470000000002,6.124500000000006,0,6
No,526.4310000000003,5.987580000000005,0,6
No,519.4110000000003,6.255000000000005,0,5
No,517.4200000000002,5.821500000000004,1,6
No,531.447,6.124500000000006,0,6
No,526.4310000000002,5.987580000000005,0,6
No,502.40900000000033,5.510900000000005,0,6
No,501.42100000000033,6.115900000000005,0,5
No,507.4690000000005,6.244000000000006,0,5
No,529.475,6.419920000000006,0,5
No,583.445,7.130300000000005,0,5
No,599.4440000000001,7.010100000000005,0,6
No,540.458,5.983180000000005,0,6
No,549.8930000000004,6.764900000000006,0,5
No,533.4380000000002,6.250600000000006,0,5
No,549.8930000000001,6.764900000000005,0,5
No,529.4750000000003,6.419920000000006,0,5
No,545.4740000000002,6.120100000000006,0,6
No,533.4670000000002,5.153420000000006,0,6
No,521.4120000000003,4.802920000000005,0,8
No,529.4750000000005,6.154000000000007,0,5
No,530.4630000000004,5.549000000000007,0,6
No,503.4150000000002,3.8709000000000033,0,6
No,517.4420000000001,4.261000000000004,0,6
No,531.469,4.649500000000004,0,6
No,529.4530000000001,4.403500000000004,0,6
No,531.469,4.651100000000005,0,6
No,585.4390000000001,5.193500000000005,0,6
No,545.496,4.897100000000005,0,6
No,545.496,5.041200000000005,0,6
No,585.561,5.821400000000006,0,6
No,587.533,4.667700000000004,0,7
No,525.4400000000002,5.846400000000005,0,6
No,523.4240000000002,5.600400000000005,0,6
No,537.451,5.848000000000006,0,6
No,521.3300000000002,5.000200000000003,0,5
No,509.44100000000026,5.628100000000006,0,5
No,511.41300000000024,4.474400000000004,0,6
No,523.4680000000002,5.8741000000000065,0,5
No,553.5190000000001,5.5811000000000055,0,6
No,587.4670000000001,5.277900000000005,0,7
No,535.479,6.018200000000006,0,5
No,537.451,4.864500000000005,0,6
No,550.494,4.923800000000005,0,6
No,557.4850000000004,6.241600000000006,0,5
No,522.4400000000002,5.127100000000005,0,5
No,536.4670000000001,5.563500000000006,1,5
No,604.4639999999999,6.496000000000006,1,5
No,550.494,5.953600000000006,1,5
No,564.5210000000001,6.201200000000006,1,5
No,544.446,6.143400000000005,1,5
No,545.434,5.538400000000005,1,6
No,562.436,6.282500000000004,1,5
No,580.426,6.421600000000004,1,5
No,580.426,6.421600000000004,1,5
No,562.436,6.282500000000004,1,5
No,611.4399999999999,6.139800000000005,1,7
No,626.501,5.148900000000005,1,7
No,500.65700000000027,6.574420000000007,1,6
No,500.65700000000027,6.574420000000007,1,6
No,356.50600000000014,5.955500000000006,0,3
Yes,372.50500000000017,4.839400000000005,0,4
No,500.65700000000027,6.574420000000007,1,6
No,484.65800000000024,6.077120000000008,1,5
Yes,330.4680000000001,4.706600000000005,2,3
No,370.4890000000002,5.220500000000005,0,4
Yes,360.49400000000014,4.609300000000005,2,4
No,402.53100000000023,5.180100000000006,1,5
Yes,380.4440000000001,2.918700000000001,1,5
Yes,400.4780000000002,4.063300000000003,1,4
Yes,356.46600000000024,3.4421000000000017,1,4
Yes,365.42900000000003,4.013100000000003,1,4
Yes,365.42900000000003,4.013100000000003,1,4
No,385.46300000000014,5.157700000000005,1,3
Yes,438.4800000000002,2.6765000000000008,1,6
Yes,458.5140000000003,3.821100000000002,1,5
Yes,423.46500000000015,3.770900000000002,1,5
Yes,423.46500000000015,3.770900000000002,1,5
No,407.5100000000002,5.096300000000004,0,4
No,407.5100000000002,5.096300000000005,0,4
No,479.5730000000004,5.029600000000005,0,6
Yes,465.5460000000003,4.941200000000005,1,5
No,564.7270000000004,4.007400000000002,2,7
No,568.6710000000004,1.7000000000000026,2,9
No,610.7080000000004,1.8774000000000022,2,9
No,584.761,5.1520000000000055,2,6
No,588.705,2.8446000000000016,2,8
No,637.7740000000005,4.142100000000003,2,8
No,622.723,0.6762000000000045,4,9
No,642.7570000000001,1.8208000000000018,4,8
No,607.708,1.7706000000000033,4,8
No,506.64300000000037,5.382800000000005,1,5
No,429.5760000000001,7.783300000000008,3,4
No,401.52200000000005,7.003100000000008,3,4
No,800.7239999999999,7.522700000000009,1,9
No,932.883,7.57250000000001,1,12
No,435.3370000000004,5.015520000000004,1,2
No,362.45400000000006,5.613420000000004,1,3
No,473.9350000000002,6.846000000000005,1,3
No,459.45600000000024,5.121700000000003,1,5
Yes,331.39300000000026,4.024400000000003,1,5
Yes,322.4300000000001,3.431300000000002,1,4
Yes,324.40200000000016,2.2776000000000005,1,5
Yes,388.53300000000024,4.5038000000000045,2,4
Yes,318.37300000000016,2.924520000000001,1,5
Yes,317.3890000000002,2.3616,1,4
Yes,317.389,2.3616,1,4
Yes,302.3740000000001,2.9562000000000017,2,3
Yes,314.38500000000016,3.0231000000000012,1,4
Yes,321.3730000000001,3.7969200000000027,1,4
Yes,337.8280000000001,4.311220000000003,1,4
Yes,423.5560000000002,3.1605000000000016,1,6
Yes,391.55800000000016,4.478900000000004,1,5
Yes,373.5180000000002,4.568400000000004,1,4
No,465.6590000000003,7.089300000000008,1,4
No,395.52400000000034,5.356600000000005,1,4
No,389.56100000000026,5.340620000000005,1,4
Yes,375.5340000000002,4.9505200000000045,1,4
Yes,361.5070000000002,4.560420000000004,1,4
Yes,361.5070000000001,4.560420000000004,1,4
Yes,347.4800000000001,4.306440000000004,1,4
No,395.52400000000034,5.356600000000005,1,4
Yes,361.5070000000001,4.642100000000005,1,4
Yes,333.45300000000015,3.998020000000003,1,4
Yes,319.42600000000016,3.689600000000003,1,4
No,312.75600000000003,5.244000000000002,2,2
No,328.824,5.712500000000003,2,2
No,342.851,6.020920000000002,2,2
No,342.851,6.020920000000002,2,2
Yes,301.77700000000016,4.194100000000002,2,2
Yes,373.49600000000015,4.6330000000000044,0,2
No,387.52300000000014,5.023100000000005,0,2
No,407.94100000000014,5.199500000000006,0,2
No,452.3920000000001,5.355600000000005,0,2
No,387.5230000000002,5.239100000000006,0,2
Yes,373.49600000000015,4.849000000000005,0,2
Yes,359.4690000000001,4.458900000000003,0,2
Yes,275.307,2.1662,1,2
No,407.94100000000014,5.502400000000006,0,2
Yes,403.5220000000001,4.307400000000003,1,3
Yes,402.5380000000001,3.8804000000000025,2,3
No,501.7110000000004,6.990200000000008,0,3
No,500.72700000000043,6.563200000000007,1,3
No,300.442,5.345700000000005,1,2
Yes,286.41499999999996,4.955600000000004,1,2
No,509.44400000000036,6.010300000000005,0,3
No,373.43700000000007,5.176680000000004,1,4
No,356.85600000000005,6.533880000000004,1,1
No,365.3980000000001,6.9192000000000045,1,0
No,382.872,5.958400000000004,1,3
No,416.42400000000004,6.323800000000003,1,3
No,393.4080000000001,6.4066200000000055,1,1
No,379.42500000000007,7.227620000000005,1,0
No,439.4240000000001,7.999500000000004,1,1
No,396.43700000000007,6.852380000000004,1,2
No,396.43700000000007,6.852380000000004,1,2
No,431.4450000000001,7.990100000000004,1,1
No,429.463,6.767300000000004,1,3
No,396.43700000000007,6.852380000000004,1,2
No,413.464,7.1833000000000045,1,2
No,341.41,5.441500000000003,2,1
No,631.8650000000001,8.607300000000006,1,5
No,617.8380000000001,8.121000000000008,2,5
Yes,365.5210000000002,4.925100000000005,1,2
Yes,345.4430000000001,3.153900000000002,1,4
Yes,359.4700000000001,3.5440000000000023,1,4
Yes,375.46900000000005,2.5164,2,5
Yes,330.4320000000001,2.4662000000000006,2,3
Yes,344.45900000000006,2.856300000000001,2,3
Yes,360.458,1.8286999999999998,3,4
Yes,349.47800000000007,4.891600000000004,1,2
Yes,365.47700000000003,3.8640000000000025,2,3
Yes,366.5090000000002,4.320100000000004,1,3
Yes,344.45500000000004,3.7589000000000024,1,3
Yes,360.45400000000024,2.731300000000001,2,4
Yes,358.4820000000001,4.149000000000003,1,3
Yes,374.4810000000003,3.1214000000000013,2,4
Yes,379.45100000000014,3.706500000000002,2,2
Yes,329.4440000000001,3.071200000000001,2,2
Yes,345.44300000000015,2.0435999999999996,3,3
Yes,343.47100000000006,3.4613000000000014,2,2
Yes,359.4700000000002,2.4337000000000004,3,3
No,348.49000000000007,5.496600000000005,1,1
Yes,364.4890000000001,4.469000000000004,2,2
Yes,381.52000000000015,3.8975000000000026,2,3
Yes,365.52100000000013,4.925100000000004,1,2
Yes,365.5210000000002,4.876700000000004,1,2
No,554.4820000000001,5.045900000000005,1,6
No,552.5100000000001,6.103400000000006,2,5
No,552.5100000000001,6.0555000000000065,1,5
No,606.48,6.742000000000006,1,5
No,538.4830000000001,5.809500000000006,1,5
No,536.4670000000002,5.563500000000006,1,5
No,550.4940000000001,5.953600000000006,1,5
No,552.4660000000001,4.7999000000000045,1,6
No,550.4940000000001,5.999900000000006,2,5
No,618.4910000000001,6.932400000000005,2,5
No,564.5210000000001,6.390000000000006,2,5
No,600.5010000000001,6.6352000000000055,2,5
No,614.528,7.025300000000006,2,5
No,564.5210000000001,6.247500000000006,2,5
No,578.5480000000001,6.637600000000006,2,5
No,614.528,6.882800000000006,2,5
No,593.563,5.399100000000005,2,6
No,590.4900000000001,6.396600000000005,2,5
No,590.4900000000001,6.396600000000006,2,5
No,558.4730000000001,6.579800000000005,2,5
No,559.4610000000001,5.9748000000000046,2,6
No,576.4630000000001,6.718900000000005,2,5
No,594.4530000000001,6.858000000000004,2,5
No,594.4530000000001,6.858000000000004,2,5
No,576.4630000000001,6.718900000000005,2,5
No,627.458,6.993600000000004,2,6
No,627.458,6.993600000000004,2,6
No,625.467,6.576200000000005,2,7
No,616.4350000000001,6.321700000000003,3,6
No,562.465,5.313300000000004,2,6
No,640.5280000000002,5.585300000000005,2,7
No,613.0880000000002,6.398000000000006,2,6
No,611.0970000000002,5.980600000000006,2,7
No,560.008,6.204600000000005,2,5
No,611.0030000000002,6.479300000000005,2,6
No,609.0120000000002,6.061900000000005,2,7
No,578.548,6.780100000000006,2,5
No,614.5279999999999,7.025300000000006,2,5
No,604.5169999999999,6.786700000000006,2,5
No,590.4900000000001,7.109000000000005,2,5
No,608.4799999999999,7.248100000000005,2,5
No,639.494,6.966300000000005,2,7
No,654.555,5.975400000000005,2,7
No,614.603,5.904900000000006,2,6
No,491.5870000000003,6.850200000000007,0,5
No,505.6140000000003,7.2403000000000075,0,5
No,519.6410000000004,7.630400000000008,0,5
No,533.6680000000005,8.020500000000007,0,5
No,433.5070000000001,6.951500000000006,1,4
No,523.6320000000003,8.546200000000004,0,4
No,451.4970000000001,7.090600000000005,1,4
No,559.6120000000003,8.8244,0,4
No,465.52400000000017,7.114900000000006,0,4
No,469.48700000000014,7.229700000000005,1,4
No,595.5920000000003,9.102599999999999,0,4
No,434.4950000000001,6.346500000000005,1,5
No,458.51700000000017,6.823180000000005,1,5
No,463.5330000000002,6.960100000000006,1,5
No,397.47400000000016,6.161300000000004,1,4
No,413.5170000000001,6.941500000000006,1,4
No,441.5710000000002,7.721700000000007,1,4
No,519.5320000000003,6.638200000000006,0,6
Yes,332.51300000000015,4.447620000000004,1,3
Yes,274.389,3.6484200000000016,1,3
Yes,302.44300000000004,4.428620000000003,1,3
Yes,258.346,3.010720000000001,1,3
Yes,286.4000000000001,3.7909200000000025,1,3
Yes,300.42700000000013,4.181020000000003,1,3
Yes,288.372,2.5909200000000006,0,4
Yes,314.4540000000002,4.428620000000003,1,3
Yes,348.4710000000001,4.925920000000004,1,3
Yes,352.50300000000016,4.817120000000004,1,3
Yes,308.40599999999995,4.048520000000003,1,3
Yes,326.39599999999996,4.187620000000003,1,3
Yes,326.39599999999996,4.187620000000003,1,3
Yes,342.851,4.701920000000003,1,3
Yes,246.335,2.689940000000001,1,3
Yes,286.4,3.5673400000000024,1,3
Yes,290.43199999999996,3.458540000000002,1,3
Yes,274.389,3.6064000000000025,1,3
Yes,268.341,3.226300000000002,1,3
Yes,302.786,3.8797000000000015,1,3
Yes,304.374,4.701800000000002,1,3
Yes,304.374,4.701800000000002,1,3
Yes,308.40600000000006,4.103700000000003,1,3
Yes,312.438,3.994900000000003,1,3
Yes,312.4380000000001,4.451200000000004,1,3
Yes,304.374,4.701800000000002,1,3
Yes,322.311,4.567400000000002,1,3
Yes,322.311,4.567400000000001,1,3
No,382.5730000000001,5.536700000000006,0,2
No,374.5090000000001,5.787300000000005,0,2
No,392.4460000000001,5.652900000000004,0,2
No,392.4460000000001,5.652900000000005,0,2
No,342.398,5.243500000000004,1,2
Yes,312.416,4.925500000000003,2,1
Yes,266.30000000000007,3.6541000000000015,1,2
Yes,266.3,3.576500000000002,1,2
No,356.425,5.253900000000004,0,2
No,342.3980000000001,5.039100000000004,0,2
No,348.44599999999997,5.6242000000000045,1,2
Yes,292.338,4.090300000000003,1,2
No,542.8500000000003,6.9146200000000055,1,4
No,508.8330000000003,6.271120000000004,1,4
No,563.4850000000004,6.738820000000007,1,5
No,497.4260000000003,5.019120000000005,2,4
No,539.4630000000003,5.5899200000000056,1,5
No,710.703,7.655120000000008,2,7
No,724.6080000000002,6.722420000000006,3,7
No,681.6610000000001,7.472120000000008,1,7
No,794.7429999999998,8.672920000000007,3,7
Yes,404.5180000000002,3.7638000000000025,0,5
No,419.4910000000002,5.386400000000005,0,3
No,416.2740000000001,5.514300000000004,0,2
No,419.49100000000004,5.386400000000005,0,3
No,457.54000000000036,5.919000000000006,0,3
Yes,379.50400000000013,4.180100000000004,0,4
Yes,393.5310000000002,4.570200000000004,0,4
No,431.5800000000004,5.1028000000000056,0,4
Yes,383.9230000000002,4.824900000000005,0,3
No,401.25900000000007,6.752800000000004,0,1
No,403.23100000000005,5.599100000000003,0,2
No,391.43700000000007,5.072500000000005,0,3
Yes,407.56200000000024,4.050300000000004,1,5
Yes,334.42700000000013,2.699320000000001,0,4
Yes,390.4910000000002,3.3737000000000013,0,5
No,449.0020000000004,5.137300000000004,0,4
Yes,405.46400000000006,4.996300000000005,0,3
Yes,375.43800000000005,4.987700000000005,0,2
No,349.5590000000001,5.464600000000005,2,2
Yes,365.5210000000002,4.925100000000005,1,2
Yes,295.386,3.2615000000000016,2,2
Yes,295.386,3.2615000000000016,2,2
Yes,295.386,3.2615000000000016,2,2
Yes,295.386,3.2615000000000016,2,2
Yes,365.5210000000002,4.925100000000005,1,2
Yes,365.5210000000002,4.925100000000005,1,2
Yes,408.5460000000002,3.0671000000000017,1,4
Yes,408.5460000000002,3.067100000000001,1,4
Yes,408.5460000000002,3.067100000000001,1,4
Yes,295.38599999999997,3.2615000000000016,2,2
Yes,365.52100000000013,4.925100000000005,1,2
Yes,408.5460000000003,3.0671000000000017,1,4
Yes,295.38599999999997,3.2615000000000016,2,2
Yes,295.38599999999997,3.2615000000000016,2,2
Yes,295.38599999999997,3.2615000000000016,2,2
Yes,365.52100000000013,4.925100000000005,1,2
Yes,365.52100000000013,4.925100000000005,1,2
Yes,408.5460000000003,3.0671000000000017,1,4
Yes,408.5460000000003,3.0671000000000017,1,4
Yes,408.5460000000003,3.0671000000000017,1,4
Yes,381.5200000000002,3.897500000000004,2,3
No,396.36800000000005,5.660800000000004,1,2
No,396.36800000000005,5.660800000000004,1,2
Yes,361.37600000000003,4.777600000000002,1,3
Yes,343.386,4.638500000000003,1,3
Yes,343.386,4.638500000000003,1,3
Yes,343.386,4.638500000000003,1,3
No,378.37800000000004,5.521700000000004,1,2
No,378.37800000000004,5.521700000000004,1,2
No,360.38800000000003,5.382600000000004,1,2
No,360.38800000000003,5.382600000000004,1,2
No,360.38800000000003,5.382600000000004,1,2
Yes,343.3860000000001,4.638500000000003,1,3
Yes,343.386,4.638500000000003,1,3
No,360.38800000000003,5.382600000000004,1,2
No,360.38800000000003,5.382600000000004,1,2
No,360.38800000000003,5.382600000000004,1,2
No,360.38800000000003,5.382600000000004,1,2
No,360.38800000000003,5.382600000000004,1,2
No,360.38800000000003,5.382600000000004,1,2
No,396.36800000000005,5.660800000000004,1,2
No,396.36800000000005,5.660800000000004,1,2
Yes,343.386,4.638500000000003,1,3
Yes,343.386,4.638500000000003,1,3
Yes,343.386,4.638500000000003,1,3
Yes,343.386,4.638500000000003,1,3
No,360.38800000000003,5.382600000000004,1,2
No,378.37800000000004,5.521700000000004,1,2
No,378.37800000000004,5.521700000000004,1,2
No,515.4480000000003,6.870200000000006,1,5
No,516.4360000000004,6.265200000000005,1,6
No,517.4240000000003,5.660200000000005,1,7
No,516.4360000000004,6.265200000000005,1,6
No,529.4750000000004,6.5479000000000065,1,5
No,530.4630000000004,5.942900000000006,1,6
No,543.502,6.8901000000000066,0,5
No,547.4650000000001,6.687000000000006,1,5
No,561.4920000000001,7.029200000000006,0,5
No,561.4480000000001,7.023300000000004,1,6
No,540.4580000000003,7.049600000000004,1,5
No,560.4640000000004,6.512370000000005,2,5
No,575.4790000000002,6.533670000000004,3,5
No,525.4400000000002,4.910800000000004,1,6
No,525.4400000000002,4.910800000000004,1,6
No,573.5060000000001,4.309000000000004,1,7
No,558.008,5.824900000000005,1,6
No,537.495,6.310500000000006,1,5
No,539.4670000000001,5.035300000000005,2,6
No,567.5210000000001,6.079500000000007,1,6
No,537.4510000000002,4.9108000000000045,1,6
No,551.4780000000002,5.300900000000005,1,6
No,567.5460000000002,6.017500000000005,1,6
No,599.5440000000002,4.699100000000004,1,7
No,551.4780000000001,5.300900000000005,1,6
No,564.5210000000001,5.360200000000005,1,6
No,565.5050000000001,5.691000000000006,1,6
No,566.493,4.206500000000005,1,7
No,577.9980000000002,5.9485000000000054,1,6
No,544.4460000000003,5.583100000000005,1,6
No,561.4480000000003,6.327200000000005,1,5
No,561.4480000000003,6.327200000000005,1,5
No,579.4380000000003,6.466300000000005,1,5
No,579.4380000000003,6.466300000000005,1,5
No,571.5120000000003,6.678000000000006,1,5
No,577.4800000000001,4.030600000000002,1,8
No,541.4390000000001,5.1307000000000045,1,7
No,537.4510000000001,6.036800000000005,1,6
No,539.4230000000002,4.883100000000005,1,7
No,567.4770000000001,5.663300000000006,1,7
No,553.4500000000002,5.130700000000005,1,7
No,594.5469999999999,5.826100000000006,1,7
No,573.4840000000004,6.684500000000006,1,6
No,599.4660000000001,5.629900000000005,1,6
No,573.5500000000001,5.867700000000006,1,6
No,599.5880000000001,6.257800000000007,1,6
No,600.576,5.5148000000000055,2,6
No,597.5030000000003,5.8757000000000055,1,6
No,581.0480000000003,5.361400000000005,1,6
No,632.043,5.636100000000005,1,7
No,630.052,5.218700000000005,1,8
No,597.5030000000003,5.8757000000000055,1,6
No,615.4930000000003,6.014800000000005,1,6
No,615.4930000000003,6.014800000000005,1,6
No,650.033,5.775200000000004,1,7
No,648.042,5.357800000000005,1,8
No,624.073,4.460300000000004,2,7
No,597.051,4.338600000000003,2,8
No,639.088,4.714800000000004,2,8
No,586.0240000000001,4.657820000000004,1,8
No,585.0400000000001,4.094900000000003,1,7
No,585.0400000000001,4.094900000000003,1,7
No,639.0100000000001,5.1033000000000035,2,7
Yes,311.772,4.9791000000000025,3,1
No,422.91600000000005,5.654800000000004,2,4
No,323.783,5.046000000000003,2,2
No,323.783,5.046000000000003,2,2
No,323.783,5.046000000000003,2,2
No,323.783,5.046000000000003,2,2
No,328.824,5.712500000000003,2,2
No,328.824,5.712500000000003,2,2
No,328.824,5.712500000000003,2,2
No,329.812,5.107500000000002,2,3
Yes,286.762,4.0176000000000025,2,1
Yes,286.762,4.0176000000000025,2,1
Yes,329.831,4.130500000000002,2,2
No,346.814,5.851600000000002,2,2
No,346.814,5.851600000000002,2,2
No,364.80400000000003,5.990700000000002,2,2
No,363.269,6.365900000000003,2,2
No,363.269,6.365900000000003,2,2
No,363.269,6.365900000000003,2,2
No,397.71400000000006,7.019300000000002,2,2
No,397.71400000000006,7.019300000000002,2,2
No,370.861,5.9151000000000025,2,3
No,386.86,5.499100000000002,2,4
No,406.91600000000005,5.116000000000002,2,4
No,358.85,5.721100000000002,2,3
No,358.85,5.7211000000000025,2,3
No,358.85,5.7211000000000025,2,3
No,342.851,6.020920000000002,2,2
No,371.89300000000003,5.778500000000003,2,3
No,329.812,5.107500000000002,2,3
No,329.812,5.107500000000002,2,3
Yes,383.4630000000001,4.609000000000004,1,3
Yes,369.4360000000001,4.389800000000004,1,3
Yes,383.4630000000001,4.609000000000004,1,3
Yes,369.43600000000004,4.389800000000004,1,3
No,314.469,6.035600000000006,1,2
No,286.41499999999996,5.066300000000005,2,2
No,432.6080000000002,7.531200000000007,1,3
No,386.5360000000002,5.123500000000006,2,4
No,343.4670000000001,5.922700000000007,1,4
No,359.44400000000013,6.3548000000000044,0,1
No,359.44400000000013,6.3548000000000044,0,1
No,359.44400000000013,6.3548000000000044,0,1
No,359.44400000000013,6.3548000000000044,0,1
No,397.51800000000003,5.5083000000000055,0,3
No,393.5300000000002,5.598300000000006,0,2
No,395.546,6.062100000000006,0,2
No,409.57300000000004,6.452200000000007,0,2
No,447.1040000000001,6.144100000000006,3,3
No,750.6959999999999,7.4921000000000095,2,5
Yes,392.8860000000001,4.984100000000003,1,2
No,475.51000000000005,7.3578000000000054,2,2
No,492.5010000000001,5.785300000000004,2,4
No,417.63400000000024,6.596200000000007,1,3
No,431.66100000000034,6.941200000000007,1,3
No,387.6080000000001,6.587600000000006,1,2
Yes,419.5250000000002,4.1594200000000034,1,6
Yes,316.397,4.020300000000002,2,3
Yes,302.414,3.9280000000000026,2,3
Yes,302.414,3.9264000000000028,2,3
Yes,302.414,3.9264000000000028,2,3
No,356.42500000000007,5.4379000000000035,1,2
No,348.44600000000025,5.775500000000004,1,2
No,356.4250000000001,5.5519200000000035,1,2
No,356.42500000000007,5.5519200000000035,1,2
No,356.425,5.551920000000004,1,2
No,372.42400000000004,5.252100000000003,1,3
No,372.42400000000004,5.252100000000004,1,3
No,372.42400000000004,5.252100000000003,1,3
No,376.843,5.896900000000005,1,2
No,376.843,5.896900000000005,1,2
No,376.843,5.896900000000005,1,2
No,411.28800000000007,6.550300000000004,1,2
No,411.505,5.843700000000005,1,3
No,411.505,5.843700000000005,1,3
No,411.505,5.843700000000005,1,3
No,410.39500000000004,6.262300000000004,1,2
No,410.395,6.262300000000004,1,2
No,410.395,6.262300000000005,1,2
No,425.53200000000004,6.233800000000006,1,3
No,427.504,5.080100000000004,1,4
No,398.50600000000003,6.541000000000006,1,2
No,418.4960000000001,6.910500000000005,1,2
No,392.4580000000001,6.396700000000005,1,2
No,392.458,6.396700000000005,1,2
No,348.427,5.305000000000004,1,3
No,348.427,5.305000000000004,1,3
Yes,332.35900000000004,4.836500000000003,1,3
Yes,332.3590000000001,4.836500000000003,1,3
Yes,331.37500000000006,4.571600000000002,2,2
Yes,349.415,4.700000000000002,1,4
No,363.44200000000006,5.0084200000000045,1,4
Yes,333.34700000000004,4.231500000000002,1,4
Yes,347.374,4.539920000000003,1,4
Yes,346.39000000000004,3.977000000000003,1,3
Yes,346.39000000000004,3.977000000000002,1,3
Yes,346.39000000000004,3.977000000000003,1,3
No,595.4740000000002,6.842700000000005,1,5
No,672.531,7.0898000000000065,4,7
No,655.504,7.2350000000000065,3,6
No,611.4730000000001,6.548300000000005,2,6
No,610.4890000000001,6.4249000000000045,2,6
No,750.705,4.827500000000006,5,9
No,647.584,7.080200000000005,2,6
No,672.1220000000004,5.2568000000000055,1,6
Yes,343.43000000000023,3.720200000000003,0,3
Yes,377.8750000000002,4.373600000000004,0,3
Yes,422.32600000000025,4.482700000000004,0,3
Yes,361.42000000000024,3.859300000000003,0,3
Yes,360.46500000000015,3.164200000000001,2,6
No,375.44700000000023,5.736900000000004,2,2
No,408.89300000000026,5.1178000000000035,3,5
No,422.9200000000003,5.507900000000004,3,5
No,338.79800000000006,5.122600000000002,3,3
No,355.80000000000007,5.8667000000000025,3,2
No,337.81000000000006,5.7276000000000025,3,2
No,405.92900000000026,6.641300000000005,2,2
Yes,356.44100000000003,3.796720000000003,1,2
Yes,435.3370000000002,4.559220000000003,1,2
Yes,390.886,4.450120000000004,1,2
Yes,374.431,3.935820000000003,1,2
No,432.53900000000016,5.463720000000005,1,2
No,462.56500000000017,5.472320000000005,1,3
No,450.5290000000003,5.602820000000005,1,2
Yes,356.441,4.560720000000004,1,3
No,435.3370000000003,5.3232200000000045,1,3
Yes,396.8820000000001,4.670100000000003,2,3
No,473.01600000000013,6.757500000000006,2,2
No,423.94800000000004,6.858400000000005,2,2
No,430.9350000000001,5.587200000000005,2,2
No,568.0460000000004,5.645800000000004,1,7
No,647.584,7.080200000000006,2,6
No,597.5459999999999,7.891500000000006,2,5
No,595.4740000000002,6.842700000000005,1,5
No,611.4730000000001,5.946700000000004,2,6
Yes,297.33500000000004,3.4523,2,5
Yes,326.373,3.5496000000000008,3,5
No,365.237,5.364100000000003,2,4
No,432.341,6.0949000000000035,2,4
Yes,310.374,4.365720000000002,2,4
No,364.344,5.076100000000003,2,4
Yes,280.279,3.5888000000000018,2,4
Yes,296.34700000000004,4.0573000000000015,2,4
Yes,325.75100000000003,4.044200000000002,2,4
Yes,309.296,3.5299000000000014,2,4
Yes,291.30600000000004,3.3908000000000023,2,4
Yes,333.31800000000004,4.0065800000000005,2,4
Yes,320.344,3.488100000000002,3,4
Yes,348.35400000000016,3.767000000000002,2,5
Yes,334.3270000000001,3.7245000000000017,2,5
No,426.312,6.033400000000005,2,3
No,359.2080000000001,5.302600000000004,2,3
Yes,326.298,4.274000000000004,2,3
No,358.315,5.014600000000004,2,3
Yes,319.32000000000005,4.203300000000002,1,4
Yes,297.3140000000001,3.1030000000000015,0,4
No,435.5200000000002,5.417600000000005,1,4
Yes,417.4800000000002,4.857200000000005,1,3
No,453.5100000000002,5.556700000000004,1,4
Yes,435.4700000000002,4.996300000000005,1,3
Yes,497.55800000000033,4.212700000000003,1,4
Yes,497.55800000000033,4.804700000000004,1,5
Yes,484.5150000000003,4.747300000000004,1,6
Yes,483.53100000000035,4.780400000000004,2,5
No,499.5990000000003,5.315700000000005,2,5
No,519.5860000000004,4.3289000000000035,2,6
No,498.54600000000033,5.172100000000004,3,5
No,469.5480000000003,5.140200000000004,2,5
No,455.5210000000003,5.271700000000005,2,5
No,506.56500000000034,6.455100000000007,1,5
No,507.5570000000003,4.775800000000005,1,6
No,440.50600000000026,5.195100000000005,1,4
Yes,464.5280000000003,4.927900000000005,1,4
No,466.5440000000003,5.698500000000006,1,4
No,468.56000000000034,5.313300000000005,1,4
No,490.5660000000003,6.348300000000006,1,4
No,492.5420000000003,5.1383000000000045,1,6
Yes,493.5300000000003,4.533300000000004,1,7
No,389.9710000000002,5.689300000000006,1,2
Yes,309.45400000000006,2.871500000000001,2,3
Yes,387.5680000000002,4.184300000000004,2,3
No,347.89,5.276500000000005,1,2
Yes,387.56800000000027,4.184300000000003,2,3
Yes,319.49300000000005,4.4333000000000045,1,2
Yes,361.91700000000014,4.954200000000005,1,2
Yes,293.45500000000004,3.8991000000000033,1,2
No,371.56900000000024,5.069400000000005,1,2
Yes,309.45400000000006,2.8715000000000015,2,3
No,371.56900000000024,5.069400000000005,1,2
Yes,314.43300000000016,4.018100000000003,1,3
No,347.89000000000016,5.276500000000005,1,2
Yes,361.91700000000003,4.954200000000005,1,2
Yes,293.45500000000004,3.8991000000000025,1,2
Yes,365.51800000000014,3.6883000000000026,1,4
Yes,351.49100000000016,3.2982000000000022,1,4
Yes,351.49100000000016,3.2982000000000022,1,4
Yes,321.34299999999996,2.5928000000000004,2,3
Yes,295.427,2.697400000000001,2,3
Yes,323.4810000000001,3.162600000000002,2,3
Yes,293.41100000000006,2.4514000000000005,2,3
Yes,335.4920000000002,3.6217000000000024,2,3
Yes,365.42400000000004,3.5192000000000014,2,3
Yes,343.8990000000001,3.5249000000000024,2,3
Yes,388.3500000000001,3.634000000000002,2,3
Yes,354.45100000000014,2.779700000000002,2,5
Yes,324.4690000000001,2.4537000000000004,3,4
Yes,281.4,2.0913,2,3
Yes,295.427,2.4814000000000007,2,3
Yes,323.4810000000001,3.2616000000000014,2,3
Yes,299.39,2.0409,2,3
Yes,313.41700000000003,2.431000000000001,2,3
Yes,327.4440000000001,2.8211000000000013,2,3
Yes,293.41100000000006,2.0913000000000004,2,3
Yes,297.39900000000006,1.3276999999999999,2,4
Yes,315.417,2.6705000000000014,2,3
Yes,329.44400000000013,2.9789200000000013,2,3
Yes,333.407,2.8096000000000014,2,3
Yes,349.862,3.323900000000002,2,3
Yes,383.414,3.689300000000003,2,3
Yes,345.4430000000001,2.679100000000001,2,4
Yes,399.413,3.5691000000000024,2,4
Yes,351.397,2.9487000000000014,2,3
Yes,316.405,2.0655,2,4
Yes,316.405,2.0655,2,4
Yes,334.395,2.2046,2,4
Yes,350.85,2.7189000000000014,2,4
Yes,384.402,3.0843000000000016,2,4
Yes,418.84700000000004,3.737700000000003,2,4
Yes,317.393,1.4605000000000004,2,5
No,359.5130000000001,6.187300000000006,0,1
No,359.5130000000001,6.187300000000006,0,1
No,331.459,5.407100000000005,0,1
No,357.49700000000007,5.963300000000006,0,1
No,355.4810000000001,5.410500000000005,0,1
No,369.50800000000015,5.718920000000005,0,1
Yes,361.39200000000017,3.4550000000000027,1,3
Yes,361.39200000000017,3.4550000000000027,1,3
Yes,371.4410000000002,1.5752999999999995,2,6
Yes,371.4410000000002,1.5752999999999995,2,6
Yes,393.3690000000002,2.6533000000000007,1,5
Yes,391.4750000000002,2.7470000000000008,1,5
Yes,353.38200000000023,0.9591999999999996,1,5
Yes,395.4630000000002,2.1295,1,5
Yes,384.4650000000002,2.4929000000000006,0,7
Yes,343.38700000000017,1.2051999999999994,1,5
Yes,366.42500000000024,3.1761000000000017,0,7
Yes,425.4790000000002,4.235200000000003,1,3
Yes,327.38800000000015,1.9667999999999999,1,5
Yes,343.38700000000017,1.2051999999999996,1,5
Yes,274.75100000000003,3.704200000000002,2,1
Yes,357.885,4.694500000000004,2,2
Yes,343.85799999999995,4.304400000000003,2,2
Yes,345.874,4.550400000000003,2,2
Yes,317.82000000000005,3.7702000000000018,2,2
Yes,260.724,3.6617000000000024,2,1
Yes,288.778,4.094300000000003,2,1
Yes,302.805,4.439300000000003,2,1
Yes,302.805,4.482800000000003,2,1
Yes,310.7310000000001,4.2535000000000025,2,1
Yes,300.789,4.1933000000000025,2,1
Yes,300.7890000000001,4.236800000000002,2,1
Yes,300.78900000000004,4.265200000000003,2,1
Yes,275.73900000000003,3.0992000000000015,2,2
Yes,275.73900000000003,3.0992000000000015,2,2
Yes,280.78,3.7657000000000025,2,2
Yes,296.8020000000001,1.7088999999999992,2,3
Yes,283.759,1.7936999999999999,2,3
Yes,267.76000000000005,2.5573000000000006,2,2
Yes,275.739,3.0992000000000015,2,2
Yes,280.78000000000003,3.7657000000000025,2,2
Yes,278.73900000000003,3.605620000000002,2,2
Yes,281.78700000000003,2.947400000000001,2,2
Yes,255.70500000000004,1.5975999999999997,3,2
No,314.46900000000005,5.735800000000006,1,2
No,314.46900000000005,5.735800000000006,1,2
No,364.48500000000007,5.860200000000006,0,3
No,350.4580000000001,5.557200000000006,1,3
No,378.5120000000001,6.168620000000007,0,3
No,364.4850000000001,5.865620000000007,1,3
No,394.51100000000014,5.8688000000000065,0,4
No,366.4570000000001,5.262800000000007,2,4
No,392.53900000000016,6.645820000000008,1,3
No,460.5360000000001,7.6592000000000064,0,3
No,446.5090000000001,7.356200000000007,1,3
Yes,337.4190000000001,4.520100000000004,0,4
Yes,323.39200000000005,4.217100000000004,1,4
Yes,337.4190000000001,4.520100000000004,0,4
Yes,323.39200000000005,4.217100000000004,1,4
Yes,337.4190000000001,4.520100000000004,0,4
Yes,323.39200000000005,4.217100000000004,1,4
No,391.51100000000025,5.789400000000006,0,4
No,377.48400000000026,5.486400000000005,1,4
No,391.51100000000025,5.789400000000006,0,4
No,377.48400000000026,5.486400000000005,1,4
No,391.51100000000025,5.789400000000006,0,4
No,377.48400000000026,5.486400000000004,1,4
No,405.5380000000003,6.179500000000006,0,4
No,391.5110000000003,5.876500000000005,1,4
No,405.5380000000003,6.179500000000006,0,4
No,405.5380000000003,6.179500000000006,0,4
No,391.5110000000003,5.8765000000000045,1,4
No,314.4250000000001,5.112020000000005,0,3
Yes,300.39800000000014,4.809020000000004,1,3
No,328.4520000000001,5.366000000000005,0,3
No,314.4250000000001,5.063000000000004,1,3
No,342.47900000000016,5.756100000000006,0,3
No,328.4520000000001,5.4531000000000045,1,3
No,356.50600000000014,6.1462000000000065,0,3
No,342.4790000000001,5.843200000000005,1,3
No,328.45200000000017,5.502120000000005,0,3
No,314.4250000000002,5.199120000000004,1,3
No,342.47900000000016,5.756100000000005,0,3
No,328.45200000000017,5.4531000000000045,1,3
No,356.5060000000002,6.1462000000000065,0,3
No,342.47900000000016,5.843200000000005,1,3
No,370.5330000000002,6.536300000000007,0,3
No,356.50600000000014,6.233300000000005,1,3
No,376.49600000000027,6.470600000000006,0,3
No,362.4690000000002,6.1676000000000055,1,3
No,390.52300000000025,6.779020000000006,0,3
No,376.49600000000027,6.476020000000006,1,3
No,406.5220000000003,6.479200000000007,0,4
No,378.46800000000025,5.873200000000006,2,4
No,444.4930000000002,7.489400000000006,0,3
No,430.46600000000024,7.186400000000006,1,3
No,504.46800000000013,5.043960000000004,1,6
No,514.5260000000002,3.2691000000000017,0,7
Yes,458.4620000000003,2.777820000000002,0,6
Yes,458.5260000000002,2.7765000000000013,1,8
No,550.8510000000002,5.801800000000004,1,5
No,455.4400000000001,5.394000000000004,1,5
No,536.4820000000002,3.6769000000000025,2,5
No,536.4820000000002,3.6769000000000025,2,5
Yes,388.42700000000013,2.4500800000000007,1,5
No,429.6050000000003,6.593800000000009,2,4
No,445.6690000000003,6.386300000000009,2,5
No,471.70700000000033,6.9205000000000085,2,5
No,485.7340000000003,7.310600000000009,2,5
No,413.6020000000003,6.197180000000009,2,4
No,439.6400000000002,6.731380000000009,2,4
No,330.85900000000004,5.001700000000004,2,1
No,350.84900000000005,5.3712000000000035,2,1
Yes,317.82,3.7702000000000018,2,2
Yes,304.77700000000004,3.7128000000000014,2,2
Yes,304.77700000000004,3.7128000000000014,2,2
Yes,304.77700000000004,3.7128000000000014,2,2
Yes,334.8030000000001,3.721400000000002,2,3
Yes,334.8030000000001,3.721400000000002,2,3
Yes,290.75,3.4098000000000015,3,2
Yes,320.77600000000007,3.4184000000000023,3,3
Yes,288.778,4.012620000000002,2,1
Yes,288.778,4.012620000000002,2,1
Yes,302.80500000000006,4.321040000000003,2,1
Yes,302.80500000000006,4.321040000000003,2,1
Yes,319.74800000000005,3.612400000000002,2,3
Yes,352.8430000000001,3.1077000000000012,2,3
Yes,299.761,3.5758800000000015,2,2
Yes,299.761,3.5758800000000015,2,2
Yes,353.64700000000005,4.466700000000003,2,1
Yes,353.64700000000005,4.466700000000003,2,1
Yes,292.741,3.843300000000002,2,1
Yes,292.741,3.843300000000002,2,1
Yes,292.741,3.843300000000002,2,1
Yes,309.196,4.357600000000002,2,1
Yes,309.196,4.357600000000002,2,1
Yes,309.196,4.357600000000002,2,1
Yes,342.74800000000005,4.7230000000000025,2,1
Yes,342.74800000000005,4.7230000000000025,2,1
Yes,342.74800000000005,4.7230000000000025,2,1
Yes,358.74700000000007,4.602800000000003,2,2
No,343.6410000000001,5.011000000000003,2,1
No,343.6410000000001,5.011000000000003,2,1
Yes,327.18600000000004,4.496700000000002,2,1
Yes,328.721,4.121500000000002,2,1
Yes,364.701,4.399700000000002,2,1
Yes,487.02900000000017,3.607300000000003,1,3
No,519.0960000000001,3.9079000000000024,1,4
No,529.1100000000002,4.633500000000004,1,3
No,567.0900000000001,4.774800000000005,1,3
No,583.5450000000001,5.289100000000006,1,3
No,523.0090000000001,3.8525000000000036,1,3
No,555.0760000000002,4.153100000000003,1,4
No,565.0900000000003,4.878700000000004,1,3
No,603.0700000000002,5.020000000000005,1,3
No,619.5250000000001,5.534300000000005,1,3
No,555.0260000000002,4.395700000000004,1,3
No,587.0930000000002,4.696300000000004,1,4
No,597.1070000000002,5.421900000000005,1,3
No,635.0870000000002,5.563200000000005,1,3
Yes,489.00100000000015,2.4536000000000024,1,4
No,521.0680000000001,2.7542000000000026,1,5
No,531.0820000000002,3.4798000000000036,1,4
No,569.0620000000001,3.6211000000000046,1,4
No,585.517,4.135400000000005,1,4
Yes,473.0020000000001,3.2172000000000027,1,3
No,505.06900000000013,3.517800000000002,1,4
No,515.0830000000002,4.243400000000004,1,3
No,553.0630000000001,4.384700000000005,1,3
No,569.5180000000001,4.899000000000005,1,3
Yes,475.0180000000001,3.463200000000003,1,3
No,507.0850000000002,3.7638000000000034,1,4
No,517.0990000000002,4.489400000000004,1,3
No,555.0790000000002,4.630700000000004,1,3
No,571.5340000000002,5.145000000000005,1,3
Yes,487.02900000000017,3.607300000000003,1,3
Yes,487.02900000000017,3.607300000000003,1,3
No,587.0930000000002,4.696300000000004,1,4
No,587.0930000000002,4.696300000000004,1,4
Yes,475.0180000000001,3.463200000000003,1,3
Yes,475.0180000000001,3.463200000000003,1,3
No,651.5420000000001,6.077500000000006,1,3
No,481.6000000000003,6.366520000000007,2,5
No,481.6000000000003,6.366520000000007,2,5
Yes,331.37500000000006,4.571600000000002,2,2
Yes,331.37500000000006,4.571600000000002,2,2
No,487.7200000000002,8.068600000000009,1,2
No,348.427,5.305000000000003,1,3
No,348.427,5.305000000000003,1,3
Yes,332.35900000000004,4.836500000000004,1,3
Yes,332.35900000000004,4.836500000000004,1,3
Yes,332.36300000000006,3.9666000000000015,2,3
Yes,332.36300000000006,3.9666000000000015,2,3
Yes,349.415,4.700000000000003,1,4
Yes,349.415,4.700000000000003,1,4
Yes,349.415,4.700000000000003,1,4
No,381.43500000000006,5.724800000000004,2,2
No,481.55200000000025,6.981400000000006,1,4
No,381.43500000000006,5.724800000000004,2,2
No,382.4190000000001,5.9897000000000045,1,3
No,398.4870000000001,6.458200000000004,1,3
Yes,380.78600000000006,3.1149000000000013,0,4
No,342.52300000000014,6.516000000000007,1,2
No,382.6200000000002,6.490820000000007,1,2
No,354.5660000000001,5.710620000000007,1,2
No,386.6520000000002,6.498800000000008,1,2
No,358.5980000000001,5.718600000000006,1,2
Yes,330.5440000000001,4.938400000000005,1,2
No,386.65200000000027,6.609500000000008,2,2
No,358.5980000000002,5.829300000000007,2,2
No,402.6510000000002,5.271700000000007,3,3
No,430.70500000000027,5.877700000000007,1,3
No,402.6510000000002,5.0975000000000055,1,3
No,398.6190000000002,5.674700000000008,2,3
Yes,370.5650000000001,4.894500000000005,2,3
No,402.65100000000024,5.471200000000007,2,3
Yes,374.59700000000015,4.691000000000005,2,3
Yes,292.49499999999995,4.470900000000005,2,2
Yes,306.522,4.861000000000005,2,2
No,320.54900000000004,5.251100000000006,2,2
No,320.5490000000001,5.251100000000007,2,2
No,334.57600000000014,5.6412000000000075,2,2
No,348.6030000000002,6.031300000000008,2,2
Yes,306.522,4.773900000000005,1,2
No,320.54900000000004,5.164000000000005,1,2
No,334.57600000000014,5.554100000000005,1,2
No,348.6030000000002,5.9442000000000075,1,2
No,362.6300000000002,6.334300000000008,1,2
No,372.62500000000017,6.0216000000000065,0,2
No,400.6790000000002,6.801800000000008,0,2
No,334.5760000000001,5.554100000000005,1,2
Yes,344.317,3.1473000000000013,2,3
Yes,286.28099999999995,3.376100000000002,2,1
Yes,304.271,3.515200000000002,2,1
Yes,312.279,3.574700000000001,3,2
Yes,391.2980000000001,4.533500000000004,2,2
Yes,427.4950000000004,3.946900000000003,1,2
Yes,315.417,2.6811000000000007,2,2
Yes,329.444,3.071200000000001,2,2
Yes,363.46100000000007,3.267800000000001,2,2
Yes,316.40500000000003,2.0761,2,3
Yes,330.432,2.4662000000000006,2,3
Yes,364.4490000000001,2.6628000000000007,2,3
Yes,316.405,2.0760999999999994,2,3
Yes,330.432,2.4661999999999997,2,3
Yes,364.44900000000007,2.6628000000000007,2,3
Yes,378.47600000000017,3.052900000000001,2,3
Yes,307.3090000000001,2.3541,2,5
Yes,335.36300000000017,2.7867000000000006,2,5
Yes,390.4430000000001,3.344400000000002,2,6
Yes,309.32500000000005,2.3396000000000003,3,5
Yes,281.29,2.764500000000001,2,3
Yes,245.23799999999994,0.5428999999999998,1,5
Yes,285.30300000000005,1.3378,1,5
Yes,323.3080000000001,2.0596999999999994,3,6
Yes,393.48700000000014,4.462400000000002,3,5
Yes,407.47400000000016,2.0913999999999997,3,7
Yes,392.45900000000006,3.3299000000000025,3,6
No,831.6949999999993,7.608140000000009,2,6
No,831.6949999999996,8.220240000000008,2,7
No,395.5430000000001,5.9117800000000065,1,4
No,411.88300000000027,6.126700000000005,0,2
No,327.4270000000001,5.743920000000005,0,1
Yes,269.35200000000003,1.9118000000000002,1,3
Yes,274.795,3.8186000000000027,0,2
Yes,284.44700000000006,4.252000000000004,0,1
Yes,280.415,3.8750000000000027,0,2
Yes,424.52200000000016,4.744400000000003,2,4
Yes,312.377,1.5447799999999996,1,5
Yes,443.63800000000026,3.4707000000000026,0,5
Yes,407.31800000000015,2.0164999999999997,1,4
Yes,364.42300000000006,3.036500000000001,3,5
Yes,371.8240000000001,3.1781000000000015,0,4
No,529.5260000000001,6.355840000000005,2,6
Yes,299.41400000000004,3.4250000000000016,3,3
No,610.6710000000002,6.319100000000007,1,10
Yes,470.01700000000034,3.5519000000000025,0,5
Yes,151.20899999999997,1.0672000000000001,2,2
Yes,284.74600000000004,2.6092000000000004,1,3
Yes,264.32500000000005,2.4711,3,3
Yes,388.8150000000001,1.5679999999999998,0,7
Yes,227.242,2.42948,0,2
Yes,164.204,2.0939,1,1
No,558.5950000000003,4.170020000000003,2,10
Yes,270.71899999999994,3.129500000000001,1,2
Yes,286.718,2.4479,2,3
No,1047.2269999999996,3.3685000000000116,9,11
Yes,339.39900000000006,0.3944800000000006,1,5
No,1637.9090000000008,-4.913600000000021,22,23
Yes,299.3700000000001,1.5010999999999999,1,4
No,235.069,-1.6633000000000002,6,4
Yes,303.4060000000001,1.1742799999999989,2,4
Yes,490.44100000000014,-1.474999999999998,1,6
Yes,319.23100000000005,0.4999999999999996,5,4
Yes,307.39700000000005,3.2488400000000013,0,2
Yes,289.4189999999999,3.9242000000000035,0,3
No,506.0320000000004,2.4888400000000006,3,9
Yes,358.8500000000001,4.175920000000004,0,4
Yes,194.154,-2.078099999999999,1,5
Yes,275.39500000000004,4.553800000000004,0,1
Yes,300.3980000000001,3.5899000000000028,0,3
Yes,416.51400000000024,2.326700000000001,2,6
Yes,296.41,4.029500000000003,0,2
No,528.537,6.576100000000006,2,2
Yes,179.307,2.6941000000000006,1,1
Yes,380.45600000000013,1.8737,3,5
Yes,289.80600000000004,3.5276000000000023,1,2
Yes,147.19799999999998,-0.2121000000000003,1,2
Yes,297.423,4.630900000000003,1,3
No,418.9680000000002,5.7815000000000065,0,3
Yes,378.31600000000014,4.447900000000003,2,3
No,551.6250000000002,4.203900000000004,2,10
No,505.4580000000002,4.175280000000002,10,4
No,602.6410000000002,-0.45419999999999416,9,12
No,527.5740000000002,0.46980000000000227,6,10
Yes,341.433,0.2797000000000011,3,5
Yes,305.16400000000004,0.2882000000000006,2,4
Yes,149.237,1.9664,1,1
Yes,183.682,2.6198000000000006,1,1
Yes,279.34,1.8117999999999996,3,5
Yes,287.406,4.985000000000004,0,1
Yes,290.4100000000001,3.7077000000000027,0,2
Yes,295.4510000000001,4.374200000000004,0,2
Yes,165.236,1.3278999999999999,2,2
Yes,389.4110000000002,2.2112999999999996,1,4
Yes,247.33799999999994,2.2131,0,3
Yes,296.20099999999996,-0.8039000000000001,3,5
Yes,476.58500000000026,3.6368000000000027,2,6
No,414.58600000000024,5.292900000000006,0,4
Yes,329.44000000000005,3.466880000000002,2,4
Yes,298.39000000000004,2.1961199999999996,1,5
Yes,318.339,3.201500000000001,1,4
No,738.8900000000001,6.222000000000006,4,8
Yes,211.22099999999998,-0.5046000000000002,2,5
No,540.6970000000002,4.703900000000005,1,7
Yes,143.23000000000002,1.6881,1,1
Yes,217.26799999999992,1.771,1,2
Yes,324.4240000000001,3.1732000000000014,1,4
Yes,250.29799999999997,1.6392999999999995,2,3
Yes,253.718,1.7157999999999993,2,6
Yes,208.261,1.1618000000000002,0,3
Yes,226.276,1.1849999999999998,2,3
Yes,404.5070000000002,2.423,0,6
Yes,395.4220000000001,-0.17179999999999884,4,9
No,475.58300000000014,5.305400000000005,1,3
Yes,244.294,2.669100000000001,0,3
Yes,472.5530000000002,1.1474199999999997,1,7
No,450.34500000000014,5.037700000000004,2,5
Yes,111.14799999999998,-0.08910000000000035,2,2
No,776.8720000000001,4.5573000000000015,3,4
Yes,231.26099999999997,3.2459000000000024,1,1
Yes,319.88000000000005,4.810600000000004,1,3
Yes,322.4960000000001,4.392300000000004,0,2
No,257.246,-1.7562,7,7
Yes,243.30599999999995,2.527,1,2
Yes,180.16699999999997,-1.0397,1,3
Yes,189.214,1.1588999999999998,0,2
Yes,371.3930000000001,2.5822000000000003,1,8
Yes,290.32300000000004,1.2575999999999998,2,7
Yes,302.37,3.5664000000000033,4,4
Yes,248.71700000000004,2.5238000000000005,2,4
Yes,343.471,3.4853000000000023,1,4
Yes,366.5490000000002,4.830200000000005,0,3
Yes,260.31399999999996,3.167200000000001,1,3
Yes,339.47900000000016,4.275500000000004,0,3
No,521.0500000000003,3.942700000000003,1,7
Yes,344.4950000000001,4.840100000000005,0,3
Yes,256.092,1.9263000000000001,1,3
Yes,316.15799999999996,2.6336000000000004,1,3
Yes,315.67799999999994,4.073100000000001,1,2
Yes,177.458,2.127500000000001,1,1
Yes,354.48700000000014,3.475100000000002,3,4
No,789.0989999999998,-0.028800000000000603,6,8
Yes,260.3809999999999,2.845700000000001,1,2
Yes,339.4830000000001,3.361900000000002,1,3
Yes,255.789,2.831200000000001,1,2
Yes,161.22499999999997,0.1764,1,2
Yes,129.159,0.36450000000000005,2,2
Yes,265.35299999999995,1.9890999999999999,2,4
Yes,291.37600000000003,1.2187999999999999,1,4
Yes,313.28800000000007,2.5477000000000007,0,4
Yes,300.74500000000006,2.4722,1,3
Yes,480.5720000000003,-1.2798999999999958,2,10
Yes,248.307,1.9643199999999998,2,3
Yes,384.58600000000007,4.164000000000003,2,4
Yes,353.33000000000004,3.517800000000003,1,6
Yes,414.4980000000003,3.124500000000002,0,6
No,286.45900000000006,5.510300000000006,1,1
Yes,135.20999999999998,1.5763,1,1
Yes,386.4880000000002,3.301700000000002,1,5
Yes,280.30899999999997,0.8681999999999999,2,6
Yes,299.37000000000006,1.9333,0,4
Yes,169.17999999999998,0.08989999999999998,4,4
Yes,415.57400000000007,4.107400000000005,4,5
No,326.4360000000001,5.167060000000005,1,2
Yes,177.247,1.736,1,2
Yes,260.334,2.0227,2,4
Yes,374.91200000000015,3.055900000000001,1,4
No,380.8710000000001,5.867800000000005,0,3
Yes,270.354,1.78302,2,3
No,507.1820000000001,-1.629000000000001,7,13
No,428.6130000000003,5.969600000000007,0,4
Yes,267.328,2.8499000000000025,2,3
Yes,238.24300000000002,0.9607999999999993,2,4
Yes,324.4020000000001,2.2098000000000004,2,4
Yes,157.22099999999998,-0.20605999999999913,5,2
Yes,345.43900000000014,2.584220000000001,2,5
Yes,159.229,1.0821,2,2
Yes,426.5600000000003,3.957500000000003,1,3
Yes,334.7780000000001,3.2876000000000025,2,3
Yes,371.2750000000001,2.6804000000000006,1,4
Yes,239.36199999999997,3.7496000000000027,0,1
No,416.6460000000002,5.704700000000008,3,3
Yes,281.23299999999995,4.1472000000000016,2,2
No,785.8910000000003,6.157840000000009,5,12
No,455.4100000000001,7.299200000000004,0,3
Yes,431.55800000000033,2.6606000000000014,1,6
Yes,385.4850000000002,2.9846000000000013,1,5
Yes,249.29500000000004,1.4646000000000001,2,4
Yes,205.30100000000002,2.5996000000000006,0,2
Yes,365.47700000000003,3.3377000000000026,0,4
Yes,401.4380000000002,2.3705000000000007,2,5
Yes,335.4730000000002,2.1975999999999996,1,3
Yes,317.22999999999996,3.8374000000000024,0,2
Yes,291.438,4.709300000000004,0,1
Yes,295.451,4.675700000000004,0,2
Yes,324.39900000000006,3.812980000000003,0,3
Yes,485.94700000000023,4.389900000000002,2,7
Yes,324.3840000000001,3.6598000000000024,1,5
No,606.7820000000003,8.682600000000003,2,3
No,489.9310000000001,5.544200000000004,2,4
Yes,345.8520000000001,1.8951000000000002,2,4
Yes,384.4250000000002,2.6024000000000003,1,7
Yes,340.46300000000014,4.370100000000003,0,3
Yes,396.56800000000015,-0.44049999999999767,1,4
Yes,392.87900000000025,1.9000999999999997,3,5
Yes,302.41400000000004,3.973100000000003,1,3
Yes,118.15599999999998,-0.22280000000000016,1,1
Yes,255.361,3.7246200000000034,1,2
No,454.5190000000002,-0.6360799999999995,2,11
Yes,181.213,-0.5995999999999997,2,3
Yes,337.35100000000006,1.1235999999999997,1,5
No,821.1410000000001,-1.6274999999999986,8,9
Yes,163.198,-0.4945,3,3
Yes,240.374,4.214690000000002,0,4
No,407.57600000000014,5.675500000000006,0,4
Yes,367.814,0.6213000000000004,3,5
Yes,179.197,-0.7838999999999998,3,4
Yes,189.22399999999996,0.15770000000000017,0,1
Yes,207.22899999999998,1.31252,1,3
Yes,363.7970000000001,3.292600000000001,0,6
Yes,325.45200000000006,3.7688000000000033,2,3
Yes,249.313,-0.047499999999999876,2,5
Yes,499.6190000000003,4.509800000000003,2,7
No,546.5870000000002,-1.2991999999999946,3,11
Yes,462.5130000000001,-0.2255999999999989,3,9
No,289.54499999999996,5.144700000000002,1,2
Yes,293.454,4.504900000000004,0,1
Yes,199.16199999999998,-1.0956,2,4
Yes,290.36599999999993,0.2639999999999998,1,4
Yes,362.40700000000004,2.4247000000000005,2,5
Yes,370.8470000000001,1.8410999999999997,3,7
Yes,415.5740000000001,3.146900000000002,4,4
Yes,315.482,4.265700000000003,1,3
Yes,373.45700000000016,2.068,1,7
Yes,307.39,2.571300000000001,1,5
Yes,211.33399999999997,1.5822,2,4
Yes,402.4950000000003,3.1262000000000016,2,6
No,575.6320000000002,-1.3974999999999984,4,13
Yes,321.16300000000007,4.089600000000002,1,2
Yes,308.249,2.2447999999999997,2,6
Yes,381.9070000000002,4.297500000000004,0,3
Yes,440.9500000000002,4.627600000000004,1,2
Yes,259.218,-2.7009,5,7
Yes,238.197,0.7035000000000001,1,3
Yes,177.251,0.9813999999999995,2,1
Yes,322.47700000000015,4.631100000000005,0,3
Yes,350.462,4.148300000000003,0,3
No,477.4240000000002,5.177000000000005,1,5
No,450.53100000000023,5.736100000000006,1,5
Yes,272.392,3.260440000000002,1,2
Yes,328.4370000000002,3.7691000000000026,0,4
Yes,351.368,4.083000000000003,1,3
Yes,268.273,-1.1798000000000006,4,7
Yes,284.443,4.313500000000004,1,1
No,501.47700000000026,2.7025000000000006,1,12
Yes,466.45600000000024,2.630119999999999,3,8
Yes,312.75600000000003,3.8198000000000025,1,2
No,621.9340000000001,4.625400000000002,2,3
Yes,228.251,2.0292,1,2
Yes,311.46900000000005,3.9624000000000033,1,2
Yes,395.56900000000013,2.136099999999999,2,4
No,470.6130000000003,6.331020000000006,2,4
Yes,360.3850000000001,2.3071,2,4
Yes,426.5900000000002,1.5661200000000006,1,6
Yes,144.12599999999998,-0.11140000000000017,0,4
No,346.85400000000004,5.041400000000005,0,3
No,532.5700000000002,4.456020000000003,1,5
Yes,348.446,4.015320000000003,1,3
Yes,395.47800000000007,3.217100000000001,1,4
Yes,381.4510000000002,3.7687000000000026,1,3
No,582.657,4.694500000000003,2,9
Yes,432.60100000000017,4.186400000000005,3,5
Yes,288.39,3.0524000000000013,0,6
Yes,310.784,4.634500000000003,0,2
Yes,218.10099999999997,0.8562999999999998,3,3
Yes,414.3390000000001,4.870000000000003,1,6
Yes,427.4640000000001,-0.539199999999999,3,10
Yes,204.22899999999998,1.2993999999999999,1,2
Yes,231.29499999999993,1.6231,1,3
Yes,214.26799999999994,2.1867000000000005,2,3
Yes,220.31199999999995,3.463300000000002,1,1
Yes,143.23,1.544,1,1
No,563.5770000000005,3.325400000000002,1,4
No,610.7110000000002,4.953000000000005,1,9
No,539.6360000000004,3.6159000000000026,2,7
Yes,195.69299999999998,2.589200000000001,1,1
Yes,183.25099999999998,1.1278,1,2
No,382.5310000000001,5.308240000000004,0,1
Yes,295.8539999999999,4.165200000000003,0,2
Yes,192.25799999999998,2.5122,1,1
Yes,212.249,0.7948999999999999,2,3
Yes,212.249,0.9389999999999998,2,3
No,994.2079999999999,-3.0446000000000133,11,15
No,452.5950000000003,5.219900000000005,2,4
Yes,264.325,1.8921999999999999,1,4
Yes,246.35399999999998,1.7713999999999999,1,2
No,679.7760000000004,-2.4009000000000063,11,10
Yes,288.43500000000006,3.8965400000000026,1,2
Yes,308.42100000000005,3.722800000000003,1,2
Yes,369.5050000000003,4.714500000000005,1,4
Yes,342.855,4.2040200000000025,0,4
Yes,453.45800000000014,-0.5447999999999991,4,10
Yes,433.3460000000002,3.7150000000000025,1,4
Yes,209.31799999999996,1.3119,1,4
No,441.40400000000017,-0.04479999999999945,6,9
Yes,286.33900000000006,1.0922999999999998,3,6
Yes,426.5640000000001,4.126900000000004,1,3
No,357.41900000000004,6.142000000000005,1,1
Yes,348.39900000000017,1.1261000000000003,3,4
Yes,217.22499999999997,-1.8314999999999984,4,4
No,602.6750000000001,7.325500000000007,2,6
No,563.6990000000002,2.1304999999999996,3,6
Yes,281.44300000000004,4.985200000000004,1,1
Yes,373.8840000000002,3.3252000000000024,2,4
Yes,366.4830000000001,2.16852,3,4
Yes,244.38199999999995,3.1451400000000014,1,2
Yes,238.33399999999997,3.2711000000000023,1,2
No,612.6320000000002,3.6271200000000023,5,11
No,576.7270000000004,3.681000000000003,2,9
Yes,299.35200000000003,-0.17602999999999924,4,5
Yes,339.4170000000001,0.6987700000000001,3,5
Yes,420.5130000000002,-1.6030999999999969,5,7
Yes,378.4060000000001,0.4864999999999999,3,5
Yes,349.4120000000001,0.34860000000000113,3,5
No,594.6680000000002,-0.5885999999999969,2,11
Yes,380.4660000000001,1.35302,3,6
Yes,395.4590000000002,2.5509000000000004,1,5
Yes,358.4380000000001,2.574200000000001,1,5
No,527.5260000000003,3.8472000000000035,0,11
Yes,386.44800000000015,2.3760000000000003,4,6
Yes,368.2970000000001,2.0107999999999997,1,7
Yes,339.32900000000006,-0.7982199999999984,2,7
Yes,396.4460000000001,0.5923000000000007,2,7
No,413.5610000000004,5.728700000000006,1,3
Yes,243.16799999999998,3.0454000000000017,0,0
No,355.8690000000001,5.179200000000004,2,4
Yes,412.8770000000002,4.506700000000004,0,5
Yes,131.131,-0.6210000000000004,2,3
No,776.8720000000001,4.5573000000000015,3,4
Yes,389.4560000000002,1.3507000000000002,2,8
Yes,289.356,2.0301,2,3
Yes,492.52800000000013,4.275800000000004,1,8
Yes,145.54500000000002,1.1461999999999997,2,3
No,334.568,6.062700000000007,0,1
Yes,223.279,2.680480000000001,0,2
Yes,349.3930000000001,4.4381800000000045,0,3
Yes,279.38,2.9841200000000017,0,4
Yes,218.25599999999994,1.4735000000000003,1,2
Yes,337.46300000000014,4.499300000000004,2,2
Yes,254.28500000000003,3.4011000000000022,1,2
Yes,116.07199999999999,-0.28819999999999985,2,2
Yes,230.311,3.296400000000002,0,2
No,520.5040000000002,3.395300000000002,4,6
No,535.5230000000003,5.4241000000000055,0,6
Yes,294.745,3.2717000000000027,0,3
Yes,481.5460000000002,2.4017,3,7
Yes,380.50600000000014,4.151600000000004,2,3
Yes,298.363,3.764700000000002,1,3
Yes,218.27299999999997,0.4891000000000001,1,3
No,504.5950000000003,3.8175000000000026,1,7
No,813.9790000000002,2.7674000000000056,3,16
No,412.5290000000003,6.681400000000005,1,2
Yes,352.743,4.086300000000002,0,2
Yes,367.489,3.994200000000003,0,4
No,499.43100000000027,5.012900000000006,1,6
Yes,352.4710000000001,3.251100000000002,3,4
Yes,390.5200000000002,3.583200000000003,3,4
Yes,193.202,1.2721,2,2
Yes,276.42400000000004,3.7524400000000018,1,2
Yes,496.6330000000002,3.8980000000000032,1,7
Yes,419.5250000000001,4.906800000000004,1,5
Yes,303.83299999999997,4.194900000000003,0,2
Yes,339.4350000000001,2.512500000000001,2,4
Yes,182.17,-0.22749999999999942,3,3
No,387.5290000000003,-1.3106299999999969,8,6
No,551.7690000000003,3.2935000000000043,4,7
No,390.38800000000003,0.44689999999999946,6,8
Yes,335.1900000000001,3.1256000000000013,1,3
Yes,279.343,2.8892000000000015,1,2
Yes,283.332,0.7566999999999997,3,7
Yes,465.5280000000002,1.2958000000000012,2,9
Yes,243.39399999999992,4.331900000000004,0,1
Yes,211.26799999999994,1.8038999999999998,1,3
Yes,387.47600000000006,3.7363000000000026,0,6
Yes,289.295,1.1484999999999996,2,6
Yes,383.41100000000006,-0.5557999999999992,3,9
No,511.57100000000014,-0.8697999999999984,3,13
Yes,424.39100000000013,-0.5359999999999987,3,9
No,522.5690000000002,-3.1565999999999956,4,12
No,584.683,0.9987200000000007,4,13
No,554.592,-1.198999999999999,4,14
No,515.5370000000001,-2.489899999999997,2,12
Yes,339.3920000000002,-0.23669999999999924,4,6
Yes,405.44100000000014,2.363600000000001,3,5
Yes,382.5410000000001,4.2553000000000045,3,4
Yes,282.448,3.5158000000000023,0,2
No,713.144,14.571659999999968,0,3
Yes,410.5830000000001,4.976400000000005,1,5
Yes,411.5710000000001,3.491900000000002,1,6
No,565.7960000000002,5.615200000000007,4,7
No,330.5120000000001,6.471200000000007,0,2
No,278.4359999999999,5.660500000000005,1,1
No,572.75,4.734660000000003,2,6
Yes,441.5240000000002,2.5632,1,7
Yes,434.5040000000002,2.466500000000001,2,6
Yes,348.44300000000015,2.1206999999999994,1,5
No,391.5550000000001,5.9694000000000065,0,3
Yes,410.5070000000001,1.5199,3,7
No,509.6400000000003,2.0225000000000004,2,9
No,557.8400000000003,5.965900000000007,0,5
Yes,203.23799999999997,-1.2356999999999976,0,4
Yes,363.4140000000002,1.6963,1,5
Yes,379.5010000000002,2.8907000000000007,3,5
Yes,340.4710000000002,2.931700000000001,2,2
Yes,291.73400000000004,2.8450200000000017,1,2
Yes,327.46800000000013,3.3656000000000015,2,3
Yes,315.3690000000001,1.0481999999999998,1,5
Yes,301.3860000000001,1.7251,1,4
No,403.21200000000016,5.030900000000003,1,4
Yes,315.4170000000001,1.157979999999999,2,4
Yes,146.238,-1.916999999999998,4,4
Yes,220.27599999999998,1.5791099999999996,4,2
Yes,386.48,4.639100000000004,2,4
No,464.83100000000013,5.549700000000003,3,4
Yes,334.379,3.098600000000001,2,4
Yes,290.794,3.4026000000000023,0,3
Yes,280.41200000000003,1.6495999999999993,1,3
Yes,486.43600000000015,4.608100000000005,4,6
No,344.3130000000001,-5.761199999999992,9,11
Yes,236.31500000000003,0.16179999999999972,2,4
Yes,395.3810000000001,3.333000000000001,1,6
Yes,244.272,-0.7488999999999997,2,4
Yes,270.21,2.99948,2,3
No,505.5710000000002,4.2104000000000035,1,8
Yes,216.28400000000002,2.1394,1,3
Yes,398.4980000000001,3.5752000000000024,1,3
Yes,285.77400000000006,4.258500000000003,0,2
Yes,383.4700000000002,0.7314000000000015,2,6
Yes,274.408,3.5064400000000013,1,2
No,666.9100000000002,5.475600000000007,2,4
Yes,435.4810000000003,1.2673,2,10
Yes,317.4290000000001,3.238100000000002,0,4
Yes,475.3620000000003,4.426100000000003,1,5
Yes,446.9100000000004,4.275600000000003,1,7
No,484.6370000000003,5.101680000000005,0,7
Yes,387.48400000000015,0.7168000000000008,1,6
Yes,221.29999999999998,2.7446,1,2
Yes,382.5410000000003,3.9536000000000033,2,5
Yes,215.29299999999995,1.4179,1,4
Yes,238.334,2.8461000000000016,1,2
Yes,270.76300000000003,3.627200000000003,0,2
Yes,253.345,3.238000000000002,0,2
Yes,371.82700000000006,2.2958999999999996,2,6
Yes,441.2320000000002,3.0113000000000003,3,5
Yes,420.8530000000001,1.487899999999999,0,6
Yes,242.23499999999993,0.09200000000000008,0,6
Yes,304.32500000000005,2.9834000000000005,3,5
Yes,427.52600000000024,4.106600000000004,1,6
No,506.6050000000003,4.936920000000004,1,7
No,645.6800000000003,-1.1119999999999965,4,12
Yes,450.9300000000002,4.111320000000004,0,6
Yes,417.5060000000003,1.5955,2,6
Yes,405.45100000000025,0.8762000000000008,2,6
Yes,211.17700000000002,0.01969999999999983,1,5
Yes,295.33799999999997,3.425200000000002,1,2
Yes,267.245,-1.9800000000000006,4,8
Yes,347.224,-1.8630000000000009,5,9
Yes,135.13,-0.11330000000000012,2,4
Yes,256.096,2.0098,2,5
No,466.41000000000014,-2.8756999999999975,5,12
Yes,460.5080000000002,2.4342000000000006,1,7
Yes,313.39700000000005,3.1938000000000004,1,4
No,491.6260000000002,5.750040000000006,1,3
Yes,227.735,2.7615000000000007,2,2
Yes,292.37899999999996,1.6990999999999998,3,4
No,500.43200000000013,8.644300000000001,1,2
Yes,246.30999999999995,1.8107,2,3
Yes,327.12300000000005,3.859500000000001,2,4
Yes,185.22600000000003,2.1459200000000003,0,1
No,570.7670000000003,6.828300000000008,2,5
Yes,261.70799999999997,4.090220000000002,2,2
Yes,432.5030000000002,3.412200000000002,1,5
Yes,387.91100000000006,3.783100000000003,2,4
Yes,278.355,3.9528200000000027,0,2
No,473.40700000000015,7.489800000000005,1,3
Yes,293.725,4.158220000000002,2,2
No,572.559,5.707400000000006,1,7
Yes,474.5500000000003,2.2193000000000005,3,7
Yes,406.4210000000001,2.8006800000000016,1,6
Yes,380.5250000000002,3.8872000000000027,3,4
Yes,453.8790000000002,2.6878199999999994,2,6
Yes,356.51,3.6226000000000025,4,4
Yes,420.3220000000002,4.5347000000000035,1,3
Yes,180.25099999999998,1.1507999999999994,1,3
Yes,158.15699999999995,-1.9350999999999996,2,3
Yes,303.35800000000006,1.8677,0,5
Yes,393.46800000000013,4.511700000000003,2,5
No,468.59000000000026,6.201000000000005,2,4
Yes,308.42199999999997,2.946300000000001,1,5
Yes,354.47200000000015,1.7028999999999999,1,5
Yes,369.4870000000002,1.2851000000000006,2,6
Yes,354.4700000000001,3.0946000000000016,1,3
Yes,343.21700000000004,4.233520000000002,0,3
Yes,290.363,2.0436999999999994,4,4
No,346.38000000000005,5.001500000000004,0,1
Yes,392.5800000000002,4.477900000000004,3,3
Yes,392.5800000000002,4.477900000000004,3,3
Yes,291.69,3.4800000000000013,3,3
No,518.0610000000005,6.085800000000006,2,7
No,416.1350000000001,6.454800000000002,0,2
Yes,325.84299999999996,4.333800000000003,0,2
Yes,352.45400000000006,2.7045000000000012,1,3
Yes,298.34600000000006,1.5274999999999999,0,6
Yes,313.335,0.04210000000000047,1,7
Yes,468.54400000000027,4.897800000000005,0,5
Yes,452.41300000000024,4.747020000000004,2,5
Yes,405.45500000000015,0.33119999999999994,2,7
Yes,436.96100000000007,4.192600000000003,2,4
Yes,406.5040000000001,1.7052999999999994,2,5
Yes,163.198,-0.49450000000000044,3,3
Yes,339.34700000000004,3.6529000000000025,1,5
Yes,398.48200000000014,3.3349400000000013,3,3
No,537.5760000000002,4.639200000000005,2,2
Yes,270.76,2.4208,1,4
Yes,429.5570000000002,4.6025000000000045,0,6
No,563.6250000000002,0.7549999999999994,5,11
Yes,427.4600000000002,0.09859999999999991,3,8
Yes,379.50400000000013,3.858220000000003,1,4
Yes,376.4160000000001,2.3452,2,5
Yes,160.22000000000003,1.2308,1,2
Yes,248.198,1.9971199999999998,0,5
Yes,465.56800000000015,1.7409999999999992,3,7
Yes,328.454,1.6692999999999998,2,4
Yes,344.49500000000006,3.9403000000000032,1,3
No,460.42700000000013,5.216600000000003,1,4
Yes,361.48500000000007,4.964200000000005,1,2
Yes,341.4950000000002,4.954200000000005,1,2
No,367.53300000000024,5.344300000000006,1,2
Yes,351.38100000000003,4.176400000000004,0,4
Yes,349.365,4.086100000000003,0,4
Yes,337.35400000000004,3.7863000000000024,0,4
No,331.35,5.286300000000004,1,4
No,331.35,5.286300000000003,1,4
Yes,323.32700000000006,3.1153000000000013,0,4
Yes,351.3810000000001,3.895500000000003,0,4
Yes,363.39200000000005,3.895500000000003,0,4
Yes,311.31600000000003,2.848200000000001,1,4
No,410.5980000000001,6.758000000000009,3,3
Yes,369.3710000000001,4.315500000000004,0,4
Yes,369.3710000000001,4.315500000000004,0,4
Yes,369.3710000000001,4.315500000000004,0,4
Yes,365.4080000000001,4.100200000000004,0,4
Yes,383.39800000000014,4.239300000000004,0,4
Yes,383.39800000000014,4.239300000000004,0,4
Yes,383.39800000000014,4.239300000000004,0,4
Yes,385.82600000000014,4.829800000000003,0,4
Yes,352.369,3.5714000000000024,0,5
Yes,370.3590000000001,3.7105000000000024,0,5
Yes,387.3610000000001,4.454600000000004,0,4
Yes,403.8160000000002,4.968900000000003,0,4
Yes,383.3980000000001,4.623920000000004,0,4
Yes,399.3970000000001,4.324100000000003,0,5
No,437.3680000000002,5.3343000000000025,0,4
No,419.4310000000002,5.468700000000004,0,4
Yes,408.40800000000024,4.796800000000004,1,4
Yes,409.39600000000024,4.191800000000002,1,5
Yes,409.39600000000024,4.191800000000002,1,5
Yes,409.39600000000024,4.191800000000002,1,5
Yes,391.40600000000023,4.052700000000002,1,5
Yes,425.8510000000002,4.706100000000003,1,5
Yes,405.43300000000016,4.361120000000003,1,5
Yes,421.4320000000002,4.061300000000003,1,6
No,459.40300000000025,5.071500000000003,1,5
Yes,475.40200000000027,4.9513000000000025,1,6
Yes,433.44300000000015,4.255300000000003,1,6
Yes,409.39600000000024,4.191800000000002,1,5
Yes,409.39600000000024,4.191800000000002,1,5
Yes,427.38600000000025,4.330900000000002,1,5
Yes,427.38600000000025,4.330900000000002,1,5
Yes,427.38600000000025,4.330900000000002,1,5
Yes,329.33500000000015,2.4779,1,5
No,552.4330000000003,6.632100000000006,1,3
No,552.4330000000002,6.632100000000006,1,3
No,552.4330000000002,6.632100000000006,1,3
No,586.4050000000004,6.459800000000004,2,5
No,602.4040000000005,6.3396000000000035,2,6
No,568.4320000000002,6.295900000000005,1,4
No,618.4390000000002,7.1756000000000055,1,4
No,602.8770000000002,6.949300000000005,1,4
No,586.4220000000001,6.435000000000006,1,4
No,634.438,7.055400000000006,1,5
No,584.8870000000002,6.810200000000005,1,4
No,584.8870000000002,6.810200000000005,1,4
No,586.4220000000001,6.435000000000006,1,4
No,568.4320000000002,6.295900000000005,1,4
No,586.4220000000001,6.435000000000006,1,4
No,618.4390000000002,7.1756000000000055,1,4
No,575.4520000000001,6.028480000000005,1,5
No,536.3980000000003,5.580100000000004,2,5
No,570.8430000000002,6.233500000000004,2,5
No,597.3040000000003,6.2035000000000045,2,5
No,576.4630000000002,6.1089000000000055,1,5
No,608.9170000000001,6.287000000000005,1,6
No,658.4680000000003,6.532200000000004,1,7
No,610.4520000000002,5.911800000000005,1,6
No,610.4520000000002,5.911800000000004,1,6
No,608.9170000000001,6.287000000000005,1,6
No,610.4520000000002,5.911800000000004,1,6
No,642.4690000000003,6.6524000000000045,1,6
No,592.4620000000002,5.772700000000005,1,6
No,592.4620000000002,5.772700000000005,1,6
Yes,365.52100000000013,4.482800000000005,0,3
Yes,442.52300000000025,2.9263200000000014,2,4
Yes,462.9410000000002,3.271300000000001,2,4
Yes,271.276,1.2647000000000002,3,4
Yes,285.303,1.4518999999999997,4,4
Yes,340.3790000000001,1.0677999999999992,3,4
Yes,340.3790000000001,1.6665999999999999,3,4
Yes,367.4050000000001,1.9218999999999993,5,4
Yes,381.3880000000001,2.0141999999999993,5,4
Yes,344.3670000000001,1.1461999999999992,5,5
Yes,325.389,3.264520000000002,0,3
Yes,339.41600000000005,3.5729400000000027,0,3
Yes,359.83400000000006,3.917920000000003,0,3
Yes,255.361,4.2177200000000035,0,1
Yes,309.79600000000005,4.729220000000004,0,1
Yes,285.73,4.0138000000000025,0,2
Yes,319.788,3.7158000000000033,0,3
Yes,277.751,3.145000000000002,1,2
Yes,288.36600000000004,3.595500000000002,1,1
Yes,308.356,3.605500000000003,1,1
Yes,308.35600000000005,4.236220000000003,1,1
No,353.8930000000002,5.588900000000004,0,1
Yes,291.73400000000004,2.9356000000000018,0,3
Yes,353.80500000000006,4.346100000000003,0,3
Yes,353.80500000000006,4.346100000000003,0,3
Yes,311.76800000000003,4.126400000000003,1,2
Yes,311.76800000000003,4.126400000000004,1,2
No,381.8590000000001,5.009700000000004,0,3
Yes,322.38300000000004,3.9139200000000027,1,1
Yes,324.355,3.3111000000000015,2,2
No,344.389,5.081000000000003,1,1
Yes,324.355,3.3111000000000015,2,2
Yes,324.355,3.4201000000000024,2,2
Yes,352.45300000000003,4.374100000000004,1,1
Yes,356.425,4.7264000000000035,1,2
No,370.42700000000013,5.594800000000004,1,1
Yes,323.37100000000004,3.187700000000002,2,2
Yes,314.38500000000005,2.761400000000001,1,3
Yes,319.788,3.7158000000000033,0,3
Yes,318.8040000000001,3.288800000000002,1,2
Yes,291.73400000000004,3.237300000000002,1,2
Yes,305.7610000000001,3.325700000000002,0,3
Yes,304.78100000000006,2.2456699999999996,3,2
Yes,311.425,4.3845000000000045,2,2
No,383.53200000000015,5.434500000000006,3,3
No,397.55900000000014,5.695200000000006,3,3
No,411.5860000000002,6.037400000000007,2,3
No,399.5750000000002,5.9412000000000065,3,3
Yes,357.4940000000001,4.945400000000005,3,3
No,371.5210000000001,5.2061000000000055,3,3
No,385.5480000000001,5.5483000000000064,2,3
No,397.55900000000014,5.738700000000006,3,3
Yes,258.361,4.422220000000005,2,2
No,286.415,5.237200000000006,2,2
Yes,270.3719999999999,4.756800000000004,2,2
Yes,284.399,4.991200000000005,2,2
No,321.42,5.175800000000006,2,3
Yes,282.383,4.485200000000005,2,2
No,328.45200000000006,5.486700000000006,2,3
Yes,320.364,2.6839000000000004,1,3
Yes,334.391,3.072400000000001,1,3
Yes,362.445,3.7085000000000026,1,3
Yes,350.39,2.044799999999999,2,4
Yes,350.39,2.044799999999999,2,4
Yes,364.417,2.4333000000000005,2,4
Yes,364.417,2.4333000000000005,2,4
Yes,360.42900000000003,3.5587000000000026,0,3
Yes,360.42900000000003,3.5587000000000026,0,3
Yes,376.4720000000001,4.098600000000003,1,3
Yes,376.4720000000001,4.098600000000003,1,3
Yes,376.47200000000004,4.098600000000004,1,3
Yes,376.47200000000004,4.098600000000004,1,3
Yes,376.47200000000004,4.098600000000003,1,3
Yes,410.48900000000026,4.295200000000003,1,3
Yes,410.48900000000026,4.295200000000003,1,3
Yes,426.4880000000003,4.000800000000003,2,4
Yes,426.4880000000003,4.000800000000003,2,4
Yes,449.5260000000003,4.776500000000004,2,3
Yes,449.5260000000003,4.776500000000004,2,3
Yes,391.48700000000014,3.1815000000000007,2,4
Yes,394.51200000000017,3.8056000000000028,1,4
Yes,394.51200000000017,3.8056000000000028,1,4
Yes,391.44300000000015,2.3179999999999996,2,4
Yes,362.445,3.7085000000000026,1,3
Yes,376.47200000000004,4.098600000000003,1,3
Yes,409.5150000000001,3.520220000000001,2,6
No,469.5840000000004,5.211000000000004,0,6
Yes,383.4290000000002,2.5280000000000005,1,5
Yes,440.31900000000013,2.757320000000001,1,4
Yes,380.4480000000002,2.738100000000001,1,4
No,569.4360000000004,6.021500000000004,1,4
Yes,405.8800000000001,4.670900000000004,0,4
Yes,405.8800000000001,4.670900000000004,0,4
Yes,385.4620000000001,4.3259200000000035,0,4
Yes,423.8700000000001,4.810000000000004,0,4
No,439.4320000000001,5.036300000000004,0,4
Yes,406.86800000000005,4.065900000000004,0,5
Yes,377.3990000000001,2.708920000000001,0,7
Yes,377.48300000000023,4.5495000000000045,0,4
Yes,309.36400000000003,2.9891000000000014,0,4
Yes,323.391,3.3792000000000026,0,4
Yes,377.3990000000001,2.708920000000001,0,7
Yes,351.4010000000001,2.930600000000001,0,5
Yes,385.4620000000001,4.2119000000000035,0,4
Yes,377.40300000000013,1.5409999999999993,0,7
Yes,339.39000000000004,2.6156000000000006,0,5
Yes,377.3990000000001,2.708920000000001,0,7
Yes,433.8900000000001,4.505500000000004,0,5
Yes,449.52700000000016,3.421000000000002,0,6
Yes,377.36100000000005,3.9216000000000033,0,4
Yes,401.4610000000001,4.026100000000003,0,5
Yes,406.86800000000005,4.065900000000004,0,5
Yes,385.8990000000001,3.3965000000000023,1,5
Yes,386.4500000000001,3.606900000000003,0,5
Yes,400.4330000000001,3.2471000000000023,0,6
Yes,385.8990000000001,3.3965000000000023,1,5
Yes,385.8990000000001,3.3965000000000023,1,5
Yes,385.4400000000001,1.9387,0,6
Yes,419.4510000000001,3.7619000000000034,1,5
Yes,357.4180000000001,1.43452,1,8
Yes,357.4220000000001,0.26659999999999884,1,8
Yes,381.48000000000013,2.7517000000000005,1,6
Yes,386.88700000000006,2.791500000000001,1,6
Yes,386.88700000000006,2.791500000000001,1,6
Yes,429.54600000000016,2.1466000000000003,1,7
Yes,289.38300000000004,1.7147,1,5
Yes,303.41,2.1048,1,5
Yes,319.40900000000005,1.3411999999999997,1,6
Yes,365.4810000000001,2.937500000000001,1,5
Yes,365.48100000000017,3.051520000000002,1,5
Yes,357.50200000000024,3.275100000000002,1,5
Yes,429.39700000000005,3.759400000000003,1,5
Yes,403.8890000000001,3.5356000000000023,1,5
Yes,357.4180000000001,1.4345199999999996,1,8
Yes,409.41600000000005,2.4850000000000003,2,6
Yes,357.38000000000005,2.6472000000000007,1,5
Yes,331.4200000000002,1.6561999999999997,1,6
Yes,413.9090000000001,3.2311000000000023,1,6
Yes,426.9520000000001,3.540300000000002,1,5
Yes,426.9520000000001,3.540300000000002,1,5
Yes,426.9520000000001,3.540300000000002,1,5
Yes,460.50400000000013,3.905700000000003,1,5
Yes,470.5990000000002,2.2904,1,7
Yes,427.94000000000017,2.9353000000000016,1,6
Yes,427.94000000000017,2.9353000000000007,1,6
Yes,398.4710000000002,1.5783199999999995,1,8
Yes,411.9370000000001,4.052200000000004,0,5
Yes,411.9370000000001,4.052200000000004,0,5
Yes,411.9370000000001,4.052200000000004,0,5
Yes,445.4890000000001,4.417600000000005,0,5
Yes,455.5840000000002,2.8023000000000016,0,7
Yes,412.92500000000007,3.4472000000000023,0,6
Yes,383.4560000000002,2.09022,0,8
Yes,345.44700000000006,1.9969,0,6
Yes,399.92600000000016,3.7866000000000026,1,5
Yes,399.92600000000016,3.7866000000000026,1,5
Yes,399.92600000000016,3.7866000000000026,1,5
Yes,433.4780000000002,4.152000000000004,1,5
Yes,400.9140000000002,3.1816000000000013,1,6
Yes,400.9140000000002,3.1816000000000013,1,6
Yes,371.44500000000016,1.8246199999999997,1,8
Yes,333.43600000000004,1.7312999999999996,1,6
Yes,441.8600000000001,4.916100000000004,0,4
Yes,441.8600000000001,4.916100000000004,0,4
Yes,443.57300000000026,2.5367000000000006,1,7
Yes,450.4690000000001,2.6288,2,6
Yes,435.45400000000006,3.1407000000000016,1,6
Yes,450.4690000000001,2.6288,2,6
Yes,435.45400000000006,3.1407000000000007,1,6
Yes,413.3790000000002,2.9541200000000014,0,7
Yes,413.3790000000002,2.9541200000000014,0,7
Yes,413.38300000000015,1.7861999999999987,0,7
Yes,413.37900000000013,2.9541200000000014,0,7
Yes,375.3700000000001,2.860800000000001,0,5
Yes,423.44300000000015,2.8751000000000007,2,6
Yes,423.44300000000015,2.8751000000000007,2,6
Yes,419.4510000000001,3.7619000000000034,1,5
Yes,385.8990000000001,3.3965000000000023,1,5
Yes,385.8990000000001,3.3965000000000023,1,5
Yes,383.41800000000006,3.302900000000002,0,5
Yes,429.54600000000016,2.1466000000000003,1,7
Yes,386.88700000000006,2.791500000000001,1,6
Yes,386.88700000000006,2.791500000000001,1,6
Yes,413.34100000000007,4.166800000000004,0,4
Yes,319.40900000000005,1.3411999999999997,1,6
Yes,357.4220000000001,0.26659999999999884,1,8
Yes,357.4180000000001,1.4345199999999996,1,8
Yes,385.8990000000001,3.3965000000000023,1,5
Yes,409.41600000000005,2.4850000000000003,2,6
Yes,357.38000000000005,2.6472000000000007,1,5
Yes,409.41600000000005,2.4849999999999994,2,6
Yes,357.4180000000001,1.43452,1,8
Yes,371.40700000000015,3.037300000000002,1,5
Yes,398.4330000000001,2.7910000000000013,1,5
Yes,412.92500000000007,3.4472000000000023,0,6
No,475.4120000000001,5.281500000000004,0,4
Yes,485.5070000000002,3.6662000000000026,0,6
Yes,420.8950000000001,4.583800000000004,1,5
Yes,454.44700000000006,4.949200000000005,1,5
Yes,392.4140000000001,2.6218200000000005,1,8
Yes,392.37600000000003,3.834500000000003,1,5
Yes,392.4140000000001,2.6218200000000005,1,8
Yes,421.88300000000004,3.9788000000000032,1,6
Yes,392.4180000000001,1.4538999999999993,1,8
Yes,464.54200000000014,3.3339000000000016,1,7
Yes,392.4140000000001,2.6218200000000005,1,8
Yes,400.9140000000001,3.309400000000002,2,6
Yes,434.4660000000001,3.674800000000003,2,6
Yes,401.90200000000016,2.7044000000000006,2,7
Yes,372.4330000000001,1.3474199999999996,2,9
Yes,414.94100000000014,3.6995000000000022,2,6
Yes,448.49300000000017,4.064900000000003,2,6
Yes,424.4310000000001,2.3979,3,7
Yes,386.46000000000015,1.7375199999999997,2,9
Yes,435.90600000000006,4.798300000000005,0,5
No,469.4580000000001,5.163700000000005,0,5
Yes,479.55300000000017,3.5484000000000027,0,7
Yes,407.4250000000002,2.8363200000000006,0,8
Yes,407.4250000000002,2.8363200000000006,0,8
Yes,407.4290000000002,1.668399999999999,0,8
Yes,372.3950000000001,2.5601000000000003,2,6
Yes,429.9520000000001,3.9140000000000033,1,6
Yes,463.5040000000001,4.279400000000004,1,6
Yes,473.59900000000016,2.6641000000000012,1,8
Yes,430.94000000000005,3.309000000000002,1,7
Yes,401.47100000000023,1.9520199999999994,1,9
Yes,438.45800000000014,2.788000000000001,3,7
Yes,446.4770000000001,3.940400000000003,1,6
Yes,412.92500000000007,3.575000000000002,1,6
Yes,383.46000000000015,1.0644999999999993,1,8
Yes,405.4490000000002,4.498720000000004,0,6
Yes,384.4440000000001,1.6130199999999995,1,9
Yes,384.40600000000006,2.825700000000001,1,6
Yes,427.93600000000004,3.789500000000003,0,6
Yes,370.4610000000001,1.6153199999999996,0,8
Yes,371.4450000000001,1.8246200000000001,1,8
Yes,397.4870000000002,1.4545999999999992,1,8
Yes,392.4710000000002,1.9858799999999994,0,8
Yes,366.4290000000001,2.3559,0,8
Yes,369.42900000000014,1.7001199999999999,0,8
Yes,359.4590000000001,2.37422,0,8
Yes,311.33599999999996,2.6232000000000006,1,5
Yes,414.4700000000002,1.9182199999999991,1,10
Yes,428.49700000000024,2.30832,1,10
Yes,349.77200000000016,3.373400000000002,0,4
Yes,385.47600000000017,1.3104999999999998,1,8
Yes,403.44100000000014,2.3389000000000006,0,7
Yes,400.9140000000001,3.1816000000000013,1,6
Yes,385.47600000000017,1.1395999999999993,1,8
Yes,416.9130000000001,2.1524,2,7
Yes,392.841,3.6758000000000024,0,5
Yes,388.9280000000001,3.731200000000003,0,6
Yes,446.96400000000006,2.4553000000000003,0,7
Yes,395.89800000000014,3.712880000000003,0,6
Yes,397.4870000000002,1.1395999999999993,1,8
Yes,454.8840000000001,3.724000000000003,1,6
Yes,399.50300000000016,1.4845999999999995,1,8
Yes,440.8570000000001,3.3339000000000016,1,6
Yes,432.90600000000006,4.456000000000004,0,5
Yes,386.88700000000017,2.791500000000001,1,6
Yes,401.4610000000002,4.026100000000003,0,5
Yes,371.43500000000006,4.017500000000004,0,4
Yes,385.8990000000001,3.3965000000000023,1,5
Yes,405.8800000000001,4.670900000000004,0,4
Yes,344.846,4.224200000000004,0,4
Yes,423.8700000000001,4.810000000000004,0,4
No,439.4320000000001,5.036300000000004,0,4
Yes,385.4620000000001,4.2119000000000035,0,4
Yes,377.39900000000017,2.708920000000001,0,7
Yes,449.52700000000016,3.421000000000002,0,6
Yes,386.4500000000001,3.606900000000002,0,5
Yes,406.86800000000005,4.065900000000004,0,5
Yes,385.4400000000001,1.9386999999999999,0,6
Yes,351.4010000000001,2.930600000000001,0,5
Yes,377.40300000000013,1.5409999999999993,0,7
Yes,403.44100000000014,2.3388999999999998,0,7
Yes,390.4420000000001,2.4544200000000007,0,6
Yes,370.43600000000015,2.28242,0,6
Yes,356.4090000000001,1.974,0,6
Yes,400.4330000000001,3.2471000000000023,0,6
Yes,400.4330000000001,3.2471000000000023,0,6
Yes,381.48000000000013,2.7517000000000005,1,6
Yes,384.4300000000002,4.211000000000004,0,4
Yes,357.4180000000001,1.43452,1,8
No,453.50700000000023,2.35044,0,11
Yes,360.36800000000017,2.8938200000000016,0,6
Yes,360.36800000000017,2.8938200000000016,0,6
Yes,419.4510000000001,3.7619000000000034,1,5
Yes,429.54600000000016,2.1466000000000003,1,7
Yes,357.42200000000014,0.26659999999999884,1,8
Yes,386.88700000000006,2.791500000000001,1,6
Yes,383.46000000000015,1.0644999999999993,1,8
Yes,433.4780000000001,4.152000000000004,1,5
Yes,447.5050000000001,4.806100000000005,0,5
Yes,385.47200000000015,2.47872,0,8
Yes,417.7690000000002,4.392200000000002,0,4
No,469.4580000000001,5.163700000000005,0,5
Yes,301.39000000000004,2.7673000000000014,0,4
Yes,352.38500000000016,2.3452,0,5
Yes,398.4540000000002,2.6078,0,6
Yes,382.41100000000023,1.9716999999999996,0,6
Yes,352.38500000000016,2.3452,0,5
Yes,366.3680000000001,1.3339999999999999,0,6
Yes,354.4010000000001,2.5912000000000006,0,5
Yes,374.3380000000001,2.2019,0,5
Yes,354.40100000000007,2.5912000000000006,0,5
Yes,380.3950000000002,1.7257,0,6
Yes,426.46400000000034,2.5245000000000006,0,7
Yes,384.4270000000002,2.2177,0,6
Yes,382.4110000000002,1.9717,0,6
Yes,333.43200000000013,2.639800000000001,0,5
Yes,315.4170000000001,3.1574000000000018,0,4
Yes,345.39900000000017,1.9203999999999997,0,6
Yes,329.40000000000015,2.1478,0,5
Yes,366.3680000000002,1.4778999999999998,1,5
Yes,417.3630000000002,1.0557999999999998,1,6
Yes,397.4260000000002,0.4707999999999995,1,7
Yes,366.4120000000002,2.7353000000000014,0,5
Yes,396.39400000000023,1.4983000000000002,0,7
Yes,368.34000000000015,0.7196999999999998,0,7
Yes,425.5050000000002,2.2142999999999997,0,6
Yes,359.4260000000002,2.3105,0,6
Yes,359.323,2.869200000000001,0,4
Yes,396.3940000000003,1.4982999999999997,0,7
Yes,380.3950000000002,1.5832,0,6
Yes,410.4210000000003,1.8883999999999999,0,7
Yes,410.31800000000004,2.4471000000000007,0,5
Yes,382.333,2.743500000000001,0,5
Yes,394.3440000000001,2.8876000000000017,0,5
Yes,395.41000000000025,1.2006999999999992,1,6
Yes,358.4420000000002,1.8687999999999996,1,5
Yes,409.43700000000024,1.4466999999999997,1,6
Yes,413.4500000000002,0.7635999999999996,1,7
Yes,407.4210000000002,1.2006999999999992,1,6
Yes,411.4090000000003,0.1715000000000002,2,7
Yes,427.3050000000001,0.9109000000000003,1,6
Yes,374.43700000000024,2.1997999999999998,1,6
Yes,467.5570000000003,4.2020000000000035,1,6
Yes,459.4930000000003,3.7500000000000027,1,6
Yes,411.4490000000002,2.787300000000001,1,6
Yes,396.4380000000002,1.9701999999999988,2,5
Yes,438.5190000000003,3.140500000000001,2,5
Yes,472.53600000000034,3.1930000000000014,2,5
Yes,359.4700000000002,2.9118000000000013,2,4
Yes,411.44900000000024,2.8024000000000004,2,5
Yes,357.45400000000024,2.5217,2,4
Yes,345.44300000000015,2.377600000000001,2,4
Yes,345.44300000000015,2.377600000000001,2,4
Yes,357.45400000000024,2.5217,2,4
Yes,385.50800000000027,3.3019000000000007,2,4
Yes,396.4380000000002,1.9554999999999998,2,5
Yes,408.44900000000024,2.099599999999999,2,5
Yes,408.44900000000024,2.099599999999999,2,5
Yes,388.50800000000027,3.845500000000003,1,5
Yes,345.39900000000017,1.121999999999999,2,5
Yes,359.4700000000002,2.7677000000000005,2,4
Yes,359.4700000000002,2.7677000000000005,2,4
Yes,396.39400000000023,0.6998999999999993,2,6
Yes,343.42700000000013,2.131599999999999,2,4
Yes,359.4700000000002,2.7677000000000005,2,4
Yes,387.48000000000025,2.148199999999999,2,5
Yes,371.35900000000004,2.2839,2,4
Yes,387.35800000000006,1.6627999999999998,2,5
Yes,359.4700000000002,2.7677000000000005,2,4
Yes,395.4810000000002,0.7629000000000006,2,6
Yes,410.4210000000003,0.9605999999999992,2,6
Yes,359.4260000000002,1.3826999999999992,2,5
Yes,387.35800000000023,1.5240999999999998,2,5
Yes,373.4530000000002,1.7248999999999997,1,5
Yes,424.4480000000003,1.3027999999999993,1,6
Yes,401.3850000000003,1.8663,1,5
Yes,413.9050000000001,3.747700000000002,2,4
Yes,404.28600000000006,0.7343000000000001,2,5
Yes,487.59700000000043,3.810400000000003,1,7
Yes,389.33000000000027,1.1431999999999993,2,6
Yes,339.77900000000005,0.8979999999999997,2,5
Yes,382.41100000000023,1.7094999999999998,2,5
Yes,423.3380000000001,1.9095999999999997,2,5
Yes,438.4310000000003,0.8772999999999991,2,7
Yes,473.49800000000033,1.1759,1,8
Yes,439.4590000000004,2.1677999999999997,1,7
Yes,438.47500000000036,1.726099999999999,2,6
Yes,423.42000000000024,0.18959999999999938,3,6
Yes,422.35400000000016,1.8617999999999995,2,5
Yes,445.4440000000003,0.6973999999999998,2,7
Yes,425.43200000000036,2.0793999999999997,2,6
Yes,424.4480000000003,1.480099999999999,2,6
Yes,444.46000000000026,0.09809999999999941,2,7
Yes,440.5160000000003,2.196699999999999,2,6
Yes,472.51400000000035,0.878299999999999,2,7
Yes,373.4530000000002,1.7580999999999989,2,5
Yes,395.4100000000002,0.27289999999999975,3,6
Yes,410.49300000000017,2.4162999999999997,3,4
Yes,424.4480000000003,1.3359999999999992,2,6
Yes,409.43300000000033,2.5413000000000006,1,6
Yes,395.4060000000003,2.4528999999999996,2,5
Yes,394.42200000000025,1.853599999999999,2,5
Yes,409.4330000000003,2.3988000000000005,1,6
Yes,452.5300000000003,2.6752000000000002,2,4
Yes,437.44700000000034,0.5318000000000005,2,6
No,516.5730000000002,3.6853000000000025,2,5
Yes,411.54900000000015,1.4795000000000005,2,6
Yes,431.48900000000015,1.4612999999999994,2,5
Yes,393.4650000000002,0.5201999999999993,2,6
Yes,465.4500000000004,0.6781999999999997,2,7
Yes,411.84200000000016,1.3135,2,5
Yes,423.49100000000027,0.28919999999999946,2,7
Yes,410.4210000000003,1.0899999999999992,2,6
No,543.5710000000004,2.7122,2,7
Yes,409.43700000000024,0.6629999999999996,3,6
Yes,423.4640000000003,1.0530999999999993,3,6
Yes,372.4690000000002,1.4751999999999987,3,5
Yes,399.42200000000014,2.6547,2,5
Yes,359.4260000000002,1.512099999999999,2,5
Yes,377.4160000000002,1.5932999999999993,2,5
Yes,375.42500000000024,0.6160999999999988,3,6
Yes,412.4620000000002,1.4164999999999994,2,6
Yes,423.49100000000027,0.014299999999999313,3,7
Yes,379.3880000000002,0.4395999999999993,2,6
Yes,377.3970000000002,-0.5376000000000003,3,7
Yes,391.4930000000002,1.3326999999999989,3,6
Yes,361.46700000000016,1.8385999999999991,2,5
Yes,389.3990000000002,1.9799999999999995,2,5
Yes,395.4560000000002,1.1561999999999995,2,6
Yes,376.41500000000013,2.146,0,6
No,626.4880000000002,4.980200000000004,1,5
No,641.4990000000003,5.667900000000005,0,6
No,586.5409999999999,6.1222000000000065,1,5
No,558.487,5.643700000000005,2,4
No,515.4660000000001,5.432800000000004,2,3
No,634.5849999999999,7.404800000000006,1,5
No,557.5029999999999,5.044400000000005,2,4
No,620.558,7.316400000000005,2,4
No,619.574,6.717100000000006,2,4
No,701.4980000000002,6.192600000000004,0,6
No,717.5970000000001,7.329800000000007,0,6
No,634.5849999999999,7.404800000000006,1,5
No,644.5459999999999,8.637,1,3
No,644.5459999999999,8.637,1,3
No,620.5579999999999,7.316400000000005,2,4
No,568.4480000000004,7.078900000000005,1,3
No,651.5630000000001,7.998000000000006,0,5
No,665.5900000000003,8.306420000000005,0,5
No,536.503,8.164400000000006,1,3
No,619.574,6.717100000000005,2,4
No,522.4320000000002,6.230600000000005,2,3
No,613.489,5.487200000000004,1,5
No,535.475,6.021400000000004,2,3
No,611.4730000000002,6.155000000000006,0,5
No,703.5700000000002,7.241400000000006,1,5
No,712.5430000000001,9.560299999999996,0,3
No,678.9910000000001,9.194899999999999,0,3
No,678.9910000000001,9.194899999999999,0,3
No,728.5420000000001,9.440099999999997,0,4
No,646.0810000000001,8.166300000000005,0,3
No,536.4590000000001,6.319000000000005,1,4
No,671.5250000000001,5.596100000000005,1,6
No,582.4749999999999,7.121400000000005,1,3
No,540.516,6.721500000000005,1,3
No,702.5860000000001,6.6421000000000054,1,5
No,546.42,7.708300000000006,1,2
No,712.5430000000001,9.560299999999996,0,3
No,713.4360000000001,9.848299999999993,0,3
No,644.5459999999999,8.637,1,3
No,634.5849999999999,7.404800000000006,1,5
No,620.558,7.316400000000005,2,4
No,634.5850000000003,7.326800000000006,1,4
No,634.5850000000003,7.326800000000007,1,4
No,633.6010000000002,6.727500000000006,1,4
No,619.574,6.717100000000006,2,4
No,559.6100000000002,5.789300000000005,1,5
No,664.6110000000001,6.782100000000006,2,5
No,663.6270000000001,6.182800000000006,2,5
No,663.6270000000001,6.1828000000000065,2,5
No,663.6270000000001,6.1828000000000065,2,5
No,663.6270000000001,6.182800000000006,2,5
No,626.4840000000003,6.636900000000005,1,4
No,551.518,7.861300000000006,2,4
No,654.5380000000001,7.115400000000006,0,5
No,580.5559999999999,7.630100000000008,1,4
No,583.4630000000003,6.775800000000005,2,4
No,557.547,6.664400000000006,2,4
No,612.5010000000001,6.544600000000006,1,4
No,664.6110000000001,6.782100000000007,2,5
No,550.458,6.781700000000006,1,3
No,663.6270000000001,6.1828000000000065,2,5
No,616.567,5.499500000000006,2,5
No,598.552,6.452000000000006,1,4
No,660.623,8.124700000000006,1,4
No,660.623,8.124700000000006,1,4
No,660.623,8.124700000000006,1,4
No,561.5129999999999,6.439600000000006,1,3
No,534.4870000000001,6.556500000000005,1,3
No,575.54,6.829700000000006,1,3
No,659.639,7.525400000000006,1,4
No,659.639,7.5254000000000065,1,4
No,659.639,7.5254000000000065,1,4
No,623.5840000000001,7.976900000000008,1,3
No,624.5680000000001,8.576200000000004,1,3
No,623.5840000000001,7.976900000000008,1,3
No,624.568,8.576200000000004,1,3
No,621.5899999999999,7.323700000000006,2,5
No,621.5899999999999,7.323700000000006,2,5
No,562.497,7.038900000000005,1,3
No,624.5680000000001,8.576200000000004,1,3
No,623.584,7.976900000000007,1,3
No,608.5130000000001,7.887200000000006,0,3
No,612.5790000000001,6.8421000000000065,1,4
No,576.524,7.429000000000006,1,3
No,548.514,6.946600000000005,1,3
No,534.4870000000001,6.556500000000005,1,3
No,624.5679999999996,8.576200000000004,1,3
No,623.5839999999996,7.976900000000006,1,3
No,624.5679999999998,8.576200000000004,1,3
No,623.5839999999997,7.976900000000007,1,3
No,597.568,5.852700000000006,1,4
No,660.6229999999997,8.124700000000006,1,4
No,660.6229999999997,8.124700000000006,1,4
No,659.6389999999997,7.5254000000000065,1,4
No,621.59,7.323700000000006,2,5
No,634.5889999999999,6.414000000000005,3,5
No,634.5889999999999,6.414000000000005,3,5
No,634.5889999999999,6.414000000000005,3,5
No,660.6229999999997,8.124700000000006,1,4
No,623.5839999999996,7.976900000000007,1,3
No,529.4930000000002,5.885800000000005,2,4
No,548.47,6.648800000000006,1,3
No,576.5239999999999,7.429000000000006,1,3
No,635.573,7.013300000000005,3,5
No,635.573,7.013300000000005,3,5
No,607.563,7.020700000000004,3,5
No,598.5519999999998,6.452000000000006,1,4
No,548.514,6.946600000000005,1,3
No,612.5789999999997,6.8421000000000065,1,4
No,611.5949999999997,6.242800000000005,1,4
No,608.5130000000003,7.887200000000006,0,3
No,597.5679999999998,5.852700000000005,1,4
No,547.486,6.049500000000005,1,3
No,659.6389999999997,7.5254000000000065,1,4
No,659.6389999999997,7.5254000000000065,1,4
No,532.4350000000001,5.582800000000004,2,5
No,531.4470000000001,6.187800000000005,2,4
No,531.4470000000001,6.187800000000005,2,4
No,689.6649999999996,7.534000000000007,1,5
No,703.6919999999997,7.794700000000008,1,5
No,632.6129999999997,8.132100000000007,1,4
No,632.6129999999997,8.132100000000007,1,4
No,646.6399999999996,8.435100000000004,0,4
No,694.0839999999996,8.178800000000006,1,4
No,708.1109999999996,8.439500000000004,1,4
No,674.6539999999997,7.181100000000007,1,5
No,646.6399999999996,8.435100000000004,0,4
No,690.6489999999997,8.133300000000007,1,5
No,689.6649999999995,7.534000000000007,1,5
No,703.6919999999997,7.794700000000008,1,5
No,661.6109999999996,7.5197000000000065,1,5
No,695.0679999999996,8.7781,1,4
No,678.6129999999997,8.263800000000003,1,4
No,677.6289999999997,7.6645000000000065,1,4
No,660.6269999999996,6.920400000000006,1,5
No,678.6129999999997,8.263800000000005,1,4
No,695.0679999999996,8.7781,1,4
No,694.0839999999996,8.178800000000006,1,4
No,708.1109999999996,8.439500000000004,1,4
No,650.5839999999997,7.717700000000006,1,5
No,649.5999999999997,7.118400000000006,1,5
No,625.6,8.106300000000006,1,4
No,691.6559999999997,7.925200000000007,1,4
No,596.558,8.9404,1,3
No,595.574,8.341100000000004,1,3
No,610.585,8.8693,1,3
No,610.5849999999999,8.8693,1,3
No,609.601,8.270000000000005,1,3
No,596.5579999999998,8.9404,1,3
No,595.5739999999997,8.341100000000004,1,3
No,610.5849999999997,8.8693,1,3
No,609.6009999999998,8.270000000000005,1,3
No,594.0110000000001,5.227700000000004,3,5
No,595.574,8.341100000000006,1,3
No,609.601,8.270000000000005,1,3
No,626.5840000000001,8.705600000000002,1,4
No,626.5840000000001,8.705600000000002,1,4
No,596.5579999999999,8.9404,1,3
No,595.5739999999998,8.341100000000004,1,3
No,626.5839999999997,8.705600000000002,1,4
No,596.558,8.9404,1,3
No,625.6,8.106300000000006,1,4
No,640.5550000000002,7.323200000000007,1,4
No,626.5280000000002,6.933100000000007,1,4
No,610.5849999999998,8.8693,1,3
No,688.5550000000001,8.239700000000004,1,4
No,687.5710000000001,7.640400000000006,1,4
No,609.601,8.336700000000006,1,3
No,610.585,8.936000000000002,1,3
No,555.509,7.532800000000006,2,3
No,610.5849999999999,8.936000000000002,1,3
No,609.601,8.336700000000006,1,3
No,586.519,7.897300000000006,2,4
No,556.4929999999999,8.132100000000005,2,3
No,556.493,8.132100000000005,2,3
No,570.52,8.061000000000005,2,3
No,570.52,8.061000000000007,2,3
No,586.519,7.8973000000000075,2,4
No,585.535,7.298000000000005,2,4
No,555.5089999999999,7.532800000000006,2,3
No,569.536,7.528400000000006,2,3
No,570.52,8.127700000000004,2,3
No,569.536,7.528400000000006,2,3
No,569.536,7.461700000000006,2,3
No,570.52,8.127700000000004,2,3
No,550.0060000000003,4.950300000000004,2,5
No,616.614,8.9975,1,4
No,600.5459999999998,8.529000000000003,1,4
No,731.6240000000001,7.263600000000007,2,5
No,759.6340000000001,7.746000000000007,2,5
No,578.0120000000001,6.123700000000005,2,4
No,578.0120000000001,6.123700000000005,2,4
No,579.0000000000001,5.0663000000000045,2,5
No,579.0000000000001,5.0663000000000045,2,5
No,679.6949999999999,7.728000000000007,1,5
No,680.6790000000001,8.327300000000005,1,5
No,615.6299999999998,8.398200000000005,1,4
No,618.0770000000002,6.932000000000006,1,4
No,616.6139999999998,8.997499999999999,1,4
No,594.999,4.622700000000004,3,6
No,579.0,5.518700000000004,2,5
No,616.6139999999998,8.9975,1,4
No,577.6750000000001,7.907400000000007,1,3
No,569.7490000000003,8.246040000000006,1,3
No,576.14,8.282600000000004,1,3
No,594.13,8.421700000000005,1,3
No,590.1670000000003,8.591020000000006,1,3
No,644.1370000000002,9.3014,1,3
No,617.0930000000002,6.332700000000005,1,4
No,600.5459999999999,8.529000000000003,1,4
No,611.5729999999996,8.331000000000005,1,4
No,611.5729999999998,8.331000000000005,1,4
No,578.0160000000001,4.919400000000004,2,5
No,616.6139999999999,8.9975,1,4
No,611.5729999999998,8.331000000000005,1,4
No,610.5849999999998,8.936000000000002,1,3
No,610.5849999999997,8.936,1,3
No,584.5469999999999,8.216100000000006,1,4
No,584.5469999999999,8.216100000000006,1,4
No,624.5459999999999,6.997800000000006,1,6
No,626.587,7.377900000000005,2,5
No,569.536,8.139100000000004,2,2
No,547.53,7.881500000000006,2,2
No,507.4650000000002,6.958800000000005,2,2
No,570.52,8.566100000000002,1,3
No,556.4929999999999,8.428300000000004,1,3
No,508.44900000000024,7.385800000000006,1,3
No,606.5310000000001,6.926300000000005,2,4
No,596.4920000000001,6.519300000000005,2,5
No,548.514,8.308500000000004,1,3
No,556.493,7.737600000000006,2,3
No,606.5310000000001,6.926300000000005,2,4
No,570.5200000000001,8.298600000000004,2,3
No,526.0240000000005,6.567400000000005,1,3
No,540.0510000000005,6.957500000000006,1,3
No,528.4390000000001,7.469600000000005,2,4
No,677.61,6.845400000000007,2,7
No,705.664,7.323900000000007,1,8
No,528.4390000000002,7.469600000000005,2,4
No,541.504,5.259100000000005,1,6
No,773.787,9.01387,3,8
No,619.574,7.0876000000000055,2,6
No,581.4470000000002,6.134700000000005,1,5
No,611.573,7.934000000000006,2,5
No,567.5640000000003,8.235800000000006,1,4
No,484.43000000000023,7.771400000000005,1,3
No,611.573,7.934000000000006,2,5
No,583.519,7.501400000000006,2,5
No,634.1240000000003,6.247600000000006,2,7
No,605.038,5.8875000000000055,2,6
No,583.519,7.501400000000006,2,5
No,603.575,7.953000000000006,2,6
No,586.039,6.060980000000005,1,6
No,639.9250000000001,6.951800000000005,1,5
No,597.5459999999999,7.891500000000007,2,5
No,677.61,7.088800000000006,2,7
No,682.0289999999999,7.733600000000005,2,6
No,653.6129999999999,7.141700000000005,2,7
No,810.804,8.073200000000007,3,8
No,569.5360000000001,7.898900000000007,2,5
No,569.5360000000001,7.898900000000007,2,5
No,829.2499999999999,9.319700000000001,2,7
No,625.522,8.8654,2,5
No,555.5090000000001,7.903300000000007,2,5
No,784.7440000000001,6.008200000000007,3,9
No,603.5749999999999,7.953000000000006,2,6
No,596.562,7.292200000000006,2,5
No,597.5459999999999,7.891500000000006,2,5
No,596.562,7.292200000000006,2,5
No,707.636,6.451300000000007,3,8
No,686.64,5.6432000000000055,5,8
No,611.573,7.979900000000007,1,6
No,597.5459999999999,7.891500000000006,2,5
No,690.653,6.104100000000005,3,7
No,677.6100000000001,7.088800000000006,2,7
No,645.616,6.666070000000006,3,6
No,670.515,8.6178,2,6
No,642.5050000000001,7.727300000000007,3,6
No,651.5160000000001,9.05678,1,6
No,612.4350000000001,8.211100000000004,2,5
No,628.585,7.2536800000000055,1,6
No,626.5060000000001,8.899000000000001,2,5
No,598.4520000000001,8.118800000000006,2,5
No,513.4280000000002,6.827800000000005,2,4
No,513.4280000000002,6.827800000000005,2,4
No,535.0910000000003,7.552900000000007,1,5
No,514.4120000000001,7.427100000000005,2,4
No,514.4120000000001,7.427100000000005,2,4
No,528.4390000000002,7.515500000000006,1,5
No,528.4390000000001,7.515500000000006,1,5
No,488.3930000000001,7.868000000000005,1,3
No,763.7,8.057900000000007,1,10
No,488.3930000000002,7.868000000000005,1,3
No,639.5050000000001,8.392000000000003,2,5
No,506.60000000000025,7.1691000000000065,1,4
No,611.529,7.531700000000005,2,5
No,639.5050000000001,8.262600000000004,2,5
No,626.5060000000001,8.899000000000001,2,5
No,597.4680000000001,8.085200000000004,2,5
No,625.556,7.620100000000006,1,6
No,596.562,7.225500000000006,2,5
No,623.4660000000001,9.436799999999996,1,5
No,654.6419999999999,7.238800000000008,3,6
No,597.5459999999999,7.824800000000006,2,5
No,571.53,5.315200000000004,2,6
No,611.573,7.913200000000007,1,6
No,563.485,6.384500000000005,2,5
No,591.539,6.863000000000007,1,6
No,592.5269999999999,5.018300000000005,3,6
No,626.588,6.919800000000006,3,6
No,626.588,6.919800000000006,3,6
No,568.426,8.7563,1,4
No,562.501,5.785200000000005,2,5
No,548.474,5.395100000000005,2,5
No,549.458,5.994400000000005,2,5
No,577.512,6.472900000000006,1,6
No,582.535,7.296600000000005,2,5
No,612.479,8.7729,1,5
No,583.519,7.895900000000007,2,5
No,597.5459999999999,7.984300000000007,1,6
No,583.519,7.8959000000000055,2,5
No,582.535,7.296600000000005,2,5
No,597.5459999999999,7.984300000000006,1,6
No,584.529,4.808200000000006,2,6
No,554.521,8.359100000000003,2,4
No,688.5810000000001,6.214200000000005,2,7
No,647.584,7.080200000000006,2,6
No,553.4930000000003,7.724300000000007,1,4
No,625.5000000000001,6.8513000000000055,1,6
No,595.4740000000002,6.524800000000005,1,5
No,652.5260000000002,6.801100000000005,2,6
No,635.5390000000001,7.720100000000006,1,5
No,603.5749999999999,7.382000000000007,1,5
No,599.54,5.495900000000006,1,7
No,604.563,6.7770000000000055,1,6
No,552.4270000000002,9.308699999999996,1,3
No,624.5160000000002,6.884400000000005,2,6
No,552.4270000000002,9.308699999999996,1,3
No,552.4270000000002,9.308699999999996,1,3
No,563.5319999999999,8.932879999999999,1,4
No,567.52,7.833500000000006,1,4
No,596.5840000000001,6.3337000000000065,1,5
No,621.5649999999999,7.521100000000006,1,5
No,558.8180000000001,9.532599999999993,1,3
No,545.436,7.555400000000005,1,4
No,621.5649999999999,7.521100000000006,1,5
No,564.4380000000001,9.236799999999995,1,3
No,539.3880000000001,8.142700000000003,1,4
No,539.388,8.142700000000003,1,4
No,552.4270000000002,9.308699999999996,1,3
No,607.507,9.216499999999998,1,4
No,540.4980000000004,7.592700000000006,1,5
No,539.388,8.142700000000003,1,4
No,552.4270000000001,8.772,0,3
No,573.446,7.4721000000000055,1,4
No,588.4380000000003,8.153900000000004,1,5
No,609.5010000000001,7.090300000000005,1,5
No,538.4000000000001,8.747699999999998,1,3
No,539.5100000000003,8.197700000000005,1,4
No,538.4000000000001,8.747699999999998,1,3
No,541.4860000000003,6.987700000000006,1,6
No,541.504,5.952700000000005,1,5
No,555.531,6.342800000000006,1,5
No,561.0100000000003,6.957000000000005,1,7
No,524.3730000000002,8.879199999999997,1,3
No,496.9450000000001,7.682300000000004,1,5
No,568.0460000000004,5.645800000000004,1,7
No,629.9190000000001,7.4961000000000055,1,5
Yes,346.6450000000001,4.038900000000003,0,3
No,530.4370000000001,3.6167000000000025,2,4
No,530.4370000000001,3.6167000000000025,2,4
No,542.4920000000002,4.684500000000003,3,5
No,574.49,3.366100000000001,3,5
No,560.4630000000002,2.9776000000000016,3,5
No,560.4630000000002,2.9776000000000016,3,5
Yes,391.44000000000017,3.0430800000000016,1,6
Yes,396.4560000000002,2.5118000000000014,2,6
Yes,382.42900000000014,2.469300000000001,2,6
Yes,383.47000000000025,2.03428,1,7
Yes,388.4860000000003,1.5029999999999994,2,7
Yes,402.51300000000026,2.1571,1,7
Yes,369.4430000000002,1.78668,1,7
Yes,388.4860000000002,1.9095,1,7
Yes,360.4320000000002,1.2129,2,7
Yes,348.4470000000001,2.55128,1,6
Yes,367.4900000000002,2.674100000000001,1,6
Yes,353.46300000000014,2.02,2,6
Yes,411.52800000000013,1.54868,1,7
Yes,416.54400000000015,1.0174000000000014,2,7
Yes,332.4040000000001,2.0576799999999995,1,6
Yes,365.5030000000001,2.4147800000000004,1,7
Yes,370.5190000000001,1.8835000000000002,2,7
Yes,428.5840000000001,1.4121799999999998,1,8
No,391.90600000000006,5.1959200000000045,0,4
No,395.86900000000014,5.026600000000003,0,4
Yes,407.9050000000001,4.896100000000004,0,5
No,395.86900000000014,5.026600000000003,0,4
No,430.3140000000001,5.680000000000004,0,4
Yes,396.8570000000001,4.421600000000002,0,5
Yes,392.89400000000006,4.590920000000004,0,5
Yes,381.87100000000004,3.621000000000002,0,5
Yes,381.8710000000001,3.621000000000002,0,5
Yes,377.879,4.887500000000003,0,4
Yes,382.85500000000013,4.183920000000003,0,6
Yes,425.5180000000002,2.3711,0,7
Yes,353.3940000000001,0.4910999999999994,0,8
Yes,353.39000000000016,1.6590200000000002,0,8
Yes,353.39000000000016,1.6590199999999997,0,8
Yes,383.3780000000001,2.2325999999999997,1,6
Yes,369.35100000000006,1.8424999999999998,1,6
Yes,327.39200000000017,1.8806999999999998,0,6
Yes,313.3650000000001,1.4906,0,6
Yes,353.3520000000001,2.8717000000000015,0,5
Yes,382.85900000000015,3.016000000000002,0,6
Yes,329.40800000000013,1.6901999999999997,1,6
Yes,341.4190000000002,1.9557999999999998,0,6
Yes,353.394,0.4910999999999994,0,8
Yes,339.3670000000002,0.48069999999999924,1,8
Yes,339.3670000000002,0.48069999999999924,1,8
Yes,354.3780000000001,1.0540199999999995,0,9
Yes,339.3670000000002,0.48069999999999924,1,8
Yes,430.4800000000002,1.3973999999999993,0,9
Yes,368.37600000000015,2.45962,0,8
Yes,337.42699999999996,2.938600000000001,1,5
Yes,339.418,3.9158000000000026,0,4
Yes,371.87199999999996,3.5920000000000023,1,5
Yes,385.899,3.9821000000000035,1,5
Yes,399.92600000000004,4.372200000000004,1,5
Yes,413.9530000000001,4.762300000000004,1,5
Yes,387.9150000000001,4.228100000000004,1,5
Yes,389.91200000000003,3.1549000000000014,1,6
Yes,421.87900000000013,4.083200000000003,1,5
Yes,421.87900000000013,4.083200000000003,1,5
Yes,405.91100000000006,2.1704,1,6
Yes,373.86300000000006,4.221600000000004,0,4
Yes,367.884,4.787800000000004,0,4
Yes,369.9,4.878100000000005,0,4
Yes,335.455,4.224700000000004,0,4
No,579.528,7.032200000000007,2,6
No,567.52,7.833500000000006,1,4
No,603.5749999999999,7.382000000000007,1,5
No,554.3990000000002,7.851700000000006,2,4
No,554.3990000000002,7.851700000000006,2,4
No,538.4000000000001,8.747699999999998,1,3
No,538.4000000000001,8.747699999999998,1,3
No,647.584,7.080200000000006,2,6
No,647.584,7.080200000000006,2,6
No,597.5459999999999,7.891500000000006,2,5
No,637.545,6.673200000000006,2,7
No,603.5749999999999,7.953000000000006,2,6
No,653.6129999999999,7.1417000000000055,2,7
No,583.519,7.895900000000007,2,5
No,597.5459999999999,7.891500000000007,2,5
No,500.42900000000014,7.737500000000005,1,4
No,486.4020000000001,7.434500000000005,2,4
No,539.5100000000004,7.439000000000008,0,4
No,611.573,7.934000000000006,2,5
No,581.4470000000002,6.0884000000000045,0,5
No,484.43000000000023,7.771400000000005,1,3
No,581.4470000000002,6.452600000000005,1,5
No,589.548,6.9919000000000056,1,5
No,539.5100000000003,7.8032000000000075,1,4
No,539.5100000000003,8.197700000000006,1,4
No,567.5640000000003,8.235800000000006,1,4
No,611.573,7.934000000000006,2,5
No,653.613,7.1417000000000055,2,7
No,562.5640000000004,5.814100000000003,1,5
No,579.0190000000005,6.328400000000004,1,5
No,591.0550000000001,6.197900000000006,1,6
No,528.4390000000002,7.469600000000005,2,4
No,528.4390000000001,7.469600000000005,2,4
No,1238.254,8.533800000000012,2,18
No,1138.1370000000002,6.967800000000014,2,17
No,1767.7060000000004,14.134499999999985,3,22
No,1222.2549999999999,8.315500000000013,2,17
No,1206.216,7.032500000000012,4,17
No,742.6440000000001,6.852000000000007,2,8
No,874.8030000000002,6.9018000000000095,2,11
No,839.8049999999998,8.556200000000006,2,8
No,980.9270000000002,8.48080000000001,2,12
No,1356.3459999999998,6.1485000000000065,4,22
No,1390.4029999999998,8.977300000000012,2,21
No,1051.0149999999999,6.968200000000012,2,15
No,1267.2920000000004,8.757500000000007,1,19
No,1209.2120000000002,8.48750000000001,2,18
No,2650.703999999999,14.924199999999978,4,40
No,823.8059999999999,9.3198,2,7
No,589.5190000000002,7.800500000000006,2,5
No,800.724,6.910600000000008,1,8
No,932.883,6.960400000000011,1,11
No,1238.2539999999997,7.921700000000015,2,17
No,730.7330000000002,7.51130000000001,0,7
Yes,391.4210000000001,4.229200000000004,1,2
Yes,384.4400000000002,0.4508000000000003,2,5
Yes,392.5030000000002,3.1735000000000015,1,4
Yes,400.43900000000025,0.3824000000000001,2,6
Yes,271.31999999999994,3.1062200000000013,0,5
Yes,333.391,4.464800000000004,0,5
Yes,297.35800000000006,3.675200000000002,0,5
Yes,325.4120000000001,4.455400000000004,0,5
Yes,347.41800000000006,4.388600000000004,0,5
Yes,313.40100000000007,4.0953000000000035,0,5
Yes,325.2900000000001,3.8275000000000023,0,5
Yes,353.2220000000001,3.9689000000000014,0,5
Yes,313.40099999999995,4.095300000000003,0,5
Yes,314.42900000000003,4.083400000000004,0,4
Yes,301.34599999999995,2.9442000000000013,0,6
Yes,285.3469999999999,3.3602000000000016,0,5
Yes,299.37399999999997,3.9212000000000025,0,5
Yes,348.3530000000002,3.2531000000000017,0,6
Yes,350.24699999999996,2.8364200000000013,0,6
Yes,392.3280000000001,3.8255000000000026,0,6
Yes,287.31899999999996,2.2901,1,6
Yes,325.29,3.816600000000003,0,5
Yes,314.42900000000003,3.939300000000003,0,4
Yes,286.37499999999994,3.303200000000002,0,4
Yes,326.4400000000001,4.227500000000004,0,4
Yes,313.357,2.7792000000000012,1,6
Yes,311.38500000000005,3.849300000000002,0,5
Yes,340.38300000000004,2.3147,1,6
Yes,315.373,3.0252000000000008,1,6
Yes,342.36100000000005,4.235700000000004,0,4
Yes,327.38400000000007,3.085700000000001,0,6
Yes,312.3730000000001,2.4846000000000004,1,6
Yes,393.35600000000005,3.8136000000000028,0,5
Yes,354.3720000000001,4.379800000000003,0,4
Yes,364.396,3.6732000000000022,0,6
Yes,392.32800000000003,3.8255000000000026,0,6
Yes,339.317,4.001600000000003,0,5
Yes,370.4530000000001,3.197000000000002,0,7
Yes,327.30600000000004,4.073500000000003,0,5
Yes,341.28900000000004,2.9315000000000007,1,6
Yes,355.31600000000003,3.238000000000002,0,6
Yes,285.2250000000001,2.950100000000001,0,5
Yes,341.3330000000001,4.247600000000003,0,5
Yes,314.307,3.4555000000000025,0,4
Yes,327.30600000000004,4.073500000000003,0,5
Yes,351.42800000000005,2.6214000000000013,0,7
Yes,378.30100000000004,3.6514000000000024,0,6
Yes,392.2840000000001,2.5094000000000003,1,7
Yes,406.3110000000001,2.815900000000001,0,7
Yes,355.36000000000007,4.636100000000003,0,5
Yes,355.36000000000007,4.636100000000003,0,5
Yes,390.31200000000007,3.579500000000002,0,6
Yes,355.36000000000007,4.636100000000003,0,5
Yes,355.36000000000007,4.636100000000003,0,5
No,367.4240000000001,5.024600000000004,0,5
Yes,315.373,3.084100000000001,0,6
Yes,343.4270000000002,3.7218000000000027,0,6
Yes,343.427,3.8643000000000027,0,6
Yes,356.47000000000014,3.779500000000003,0,6
Yes,329.40000000000003,3.4742000000000015,0,6
Yes,342.4430000000001,3.389400000000002,0,6
Yes,328.37200000000007,1.982,1,7
No,353.3970000000001,5.237900000000004,0,5
Yes,329.40000000000003,3.4742000000000015,0,6
Yes,343.427,3.8643000000000027,0,6
Yes,390.35600000000005,4.165600000000002,1,4
Yes,312.413,4.700300000000004,0,4
Yes,355.36000000000007,3.191200000000001,1,4
Yes,379.36,2.7737000000000007,0,7
Yes,341.333,2.9452000000000007,1,4
Yes,369.3870000000001,3.5813000000000024,1,4
Yes,335.71299999999997,4.023600000000003,0,5
Yes,319.66999999999996,3.6035000000000013,0,5
Yes,325.2900000000001,3.8275000000000015,0,5
Yes,328.41600000000005,2.8775000000000013,1,6
Yes,384.3770000000001,4.397100000000004,0,5
Yes,413.4990000000002,4.5023000000000035,0,7
Yes,354.45400000000006,3.5332000000000026,0,6
Yes,348.39700000000005,4.151900000000003,0,5
Yes,328.416,3.1431000000000013,0,6
Yes,312.4169999999999,3.9067000000000025,0,5
Yes,347.44000000000005,3.242600000000002,0,6
Yes,328.4160000000001,3.1415000000000015,0,6
Yes,340.427,3.1431000000000013,0,6
Yes,331.4160000000001,3.7218000000000027,0,6
Yes,345.4430000000001,4.110300000000003,0,6
Yes,359.47000000000014,4.500400000000004,0,6
Yes,373.4970000000001,4.888900000000005,0,6
Yes,331.4160000000001,3.720200000000003,0,6
Yes,343.427,3.8643000000000027,0,6
Yes,345.4430000000001,4.110300000000003,0,6
Yes,329.40000000000003,3.3317000000000014,0,6
Yes,339.317,4.216000000000003,0,5
Yes,356.47000000000014,3.779500000000003,0,6
Yes,370.4970000000002,4.168000000000004,0,6
Yes,356.47,3.781100000000003,0,6
Yes,370.49700000000007,4.171200000000003,0,6
Yes,384.52400000000017,4.559700000000004,0,6
Yes,370.4970000000001,4.1696000000000035,0,6
Yes,343.4270000000001,3.8643000000000036,0,6
Yes,356.47000000000014,3.779500000000003,0,6
Yes,370.4970000000002,4.1696000000000035,0,6
Yes,372.51300000000015,4.415600000000004,0,6
Yes,358.44200000000006,2.6737,1,7
Yes,372.4690000000001,3.017500000000002,0,7
Yes,342.44300000000004,3.4373000000000014,1,6
Yes,347.39000000000004,3.4238000000000017,0,6
Yes,368.4370000000001,4.490340000000004,0,7
Yes,354.41000000000014,4.1819200000000025,0,7
Yes,413.4990000000002,4.5023000000000035,0,7
Yes,377.41600000000005,3.1819000000000015,0,7
Yes,387.38600000000014,4.555500000000004,0,6
Yes,382.3420000000001,3.2837200000000015,0,7
No,401.86900000000014,5.6780000000000035,0,5
Yes,341.3330000000001,4.247600000000004,0,5
Yes,377.87200000000007,4.517700000000004,0,6
Yes,323.343,3.950400000000003,0,5
Yes,305.35299999999995,3.6548000000000025,0,5
Yes,350.4220000000001,4.2805000000000035,0,6
Yes,368.4120000000001,4.4196000000000035,0,6
Yes,350.4220000000001,4.2805000000000035,0,6
Yes,355.36000000000007,4.636100000000003,0,5
Yes,343.4270000000001,3.8643000000000027,0,6
Yes,356.47000000000014,3.779500000000003,0,6
Yes,323.3430000000001,3.950400000000003,0,5
Yes,370.432,2.2771999999999997,1,6
Yes,468.5050000000001,3.211800000000002,0,7
Yes,423.5460000000001,2.852380000000001,1,8
Yes,429.50000000000006,3.985680000000003,0,7
Yes,390.413,3.5516000000000023,0,5
Yes,443.5270000000001,4.126780000000004,0,7
Yes,478.5000000000003,3.0520000000000014,0,7
Yes,434.4970000000001,1.7962999999999996,1,8
Yes,468.50500000000017,3.211800000000002,0,7
Yes,448.52400000000017,1.9373999999999998,1,8
Yes,443.52700000000016,4.015300000000003,0,7
Yes,423.54600000000016,2.740900000000001,1,8
Yes,429.5000000000001,4.146800000000003,0,7
Yes,454.4780000000001,3.0707000000000013,0,7
Yes,402.95500000000015,3.7290000000000028,1,6
Yes,388.9280000000001,3.3389000000000024,1,6
Yes,374.47400000000016,1.76702,1,9
Yes,374.47400000000016,1.76702,1,9
Yes,402.95500000000015,3.7290000000000028,1,6
Yes,402.95500000000015,3.7290000000000028,1,6
Yes,383.4200000000002,2.14752,0,9
Yes,427.96500000000015,3.902000000000003,0,7
Yes,399.48400000000015,1.9400200000000003,0,10
Yes,411.9010000000002,4.109500000000003,0,6
Yes,490.5650000000002,3.6910200000000026,0,10
No,519.046,5.653000000000005,0,7
Yes,453.41700000000014,2.990120000000002,0,9
Yes,481.89800000000025,4.952100000000003,0,6
Yes,497.9620000000002,4.744600000000003,0,7
Yes,469.4810000000001,2.7826200000000014,0,10
No,504.49400000000026,2.6389000000000014,1,8
Yes,494.6370000000002,4.286200000000005,1,8
No,524.4750000000001,3.913300000000002,0,7
No,611.6940000000001,6.633100000000005,0,8
No,578.6610000000002,5.171300000000006,1,8
No,508.66400000000027,4.328700000000005,1,8
No,581.6530000000001,3.5778000000000025,0,9
Yes,482.5320000000002,3.2543000000000024,0,7
No,541.6970000000001,5.790500000000007,0,8
No,507.6800000000003,4.295100000000003,1,8
No,577.6770000000002,5.137700000000005,1,8
No,538.6900000000002,3.6896000000000035,2,9
Yes,479.6220000000002,4.750100000000006,1,7
No,512.6550000000001,6.211900000000006,0,7
Yes,478.5000000000003,3.0520000000000014,0,7
Yes,395.40300000000013,2.9501800000000014,1,6
Yes,400.41900000000015,2.4189000000000007,2,6
Yes,386.3920000000001,2.3764000000000003,2,6
No,351.531,5.390800000000004,2,2
No,351.531,5.390800000000003,2,2
No,431.62100000000004,5.5827000000000035,3,3
No,431.62100000000004,5.7252000000000045,3,3
Yes,392.89000000000016,4.245400000000003,1,3
Yes,394.4250000000001,3.8702000000000023,1,3
Yes,463.52800000000013,4.569400000000004,2,3
Yes,364.3710000000001,3.474000000000002,1,3
Yes,402.4450000000002,2.7006000000000014,2,3
Yes,312.3770000000001,1.3547999999999991,2,5
Yes,351.33200000000005,2.3926000000000007,1,4
Yes,375.27000000000015,3.2177000000000016,1,3
Yes,392.37500000000017,0.9941999999999993,1,7
Yes,398.4670000000002,0.9703000000000012,2,5
Yes,357.41400000000016,0.6971,2,5
Yes,384.44000000000017,0.5802000000000005,2,5
Yes,400.43900000000025,0.1642000000000009,2,6
No,376.5810000000002,5.657300000000008,3,3
No,372.5050000000001,5.633100000000007,2,4
No,286.41499999999996,5.066300000000005,2,2
No,314.469,5.846500000000006,2,2
Yes,402.5310000000002,4.995600000000007,3,5
No,444.61200000000025,6.164300000000008,3,5
No,514.3260000000002,4.682100000000003,2,4
Yes,486.3410000000002,4.114500000000003,2,4
No,521.3460000000002,4.414680000000003,2,5
No,508.59400000000045,3.5489000000000015,2,6
No,506.5780000000004,3.302900000000002,2,6
No,530.5470000000004,3.5481000000000025,2,6
Yes,478.5240000000004,2.5227000000000004,2,6
No,534.5630000000004,3.8705000000000025,2,6
No,518.6140000000006,3.1724000000000014,2,7
No,523.0330000000004,3.8172000000000024,2,6
No,526.5400000000003,2.985000000000001,2,7
Yes,490.56000000000046,2.3922000000000008,2,7
No,556.6100000000002,4.011200000000002,2,7
No,515.6140000000004,3.281480000000001,2,7
No,530.6690000000003,4.287200000000003,2,6
No,548.6840000000003,4.197000000000003,2,7
No,548.6400000000003,3.181000000000002,2,8
No,520.6300000000006,3.418400000000002,2,7
No,542.5710000000005,2.9980800000000007,2,8
No,514.5860000000006,2.43048,2,8
No,505.5900000000004,3.9079000000000033,2,5
No,544.5460000000003,4.585860000000002,2,7
No,555.5820000000002,3.1602000000000015,2,8
No,518.6580000000006,4.102900000000003,1,6
No,526.5840000000005,3.7120000000000024,1,6
No,516.6420000000006,3.856900000000002,1,6
No,502.6150000000005,3.466800000000002,1,6
No,530.6000000000005,4.034400000000003,1,6
No,504.5870000000005,2.3130999999999995,1,7
Yes,490.5790000000004,3.5973000000000024,1,5
No,530.6250000000005,3.229400000000002,1,7
Yes,473.5770000000004,2.853200000000001,1,6
Yes,474.5650000000004,2.2481999999999998,1,7
Yes,498.5870000000005,2.7248799999999997,1,7
Yes,491.5670000000004,2.992300000000001,1,6
Yes,474.5650000000004,2.2482000000000006,1,7
No,517.6700000000005,4.707900000000004,1,5
No,540.5990000000005,3.466580000000002,1,7
No,533.5920000000004,3.0250600000000007,1,8
No,538.5830000000004,3.220580000000001,1,7
Yes,497.5990000000005,3.329880000000001,1,6
No,525.5840000000004,3.8974800000000025,1,6
Yes,469.5450000000004,2.5496800000000004,1,6
No,539.5830000000003,3.454600000000002,1,7
No,567.5680000000004,4.022200000000002,1,7
Yes,474.56100000000043,2.6866000000000003,1,6
No,540.6110000000002,4.305600000000004,1,6
No,538.5950000000004,4.059600000000003,1,6
No,566.5800000000004,4.627200000000004,1,6
No,510.5410000000004,3.2794000000000016,1,6
No,567.5680000000004,4.022200000000002,1,7
No,554.6260000000004,4.071080000000003,1,7
No,500.60300000000046,2.970880000000001,1,7
No,526.5720000000005,3.292480000000001,1,7
Yes,470.5330000000004,1.9446799999999993,1,7
Yes,475.5930000000005,3.0992000000000015,1,6
Yes,476.5810000000005,2.494200000000001,1,7
Yes,482.31300000000016,3.6274000000000015,1,5
Yes,497.5050000000002,4.671000000000003,1,5
No,525.6240000000005,6.100600000000005,1,4
No,523.6080000000003,5.854600000000005,1,4
No,545.6360000000004,4.716900000000004,1,5
Yes,493.5420000000003,4.580080000000003,1,5
Yes,453.27100000000013,3.9937000000000022,1,4
Yes,466.3100000000002,4.9071200000000035,1,3
Yes,491.43000000000023,3.1081200000000013,1,5
No,518.6580000000006,4.021220000000003,1,6
No,516.6420000000006,3.7752200000000027,1,6
No,544.6270000000003,4.342820000000003,1,6
Yes,484.369,4.7173200000000035,1,3
Yes,491.38900000000007,4.449900000000004,1,4
Yes,491.38900000000007,4.449900000000004,1,4
No,513.6130000000004,5.876420000000005,1,4
Yes,470.34200000000016,4.408900000000004,1,3
Yes,442.2880000000002,3.628700000000002,1,3
Yes,403.4570000000001,3.7436000000000025,1,3
Yes,405.47300000000007,3.989600000000003,1,3
No,468.5320000000002,5.069980000000005,1,4
Yes,480.54300000000023,4.998080000000004,1,4
Yes,498.32700000000017,4.976500000000002,1,3
No,459.49600000000015,5.247100000000004,1,3
No,461.51200000000017,5.337400000000005,1,3
Yes,498.32700000000017,4.976500000000002,1,3
No,505.3470000000002,4.709080000000003,1,4
Yes,431.51100000000014,4.523800000000004,1,3
No,459.4960000000001,5.091400000000005,1,3
Yes,466.51600000000013,4.823980000000004,1,4
Yes,453.34000000000015,3.6648000000000023,1,4
Yes,468.5320000000002,4.7084000000000055,1,4
Yes,471.33000000000015,3.8039000000000023,1,4
Yes,462.50000000000017,4.732400000000004,1,4
Yes,482.51500000000016,4.060380000000004,1,5
Yes,447.51000000000016,3.760200000000003,1,4
Yes,475.4950000000001,4.327800000000003,1,4
No,505.3470000000002,4.709080000000003,1,4
No,516.5730000000004,3.4734000000000016,1,6
Yes,468.5320000000002,4.7084000000000055,1,4
Yes,469.5200000000002,4.464980000000003,1,5
No,508.59400000000045,3.5489000000000015,2,6
Yes,492.55100000000044,2.9128000000000007,2,6
Yes,494.5670000000004,3.158800000000001,2,6
Yes,492.5510000000004,2.9128000000000007,2,6
Yes,480.5400000000004,2.768700000000001,2,6
Yes,480.5400000000004,2.768700000000001,2,6
Yes,492.5510000000004,2.9128000000000007,2,6
No,520.6050000000004,3.6930000000000023,2,6
Yes,484.52800000000036,1.7410999999999999,3,7
Yes,468.52900000000034,2.768700000000001,2,6
No,512.5380000000004,1.9217999999999995,2,8
Yes,498.5110000000004,1.8333999999999993,3,7
No,524.5930000000003,2.6654,3,7
Yes,479.5120000000004,1.9176999999999997,2,7
Yes,461.5220000000004,1.7785999999999995,2,7
Yes,461.5220000000004,1.7785999999999995,2,7
Yes,450.5390000000003,2.2839,2,6
Yes,452.55500000000035,2.3742,2,6
Yes,438.5280000000003,1.9840999999999995,2,6
Yes,476.5520000000004,3.676400000000002,2,5
Yes,456.4770000000002,3.6338000000000017,2,5
Yes,456.4770000000002,3.6338000000000017,2,5
Yes,474.4670000000002,3.7729000000000026,2,5
Yes,491.5670000000003,2.4379,2,6
Yes,494.54200000000037,3.6244000000000023,2,5
Yes,407.44500000000016,3.352000000000002,2,4
Yes,412.49000000000035,1.4968,2,6
Yes,384.4360000000003,0.7165999999999999,2,6
Yes,414.5060000000004,1.7428,2,6
Yes,430.50500000000034,0.8592999999999991,3,7
Yes,379.39100000000013,2.5718000000000005,2,4
Yes,385.39500000000015,1.7901999999999998,3,5
Yes,393.4180000000002,2.961900000000001,2,4
Yes,393.4180000000002,2.961900000000001,2,4
Yes,409.46100000000024,3.5980000000000025,2,4
Yes,409.46100000000024,3.5980000000000025,2,4
Yes,425.46000000000015,2.7145,3,5
Yes,385.4240000000003,0.1115999999999997,2,7
Yes,380.37900000000013,1.9667999999999997,2,5
No,520.6300000000006,3.418400000000002,2,7
No,520.6300000000006,3.418400000000002,2,7
No,546.5990000000004,3.740000000000003,2,7
No,546.5990000000004,3.740000000000003,2,7
No,506.6030000000006,3.1724000000000014,2,7
Yes,494.5670000000004,3.302900000000002,2,6
No,556.6100000000002,4.011200000000002,2,7
No,555.6220000000002,4.616200000000004,2,6
No,507.60600000000045,4.153900000000003,2,5
No,519.6420000000005,4.023400000000003,2,6
Yes,337.416,2.6602000000000015,3,5
Yes,405.57900000000024,4.783800000000004,2,4
No,401.59100000000024,5.977500000000006,1,3
No,379.5850000000001,5.845700000000005,1,3
No,401.59100000000024,5.953900000000005,1,3
No,497.7640000000004,8.460600000000007,1,3
Yes,211.217,-0.2512000000000004,4,4
Yes,337.113,0.35339999999999994,4,4
Yes,119.11999999999999,-1.9128,3,3
Yes,115.13199999999998,-0.7191000000000003,2,2
Yes,115.13199999999999,-0.7427000000000004,2,2
Yes,361.43800000000005,2.9924000000000017,3,5
Yes,487.33400000000006,3.597000000000003,3,5
No,444.61200000000025,6.164300000000008,3,5
No,398.58700000000016,6.9315000000000095,2,3
Yes,335.4730000000001,3.3025000000000024,2,4
Yes,319.40500000000014,2.834000000000002,2,4
Yes,332.4480000000001,2.5795000000000017,2,3
Yes,346.47500000000014,3.0624000000000016,2,3
Yes,335.473,3.302500000000002,2,4
Yes,332.44800000000004,2.5795000000000003,2,3
Yes,346.4750000000001,3.062400000000001,2,3
Yes,335.473,3.302500000000002,2,4
Yes,333.43600000000004,1.9744999999999995,2,4
Yes,333.43600000000004,1.9744999999999995,2,4
Yes,336.461,2.6975000000000007,2,5
Yes,349.50000000000006,3.610920000000003,2,4
Yes,349.50000000000006,3.610920000000002,2,4
Yes,349.50000000000006,3.610920000000003,2,4
Yes,369.918,3.9559000000000024,2,4
Yes,369.918,3.9559000000000024,2,4
Yes,369.918,3.9559000000000024,2,4
No,374.6090000000002,6.932500000000009,2,2
Yes,321.44599999999997,2.9124000000000017,2,4
Yes,349.50000000000006,3.6926000000000023,2,4
Yes,319.4300000000001,2.5223000000000004,2,4
Yes,323.418,1.7587,2,5
Yes,355.4630000000001,3.4099200000000023,2,4
Yes,359.42600000000004,3.2406000000000015,2,4
Yes,375.88100000000003,3.754900000000003,2,4
Yes,371.46200000000005,3.110100000000002,2,5
Yes,346.475,3.2333000000000016,2,3
Yes,318.421,2.1894,2,3
Yes,322.43399999999997,2.3074000000000003,2,5
Yes,319.40500000000003,2.8340000000000014,2,4
No,830.8720000000002,8.863020000000006,3,5
No,844.8990000000002,9.253120000000003,3,5
No,858.9260000000003,9.643220000000001,3,5
No,802.8180000000002,8.082820000000009,3,5
No,816.8450000000003,8.472920000000006,3,5
No,830.8720000000002,8.863020000000006,3,5
Yes,312.75600000000003,3.2917000000000014,2,4
Yes,326.7830000000001,3.334200000000002,2,4
Yes,340.8100000000001,3.724300000000002,2,4
Yes,340.8100000000001,3.6426200000000017,2,4
Yes,340.8100000000001,3.6426200000000017,2,4
Yes,340.8100000000001,3.6426200000000017,2,4
Yes,354.83700000000016,3.9510400000000025,2,4
Yes,356.8090000000001,3.3428000000000013,2,5
Yes,356.8090000000001,3.3428000000000013,2,5
Yes,356.80900000000014,3.3428000000000013,2,5
Yes,342.7820000000001,3.0398000000000014,3,5
Yes,369.8520000000001,3.4002000000000008,2,5
Yes,369.8520000000001,3.4002000000000008,2,5
Yes,397.90600000000006,4.180400000000002,2,5
Yes,409.917,4.324500000000003,2,5
Yes,395.89000000000004,3.934400000000003,2,5
Yes,381.863,3.5443000000000016,2,5
Yes,344.7730000000001,3.473300000000002,2,4
Yes,344.7730000000001,3.473300000000002,2,4
Yes,344.7730000000001,3.473300000000002,2,4
Yes,362.7630000000001,3.612400000000002,2,4
Yes,361.2280000000001,3.9876000000000023,2,4
Yes,361.2280000000001,3.9876000000000023,2,4
Yes,395.67300000000006,4.641000000000003,2,4
Yes,395.67300000000006,4.641000000000003,2,4
Yes,394.78000000000003,4.353000000000002,2,4
Yes,394.78000000000003,4.353000000000002,2,4
Yes,394.78000000000003,4.353000000000002,2,4
Yes,405.67900000000003,4.096700000000003,2,4
Yes,368.8200000000001,3.5368000000000013,2,5
Yes,332.81200000000007,3.3957000000000015,2,5
Yes,327.7710000000001,2.7292000000000005,2,5
Yes,327.7710000000001,2.7292000000000005,2,5
Yes,333.819,2.5774,2,5
Yes,402.2810000000001,3.659600000000002,1,5
Yes,361.2280000000001,3.9876000000000023,2,4
No,697.0570000000001,13.049099999999976,0,4
No,725.1110000000001,13.829299999999972,0,4
No,528.4610000000001,6.346720000000006,1,4
No,548.8790000000001,6.691700000000005,1,4
Yes,452.36300000000017,4.6090000000000035,1,4
Yes,431.3230000000001,4.988800000000004,2,3
No,535.4970000000001,5.073400000000004,1,5
No,529.4680000000001,6.270300000000006,1,5
No,632.0130000000001,7.156100000000007,1,5
Yes,364.44900000000007,2.8351000000000015,2,4
Yes,392.5030000000001,3.4380000000000024,1,4
No,576.5219999999999,4.694320000000003,3,7
Yes,352.142,3.1926000000000014,0,3
Yes,448.4240000000001,4.0542000000000025,1,6
Yes,437.4010000000001,3.177900000000001,1,6
Yes,351.797,2.4312400000000007,1,4
Yes,419.81900000000013,3.329220000000002,1,6
Yes,445.51900000000023,4.654200000000004,3,5
Yes,387.4830000000002,4.953400000000006,2,4
Yes,391.4710000000001,4.045700000000003,2,5
Yes,383.4640000000001,2.1136,2,4
Yes,359.4700000000001,2.4213000000000005,2,4
Yes,411.4420000000001,2.872300000000001,1,5
Yes,401.47900000000016,1.7515999999999994,2,4
Yes,324.403,3.3876000000000017,2,3
Yes,449.4950000000002,2.372,2,5
Yes,401.53200000000015,2.8989200000000013,1,5
Yes,467.5350000000002,2.2824999999999998,2,6
Yes,457.9620000000003,3.2257000000000025,0,6
Yes,373.46800000000013,3.831000000000003,1,4
Yes,341.4450000000001,4.778400000000004,0,1
Yes,390.45500000000004,3.317280000000002,0,4
Yes,456.48900000000015,4.459600000000004,1,5
Yes,365.44500000000005,3.4456000000000024,0,3
Yes,312.363,4.389000000000002,2,1
Yes,456.48900000000015,4.459600000000004,1,5
Yes,408.47,2.544500000000001,1,4
Yes,390.45500000000004,3.317280000000002,0,4
Yes,321.464,3.991100000000003,1,2
Yes,383.43500000000006,3.5847000000000024,0,3
Yes,425.52900000000017,3.699900000000003,0,4
Yes,391.483,3.762000000000003,0,3
Yes,343.492,3.5575000000000028,0,3
Yes,466.43100000000004,4.519800000000004,1,5
Yes,343.4170000000001,4.367100000000004,0,2
Yes,361.4380000000001,2.9467000000000017,0,4
Yes,408.4700000000001,2.5445,1,4
Yes,399.89000000000016,4.099000000000004,0,3
Yes,373.44300000000004,4.375700000000004,0,3
Yes,390.45500000000004,3.317280000000002,0,4
Yes,329.46500000000003,3.1674000000000015,0,3
Yes,294.37300000000005,4.249900000000003,2,1
Yes,328.81800000000004,4.903300000000003,2,1
No,362.42300000000006,5.542200000000004,2,1
Yes,318.411,4.769700000000003,2,1
Yes,328.81800000000004,4.903300000000003,2,1
Yes,276.3829999999999,4.3019000000000025,2,1
Yes,318.392,4.450500000000003,2,2
Yes,294.301,2.5086000000000004,2,3
Yes,312.363,4.580100000000003,2,1
No,362.423,5.542200000000004,2,1
No,380.53500000000014,6.257000000000006,1,1
Yes,312.363,4.389000000000003,2,1
Yes,330.35300000000007,4.528100000000003,2,1
Yes,313.351,3.7840000000000016,2,2
No,380.5350000000002,6.257000000000006,1,1
Yes,312.363,4.389000000000003,2,1
Yes,290.4100000000001,4.6441000000000034,1,1
No,366.50800000000015,6.2145000000000055,1,1
Yes,290.4100000000001,4.991700000000004,1,1
Yes,328.81800000000004,4.903300000000003,2,1
Yes,276.3829999999999,4.3019000000000025,2,1
Yes,355.3880000000001,3.974300000000002,3,2
No,587.4420000000002,6.155500000000004,1,3
Yes,398.4660000000002,3.9566200000000027,2,3
Yes,419.46900000000016,1.6995999999999991,2,4
Yes,419.91600000000005,3.4607800000000024,1,4
Yes,372.432,2.0931799999999994,1,5
Yes,422.4920000000001,3.246380000000002,1,5
Yes,385.47100000000006,2.693780000000001,1,4
Yes,476.58400000000023,4.001380000000003,0,5
Yes,419.9160000000001,3.3471800000000016,1,4
Yes,441.57900000000024,4.206280000000004,0,4
Yes,422.9600000000002,4.488500000000004,1,2
No,429.0080000000003,5.004500000000005,1,2
No,315.819,6.326600000000004,0,0
Yes,438.93400000000025,4.537300000000004,1,2
No,267.347,5.0671000000000035,0,0
Yes,408.5210000000002,3.7982000000000022,1,3
Yes,480.99600000000027,4.115600000000003,2,3
Yes,422.5730000000001,4.550400000000004,1,3
No,331.81800000000004,5.430600000000003,1,1
Yes,466.9690000000002,4.186700000000004,2,3
Yes,287.721,4.625600000000002,0,1
No,287.76500000000004,5.375500000000003,0,0
Yes,303.76400000000007,4.866400000000002,1,1
No,287.76500000000004,5.546400000000004,0,0
Yes,302.78000000000003,4.484600000000003,0,1
No,301.748,5.0157000000000025,0,1
Yes,289.737,4.476300000000002,1,1
Yes,406.50500000000017,3.9742000000000033,1,2
Yes,273.738,4.985400000000002,0,0
Yes,495.0230000000002,4.204000000000003,1,4
Yes,467.59100000000035,3.137780000000002,2,6
No,473.6570000000001,5.3757000000000055,3,4
Yes,480.99600000000027,4.275100000000003,1,4
Yes,328.81800000000004,4.890000000000003,1,1
Yes,339.4140000000001,3.862300000000003,2,3
No,444.55400000000026,5.048300000000005,2,4
Yes,312.804,3.3805000000000023,2,4
Yes,381.51600000000013,4.839600000000005,0,4
Yes,381.51600000000013,4.839600000000005,0,4
Yes,399.4540000000001,2.799480000000001,1,5
Yes,475.55200000000025,4.388880000000004,1,5
No,509.99700000000024,5.042280000000005,1,5
Yes,463.5410000000002,4.3417800000000035,0,5
Yes,399.4540000000001,2.799480000000001,1,5
Yes,463.5410000000002,4.3417800000000035,0,5
Yes,413.4810000000002,3.360480000000001,1,5
Yes,463.4970000000003,3.526180000000002,1,5
Yes,425.4920000000002,3.286780000000001,1,5
Yes,425.4920000000002,3.286780000000001,1,5
Yes,441.4910000000002,3.1230800000000007,1,6
Yes,435.48700000000025,3.957080000000004,1,5
Yes,441.4910000000002,3.1230800000000007,1,6
Yes,463.4970000000003,3.526180000000002,1,5
Yes,449.5140000000003,3.9995800000000035,1,5
Yes,439.5190000000002,3.6768800000000015,1,5
Yes,425.4920000000002,3.286780000000001,1,5
Yes,439.5190000000002,3.6768800000000015,1,5
Yes,425.4920000000002,3.286780000000001,1,5
Yes,435.48700000000025,3.957080000000004,1,5
No,539.6390000000002,5.652300000000005,1,4
Yes,401.4250000000001,3.8819000000000035,0,3
Yes,408.92900000000014,4.715480000000005,2,4
No,320.47700000000003,5.209800000000006,0,3
No,338.98699999999997,6.489700000000008,0,0
Yes,352.50000000000006,2.16868,1,5
No,528.9510000000001,9.151699999999998,1,2
Yes,372.9000000000001,4.386600000000003,1,3
Yes,458.4270000000002,4.127200000000003,2,3
No,428.941,5.287100000000005,0,5
No,398.9150000000002,5.278500000000005,0,4
Yes,467.6500000000003,4.413800000000004,2,5
Yes,421.45900000000006,4.725000000000004,2,3
Yes,421.45900000000006,4.611400000000004,2,3
Yes,354.4000000000001,3.6690000000000023,1,2
Yes,452.9420000000002,3.9231000000000025,1,6
Yes,417.57500000000016,2.8843200000000015,1,5
Yes,444.6010000000001,2.8341200000000004,2,5
Yes,424.61100000000016,2.4648000000000003,1,5
Yes,464.67600000000033,3.3891000000000018,1,5
Yes,410.5840000000001,2.1225999999999994,2,5
Yes,476.6870000000004,3.437000000000002,2,5
Yes,450.6490000000003,3.046900000000001,2,5
Yes,476.6870000000004,3.3891000000000018,1,5
Yes,386.44600000000014,3.6906000000000025,1,3
Yes,347.38000000000005,4.588900000000004,0,1
Yes,421.4590000000002,4.611400000000004,2,3
No,574.6390000000002,-2.5175999999999936,8,7
No,632.7950000000003,4.8494000000000055,0,6
Yes,270.332,2.2568,1,3
Yes,270.332,2.2568,1,3
Yes,264.756,2.1639999999999997,1,2
Yes,286.40000000000003,2.7253000000000007,1,3
No,543.6090000000002,5.307880000000005,1,4
No,574.623,5.159600000000004,2,6
Yes,449.6430000000002,4.925520000000005,1,4
No,463.67000000000024,5.315620000000005,1,4
No,491.60200000000015,5.467920000000006,1,4
No,559.3890000000004,3.5210000000000017,2,5
Yes,424.4280000000002,3.055200000000001,1,6
Yes,424.4280000000002,3.055200000000001,1,6
Yes,437.4710000000002,3.284900000000002,2,5
Yes,428.4350000000002,3.4742000000000015,1,5
Yes,437.60300000000024,3.9117000000000033,0,3
Yes,492.6390000000004,2.734,0,4
Yes,450.46600000000024,3.542500000000003,1,6
Yes,463.5090000000003,3.7722000000000024,2,5
Yes,454.0580000000003,4.426000000000004,0,3
Yes,487.61000000000024,4.791400000000005,0,3
Yes,352.40000000000015,3.8054000000000023,0,2
Yes,355.4040000000002,3.475200000000002,1,2
Yes,377.53200000000027,4.465600000000004,0,2
Yes,313.44500000000016,2.9217000000000013,0,2
Yes,315.4610000000002,3.0120000000000013,0,2
Yes,347.4590000000002,2.2079000000000004,0,4
Yes,287.4070000000001,2.1907000000000005,0,2
Yes,295.47100000000006,2.890500000000001,0,2
Yes,329.48800000000017,3.087100000000002,0,2
Yes,339.4800000000002,2.1860999999999997,0,4
Yes,390.57200000000034,2.4930000000000003,0,3
Yes,350.5070000000003,1.9031999999999996,1,3
Yes,299.418,2.6824000000000012,0,2
Yes,271.36400000000003,1.9021999999999997,0,2
Yes,273.38000000000005,2.1482,0,2
Yes,299.41800000000006,2.6824000000000012,0,2
Yes,325.4120000000001,2.1953199999999997,1,3
No,579.0570000000004,4.436170000000003,4,7
No,535.0480000000003,5.1254700000000035,3,6
No,540.407,5.0149700000000035,4,5
No,540.4070000000002,5.0149700000000035,4,5
No,568.461,5.493470000000005,3,6
Yes,495.9230000000002,3.589970000000002,4,6
Yes,494.62000000000023,4.4139000000000035,1,5
Yes,449.53900000000016,4.779700000000004,1,5
Yes,431.52100000000013,3.3637000000000024,1,6
Yes,431.52100000000013,3.3637000000000024,1,6
Yes,476.6020000000003,3.1115000000000013,1,7
Yes,497.01400000000024,4.761680000000005,2,4
No,511.0850000000004,6.813880000000007,1,3
No,565.1330000000002,6.586080000000007,1,4
No,545.0800000000002,5.119080000000005,1,4
No,559.1070000000002,5.509180000000006,1,4
No,559.1070000000001,5.366680000000005,1,4
No,606.6859999999999,6.122180000000006,1,4
No,524.6620000000004,4.713280000000005,1,4
No,592.659,5.732080000000006,1,4
No,556.6790000000001,5.242480000000005,1,4
No,542.6520000000002,4.852380000000005,1,4
No,559.1070000000002,5.366680000000005,1,4
No,523.0520000000004,5.953580000000006,1,3
No,571.619,6.1118800000000055,2,3
No,543.1710000000004,7.003800000000008,1,3
No,527.6560000000002,6.214500000000007,1,4
No,571.225,7.78400000000001,1,3
No,598.2510000000003,6.6896000000000075,1,4
No,585.2080000000002,6.508800000000008,2,4
No,557.154,6.578300000000007,2,3
No,593.2090000000002,5.991400000000006,2,4
No,515.1170000000004,6.400900000000006,2,3
No,516.1010000000003,6.434500000000008,2,3
No,529.1000000000004,6.0411000000000055,2,3
No,650.673,4.970900000000005,2,6
No,608.6360000000001,5.465900000000006,1,5
No,580.5820000000001,4.863000000000004,2,5
No,591.1930000000001,5.556600000000006,1,4
No,563.1390000000002,4.953700000000004,2,4
Yes,478.03700000000015,4.960100000000004,2,5
Yes,426.49200000000025,3.201800000000002,2,5
Yes,412.4650000000002,2.811700000000001,2,5
Yes,414.4370000000002,2.12018,2,6
Yes,400.41000000000014,1.85948,2,6
Yes,428.46400000000017,2.51028,2,6
Yes,375.40000000000015,1.9656999999999998,2,5
Yes,396.4470000000002,2.11048,2,6
Yes,428.4640000000002,2.5102800000000007,2,6
Yes,403.4540000000002,2.616500000000001,2,5
Yes,414.4370000000002,2.24958,2,6
Yes,442.4910000000002,2.900380000000001,2,6
Yes,466.5590000000002,3.446500000000002,3,5
Yes,474.4540000000001,3.742520000000004,1,5
No,1071.398,7.1857000000000095,3,12
No,590.6400000000001,3.0021000000000013,2,11
No,502.7030000000003,6.7609000000000075,1,5
Yes,438.5750000000002,4.843480000000004,1,4
No,524.6940000000003,5.885140000000006,0,7
Yes,340.4230000000001,2.666400000000001,3,4
Yes,401.45700000000016,2.5622000000000007,1,3
Yes,344.40500000000014,3.493900000000002,1,2
Yes,381.4760000000002,4.311600000000003,1,6
Yes,460.5560000000003,2.9590000000000014,2,8
No,496.0510000000003,5.873400000000006,1,6
No,509.0500000000004,4.879000000000005,1,7
Yes,341.382,4.696900000000003,0,2
Yes,357.38100000000003,4.363000000000002,0,3
No,534.6320000000004,3.542200000000002,2,6
No,538.5950000000005,3.291200000000001,2,6
No,539.6230000000004,4.720400000000004,1,6
Yes,377.4410000000001,1.8229999999999995,1,5
No,549.5900000000003,4.893600000000004,2,5
Yes,414.9330000000001,3.630200000000002,3,4
Yes,398.4780000000001,3.1159000000000017,3,4
Yes,394.51500000000027,3.2852200000000016,3,4
Yes,384.4510000000001,2.7274000000000003,3,4
Yes,327.4240000000001,2.7977000000000007,3,4
Yes,327.42800000000005,3.415000000000002,2,3
Yes,478.5680000000003,3.2340000000000018,0,6
No,608.0070000000002,5.850700000000005,2,3
No,584.0350000000003,5.547000000000005,2,5
No,550.5780000000002,4.288600000000003,2,6
Yes,353.38200000000023,0.1780999999999986,1,6
Yes,365.4410000000001,0.5409799999999999,1,6
Yes,380.45200000000017,1.3187000000000002,1,7
Yes,337.42700000000013,1.3929599999999998,1,5
Yes,350.4660000000001,2.4432,1,5
Yes,336.4390000000001,2.1347799999999992,1,5
No,465.6130000000003,5.663300000000006,2,3
No,584.6010000000001,7.113100000000007,2,3
No,542.568,6.2049000000000065,1,4
Yes,499.6590000000003,4.629240000000004,0,5
Yes,460.53800000000024,3.9266600000000027,1,7
No,552.6260000000002,6.081720000000005,0,7
No,498.6560000000003,5.3713400000000044,0,7
No,498.6560000000003,5.3713400000000044,0,7
Yes,487.6000000000003,4.639300000000004,0,5
Yes,442.5630000000002,4.7873000000000046,0,5
No,441.5750000000002,5.392300000000005,0,4
No,475.03200000000027,6.650700000000007,0,3
Yes,487.60000000000036,4.639300000000004,0,5
No,471.60100000000034,5.4009000000000045,0,5
No,471.60100000000034,5.4009000000000045,0,5
No,505.05800000000033,6.659300000000007,0,4
No,475.03200000000027,6.650700000000007,0,3
Yes,394.50000000000006,3.337600000000001,3,5
Yes,320.392,4.694020000000004,1,4
No,527.9240000000003,4.6552000000000024,2,7
No,510.5120000000002,4.698000000000004,1,5
Yes,388.4350000000002,4.139440000000002,2,7
No,491.94100000000014,5.309100000000004,1,3
No,478.3960000000001,6.619400000000004,1,5
Yes,391.51500000000016,4.073420000000003,1,4
Yes,457.5270000000002,2.8520800000000017,0,6
Yes,342.83000000000015,3.7353000000000023,1,4
Yes,426.49200000000025,3.081320000000002,1,6
Yes,298.4150000000001,3.0970200000000023,2,5
Yes,475.55200000000025,4.388880000000004,1,5
No,509.99700000000024,5.042280000000005,1,5
Yes,413.4810000000002,3.360480000000001,1,5
Yes,449.5140000000003,3.9995800000000035,1,5
Yes,449.5140000000003,3.9995800000000035,1,5
Yes,382.9610000000001,3.609700000000002,2,5
Yes,326.3960000000001,2.3108000000000004,2,4
No,513.6490000000003,2.1483999999999996,1,9
Yes,376.5000000000001,4.114900000000003,1,3
Yes,433.3570000000002,2.9369000000000014,3,5
Yes,371.3520000000002,4.871400000000005,1,2
No,428.02000000000015,5.931500000000006,2,2
Yes,391.3420000000002,4.943820000000005,1,2
Yes,431.37900000000025,4.732500000000004,1,3
Yes,475.6180000000003,4.483400000000003,2,6
Yes,475.6180000000003,4.483400000000002,2,6
Yes,461.59100000000024,4.093300000000002,2,6
Yes,461.59100000000024,4.093300000000002,2,6
Yes,477.63400000000047,3.9292000000000034,3,7
No,511.6550000000004,4.931500000000004,2,8
No,511.6730000000003,3.8965000000000023,2,7
No,504.66000000000025,4.666400000000003,3,6
Yes,433.58100000000036,4.2245000000000035,3,6
Yes,449.53600000000034,3.7234000000000025,3,7
Yes,447.56400000000036,3.751100000000002,3,6
No,501.6500000000002,4.786600000000004,2,5
Yes,276.383,3.641700000000002,2,1
Yes,276.383,3.641700000000001,2,1
Yes,402.4980000000002,3.2388200000000014,1,5
Yes,416.52500000000026,3.2631200000000016,0,5
Yes,402.49800000000016,3.2388200000000014,1,5
Yes,416.5250000000002,3.2631200000000016,0,5
Yes,499.5200000000003,3.980000000000002,2,7
Yes,481.5300000000003,3.840900000000002,2,7
Yes,350.50600000000014,4.255520000000003,1,3
Yes,350.50600000000014,4.255520000000003,1,3
Yes,363.4610000000001,3.5588200000000025,0,4
Yes,389.4990000000002,4.089820000000003,0,4
Yes,455.5090000000003,3.8961000000000023,2,6
Yes,474.39200000000034,4.534600000000004,2,6
Yes,437.51900000000023,3.675320000000003,2,6
Yes,442.46600000000024,3.715300000000002,3,6
Yes,441.48200000000026,3.506000000000002,2,6
Yes,471.50800000000027,3.132500000000002,2,7
Yes,467.5450000000003,3.301820000000002,2,7
No,563.6690000000003,6.171200000000006,1,7
Yes,402.90300000000013,4.346220000000002,1,3
Yes,390.4380000000002,0.6733799999999999,1,6
Yes,366.41600000000005,-0.15249999999999853,1,6
Yes,366.4160000000001,0.19670000000000054,1,6
Yes,433.42500000000024,1.8204999999999998,1,5
Yes,428.22200000000015,1.0647999999999997,0,4
Yes,377.48800000000017,3.948920000000003,0,4
Yes,349.43400000000014,3.2504000000000017,0,4
Yes,431.45800000000037,4.577620000000003,0,4
Yes,431.4580000000003,4.577620000000003,0,4
Yes,397.9060000000003,4.212220000000003,0,4
Yes,381.45100000000025,3.6979200000000025,0,4
Yes,381.45100000000025,3.6979200000000025,0,4
Yes,381.45100000000025,3.6979200000000025,0,4
Yes,381.45100000000025,3.6979200000000025,0,4
Yes,393.4870000000002,3.567420000000002,0,5
Yes,393.4870000000002,3.567420000000003,0,5
Yes,393.4870000000002,3.567420000000002,0,5
Yes,393.48700000000025,3.567420000000002,0,5
Yes,377.48800000000017,3.8672400000000033,0,4
Yes,377.48800000000017,3.8672400000000033,0,4
Yes,377.4880000000002,3.8672400000000033,0,4
Yes,377.4880000000002,3.8672400000000033,0,4
Yes,425.5320000000004,4.917400000000004,0,4
Yes,391.51500000000027,4.373800000000005,0,4
Yes,391.51500000000027,4.202900000000004,0,4
Yes,377.4880000000002,3.812800000000003,0,4
Yes,431.4580000000003,4.577620000000003,0,4
Yes,322.4520000000001,3.7001000000000017,1,2
Yes,324.42400000000015,3.6740000000000013,1,3
No,500.4810000000001,5.737000000000005,1,4
Yes,315.2440000000001,3.339900000000002,1,2
No,434.3430000000001,6.473000000000002,1,4
Yes,368.45800000000014,4.385200000000004,1,5
Yes,397.5000000000001,3.161500000000002,2,6
Yes,367.47400000000016,3.7859000000000025,1,5
Yes,378.6110000000001,4.590400000000003,1,5
No,406.6650000000002,5.369000000000005,1,5
Yes,420.51300000000026,3.3998000000000017,0,6
Yes,407.48900000000003,4.1353000000000035,0,4
No,457.49600000000004,5.015000000000005,0,4
Yes,423.9440000000001,4.649600000000004,0,4
Yes,403.52600000000024,4.304620000000003,0,4
Yes,419.52500000000026,4.004800000000003,0,5
Yes,419.52500000000026,4.004800000000003,0,5
Yes,419.52500000000026,4.004800000000003,0,5
Yes,419.5250000000003,4.004800000000003,0,5
Yes,403.52600000000007,4.386300000000004,0,4
Yes,389.499,3.9962000000000035,0,4
Yes,363.461,3.465200000000002,0,4
No,439.5590000000002,5.307500000000005,0,4
No,453.58600000000024,5.366600000000005,0,4
Yes,405.54200000000003,4.899200000000005,0,4
Yes,405.54200000000003,4.728300000000004,0,4
Yes,391.515,4.338200000000004,0,4
Yes,377.488,3.8553000000000033,0,4
Yes,486.3780000000001,4.966700000000005,1,4
Yes,454.5740000000004,4.546300000000004,3,4
Yes,467.59100000000035,3.137780000000002,2,6
Yes,385.46400000000006,2.2154,4,5
Yes,384.4760000000002,2.7002000000000006,1,5
Yes,337.2500000000001,4.508100000000003,1,3
Yes,323.22300000000007,4.118000000000003,1,3
Yes,389.4590000000001,3.5767000000000024,1,5
No,369.5300000000002,5.165600000000005,0,4
No,383.5570000000003,5.555700000000005,0,4
No,431.60100000000034,6.518400000000007,0,4
No,369.5300000000002,5.165600000000005,0,4
No,367.514,5.424500000000005,0,4
Yes,399.51200000000006,4.106100000000003,0,5
Yes,431.55400000000037,3.855800000000003,0,6
Yes,431.55400000000037,3.855800000000003,0,6
Yes,431.5540000000002,3.855800000000003,0,6
Yes,431.5540000000002,3.855800000000003,0,6
Yes,445.58100000000024,4.245900000000003,0,6
Yes,445.5810000000002,4.2443000000000035,0,6
Yes,445.5810000000002,4.2443000000000035,0,6
Yes,459.60800000000023,4.491900000000004,0,6
Yes,457.59200000000027,4.386800000000004,0,6
Yes,431.5540000000002,3.855800000000003,0,6
Yes,431.5540000000002,3.855800000000003,0,6
Yes,468.5580000000002,2.032800000000001,1,9
Yes,341.842,3.597800000000003,0,2
No,559.7330000000004,1.2457000000000022,2,7
Yes,428.5980000000003,3.8377000000000026,1,4
Yes,462.63700000000034,2.799500000000001,0,5
Yes,435.5930000000002,4.253900000000003,1,4
Yes,344.48000000000013,3.027800000000001,1,3
Yes,402.5600000000002,3.305100000000002,1,4
Yes,414.5710000000003,3.4013000000000027,0,4
Yes,372.53400000000016,3.678600000000002,1,3
Yes,398.57200000000023,4.068700000000003,1,3
Yes,442.62500000000034,4.1799000000000035,0,4
Yes,442.6250000000003,4.178300000000004,0,4
Yes,412.59900000000033,4.555000000000004,0,3
Yes,398.57200000000023,4.211200000000003,1,3
Yes,434.6050000000002,4.858900000000005,1,3
No,420.57800000000015,5.181200000000005,1,3
Yes,279.3870000000001,2.9807000000000015,0,3
Yes,293.414,3.5417000000000023,0,3
Yes,310.466,4.552200000000004,0,3
Yes,326.362,3.3096000000000014,1,2
Yes,295.814,2.923800000000001,0,2
Yes,309.7970000000001,2.607800000000001,0,3
Yes,375.944,4.482600000000004,0,2
Yes,319.836,3.066300000000002,0,2
Yes,377.9160000000001,3.1864000000000017,0,3
No,423.9880000000001,5.240200000000006,0,2
Yes,347.89,3.7040000000000024,0,2
Yes,375.94400000000013,4.340100000000004,0,2
Yes,409.9610000000001,4.461400000000004,0,2
Yes,333.86299999999994,3.598900000000003,0,2
Yes,413.9490000000001,4.470200000000005,0,3
Yes,413.9490000000002,4.263200000000004,0,3
No,418.36800000000017,5.1150000000000055,0,2
Yes,387.911,3.765100000000003,0,3
Yes,417.93700000000007,3.7737000000000025,0,4
Yes,451.9580000000003,4.511600000000004,0,5
Yes,399.9470000000002,4.9287000000000045,0,3
Yes,348.83400000000006,3.0104200000000017,0,4
Yes,375.92500000000007,4.091900000000003,0,3
Yes,387.9550000000001,4.482600000000004,0,2
Yes,389.97100000000034,4.730200000000004,0,2
No,423.52300000000037,5.0956000000000055,0,2
Yes,369.55300000000017,4.385220000000004,0,2
Yes,385.5520000000002,4.0854000000000035,0,3
Yes,369.55300000000017,4.385220000000004,0,2
Yes,355.52600000000024,4.076800000000003,0,2
Yes,373.51600000000025,4.215900000000004,0,2
Yes,389.4780000000002,4.570120000000004,0,3
Yes,436.5750000000002,4.550900000000004,0,4
Yes,312.4570000000001,2.7463000000000015,0,3
Yes,336.89200000000005,3.799400000000002,0,5
Yes,403.5550000000002,4.684680000000004,0,6
Yes,421.54500000000013,4.823780000000005,0,6
Yes,397.5230000000002,4.347100000000004,0,6
Yes,397.52300000000014,4.347100000000004,0,6
Yes,397.52300000000025,4.347100000000004,0,6
Yes,404.54300000000023,4.079680000000003,0,7
Yes,409.5590000000002,4.216600000000003,0,7
Yes,409.5590000000002,4.216600000000003,0,7
Yes,393.5600000000002,4.516420000000004,0,6
Yes,395.53200000000015,3.9136000000000024,1,7
Yes,394.5480000000002,3.790200000000003,1,7
Yes,436.5850000000003,4.166400000000003,1,7
Yes,380.5210000000001,3.6030000000000024,0,7
Yes,395.5360000000001,3.185200000000002,1,8
Yes,397.5230000000002,4.347100000000004,0,6
Yes,397.52300000000014,4.347100000000003,0,6
Yes,397.5230000000003,4.347100000000003,0,6
Yes,404.54300000000023,4.079680000000002,0,7
Yes,409.55900000000025,4.216600000000003,0,7
Yes,409.5590000000002,4.216600000000003,0,7
Yes,393.5600000000002,4.516420000000004,0,6
Yes,395.5320000000002,3.9136000000000024,1,7
Yes,394.54800000000023,3.790200000000003,1,7
Yes,436.5850000000003,4.166400000000004,1,7
Yes,380.52100000000013,3.6030000000000024,0,7
Yes,395.5360000000002,3.185200000000002,1,8
Yes,187.15799999999993,0.8466799999999995,0,4
No,911.1840000000001,3.9401000000000077,6,15
No,911.1840000000001,3.6967000000000083,6,15
No,875.151,3.049000000000008,6,15
No,764.0070000000003,2.3560000000000048,6,14
No,697.9510000000001,5.196700000000007,2,11
No,879.139,2.1429000000000085,6,16
No,863.1400000000001,2.904900000000008,6,15
No,899.133,2.809000000000007,6,17
No,851.0850000000002,2.0579000000000076,6,16
No,903.0830000000002,3.0588000000000064,6,15
No,849.113,2.516400000000007,6,15
No,865.1120000000001,1.4888000000000075,7,16
No,819.0870000000001,3.011400000000007,5,14
No,905.1769999999999,2.675500000000009,6,16
No,891.1939999999998,3.6867000000000076,6,15
No,899.133,2.809000000000007,6,17
No,861.124,2.6589000000000076,6,15
No,863.14,2.906500000000008,6,15
No,847.0970000000001,2.270400000000007,6,15
No,821.0590000000001,1.8656000000000073,6,15
No,877.1669999999999,3.2966000000000073,6,15
No,835.0860000000001,2.126300000000007,6,15
No,849.113,2.4685000000000064,5,15
No,911.1840000000001,3.9401000000000077,6,15
Yes,422.57300000000015,4.029800000000003,0,5
Yes,421.58500000000015,4.634800000000005,0,4
Yes,419.56900000000013,4.554900000000004,0,4
Yes,465.49100000000016,4.836700000000005,0,4
Yes,472.58900000000034,4.795900000000004,0,6
Yes,472.5890000000003,4.795900000000004,0,6
Yes,442.5630000000002,4.7873000000000046,0,5
Yes,487.60000000000036,4.694200000000003,1,5
Yes,434.5840000000001,4.098600000000004,0,5
Yes,448.61100000000016,4.285800000000004,1,5
Yes,405.5420000000001,3.9234000000000036,0,4
Yes,446.59500000000014,4.366400000000003,1,5
Yes,434.5840000000002,3.8957000000000024,1,5
Yes,436.55600000000015,3.6895000000000016,1,6
Yes,434.5840000000002,3.8957000000000024,1,5
Yes,434.5840000000002,3.8957000000000024,1,5
Yes,434.5840000000002,3.8957000000000024,1,5
Yes,419.56900000000013,4.313500000000004,0,4
Yes,476.6650000000002,4.921900000000004,1,5
No,476.6650000000002,5.066000000000004,1,5
Yes,470.56400000000014,4.445000000000004,1,5
No,413.60500000000013,5.965820000000006,1,2
No,443.5870000000001,5.355600000000005,2,3
No,419.6530000000002,6.631100000000008,1,2
Yes,267.372,2.9221000000000013,2,2
No,476.5840000000003,5.647200000000005,2,6
Yes,491.9260000000004,4.373700000000003,2,5
No,404.485,5.368900000000005,1,3
Yes,302.353,2.769680000000001,1,4
Yes,309.37300000000005,2.5022600000000006,1,5
Yes,310.356,4.185780000000004,1,3
Yes,317.392,3.509080000000002,1,4
Yes,430.3570000000001,3.525800000000002,3,4
Yes,427.35300000000007,4.127100000000003,2,3
Yes,416.37400000000014,3.999200000000002,3,4
Yes,418.3460000000001,3.445400000000001,3,5
Yes,494.55900000000014,4.304040000000001,4,8
Yes,278.74299999999994,2.1605999999999996,0,5
Yes,292.77,2.4690200000000004,0,5
Yes,419.45800000000014,3.6833000000000027,1,5
Yes,410.41500000000013,3.2184000000000017,1,3
Yes,480.5310000000003,3.442400000000003,1,5
No,528.5750000000002,4.4051000000000045,1,5
No,504.47500000000025,4.623900000000004,0,4
Yes,468.4950000000002,4.029500000000003,0,4
Yes,436.4780000000002,3.6914000000000025,0,4
Yes,440.5630000000003,3.8632000000000035,0,4
Yes,424.4420000000002,3.5606000000000027,0,3
Yes,438.46900000000016,3.950700000000003,0,3
Yes,422.4510000000002,3.301300000000002,0,4
Yes,438.57200000000034,3.390500000000001,1,5
Yes,408.5460000000002,3.3819000000000017,1,4
Yes,382.50800000000015,2.8477000000000015,1,4
Yes,426.5360000000003,3.5210000000000017,1,4
Yes,408.42400000000015,2.959100000000001,1,4
Yes,410.41500000000013,3.2184000000000017,1,3
Yes,456.24500000000023,4.2512000000000025,1,3
Yes,477.36700000000036,4.022500000000003,2,3
No,522.4080000000001,2.9467000000000017,2,4
Yes,466.58200000000033,2.6159,1,7
No,506.5340000000004,4.248840000000003,1,7
No,522.0490000000003,4.698200000000004,1,6
Yes,286.202,3.116900000000001,1,2
Yes,374.40999999999997,4.452580000000004,0,4
Yes,376.42600000000004,4.744880000000005,1,4
Yes,427.5490000000002,3.981740000000003,0,6
Yes,481.5190000000002,4.692120000000004,0,6
Yes,463.52900000000017,4.553020000000004,0,6
Yes,425.55800000000016,3.5428200000000025,0,7
No,455.6310000000002,5.094420000000004,0,5
Yes,473.56800000000015,4.9600200000000045,0,5
Yes,460.5290000000001,4.046600000000002,0,6
Yes,481.5190000000002,4.692120000000004,0,6
Yes,460.00300000000016,4.196220000000004,0,7
No,485.6570000000002,5.103020000000004,0,6
Yes,425.55800000000016,3.5428200000000025,0,7
Yes,481.5190000000002,4.6921200000000045,0,6
No,490.07600000000025,5.747820000000006,0,5
No,493.62400000000014,5.329940000000005,0,6
Yes,413.52200000000016,3.673320000000002,0,6
Yes,413.52200000000016,3.673320000000002,0,6
Yes,481.5190000000002,4.6921200000000045,0,6
No,524.5210000000003,6.401220000000006,0,5
Yes,429.9770000000002,4.1876200000000035,0,6
Yes,493.5550000000002,4.561620000000004,0,7
Yes,463.52900000000017,4.5530200000000045,0,6
Yes,464.42200000000025,4.841020000000005,0,6
Yes,481.5190000000002,4.6921200000000045,0,6
Yes,447.9670000000002,4.3267200000000035,0,6
Yes,479.5280000000002,4.432820000000004,0,7
Yes,463.52900000000017,4.5530200000000045,0,6
Yes,474.42800000000017,4.296720000000003,0,6
Yes,429.9770000000002,4.1876200000000035,0,6
Yes,481.5190000000002,4.6921200000000045,0,6
Yes,479.5280000000002,4.432820000000004,0,7
No,511.7390000000003,6.391920000000006,0,5
No,382.94793800000014,5.606570000000003,2,3
Yes,315.2440000000001,3.4535000000000027,1,2
No,555.7640000000001,4.607940000000004,0,7
No,579.6850000000002,4.387500000000003,1,5
Yes,293.414,3.2891200000000023,0,3
Yes,293.414,3.2891200000000023,0,3
Yes,293.414,3.2891200000000023,0,3
Yes,309.41299999999995,2.989300000000002,0,4
Yes,279.3870000000001,2.9807000000000015,0,3
Yes,279.38700000000006,2.9807000000000015,0,3
Yes,323.44,3.5503000000000027,0,4
Yes,298.455,4.208200000000004,0,3
Yes,312.48199999999997,4.516620000000004,0,3
Yes,293.414,3.2891200000000023,0,3
Yes,309.41299999999995,2.989300000000002,0,4
Yes,313.8320000000001,3.6341000000000028,0,3
Yes,297.3770000000001,3.1198000000000015,0,3
Yes,343.858,3.642700000000003,0,4
Yes,327.40299999999996,3.128400000000002,0,4
Yes,297.3770000000001,3.1198000000000015,0,3
Yes,313.8320000000001,3.6341000000000028,0,3
Yes,307.441,3.850120000000003,0,3
Yes,323.44,3.5503000000000027,0,4
Yes,337.46700000000004,3.8587200000000035,0,4
Yes,353.46600000000007,3.558900000000002,0,5
Yes,341.43,3.6894000000000027,0,4
Yes,316.445,4.347300000000004,0,3
Yes,312.48199999999997,4.516620000000004,0,3
Yes,328.481,4.216800000000004,0,4
Yes,310.466,4.552200000000004,0,3
Yes,310.466,4.552200000000004,0,3
Yes,296.439,4.2100000000000035,1,3
No,336.50399999999996,5.086400000000005,0,3
Yes,322.477,4.696300000000004,0,3
Yes,310.466,4.5522000000000045,0,3
Yes,310.466,4.5522000000000045,0,3
Yes,310.466,4.5522000000000045,0,3
Yes,310.466,4.552200000000004,0,3
Yes,324.493,4.860620000000004,0,3
Yes,340.492,4.560800000000003,0,4
Yes,328.456,4.691300000000004,0,3
Yes,324.49300000000005,4.860620000000005,0,3
Yes,340.492,4.560800000000004,0,4
Yes,328.456,4.691300000000004,0,3
No,344.911,5.205600000000005,0,3
Yes,328.456,4.691300000000004,0,3
Yes,324.493,4.860620000000004,0,3
Yes,340.492,4.560800000000004,0,4
Yes,324.493,4.860620000000004,0,3
Yes,340.492,4.560800000000004,0,4
Yes,328.456,4.691300000000004,0,3
No,344.911,5.205600000000005,0,3
Yes,316.495,4.613700000000004,0,4
Yes,316.495,4.613700000000003,0,4
Yes,316.495,4.613700000000004,0,4
Yes,299.44300000000004,3.811200000000002,0,3
Yes,299.44300000000004,3.811200000000002,0,3
No,525.3180000000003,6.879100000000006,1,2
No,456.4280000000004,5.572300000000006,1,2
No,442.40100000000035,5.894600000000006,1,2
No,474.4180000000004,5.711400000000006,1,2
Yes,389.90200000000016,4.679600000000004,1,2
Yes,390.89000000000016,4.074600000000003,1,3
Yes,405.9010000000003,3.652000000000003,2,3
Yes,450.3520000000003,3.7611000000000034,2,3
No,452.9610000000003,5.254900000000005,1,3
Yes,467.97600000000017,4.837100000000004,2,4
Yes,453.9490000000003,4.649900000000004,1,4
No,479.4220000000003,5.224900000000004,1,3
Yes,480.4100000000003,4.619900000000004,1,4
No,520.9690000000003,6.276440000000005,1,6
Yes,444.8710000000001,4.535420000000004,1,6
Yes,379.46000000000004,2.7235000000000005,4,4
Yes,361.44500000000005,3.5532200000000014,3,3
Yes,357.49800000000005,3.4312000000000022,0,4
Yes,323.4150000000001,4.032900000000003,0,2
Yes,306.41300000000007,3.288800000000002,0,3
Yes,335.4510000000001,3.9245000000000028,0,3
Yes,323.4150000000001,4.032900000000003,0,2
Yes,424.5530000000002,2.62402,1,8
Yes,410.5260000000002,2.782140000000001,3,8
Yes,424.5530000000002,2.7997200000000007,2,8
Yes,453.54700000000025,3.1732200000000006,2,8
No,580.7210000000001,8.463300000000007,2,4
No,581.7090000000001,7.858300000000009,2,5
No,630.759,8.253500000000008,2,7
No,642.72,8.331100000000008,2,6
No,582.6970000000001,7.253300000000007,2,6
No,642.7200000000001,8.331100000000008,2,6
Yes,361.46100000000024,2.0218,1,4
Yes,361.46100000000024,2.0218,1,4
Yes,403.49800000000033,2.2807000000000004,0,4
Yes,450.46900000000016,2.57024,2,8
Yes,451.4570000000002,1.9107999999999996,2,9
Yes,451.4570000000002,2.0453199999999994,2,9
Yes,465.4840000000002,2.2992999999999997,2,9
No,421.78100000000006,5.011200000000002,1,3
No,438.7830000000001,5.755300000000004,1,2
Yes,429.348,4.973580000000001,1,3
No,418.365,5.410320000000003,1,2
No,455.23800000000006,6.269600000000004,1,2
Yes,306.41300000000007,3.6517000000000017,1,3
Yes,306.41300000000007,3.6517000000000017,1,3
Yes,320.43999999999994,3.9601200000000025,1,3
Yes,334.467,3.970520000000003,0,3
Yes,334.467,3.970520000000003,0,3
Yes,334.467,4.268540000000003,1,3
Yes,318.4240000000001,3.718600000000003,0,4
Yes,348.45,3.7272000000000025,0,5
Yes,401.5580000000002,4.627220000000004,0,5
No,408.54900000000004,5.694020000000005,0,4
Yes,337.511,4.497900000000004,0,3
No,399.5820000000003,5.918900000000006,0,3
No,409.53300000000013,5.079500000000006,0,3
No,399.5630000000001,6.052100000000006,0,4
No,419.61900000000026,6.422020000000006,0,5
No,415.56600000000026,5.1505200000000055,0,6
Yes,422.5980000000003,4.530120000000004,0,6
No,414.57800000000026,5.755520000000006,0,5
No,414.57800000000026,5.755520000000006,0,5
No,433.50600000000003,5.095920000000005,0,4
No,431.9670000000003,6.545420000000006,0,4
No,431.96700000000027,6.545420000000006,0,4
No,430.9830000000001,5.982500000000005,0,3
No,397.5220000000002,5.892020000000006,0,4
No,373.5250000000001,5.538300000000005,0,4
No,426.58900000000006,6.099420000000006,0,4
Yes,377.517,4.341220000000003,0,5
Yes,364.51800000000014,4.230800000000004,0,4
Yes,370.5000000000001,4.884720000000004,0,3
Yes,368.4840000000001,4.871800000000005,0,4
No,382.51100000000014,5.180220000000006,0,4
Yes,374.4840000000002,4.795100000000004,0,4
Yes,347.4870000000001,4.861780000000005,0,4
No,393.5560000000001,5.351970000000005,1,5
Yes,317.4360000000001,4.323600000000003,0,3
No,414.57800000000026,5.755520000000006,0,5
No,420.607,5.817020000000005,0,6
No,404.53900000000004,5.348520000000004,0,6
Yes,361.44500000000016,4.052300000000003,0,5
Yes,385.51500000000004,4.588140000000004,0,4
Yes,358.4490000000001,3.3663000000000025,0,5
Yes,296.41400000000004,2.8842000000000008,1,3
Yes,332.3940000000001,3.477000000000002,1,3
Yes,368.37400000000014,3.9133000000000013,1,3
Yes,368.37400000000014,3.913300000000002,1,3
Yes,442.46600000000035,3.3286000000000016,1,5
Yes,474.48300000000035,4.069200000000003,1,5
Yes,436.5120000000002,3.059000000000002,1,6
Yes,465.5290000000002,3.0214000000000008,1,5
Yes,330.4310000000001,4.998280000000005,0,3
Yes,341.4580000000001,4.800280000000004,0,3
Yes,240.35000000000005,3.2616000000000023,0,2
Yes,254.37699999999998,3.570020000000002,0,2
Yes,280.415,4.139000000000004,0,2
Yes,296.458,4.559100000000004,0,2
Yes,323.4650000000001,4.385100000000004,0,4
Yes,325.48100000000005,3.7550000000000034,0,4
No,351.51899999999995,5.001940000000005,0,4
Yes,317.4360000000001,4.323600000000003,0,3
Yes,317.4360000000001,4.323600000000003,0,3
Yes,351.8810000000001,4.977000000000005,0,3
Yes,331.46299999999997,4.632020000000004,0,3
Yes,345.49,4.940440000000004,0,3
No,401.4320000000001,5.048000000000005,1,4
Yes,318.4240000000001,3.718600000000003,0,4
No,469.44100000000014,6.753900000000005,0,5
No,399.56300000000016,6.0521000000000065,0,4
No,498.57400000000024,6.388200000000006,0,6
No,418.63100000000014,7.027020000000006,0,4
No,465.4280000000001,6.729520000000005,0,3
Yes,397.526,4.817720000000004,0,4
No,479.5500000000004,6.144940000000006,0,4
Yes,442.56700000000023,4.611420000000004,0,6
Yes,441.5830000000001,4.2787200000000025,0,6
Yes,335.45099999999996,4.533440000000004,0,4
Yes,386.2930000000001,4.679100000000004,0,4
No,590.7210000000005,4.720200000000005,1,7
No,613.7210000000003,5.830800000000008,1,5
No,629.7200000000004,5.7106000000000074,1,6
No,623.8160000000004,4.215500000000003,1,7
No,587.7210000000005,4.348200000000004,1,8
No,563.7140000000003,4.951100000000005,1,5
No,580.1690000000003,5.465400000000007,1,5
No,544.7400000000004,4.385000000000003,2,4
No,562.7300000000004,4.524100000000004,2,4
No,579.1850000000004,5.0384000000000055,2,4
No,589.7370000000004,4.293200000000004,2,6
No,612.7370000000003,5.403800000000007,2,4
No,628.7360000000003,5.283600000000006,2,5
No,637.8470000000004,3.2931000000000026,3,6
No,651.8740000000003,3.6353000000000035,2,6
No,529.7250000000003,4.244500000000004,1,4
No,559.7510000000003,4.2531000000000025,1,5
No,574.7220000000003,4.152700000000004,1,6
No,547.7150000000003,4.383600000000004,1,4
No,564.1700000000003,4.897900000000005,1,4
No,607.8170000000003,3.6480000000000024,1,6
No,608.8050000000004,2.8919000000000024,2,6
No,622.8320000000003,3.152600000000003,2,6
No,636.8590000000004,3.4948000000000032,1,6
Yes,369.4400000000003,3.7134000000000027,0,4
Yes,369.4400000000003,3.7134000000000027,0,4
Yes,369.4400000000003,3.7134000000000027,0,4
Yes,385.8950000000004,4.227700000000004,0,4
Yes,385.8950000000004,4.227700000000004,0,4
Yes,376.46000000000015,3.4459800000000023,0,5
No,521.5810000000001,6.191620000000005,0,6
No,521.5810000000001,6.191620000000005,0,6
Yes,316.83200000000005,3.547200000000001,1,3
Yes,332.83100000000013,3.2528000000000006,2,4
No,383.2820000000001,5.137220000000003,1,3
Yes,367.4240000000001,3.5916200000000025,0,4
Yes,409.5300000000002,3.1246000000000023,2,5
Yes,354.4500000000001,3.4388000000000027,2,4
Yes,381.47600000000017,2.7868000000000017,3,5
Yes,395.50300000000016,3.5411000000000024,4,5
Yes,409.5300000000002,3.883300000000004,3,5
Yes,410.5140000000002,3.290400000000003,3,5
Yes,423.5130000000002,2.7648000000000015,2,5
Yes,426.55700000000024,4.3917000000000055,3,5
Yes,424.5410000000003,4.288200000000005,3,5
Yes,370.44900000000007,3.1048000000000013,3,5
Yes,356.4220000000001,2.714700000000001,3,5
Yes,384.4760000000001,3.3176000000000028,2,5
Yes,440.5400000000003,3.478300000000003,2,6
Yes,395.5030000000002,3.1290000000000027,2,5
Yes,440.54000000000025,3.478300000000003,2,6
Yes,432.94800000000015,3.631200000000004,2,5
Yes,384.4760000000001,3.3176000000000028,2,5
Yes,395.50300000000016,3.1290000000000027,2,5
Yes,297.354,3.3772000000000024,2,3
Yes,409.2590000000001,1.9624000000000004,0,4
Yes,356.49100000000004,3.471700000000002,2,3
Yes,336.43499999999995,3.3599000000000023,1,3
Yes,256.34899999999993,3.272900000000001,2,2
Yes,274.339,3.4120000000000017,2,2
Yes,286.202,4.098400000000003,1,2
Yes,266.7719999999999,3.0272000000000006,2,3
Yes,296.79800000000006,2.652100000000001,2,4
Yes,257.33699999999993,2.6679000000000004,2,3
Yes,271.364,2.913900000000001,2,3
Yes,299.4180000000001,3.6941000000000015,2,3
Yes,361.3230000000001,3.845220000000002,1,3
Yes,482.5880000000002,3.345620000000002,1,6
Yes,468.56100000000026,3.084920000000001,1,6
No,538.6520000000004,3.458420000000002,0,7
No,506.6280000000002,3.554500000000002,4,9
Yes,477.55600000000015,4.989420000000004,1,6
Yes,391.3970000000001,2.8201800000000006,2,5
No,536.7170000000003,5.058020000000005,1,4
No,570.7060000000004,4.8632200000000045,1,5
No,835.0860000000001,2.126300000000007,6,15
No,845.085,2.6986000000000057,6,16
No,885.1680000000001,1.9295000000000075,6,16
No,878.1550000000002,2.6994000000000096,7,15
No,807.076,2.339000000000007,6,15
No,894.2230000000002,2.864300000000008,7,15
No,865.1120000000001,2.7363000000000075,6,16
No,849.157,3.378300000000008,6,15
No,859.1080000000001,3.876920000000007,5,16
No,849.113,2.5164000000000075,6,15
No,844.0970000000001,3.303600000000006,6,15
No,908.2500000000002,3.2544000000000084,7,15
No,861.1490000000001,4.037000000000007,5,16
No,875.176,4.345420000000008,5,16
No,879.1390000000001,3.1264000000000074,6,16
No,855.1200000000001,3.975500000000007,5,15
No,951.209,3.686600000000007,7,16
No,739.988,5.562400000000007,1,12
No,849.117,1.8633700000000082,8,15
No,508.1470000000003,5.3243000000000045,3,4
No,479.4550000000001,5.205300000000002,2,5
Yes,282.434,3.027300000000001,1,3
Yes,357.207,4.014800000000003,1,3
Yes,323.13500000000005,4.576400000000001,2,4
Yes,323.13500000000005,4.576400000000001,2,4
Yes,442.319,3.774700000000002,2,3
Yes,392.8460000000001,4.249620000000003,1,4
No,596.1320000000002,3.959800000000003,2,10
Yes,244.29399999999995,1.6589,2,3
Yes,319.4490000000002,2.2653,2,2
Yes,181.23499999999999,0.9522999999999999,0,3
Yes,498.5900000000002,3.3374000000000015,1,6
No,521.7310000000002,5.030220000000004,1,5
No,527.7040000000003,5.993420000000007,1,4
Yes,378.394,4.320000000000004,1,3
Yes,422.55400000000003,3.303200000000002,4,6
Yes,424.48000000000025,2.680220000000001,2,7
No,509.04600000000016,5.053900000000005,1,5
No,509.04600000000016,5.652700000000006,1,5
No,699.716,7.248120000000008,1,7
Yes,425.4510000000001,3.891700000000002,3,5
Yes,420.391,4.090300000000003,1,6
Yes,394.4750000000002,4.099100000000003,2,6
No,641.3,7.772900000000009,0,5
Yes,239.32199999999997,1.7556,1,3
Yes,444.93800000000016,4.092800000000003,1,5
Yes,458.9650000000002,4.482900000000004,1,5
Yes,458.9650000000002,4.482900000000004,1,5
No,748.0080000000004,3.385200000000006,5,13
No,760.0190000000005,3.529300000000006,5,13
No,749.9800000000004,1.969100000000004,6,14
No,764.0070000000004,2.3576000000000046,6,14
No,778.0340000000004,2.747700000000006,6,14
No,805.0600000000002,2.8948000000000067,5,14
No,819.0870000000002,3.1555000000000084,5,14
No,833.1140000000001,3.4977000000000076,4,14
Yes,408.54600000000033,3.3759200000000016,3,4
Yes,422.52900000000034,2.902520000000001,3,4
No,508.6290000000004,4.348600000000004,1,5
Yes,494.60200000000043,4.054700000000003,0,5
Yes,443.4950000000001,3.5371000000000015,2,7
Yes,456.53800000000024,4.220100000000003,2,7
Yes,470.5650000000002,4.610200000000003,2,7
Yes,367.35900000000004,3.261800000000001,1,4
Yes,369.37500000000006,3.192800000000001,1,4
Yes,349.369,3.122700000000001,1,4
Yes,409.4710000000002,2.367,1,5
Yes,391.4310000000002,2.3233000000000006,2,6
Yes,383.4020000000001,2.8728000000000016,2,4
Yes,411.4560000000001,3.6514000000000024,2,4
Yes,388.42700000000013,2.19158,1,5
Yes,477.95600000000013,3.865400000000002,1,7
Yes,375.42800000000005,3.0798200000000007,3,3
Yes,376.4160000000001,3.342500000000001,3,5
Yes,396.45400000000006,3.9852000000000016,3,6
No,556.7590000000002,6.628820000000004,1,5
No,574.7740000000003,6.058700000000005,2,6
Yes,313.40100000000007,2.6901,1,4
Yes,313.3780000000001,3.1896700000000013,1,4
Yes,324.896,4.3183400000000045,1,2
Yes,324.896,4.3183400000000045,1,2
Yes,435.5680000000002,4.367000000000003,4,4
Yes,392.50300000000004,3.7113000000000014,4,4
Yes,350.42199999999997,2.49362,3,4
Yes,295.4259999999999,4.608400000000004,0,2
Yes,455.4900000000002,1.5311999999999997,2,7
Yes,467.5260000000003,1.4006999999999994,2,8
Yes,462.5100000000003,1.2637799999999997,2,8
No,370.5810000000003,5.063400000000005,0,3
No,370.5810000000003,5.063400000000005,0,3
Yes,344.5430000000001,4.529200000000004,0,3
Yes,344.5430000000001,4.529200000000004,0,3
Yes,474.52700000000016,3.0324000000000018,3,4
Yes,477.5020000000003,4.043200000000003,2,3
No,503.5650000000003,3.6828400000000023,3,4
No,517.5480000000003,3.0009000000000015,3,5
No,519.5200000000003,2.7947000000000015,3,6
No,505.5370000000002,3.074600000000002,3,5
No,518.5800000000003,3.1320000000000023,3,5
No,500.5210000000002,2.937680000000001,3,5
Yes,493.5010000000003,3.2051000000000025,3,4
Yes,475.5110000000003,3.0660000000000016,3,4
Yes,476.4990000000003,2.461000000000001,3,5
Yes,475.5150000000002,2.9392000000000023,3,5
Yes,475.5150000000002,2.9392000000000023,3,5
Yes,476.4990000000003,3.0626000000000015,3,5
Yes,476.4990000000003,3.0626000000000015,3,5
No,504.5570000000002,2.8180000000000014,2,6
Yes,461.4880000000003,2.7520000000000016,2,5
Yes,490.5260000000002,3.3656000000000015,2,5
Yes,490.52600000000024,3.3656000000000015,2,5
Yes,490.52600000000024,3.3656000000000024,2,5
Yes,460.5000000000003,3.357000000000003,2,4
Yes,499.5370000000003,3.838300000000003,3,4
No,528.6190000000003,4.562200000000004,2,4
No,503.52100000000036,3.6602000000000023,3,4
No,517.5480000000002,3.7486000000000024,2,5
Yes,475.5110000000003,3.667600000000003,3,4
Yes,489.53800000000024,3.970600000000003,2,4
No,503.5210000000004,3.690700000000003,2,5
Yes,435.52400000000034,2.671900000000001,2,5
Yes,459.5120000000003,3.9620000000000033,2,3
No,503.5210000000004,3.690700000000003,2,5
Yes,484.52200000000016,3.639780000000002,2,4
No,503.52100000000036,3.200800000000002,3,4
Yes,489.53800000000035,3.108500000000002,3,4
Yes,485.5540000000002,4.530800000000005,2,4
Yes,433.4780000000002,2.996400000000002,2,4
Yes,489.5460000000002,3.264300000000002,2,5
Yes,489.5460000000002,3.264300000000002,2,5
Yes,476.5030000000002,3.5188000000000024,2,6
No,506.59800000000024,4.295720000000003,2,6
No,521.5690000000002,3.377100000000003,3,7
Yes,492.5710000000002,3.987300000000003,2,6
Yes,478.54400000000027,3.976900000000003,3,6
Yes,479.52800000000025,4.241800000000003,2,7
Yes,479.52800000000025,4.241800000000003,2,7
No,503.52500000000026,4.188900000000002,2,7
No,534.6520000000002,5.110700000000004,2,6
No,520.6250000000002,4.549700000000003,2,6
No,522.5970000000003,3.4426000000000023,3,7
Yes,492.5710000000002,3.987300000000003,2,6
No,500.56900000000024,4.234220000000002,2,5
No,516.5680000000002,3.934400000000003,2,6
Yes,486.5420000000002,3.9258000000000033,2,5
Yes,486.5420000000002,4.223820000000002,3,5
No,518.5400000000002,3.0280000000000014,4,7
Yes,472.51500000000027,3.9154000000000035,3,5
No,528.6230000000002,4.5968000000000035,2,5
Yes,448.5230000000002,2.8162800000000017,2,8
Yes,448.52300000000025,3.082200000000001,2,8
Yes,489.5760000000003,3.226000000000001,2,8
Yes,450.49500000000023,2.61008,2,9
No,318.0300000000001,6.187900000000003,0,0
No,397.9900000000002,5.266600000000007,1,2
No,345.653,5.205900000000003,0,2
No,563.6470000000003,4.747600000000002,4,6
Yes,340.2939999999999,4.616700000000005,0,2
Yes,318.3690000000001,3.5796000000000032,2,5
No,491.0720000000002,5.514880000000007,0,6
Yes,287.16700000000003,3.826200000000002,0,2
Yes,490.63900000000024,4.6182,0,1
Yes,234.72999999999996,3.1176000000000013,1,2
Yes,313.872,4.590400000000005,0,1
Yes,295.81,2.999300000000001,2,3
Yes,390.86700000000013,3.5304,2,4
Yes,300.59399999999994,2.9135000000000018,0,3
Yes,291.265,3.2711000000000023,0,6
Yes,380.27500000000015,3.4247200000000015,1,4
Yes,366.24800000000016,2.7706200000000014,2,4
Yes,380.23100000000017,2.862920000000001,2,4
Yes,394.2580000000001,2.951320000000001,1,5
Yes,428.31900000000013,4.991520000000004,1,4
Yes,318.7680000000001,1.8046999999999995,2,7
No,391.874,5.2756400000000045,1,3
Yes,472.37900000000036,3.927780000000003,1,7
No,499.3670000000001,5.195100000000003,1,5
No,438.9990000000002,5.087100000000005,0,3
Yes,453.5180000000003,2.740400000000001,1,8
No,520.6240000000003,4.867800000000004,3,3
Yes,419.9170000000001,1.0720999999999998,2,6
Yes,449.55100000000033,3.302200000000002,2,7
Yes,451.5270000000003,2.0922,2,9
Yes,452.5300000000003,3.3454000000000024,1,7
Yes,469.9730000000003,3.2547000000000015,1,8
Yes,460.53800000000035,2.4729800000000006,1,9
Yes,469.51700000000034,2.2313,2,9
Yes,469.51700000000034,2.2313,2,9
Yes,469.5170000000003,1.7111999999999998,2,9
Yes,469.5170000000003,1.7111999999999998,2,9
Yes,469.5170000000003,1.7111999999999998,2,9
Yes,469.5170000000003,1.7111999999999998,2,9
Yes,461.5910000000003,3.7487800000000027,1,8
Yes,394.49400000000014,3.4913000000000025,0,3
Yes,390.4620000000001,4.591300000000004,0,4
Yes,406.5300000000002,3.382900000000002,0,4
Yes,307.39700000000005,3.0539200000000015,1,3
Yes,311.36,2.8846000000000007,1,3
Yes,321.4240000000001,3.3623400000000023,1,3
Yes,323.46500000000003,3.770520000000002,1,3
Yes,327.42800000000005,3.601200000000002,1,3
Yes,401.4590000000003,3.5561000000000025,1,5
Yes,387.54500000000013,3.800500000000003,0,4
Yes,373.5180000000002,3.1464000000000016,1,4
Yes,401.57200000000023,4.190600000000003,0,4
Yes,427.61000000000035,4.580700000000005,0,4
No,635.007,-0.1772999999999959,4,7
No,468.4790000000001,5.170820000000005,0,5
No,461.5620000000002,5.311900000000004,2,5
Yes,479.5590000000003,2.7239200000000015,1,10
No,495.4580000000002,5.756420000000006,1,4
No,639.831,4.069200000000003,0,6
Yes,490.52600000000035,2.8511000000000015,3,5
Yes,491.51400000000035,2.2461,3,6
Yes,491.51400000000035,2.2461,3,6
Yes,491.51400000000035,2.2461,3,6
No,616.6590000000003,2.3637000000000006,4,8
Yes,481.56000000000023,1.7928799999999991,1,6
Yes,392.3850000000003,3.1256000000000004,2,6
Yes,422.41100000000006,3.1342000000000008,2,7
Yes,381.4840000000001,2.3015999999999996,2,7
Yes,283.799,3.373400000000002,2,2
Yes,283.799,3.373400000000002,2,2
Yes,283.799,3.373400000000002,2,2
No,468.97500000000014,5.824500000000006,2,2
Yes,409.5050000000002,4.756720000000004,0,4
Yes,410.4930000000003,4.151720000000003,0,5
Yes,410.4930000000003,4.151720000000004,0,5
Yes,444.93800000000033,4.805120000000004,0,5
Yes,473.57700000000034,4.569420000000004,0,7
Yes,410.4930000000003,4.151720000000003,0,5
Yes,444.93800000000033,4.805120000000004,0,5
Yes,449.5800000000004,4.622320000000004,0,7
Yes,461.54100000000034,4.699920000000004,0,6
Yes,411.4810000000003,3.5467200000000023,0,6
Yes,445.92600000000033,4.200120000000003,0,6
Yes,462.52900000000034,4.094920000000004,0,7
Yes,443.5510000000004,4.560820000000003,0,6
Yes,313.748,3.6431000000000013,2,6
Yes,362.311,4.493300000000001,2,6
Yes,433.5810000000003,4.596340000000004,0,6
Yes,405.5270000000001,3.9795000000000034,0,6
Yes,381.37900000000013,4.186220000000002,1,4
Yes,372.35000000000014,3.956400000000002,1,3
No,545.5620000000001,4.1553200000000015,1,8
No,523.5370000000001,3.839920000000002,3,7
No,513.5200000000001,4.816920000000003,3,6
No,539.5580000000001,5.079920000000005,1,6
No,497.39500000000015,6.269200000000004,1,4
Yes,409.4650000000001,4.025800000000003,2,6
Yes,423.49200000000013,4.415900000000004,2,6
Yes,425.4640000000001,3.2622000000000018,2,7
Yes,453.5180000000004,4.424500000000003,2,7
Yes,439.49100000000016,3.652300000000002,2,7
Yes,437.5190000000002,4.8060000000000045,2,6
Yes,457.48100000000017,3.791400000000003,2,7
No,568.6000000000005,3.308100000000003,3,7
No,557.5730000000004,3.5061000000000027,3,7
No,573.6410000000004,3.974600000000004,3,7
No,568.6000000000005,3.308100000000003,3,7
No,504.5530000000002,3.1595200000000023,3,5
Yes,490.52600000000024,2.8511000000000015,3,5
No,538.6790000000002,6.500700000000008,0,5
Yes,428.36400000000015,2.351700000000001,2,4
No,563.9350000000001,3.4461000000000013,2,4
Yes,462.5500000000002,4.557800000000004,1,8
Yes,355.41900000000004,2.8049,1,6
No,540.5460000000002,4.969120000000004,1,6
No,315.46000000000004,5.040900000000004,1,1
No,329.487,5.431000000000005,1,1
Yes,316.44800000000004,4.657000000000004,1,2
No,330.475,5.047100000000005,1,2
Yes,352.42800000000005,4.9352000000000045,1,2
No,366.45500000000004,5.325300000000005,1,2
Yes,330.431,4.183600000000003,1,2
Yes,380.43800000000005,4.851900000000004,1,2
No,468.3910000000003,5.090580000000004,1,6
Yes,465.9530000000003,3.358100000000002,2,6
Yes,466.6300000000003,2.5065000000000017,1,5
No,439.5340000000003,6.1974200000000055,1,3
No,429.56400000000025,5.741120000000005,1,4
Yes,357.77200000000005,4.0496000000000025,0,4
Yes,337.35400000000004,3.704620000000002,0,4
Yes,398.51000000000016,4.912700000000003,3,3
Yes,384.4830000000001,4.522600000000002,3,3
Yes,420.47700000000015,2.543780000000001,0,10
Yes,390.44300000000004,2.5929,2,6
Yes,405.4240000000001,4.048600000000003,1,5
Yes,430.43000000000006,4.208020000000003,1,5
No,504.6490000000002,5.072600000000004,2,7
Yes,486.6590000000002,4.933500000000004,2,7
Yes,486.6590000000002,4.933500000000004,2,7
No,533.5520000000001,3.929000000000002,2,6
Yes,470.59100000000024,4.465000000000003,2,7
Yes,431.90500000000014,3.347480000000002,1,7
Yes,417.8780000000001,3.0444800000000014,2,7
No,507.44700000000023,4.362080000000002,2,7
No,526.4860000000003,4.707920000000004,1,5
Yes,469.4630000000002,4.210300000000003,1,4
Yes,468.42200000000025,4.9764000000000035,1,3
Yes,434.41400000000027,3.5775000000000023,1,4
Yes,455.4360000000002,4.036200000000003,1,4
Yes,259.092,2.5888,2,2
Yes,463.51300000000026,2.24158,1,7
Yes,463.51300000000026,2.24158,1,7
Yes,445.5230000000003,2.2935799999999995,1,7
Yes,463.51300000000026,2.24158,1,7
Yes,464.5260000000003,1.385199999999999,2,8
Yes,396.50899999999996,3.9883000000000033,1,5
Yes,407.923,3.8361000000000027,1,5
No,552.1410000000002,4.175940000000002,2,7
No,519.0710000000003,3.7226000000000026,2,7
No,558.7490000000001,3.644140000000002,3,7
No,528.5060000000001,4.504320000000004,2,6
No,508.08800000000036,4.159340000000003,2,6
No,502.08400000000034,4.328620000000004,1,6
No,507.1000000000004,4.061340000000003,1,6
Yes,492.08900000000034,4.227740000000003,2,5
No,352.86900000000014,5.226800000000004,2,4
No,548.58,3.7059000000000033,0,5
No,530.5900000000003,3.5668000000000024,0,5
No,530.5900000000001,3.5668000000000024,0,5
No,530.59,3.5668000000000024,0,5
Yes,495.52300000000014,3.2622000000000018,1,4
Yes,495.52300000000014,3.2622000000000018,1,4
Yes,495.5230000000002,3.2622000000000018,1,4
Yes,495.5670000000001,4.229300000000004,0,4
No,510.5340000000002,3.949900000000004,0,5
No,536.494,5.061900000000004,0,4
No,536.494,5.061900000000004,0,4
No,536.494,5.061900000000005,0,4
Yes,452.49800000000016,4.163300000000004,0,3
No,428.4710000000001,5.020720000000004,1,5
Yes,448.5670000000002,3.999900000000003,2,4
Yes,492.4950000000002,4.727500000000005,2,4
Yes,458.0280000000002,2.0300000000000007,2,5
Yes,486.4880000000002,3.2348000000000035,1,5
Yes,494.5340000000002,4.300920000000002,3,6
No,507.04200000000037,3.695020000000002,2,8
No,595.546,3.774420000000002,1,9
No,521.0690000000002,4.038820000000003,1,8
No,579.5030000000002,3.674520000000002,1,8
No,538.4500000000004,3.842620000000003,1,8
No,507.0420000000004,3.6487200000000026,1,8
No,551.4930000000003,3.7578200000000024,1,8
Yes,177.15,0.9589000000000001,2,2
No,528.6220000000002,3.2444000000000024,3,7
No,540.6080000000003,3.309700000000003,3,7
No,524.6090000000002,3.645900000000003,3,6
No,510.58200000000016,3.084900000000002,3,6
Yes,482.5280000000003,2.522500000000001,3,6
No,532.5880000000002,3.6757000000000026,3,6
Yes,496.55500000000023,2.8309200000000017,3,6
Yes,482.5280000000003,2.522500000000001,3,6
No,546.5900000000001,3.3923000000000023,3,6
No,548.6060000000001,3.638300000000002,3,6
No,534.5790000000003,3.2482000000000015,3,6
No,574.522,3.4021000000000026,3,6
No,520.5520000000002,2.859700000000001,3,6
No,506.5250000000002,2.4696000000000007,3,6
No,506.5250000000002,2.4696000000000007,3,6
No,520.5520000000002,2.7780200000000006,3,6
No,519.5680000000002,2.527000000000001,3,6
No,506.5250000000002,2.4696000000000007,3,6
Yes,490.52600000000024,2.769420000000001,3,5
No,501.5090000000002,2.3326800000000008,3,6
Yes,494.4890000000003,2.600100000000001,3,5
Yes,477.4870000000003,1.8559999999999999,3,6
No,456.6340000000002,5.560320000000006,1,3
Yes,472.6330000000002,4.796720000000004,1,4
Yes,408.5270000000001,4.1151000000000035,1,6
Yes,380.47300000000007,3.2886000000000015,0,6
Yes,394.50000000000017,3.3937000000000026,0,6
Yes,368.46200000000016,3.180900000000001,1,6
Yes,422.5540000000001,4.157600000000003,1,6
Yes,408.52700000000016,4.070400000000003,0,6
Yes,422.55400000000014,4.112900000000003,0,6
Yes,438.55300000000017,3.949200000000003,0,7
Yes,452.9020000000001,3.594920000000002,1,7
Yes,487.9060000000002,2.9896200000000004,3,5
No,508.32400000000024,3.334600000000001,3,5
Yes,460.8840000000001,3.02442,3,5
Yes,481.3020000000002,3.3694000000000006,3,5
Yes,490.3870000000003,3.469000000000001,3,5
No,610.7510000000002,6.459300000000008,2,8
No,506.55400000000026,3.147800000000002,3,8
No,506.5540000000003,3.147800000000001,3,8
No,505.5660000000003,3.7528000000000024,3,7
No,505.5660000000003,3.7528000000000024,3,7
No,530.5760000000001,3.624480000000003,3,8
No,573.563,4.771600000000004,3,7
No,574.5509999999999,4.166600000000003,3,8
No,520.5810000000001,3.4562200000000027,3,8
No,506.5540000000003,3.147800000000002,3,8
Yes,467.5320000000002,3.3275000000000015,1,5
Yes,467.5320000000002,3.3275000000000015,1,5
Yes,459.87700000000007,1.654900000000001,2,5
Yes,382.48300000000006,3.988940000000003,0,2
No,390.5470000000001,5.151140000000005,0,2
Yes,410.5370000000001,4.264540000000004,0,2
No,418.60100000000017,5.426740000000005,0,2
No,390.5270000000001,5.3038400000000046,1,4
Yes,291.34999999999997,4.239600000000003,0,3
No,489.63700000000017,5.1968600000000045,0,4
Yes,303.405,4.868240000000004,0,2
Yes,303.405,4.868240000000005,0,2
Yes,382.4630000000001,4.141640000000002,1,4
Yes,437.44300000000015,1.6231999999999998,2,5
Yes,432.4460000000001,2.262200000000001,2,4
Yes,485.42600000000016,3.3043200000000015,2,4
Yes,312.80000000000007,4.993940000000003,0,2
Yes,467.975,2.8618000000000006,3,7
No,565.3490000000002,7.539900000000006,1,4
Yes,393.45500000000004,1.5815999999999988,4,8
Yes,373.4560000000002,3.7767000000000017,1,5
No,502.5290000000002,4.023500000000001,4,6
Yes,383.9230000000001,4.655300000000003,1,3
Yes,490.6000000000003,4.855000000000005,1,5
Yes,451.0070000000001,3.087900000000001,3,4
No,638.817,3.451520000000002,3,6
Yes,395.5220000000001,4.757840000000004,1,3
Yes,395.5220000000001,4.757840000000004,1,3
Yes,395.5220000000001,4.757840000000004,1,3
Yes,395.5220000000001,4.757840000000004,1,3
No,558.1480000000001,6.361920000000006,3,8
No,551.7570000000002,6.359140000000005,2,8
Yes,404.429,3.3279000000000023,1,5
Yes,414.5500000000002,3.040300000000001,0,5
Yes,434.5000000000002,3.3059200000000013,1,8
Yes,454.4560000000001,4.787320000000005,0,5
Yes,455.4400000000001,4.586220000000004,0,5
No,453.4680000000001,5.392320000000005,0,4
Yes,417.4880000000001,4.821040000000004,0,4
Yes,338.38599999999997,2.9491000000000005,1,4
Yes,324.359,2.770200000000001,1,4
Yes,296.349,3.007600000000002,1,3
Yes,337.4020000000002,4.233600000000003,1,4
Yes,477.95600000000013,4.253200000000002,2,7
Yes,483.5000000000004,0.3936000000000006,2,9
Yes,481.5280000000004,1.4047999999999998,2,8
Yes,485.4910000000004,1.2962999999999993,2,8
Yes,467.5010000000003,1.1571999999999996,2,8
Yes,466.5130000000003,1.7621999999999993,2,7
Yes,451.5020000000003,2.0531999999999995,1,7
Yes,469.49200000000036,2.1344000000000003,1,7
Yes,467.5010000000004,1.1571999999999996,2,8
Yes,467.5010000000004,1.1571999999999996,2,8
No,569.7060000000002,4.903520000000005,1,6
No,605.1350000000002,6.1562200000000065,1,6
No,555.6750000000004,5.7994000000000065,1,5
No,572.7310000000002,5.553300000000006,1,6
No,584.7170000000003,5.756800000000006,1,6
No,570.6900000000003,5.502820000000006,1,6
No,583.7330000000002,5.164220000000006,1,6
No,591.1080000000002,5.8478000000000065,1,6
No,584.7170000000001,5.811240000000006,1,6
No,586.7580000000004,5.861720000000007,1,6
No,605.1390000000002,5.502520000000006,2,7
No,556.6630000000004,5.194400000000005,1,6
No,588.6800000000003,5.641920000000006,1,6
No,608.1640000000001,5.601700000000006,1,7
No,534.0600000000003,3.8226000000000036,2,5
No,550.0590000000002,3.522780000000003,2,6
Yes,407.3010000000002,2.8665200000000013,1,4
Yes,380.23100000000017,2.862920000000001,2,4
Yes,394.30200000000013,3.813220000000002,1,4
Yes,380.2750000000001,3.4247200000000015,1,4
Yes,428.3190000000001,4.991520000000004,1,4
Yes,450.4740000000001,1.4011999999999996,0,7
Yes,446.5110000000003,1.5705199999999992,0,7
Yes,446.51100000000014,1.3046000000000002,0,7
Yes,432.4840000000001,1.2620999999999993,0,7
No,620.7240000000002,5.362000000000006,2,7
No,634.7510000000004,5.450400000000005,1,8
No,548.6470000000002,5.3399000000000045,1,7
Yes,470.4820000000002,3.2897200000000018,2,7
No,307.909,5.731000000000006,0,1
No,309.92499999999995,5.955000000000007,0,1
No,510.18400000000014,7.38882000000001,0,3
No,305.89300000000003,5.178200000000006,0,1
No,319.91999999999996,5.568300000000006,0,1
Yes,273.80699999999996,3.816900000000003,0,1
No,321.89200000000005,5.014500000000005,0,2
Yes,355.39800000000014,1.2221399999999993,2,6
Yes,357.3890000000001,2.1993400000000003,1,5
No,624.7010000000005,3.4125000000000014,1,8
Yes,393.39000000000004,3.815100000000002,1,5
Yes,428.414,3.884000000000003,1,5
No,659.8530000000003,4.693100000000004,1,6
Yes,344.4140000000001,4.808040000000003,2,2
Yes,462.54900000000015,4.004900000000003,1,8
Yes,477.5640000000002,3.7083200000000023,1,9
Yes,450.4950000000001,3.0702000000000007,2,6
Yes,446.39300000000014,2.4391800000000003,0,10
Yes,437.5150000000001,3.451900000000002,1,4
Yes,420.61900000000037,3.7429000000000032,2,4
Yes,426.5820000000002,2.7974000000000014,2,4
Yes,471.88000000000017,3.209100000000001,1,8
Yes,488.3350000000002,3.7234000000000025,1,8
Yes,478.9000000000002,2.9416800000000007,1,9
Yes,483.8910000000001,2.065599999999999,2,8
No,518.3360000000001,2.7190000000000003,2,8
No,517.6140000000001,2.9582000000000006,1,5
No,531.6410000000002,3.348300000000002,1,5
No,559.695,4.126900000000003,1,5
Yes,247.34599999999998,1.1259999999999997,2,5
Yes,221.308,0.7196,2,5
Yes,398.4350000000001,1.1421,1,6
Yes,399.4330000000001,4.2410200000000025,2,5
Yes,449.53600000000034,3.7234000000000025,3,7
Yes,436.57800000000015,2.0633,0,6
No,611.5990000000002,7.879100000000007,3,7
No,487.6220000000002,5.119700000000005,1,6
Yes,358.3250000000001,2.0221,3,5
Yes,457.83300000000014,4.726270000000006,2,3
No,350.849,5.952100000000004,1,3
No,352.787,6.035840000000003,1,2
Yes,297.24000000000007,2.932870000000001,1,1
Yes,469.30700000000036,2.7672000000000017,3,5
Yes,315.84400000000005,4.989600000000005,0,2
Yes,303.78900000000004,4.090800000000003,0,3
Yes,403.9540000000001,4.282590000000004,2,3
Yes,417.98100000000005,4.672690000000005,2,3
Yes,279.38700000000006,3.7516000000000025,1,3
Yes,347.84200000000004,4.078100000000003,2,4
Yes,391.89500000000015,4.4768000000000026,2,5
Yes,377.9120000000001,4.463340000000004,2,4
Yes,363.4610000000001,4.650320000000003,1,4
Yes,458.62800000000016,4.560900000000004,1,6
No,371.46100000000007,5.945700000000005,1,4
Yes,314.816,4.976620000000004,2,3
Yes,417.4360000000001,4.959800000000004,0,5
No,468.4650000000001,5.510200000000006,1,4
No,458.85700000000014,5.909000000000006,1,3
No,380.359,5.239000000000005,1,2
No,436.01100000000025,5.521500000000007,1,3
No,450.58300000000014,5.3494000000000055,1,4
No,469.0060000000002,5.9855000000000045,1,4
No,448.5880000000002,5.009800000000005,1,4
No,462.6150000000002,5.399900000000005,1,4
No,434.56100000000015,5.332100000000005,1,4
No,559.6360000000002,6.399220000000007,1,4
Yes,420.51300000000026,3.9155000000000033,1,7
No,447.5380000000001,6.424320000000006,2,5
No,636.7110000000002,10.445399999999992,4,5
Yes,416.29400000000004,4.164200000000004,1,4
Yes,425.96000000000015,4.842600000000005,1,5
Yes,425.9600000000002,4.8410000000000055,1,5
Yes,366.8920000000001,4.3670000000000035,2,2
Yes,308.425,3.6876000000000024,2,2
Yes,278.71400000000006,4.431520000000002,2,1
No,398.46200000000016,5.2382200000000045,0,4
Yes,356.4290000000001,4.994100000000003,2,5
Yes,282.164,2.5380000000000003,1,3
Yes,371.8720000000001,3.2526000000000015,2,6
Yes,308.38500000000005,3.3944400000000012,3,5
Yes,349.22100000000006,4.084400000000001,3,5
Yes,305.849,4.055000000000004,2,2
No,395.52800000000025,5.2035000000000045,0,5
Yes,400.46300000000014,4.418580000000003,0,6
Yes,414.4900000000002,4.727000000000004,0,6
Yes,327.43399999999997,4.179300000000002,1,5
Yes,384.5010000000002,3.665300000000002,1,3
Yes,325.5930000000001,4.746500000000001,2,1
Yes,286.20200000000006,4.111500000000004,0,1
Yes,277.79900000000004,3.6419000000000024,1,3
Yes,326.4030000000001,4.985500000000003,2,4
Yes,368.4840000000001,4.883400000000004,1,4
Yes,382.869,2.650100000000001,1,4
Yes,319.45200000000006,4.5942200000000035,1,3
Yes,348.4020000000001,4.666120000000004,1,5
Yes,328.19699999999995,3.146590000000002,1,1
Yes,391.40800000000013,3.213100000000003,4,4
Yes,292.33799999999997,3.424400000000002,0,4
Yes,308.36,4.279820000000003,2,4
No,359.42500000000007,5.6060000000000025,0,3
Yes,463.96400000000017,4.649600000000003,0,6
Yes,409.51100000000014,4.619920000000004,1,5
Yes,370.49300000000005,3.800600000000003,2,4
Yes,293.322,3.7841000000000022,1,4
No,337.4260000000001,5.523900000000004,2,2
No,357.25100000000003,5.448020000000003,1,3
Yes,287.79,4.308940000000003,0,2
Yes,345.834,2.8987000000000007,2,5
Yes,468.34400000000016,3.7794000000000025,0,7
Yes,291.398,3.875300000000003,1,3
Yes,359.47700000000003,3.7322000000000033,0,4
Yes,318.32800000000003,4.3870400000000025,0,4
Yes,440.2900000000002,2.999200000000001,0,7
Yes,323.3520000000001,3.086500000000001,2,5
Yes,346.902,4.212900000000004,2,2
Yes,245.322,3.600020000000003,1,3
Yes,320.396,4.149320000000002,2,5
Yes,355.441,4.968200000000003,1,4
Yes,335.8350000000002,3.4285000000000023,1,5
Yes,199.253,2.977320000000002,1,2
Yes,279.34299999999996,3.2891200000000014,1,3
No,501.37300000000016,7.041300000000004,3,3
No,357.88500000000005,5.173320000000004,1,4
Yes,341.41800000000006,4.755660000000003,1,5
No,662.8720000000001,3.5990000000000038,2,10
No,358.4440000000001,6.338200000000005,0,2
Yes,245.278,2.6795000000000013,1,4
No,420.3310000000001,6.699600000000004,1,3
No,621.7840000000002,7.2336600000000075,0,5
No,356.42500000000007,5.571420000000004,2,4
No,434.4920000000002,5.468970000000004,1,5
No,554.5140000000001,7.9008000000000065,0,5
No,470.16800000000006,6.642000000000003,2,4
No,659.6940000000002,6.641320000000006,0,7
No,480.5890000000002,7.284700000000007,2,5
No,354.81200000000007,5.783420000000003,2,2
No,298.773,5.030500000000003,1,3
Yes,232.71399999999997,3.488400000000002,0,2
Yes,267.33599999999996,3.0471400000000015,1,4
No,460.53700000000015,6.381200000000006,2,4
No,426.5880000000001,6.089620000000003,1,6
Yes,427.32000000000005,2.7592000000000017,1,4
No,645.1959999999999,7.28120000000001,1,8
No,586.7510000000003,5.633200000000005,1,6
Yes,444.60400000000016,4.987320000000005,1,4
Yes,301.4110000000001,3.9136200000000025,1,3
No,413.5860000000002,6.790000000000005,1,2
No,420.5590000000001,6.028120000000004,1,5
No,496.69200000000023,5.558200000000006,2,6
Yes,335.4510000000001,3.886600000000003,1,2
No,389.3620000000001,6.365280000000005,1,3
Yes,334.391,3.5771000000000015,2,3
No,657.7660000000001,7.703540000000007,0,5
Yes,384.305,4.570870000000005,1,1
Yes,357.4100000000001,2.0748,1,5
Yes,274.324,2.7558000000000007,1,6
Yes,312.19000000000005,2.5465999999999998,1,4
Yes,298.773,4.948820000000003,1,3
Yes,378.4940000000001,4.122800000000003,1,4
Yes,274.32,3.414220000000002,1,4
Yes,267.357,4.257120000000002,1,4
Yes,283.714,4.011800000000003,0,3
Yes,319.4260000000001,3.5180000000000016,1,4
Yes,331.42300000000023,2.599680000000001,0,4
Yes,361.22800000000007,4.163000000000002,3,2
Yes,376.4310000000001,4.9685400000000035,1,2
No,387.4860000000001,6.338900000000004,1,2
No,480.5860000000002,5.3368000000000055,0,5
Yes,316.78800000000007,4.422820000000003,2,4
Yes,265.31600000000003,2.9807000000000006,1,3
Yes,380.44400000000013,4.789140000000004,1,6
Yes,228.339,3.172670000000001,1,1
No,484.59600000000034,5.955900000000005,1,4
Yes,405.4980000000003,3.624900000000002,0,6
Yes,393.4910000000001,2.9095900000000006,2,4
Yes,377.86800000000005,4.086700000000002,2,5
Yes,367.48900000000026,3.7277000000000022,1,4
Yes,274.389,3.8466000000000022,1,3
Yes,322.45200000000006,4.077700000000003,2,2
Yes,410.42600000000016,1.5767999999999998,2,6
No,496.4960000000002,5.778940000000006,1,5
No,406.50700000000023,5.007200000000004,1,6
Yes,275.31500000000005,3.3295200000000014,1,4
Yes,327.697,3.8485200000000015,1,4
Yes,321.306,3.811960000000002,1,4
No,579.1150000000001,9.6405,1,3
No,546.5980000000003,7.476200000000007,1,5
Yes,284.75,3.9174200000000017,2,4
Yes,389.7950000000002,3.6681000000000017,1,7
Yes,445.5190000000002,3.514800000000002,1,4
Yes,448.5190000000002,3.4550000000000027,3,5
Yes,289.33799999999997,4.033800000000002,3,3
No,524.5840000000002,7.522200000000005,4,6
Yes,346.81800000000004,3.2080000000000015,3,6
Yes,278.31100000000004,3.9023200000000022,1,3
Yes,367.2760000000001,3.6982000000000017,2,3
Yes,493.60800000000035,4.001500000000004,1,6
Yes,359.40700000000004,1.4663999999999997,2,5
Yes,434.54000000000025,3.954620000000003,1,6
Yes,286.766,3.685820000000002,2,4
Yes,373.41200000000003,4.499400000000002,2,4
Yes,493.39800000000014,3.796800000000002,3,5
Yes,302.76499999999993,3.3860000000000015,2,5
Yes,357.413,4.880900000000003,2,3
No,442.31600000000003,6.3979000000000035,2,2
Yes,397.50000000000017,4.237140000000003,1,5
Yes,312.42300000000006,4.335640000000002,1,5
Yes,397.5440000000001,3.749100000000002,1,4
No,367.5330000000002,5.097420000000004,2,3
No,515.1450000000003,8.046800000000006,2,4
Yes,465.5940000000004,3.9837000000000025,1,6
Yes,491.53500000000014,4.955900000000004,2,5
No,507.0530000000003,5.294700000000006,2,4
Yes,383.673,4.938100000000003,1,3
Yes,391.49000000000024,4.523620000000003,2,2
No,458.6310000000002,5.295740000000006,1,4
Yes,495.0710000000003,4.069620000000003,2,5
Yes,405.4980000000002,4.803020000000004,1,5
Yes,343.386,4.490800000000003,2,3
Yes,497.7530000000005,4.586140000000004,1,6
Yes,329.37899999999996,2.3844000000000003,2,5
No,726.966,5.869800000000006,3,6
Yes,420.1780000000003,4.8735000000000035,2,3
Yes,462.43200000000013,3.6815000000000024,1,4
Yes,362.43700000000007,4.238620000000002,3,5
No,456.97700000000015,5.344600000000004,1,4
No,496.01000000000033,7.3254000000000055,1,2
Yes,459.61900000000014,4.687800000000004,1,5
No,456.97700000000015,5.344600000000004,1,4
Yes,309.8180000000001,3.8041000000000036,0,3
Yes,249.74499999999998,2.909600000000001,2,3
Yes,347.261,4.202200000000004,1,3
Yes,413.5250000000002,4.105900000000003,2,4
No,398.5100000000001,5.200300000000004,2,3
No,431.3190000000001,5.337900000000004,1,4
Yes,368.658,4.798200000000002,2,2
Yes,359.7690000000001,3.6595000000000013,1,6
Yes,349.5250000000001,4.703140000000004,1,5
No,372.42400000000015,5.133500000000004,2,4
Yes,307.86500000000007,4.120000000000003,2,2
No,510.4310000000003,7.678000000000005,1,3
No,420.51200000000017,6.711720000000006,2,4
Yes,307.375,2.494600000000001,1,6
Yes,279.40500000000003,3.289200000000002,0,3
Yes,309.41299999999995,3.339800000000002,0,4
Yes,268.36,3.6701000000000024,0,3
Yes,254.26799999999997,3.0947000000000013,2,4
Yes,358.3940000000001,3.925300000000002,1,5
Yes,287.319,1.3134,1,5
Yes,362.42900000000003,3.8838000000000026,1,5
No,465.62200000000024,7.395340000000005,0,4
No,592.6580000000005,8.853000000000003,1,5
Yes,332.3550000000001,4.695460000000004,0,4
Yes,321.80400000000014,3.3951000000000024,2,4
Yes,310.422,4.846100000000003,1,3
Yes,280.32700000000006,4.001020000000002,2,4
Yes,362.27500000000003,3.627300000000001,2,4
Yes,341.32700000000006,0.3102999999999996,0,7
No,490.67300000000046,5.474600000000006,0,6
Yes,380.4920000000001,3.6894000000000027,1,5
Yes,335.8310000000001,3.570500000000002,2,4
Yes,363.8850000000001,4.3491000000000035,2,4
No,519.9800000000001,5.5244000000000035,1,5
No,487.6940000000003,6.5903400000000065,1,5
No,485.65300000000036,6.649340000000007,1,5
No,489.52400000000034,5.360620000000005,0,7
Yes,420.49000000000024,4.826200000000004,1,6
Yes,401.5140000000002,4.700120000000003,2,5
No,396.47799999999995,5.114000000000005,1,3
Yes,329.8350000000001,3.612300000000001,2,4
No,492.91,5.807900000000004,1,5
No,476.911,6.107720000000003,1,4
No,472.4480000000002,5.304020000000002,1,6
Yes,254.313,1.6166999999999998,2,3
Yes,317.824,3.518200000000001,2,4
Yes,301.7810000000001,2.5163,1,4
Yes,392.4150000000002,2.2828999999999997,0,5
Yes,311.38800000000003,4.849800000000004,1,2
No,491.95000000000016,5.679720000000005,2,4
Yes,341.41400000000004,4.858400000000004,1,3
Yes,431.3670000000002,4.597870000000004,1,3
No,484.6030000000003,6.201880000000006,0,5
Yes,393.31400000000014,4.230800000000003,2,3
Yes,405.4770000000001,3.934300000000002,2,4
Yes,368.3960000000001,3.790600000000002,2,4
Yes,352.442,2.4339000000000004,2,6
Yes,348.3140000000001,4.537500000000004,2,3
Yes,309.32900000000006,2.1757999999999997,1,6
Yes,465.47300000000024,4.322140000000003,2,7
Yes,245.27799999999996,2.2672,1,3
Yes,243.21900000000002,-2.563,4,7
No,341.43500000000006,5.9371000000000045,1,3
Yes,360.88500000000016,3.7391000000000036,1,4
Yes,307.4410000000001,4.531800000000003,1,3
Yes,261.4089999999999,4.112000000000004,2,2
Yes,396.9180000000002,4.955500000000005,1,4
Yes,261.75199999999995,3.896400000000003,2,2
No,448.37000000000006,7.154600000000004,2,4
Yes,422.3190000000002,4.746100000000004,1,4
No,364.4450000000001,5.2523200000000045,1,5
No,366.34600000000006,5.454200000000003,1,4
Yes,381.8190000000001,4.2482000000000015,2,4
Yes,347.84200000000016,4.628400000000004,1,3
Yes,377.8680000000002,4.637000000000004,1,4
Yes,367.40500000000014,4.094720000000003,1,6
Yes,314.47299999999996,3.787340000000002,2,2
Yes,315.678,4.316700000000002,2,2
Yes,395.7280000000002,4.125900000000003,1,3
Yes,348.4100000000001,2.0302,4,5
Yes,291.82200000000006,3.494000000000002,2,2
Yes,336.3910000000001,4.032200000000002,1,5
No,419.4840000000001,6.329200000000005,2,5
Yes,355.9500000000001,4.141200000000004,2,3
Yes,293.533,3.628300000000001,0,3
Yes,286.334,3.9575000000000022,0,2
Yes,319.364,3.468700000000002,1,3
Yes,346.40200000000004,3.3275000000000023,0,4
Yes,292.5110000000001,4.080500000000003,1,2
Yes,426.5380000000003,4.877700000000004,2,6
Yes,310.37800000000004,3.586800000000002,1,4
No,382.2500000000001,5.7890000000000015,2,2
Yes,273.332,2.439,1,4
Yes,199.25299999999993,2.4069000000000003,1,1
Yes,273.723,3.5340000000000016,3,3
No,350.03200000000004,5.944200000000002,2,1
Yes,349.8580000000001,3.959000000000003,2,4
Yes,294.447,3.5044000000000013,3,6
Yes,341.724,4.156940000000001,1,4
Yes,432.35500000000013,3.7021000000000015,2,4
Yes,326.45,4.456200000000003,0,5
Yes,367.4050000000001,2.5342000000000002,2,4
No,412.4930000000001,5.466800000000004,3,3
Yes,479.5400000000002,3.3099700000000016,2,5
No,574.244,5.286900000000005,2,2
No,422.44400000000013,5.327500000000003,3,4
No,385.87200000000007,5.304000000000003,1,4
No,440.4550000000001,5.394700000000004,4,5
Yes,339.3510000000001,3.3145200000000017,1,6
Yes,270.33500000000004,4.896900000000003,1,1
Yes,303.38700000000006,3.9149600000000015,2,4
Yes,189.218,1.5290199999999998,1,4
Yes,403.43800000000016,4.508000000000003,2,5
Yes,340.785,4.721100000000003,0,2
Yes,441.32500000000005,4.793600000000004,1,4
Yes,479.85000000000014,4.326070000000004,2,3
Yes,218.256,1.3513199999999999,0,3
Yes,440.52500000000026,3.5176200000000017,3,5
Yes,453.5830000000003,3.8396000000000026,1,6
Yes,360.23600000000005,4.219900000000002,1,4
Yes,416.5240000000001,4.173020000000003,1,6
Yes,487.0250000000002,3.5854000000000026,1,6
Yes,420.4870000000001,3.678620000000002,1,6
Yes,353.37800000000004,1.4048999999999996,2,4
Yes,357.8050000000001,2.1317999999999993,1,5
Yes,423.42900000000014,3.389900000000001,1,7
Yes,290.248,2.918770000000001,1,3
Yes,286.758,4.3350000000000035,0,2
Yes,282.55400000000003,2.7272000000000007,1,2
Yes,338.278,4.617400000000004,2,2
Yes,338.278,4.619000000000004,2,2
Yes,337.176,4.117500000000002,0,3
Yes,290.24800000000005,3.7872000000000012,1,4
Yes,460.5550000000001,4.8937400000000055,0,5
Yes,346.42699999999996,4.2020000000000035,2,3
Yes,293.322,3.757100000000003,0,4
Yes,389.54300000000006,4.168800000000004,1,4
No,430.5150000000001,5.528400000000002,4,4
Yes,312.41300000000007,2.7186000000000012,1,4
Yes,388.51500000000016,4.846600000000004,2,3
No,348.18500000000006,5.211300000000002,2,3
Yes,281.13800000000003,4.292300000000002,2,2
No,333.577,5.429900000000002,2,1
Yes,390.50800000000027,4.422400000000003,1,4
No,368.9120000000001,5.094000000000005,1,4
No,432.9070000000001,5.430220000000005,2,4
Yes,484.9610000000002,3.1659000000000024,1,7
No,401.8930000000001,5.6471000000000044,2,2
Yes,456.5140000000002,4.033300000000003,0,6
Yes,362.4390000000001,4.502100000000003,1,2
Yes,332.51300000000026,4.227000000000003,3,2
Yes,314.4250000000001,4.746200000000005,1,3
Yes,268.1429999999999,4.1103200000000015,1,2
Yes,268.316,3.0001000000000015,0,4
Yes,265.39699999999993,2.8245400000000007,2,3
Yes,272.307,3.663420000000002,0,3
No,453.3250000000002,5.775200000000004,2,4
No,453.5490000000002,8.396800000000002,1,4
No,500.1940000000001,5.125300000000003,1,3
Yes,288.30600000000004,3.3636000000000017,0,4
No,487.77000000000015,6.428600000000004,2,4
No,420.6830000000001,5.546400000000001,2,3
Yes,393.40500000000003,4.514500000000004,1,4
Yes,384.49500000000006,4.028000000000003,1,4
No,571.6760000000003,7.183920000000008,0,3
No,480.00800000000027,5.3681000000000045,2,5
Yes,418.5850000000001,4.267400000000004,0,4
No,445.52900000000017,5.1364000000000045,2,3
No,413.5210000000002,5.587020000000004,2,3
Yes,438.90200000000004,4.037800000000003,1,4
Yes,254.33300000000003,3.280000000000002,0,3
Yes,287.36600000000004,4.443660000000003,1,3
Yes,354.40900000000005,4.459800000000003,2,3
Yes,201.269,3.201320000000002,1,2
Yes,422.96100000000007,3.4923000000000033,0,6
Yes,280.165,3.9638200000000032,1,2
No,631.7280000000002,7.2011200000000075,0,5
Yes,252.321,2.8781000000000008,2,3
Yes,441.8620000000001,4.8194000000000035,1,4
Yes,494.6570000000003,4.955300000000005,1,5
No,436.5770000000002,5.216200000000005,1,4
Yes,400.95000000000016,4.568100000000005,1,3
Yes,383.48800000000017,3.788800000000003,1,5
Yes,411.6340000000003,4.266500000000003,1,3
Yes,354.46900000000005,4.019400000000004,1,3
No,411.9580000000001,5.822300000000005,1,3
Yes,403.916,4.791900000000002,1,6
Yes,335.31500000000005,3.5633000000000026,0,5
No,468.11000000000024,8.201140000000006,0,3
No,451.57000000000016,7.345320000000008,2,4
Yes,328.165,4.1209000000000024,0,3
No,459.9290000000002,6.387820000000005,0,4
No,637.7330000000002,5.499440000000006,0,7
No,500.57600000000025,3.665700000000003,1,7
Yes,281.27500000000003,2.9171000000000005,2,5
Yes,334.375,3.520100000000002,1,4
Yes,394.4270000000002,3.5373000000000028,1,6
No,476.0450000000003,7.294140000000007,0,3
No,472.4650000000002,4.427200000000002,4,11
Yes,340.4040000000001,3.759470000000002,1,5
No,431.55700000000013,6.915300000000006,1,5
Yes,309.3210000000001,3.375600000000002,0,5
Yes,297.7899999999999,1.6925999999999999,2,6
Yes,260.34499999999997,0.9381000000000004,2,6
Yes,494.55500000000023,3.013390000000001,2,6
No,389.88200000000006,6.1063000000000045,1,3
No,493.56700000000023,5.105670000000004,1,6
Yes,440.5470000000002,4.761970000000003,1,5
Yes,313.357,2.8127000000000013,1,5
Yes,437.5480000000002,3.456520000000002,2,7
Yes,443.51100000000014,4.022320000000003,1,6
No,457.49200000000025,6.927800000000006,2,2
No,414.5650000000001,6.370300000000006,1,2
Yes,447.39600000000013,4.281320000000003,1,6
No,533.5670000000001,4.702700000000003,4,5
No,533.5670000000002,4.702700000000003,4,5
No,533.5670000000001,4.702700000000003,4,5
No,553.6160000000001,2.157400000000001,2,8
No,581.6700000000001,2.9376000000000007,2,8
Yes,446.5510000000002,4.117500000000003,1,5
Yes,305.39900000000006,3.421260000000002,1,3
