is_drug_like,mol weight,logp,hydrogen donors,hydrogen acceptors
Yes,404.54700000000025,4.195500000000004,1,5
Yes,346.33900000000017,2.1756,1,7
Yes,240.21499999999997,2.7221000000000024,1,5
Yes,348.48400000000004,2.228999999999999,0,3
Yes,166.21999999999997,2.395300000000001,2,2
No,252.31599999999997,5.737200000000003,0,0
No,650.9760000000001,3.952700000000001,3,4
Yes,296.41,3.6126000000000023,2,2
Yes,194.274,3.220600000000002,2,2
Yes,308.38100000000003,3.7878000000000025,0,2
Yes,136.23799999999997,3.4750000000000023,0,0
Yes,167.197,0.5976899999999998,3,4
No,543.875,6.4737000000000045,2,2
Yes,376.36900000000014,-1.7235599999999995,5,8
Yes,272.38800000000003,3.609200000000002,2,2
Yes,394.47100000000023,2.1097,0,5
Yes,215.72400000000002,2.4512400000000003,1,2
Yes,238.286,3.443200000000002,0,2
Yes,304.35200000000003,3.5847200000000026,0,6
Yes,350.591,4.718100000000002,0,5
No,280.4519999999999,5.884500000000005,1,1
Yes,118.17599999999997,0.7938000000000001,1,2
Yes,151.165,2.21164,0,2
No,380.8710000000001,5.867800000000005,0,3
Yes,241.46099999999998,2.3222,2,3
Yes,278.337,1.4764399999999998,2,5
Yes,254.377,3.4094000000000024,0,2
Yes,286.412,3.4356000000000027,0,4
Yes,116.11599999999999,0.44019999999999987,1,2
No,604.4830000000003,-6.161699999999996,1,12
Yes,286.718,2.4478999999999997,2,3
Yes,384.51600000000013,4.425900000000004,0,4
Yes,300.343,2.0128,2,5
Yes,198.13799999999998,0.18999999999999984,2,5
Yes,274.404,3.4891000000000023,1,2
Yes,396.953,3.1496000000000004,1,2
No,602.9,10.147399999999996,1,4
Yes,458.5510000000003,3.9154000000000027,1,6
Yes,278.335,3.6130200000000023,0,5
Yes,310.999,4.201100000000001,0,2
Yes,291.82200000000006,3.7760000000000025,0,2
Yes,403.90600000000035,3.990700000000003,0,5
No,822.9529999999997,4.3354200000000045,6,15
Yes,116.189,0.005600000000000049,2,1
Yes,111.14799999999998,-0.08910000000000035,2,2
No,316.135,-1.1939999999999997,0,12
Yes,132.16199999999998,1.8987,0,1
Yes,308.42100000000005,3.722800000000003,1,2
Yes,285.365,2.1955,1,3
Yes,293.407,3.7676000000000025,2,3
Yes,214.22,2.6114000000000006,1,3
Yes,376.4090000000001,-0.04819999999999869,5,6
Yes,261.11899999999997,-2.4244999999999974,0,2
Yes,330.801,3.6797000000000004,1,1
No,328.4960000000002,6.081100000000006,0,2
Yes,223.272,1.7946999999999997,2,3
Yes,347.93,4.384200000000003,1,2
Yes,253.71800000000002,1.7157999999999998,2,6
Yes,337.456,-0.7679999999999998,4,6
Yes,103.16900000000001,-1.506599999999999,3,3
No,822.9420000000002,2.2456000000000014,8,13
No,256.42999999999995,5.552300000000005,1,1
No,338.44700000000006,5.1520000000000055,0,3
Yes,151.165,1.3505999999999998,2,2
Yes,392.4060000000002,2.0816,3,5
Yes,162.38099999999997,2.6728000000000005,0,1
Yes,112.12799999999999,1.2033,1,1
Yes,150.22099999999998,2.689700000000001,1,1
Yes,270.354,1.78302,2,3
Yes,311.40700000000015,1.77392,2,4
Yes,203.285,2.9240200000000014,0,1
Yes,179.219,2.0437,1,2
Yes,461.8170000000001,3.991800000000003,1,4
Yes,147.60900000000004,0.33269999999999983,2,2
No,579.9860000000003,0.4230999999999992,6,12
Yes,242.702,3.060500000000001,0,3
Yes,201.661,1.3885999999999998,2,5
Yes,179.26299999999998,1.8456,1,2
Yes,299.69100000000003,2.7426000000000013,0,5
Yes,200.16899999999998,-0.015300000000000036,1,3
Yes,293.374,2.9287600000000014,0,4
Yes,151.16899999999998,0.6818,3,2
Yes,297.745,-0.35129999999999945,3,5
No,476.4790000000003,-1.5894999999999986,8,8
Yes,162.077,-0.9102000000000001,1,5
Yes,178.14000000000001,-3.0132,4,6
Yes,217.056,-1.1702000000000001,3,2
Yes,179.17499999999998,1.3432,2,2
Yes,135.16599999999997,1.6449999999999998,1,1
Yes,361.82500000000005,3.554500000000001,2,3
Yes,116.07199999999999,-0.28819999999999985,2,2
Yes,232.23899999999998,1.4230200000000002,1,3
Yes,287.3589999999999,3.383000000000002,2,2
Yes,128.156,0.43248999999999993,2,2
Yes,325.36100000000005,-0.3925999999999994,2,7
Yes,276.745,1.7379,2,3
Yes,284.728,1.513,2,5
Yes,327.43100000000004,2.5460000000000003,1,6
Yes,146.14200000000002,0.7160000000000002,2,2
Yes,212.248,2.602900000000001,1,2
Yes,156.61199999999997,2.662440000000001,1,1
Yes,164.248,3.0798000000000014,1,1
Yes,136.114,0.058499999999999885,2,4
No,645.6080000000003,-8.564500000000002,14,19
Yes,290.832,3.644400000000001,0,0
No,278.4359999999999,5.660500000000005,1,1
Yes,385.5120000000001,2.0881999999999996,0,6
Yes,136.238,3.308900000000002,0,0
Yes,240.214,1.8731999999999998,2,4
Yes,288.385,0.38809999999999967,0,4
Yes,281.312,3.720340000000003,1,5
Yes,390.867,0.7786000000000008,2,4
Yes,271.35999999999996,3.475500000000002,0,2
Yes,207.01599999999996,2.4838000000000005,1,3
No,326.43600000000004,5.362500000000006,1,3
Yes,99.133,0.23859999999999992,0,1
Yes,139.10999999999999,1.3003999999999998,1,3
Yes,304.217,3.377900000000002,1,2
Yes,224.21599999999998,-0.7090799999999999,2,4
Yes,130.23100000000002,2.3392000000000013,1,1
Yes,172.20899999999997,-0.08379999999999999,2,3
Yes,210.27999999999997,3.396600000000001,1,1
Yes,166.188,-0.3897000000000001,3,6
Yes,307.825,3.3415000000000017,1,3
Yes,218.21799999999996,-4.146599999999998,2,6
Yes,104.15199999999997,2.3296,0,0
Yes,132.206,2.5654000000000012,0,0
Yes,228.321,1.6111999999999997,1,4
Yes,134.175,-0.2354,2,3
Yes,151.165,2.21164,0,2
Yes,144.21399999999997,2.2874,1,1
Yes,304.66999999999996,4.843900000000003,0,2
Yes,233.09799999999998,3.086900000000001,1,1
Yes,162.23600000000002,1.8483,0,2
Yes,194.18599999999998,1.2597999999999998,0,4
Yes,266.381,4.163100000000004,0,3
Yes,261.08899999999994,1.884,1,2
Yes,164.20399999999998,2.1292999999999997,1,2
Yes,313.716,-1.4856799999999961,0,3
Yes,243.02100000000002,-1.8738999999999986,0,3
Yes,181.32299999999995,3.2414000000000023,1,1
Yes,88.06199999999998,-0.3399999999999999,1,2
Yes,192.30199999999996,3.6582000000000026,0,1
Yes,126.11099999999998,0.6538199999999998,1,3
Yes,120.19499999999998,2.611860000000001,0,0
Yes,88.10599999999998,0.8711,1,1
No,246.438,6.150000000000007,0,0
Yes,438.76700000000005,3.748700000000002,1,6
Yes,162.94,2.608600000000001,0,2
Yes,150.177,1.78162,0,2
Yes,164.16,1.2856999999999998,0,3
Yes,192.123,-1.2485,4,4
Yes,296.41,4.029500000000003,0,2
Yes,414.34600000000006,3.4407000000000014,2,4
Yes,212.201,1.3701999999999999,3,5
Yes,311.425,3.530400000000003,0,3
Yes,179.307,2.6941000000000006,1,1
Yes,268.74399999999997,1.4019999999999997,1,3
Yes,236.274,3.3872000000000018,1,1
Yes,142.18300000000002,0.74091,2,2
Yes,312.4530000000001,3.8826000000000036,1,2
No,368.52399999999994,5.1070000000000055,0,2
Yes,316.48500000000007,4.515300000000004,1,2
Yes,385.4850000000002,2.9846000000000013,1,5
Yes,353.46600000000007,1.9350999999999998,2,3
No,286.459,5.510300000000005,1,1
No,463.8800000000001,6.399220000000006,0,2
Yes,369.339,3.614700000000002,2,5
Yes,130.078,-0.7977000000000001,2,2
Yes,285.69100000000003,-0.29740000000000044,3,7
No,1950.6810000000014,-31.31240000000006,32,67
Yes,146.14600000000002,-1.3361999999999998,3,3
No,412.5550000000002,5.8006000000000055,2,4
Yes,315.35400000000004,2.9079000000000015,2,4
Yes,146.14499999999998,1.793,0,2
Yes,358.4340000000001,1.7657999999999998,2,5
No,606.6340000000004,-1.157359999999995,2,6
Yes,336.23900000000015,-0.47139999999999915,0,6
Yes,356.422,-1.7903999999999938,1,4
Yes,199.278,3.894800000000002,1,2
Yes,312.45300000000015,4.499500000000004,0,2
Yes,410.58300000000025,4.976400000000006,1,5
Yes,402.48700000000025,2.5606,1,6
No,430.71700000000027,8.840260000000002,1,2
No,402.6630000000002,8.223420000000006,1,2
Yes,279.336,1.8443399999999999,0,4
No,524.8740000000004,11.542499999999986,0,2
Yes,278.337,1.47644,2,5
Yes,384.9040000000002,2.5425000000000004,1,5
Yes,394.89900000000017,2.9960000000000013,1,5
No,416.30400000000014,6.177980000000004,0,4
Yes,89.13799999999999,-0.45970000000000016,1,2
Yes,155.197,0.4213,0,3
Yes,290.403,4.468000000000004,0,3
Yes,310.43699999999995,3.915600000000003,1,2
Yes,184.491,2.3528000000000002,0,1
Yes,236.202,0.6428999999999999,2,3
Yes,205.348,2.1857999999999995,1,3
Yes,176.17499999999998,0.5992,1,3
Yes,151.253,1.9139,1,1
Yes,198.26900000000003,2.695800000000001,1,2
Yes,285.235,-1.8409000000000002,4,8
No,556.863,3.157000000000001,2,2
Yes,302.24600000000004,3.147000000000001,2,5
Yes,435.31800000000004,3.6395000000000026,2,4
No,441.4040000000002,-0.04480000000000073,6,9
Yes,288.3070000000001,1.1098000000000001,1,5
No,631.5709999999999,10.95699999999999,0,4
No,640.6490000000002,3.5120000000000022,1,13
Yes,180.16699999999997,-1.0397000000000005,1,3
Yes,302.4140000000001,3.973100000000003,1,3
Yes,106.12399999999997,1.4990999999999999,0,1
Yes,266.34,4.604600000000003,2,2
Yes,255.23399999999998,-1.970899999999999,4,7
No,791.1150000000001,-0.9884,7,8
Yes,167.258,2.585000000000001,1,3
Yes,398.29700000000014,-1.9332999999999931,1,4
Yes,361.3100000000001,-5.726600000000002,0,4
Yes,206.63299999999992,-4.483499999999998,1,5
No,891.5399999999993,-3.5355000000000123,0,3
Yes,471.42300000000046,1.4696000000000022,0,2
No,838.0040000000001,-1.5736999999999965,2,10
Yes,405.358,-0.4825999999999999,0,6
Yes,420.4190000000002,-4.2062999999999935,1,7
Yes,457.87100000000015,-1.781979999999996,1,7
Yes,175.11899999999997,-3.6580999999999984,2,4
Yes,255.665,0.6878999999999993,1,3
Yes,314.411,1.459,2,7
No,350.4580000000001,5.760500000000005,0,3
Yes,408.49800000000005,3.858500000000003,2,4
Yes,209.31799999999998,1.3119,1,4
Yes,117.15099999999997,2.1678999999999995,1,0
Yes,184.26299999999998,4.054500000000002,0,1
Yes,308.3330000000001,3.609600000000003,1,4
No,1129.2899999999995,-4.041130000000015,15,16
Yes,372.5050000000002,4.266700000000004,0,4
Yes,321.33700000000016,0.5409999999999998,1,8
Yes,220.35599999999997,4.295620000000003,1,1
Yes,228.33499999999998,0.5919000000000003,0,4
Yes,223.07,0.6008000000000002,2,2
Yes,131.17499999999998,0.44439999999999996,2,2
Yes,236.27499999999998,0.08969999999999989,0,3
Yes,307.434,2.3933999999999997,2,4
Yes,278.39899999999994,3.917520000000003,0,2
Yes,375.4000000000002,1.9804000000000002,2,5
Yes,185.183,0.4805199999999999,1,4
Yes,242.32199999999997,1.9975,2,2
Yes,351.40900000000005,1.9509199999999998,2,6
Yes,206.24500000000003,1.3751000000000002,2,2
Yes,499.5570000000004,1.8333000000000002,4,8
Yes,211.33399999999997,1.5821999999999998,2,4
Yes,166.176,1.6034,1,3
Yes,247.72900000000004,2.2257,1,3
Yes,315.84100000000007,3.405920000000002,0,4
Yes,280.84299999999996,3.5669400000000016,1,2
Yes,331.84000000000003,1.9517,2,5
Yes,281.82699999999994,3.7215200000000026,0,2
Yes,361.9210000000002,2.709320000000001,0,4
Yes,255.793,2.4207,1,2
No,348.94300000000004,5.441400000000005,0,3
Yes,330.85600000000017,2.9780000000000015,1,5
Yes,326.2710000000001,3.7250000000000023,0,3
Yes,362.304,4.755600000000005,0,2
Yes,282.558,1.9673699999999998,3,2
Yes,248.157,2.0843,1,3
No,316.316,5.159800000000006,0,1
Yes,331.8470000000001,3.398100000000002,0,3
No,323.8670000000001,5.406800000000005,0,1
No,521.0980000000003,5.523480000000006,0,7
Yes,286.72200000000004,2.2915,1,3
No,1218.7720000000002,-3.7559300000000144,17,15
No,535.0370000000004,3.006100000000001,2,7
Yes,268.70400000000006,2.1246,2,5
Yes,296.7980000000001,2.2253,1,3
Yes,327.8520000000002,2.6019000000000005,1,4
No,391.2940000000001,6.113300000000005,0,3
Yes,204.528,2.0048,0,1
No,837.0579999999999,2.2096000000000076,5,17
Yes,231.299,1.55042,0,2
Yes,277.408,4.1258000000000035,0,3
Yes,309.434,4.014400000000004,0,3
Yes,382.5290000000001,3.8210000000000024,1,3
Yes,275.35200000000003,1.7739,1,4
Yes,166.56,-0.06020000000000025,0,4
Yes,285.391,2.658400000000001,0,4
Yes,274.272,3.281600000000002,0,5
Yes,271.35999999999996,3.424800000000002,1,3
Yes,310.33500000000004,0.8767999999999996,2,7
Yes,320.34499999999997,1.3329999999999995,0,5
Yes,395.43400000000014,2.423800000000001,1,4
Yes,420.32200000000006,4.534700000000004,1,3
Yes,219.28799999999998,1.17188,3,4
Yes,285.31,2.659160000000001,0,4
Yes,284.32300000000004,0.8242799999999997,3,4
No,620.5110000000003,3.300300000000001,2,7
Yes,238.197,0.7035000000000001,1,3
Yes,306.45,3.717900000000002,1,4
Yes,248.307,1.6838000000000002,2,4
Yes,267.245,-1.9800000000000006,4,8
Yes,235.24699999999996,0.07839999999999986,2,6
Yes,125.14899999999997,-1.1670999999999996,2,3
Yes,330.7490000000001,1.8907000000000003,3,5
Yes,338.26800000000003,0.33859999999999946,5,7
No,182.172,-3.5854000000000004,6,6
Yes,428.61000000000035,4.048600000000003,3,6
Yes,152.149,1.3175,1,3
Yes,244.246,2.3374000000000006,2,4
Yes,182.222,2.917600000000001,0,1
Yes,351.41000000000014,1.5593999999999992,1,5
Yes,260.253,1.1076999999999995,1,4
Yes,137.13799999999998,0.49110000000000004,2,2
Yes,234.343,2.5837400000000006,1,2
Yes,265.31600000000003,2.5354,2,2
Yes,211.17700000000002,0.01969999999999944,1,5
No,766.9700000000001,4.443600000000006,6,12
Yes,473.56600000000026,3.6082000000000027,2,6
Yes,298.36300000000006,3.7647000000000013,1,3
Yes,437.4490000000002,1.3724000000000005,4,8
Yes,473.56600000000026,3.325400000000002,4,5
No,454.5190000000002,-0.6360799999999995,2,11
No,412.5290000000003,6.681400000000005,1,2
Yes,303.32200000000006,-0.0807999999999991,2,6
Yes,388.464,2.8591000000000015,2,5
No,282.4679999999999,6.1085000000000065,1,1
Yes,255.22899999999998,1.5204,1,3
Yes,354.45000000000005,2.647100000000001,2,4
Yes,262.349,3.7638000000000025,1,3
Yes,369.4690000000002,3.4647000000000014,1,5
Yes,244.31600000000003,0.7968000000000001,3,3
Yes,129.115,0.03139999999999993,1,3
Yes,252.27300000000002,1.7695999999999998,2,2
Yes,158.117,-2.1798,4,3
Yes,188.23000000000002,1.4844199999999999,0,1
Yes,259.063,-0.2771999999999999,1,3
Yes,246.30999999999995,1.8643399999999999,1,2
Yes,163.13199999999998,0.4813000000000001,1,3
Yes,183.18800000000002,0.11869999999999997,1,3
Yes,430.62900000000025,4.972800000000005,1,4
Yes,298.42600000000004,3.4925000000000024,1,2
Yes,202.297,3.8492000000000033,0,1
No,769.0359999999998,5.528800000000007,2,10
Yes,424.60700000000014,3.801400000000001,4,4
Yes,419.908,3.0211000000000023,2,6
Yes,358.2180000000001,1.3815,2,4
Yes,431.55800000000033,2.6606000000000005,1,6
No,909.1440000000001,4.287600000000005,6,10
Yes,136.14999999999998,1.3137,1,1
Yes,267.37200000000007,2.9221000000000013,2,2
Yes,176.124,-1.4074,4,6
Yes,331.35300000000007,1.5809999999999997,2,5
Yes,275.092,-1.0884000000000005,4,3
Yes,223.272,1.8827999999999998,1,3
Yes,152.14899999999997,1.2133,1,3
Yes,142.585,2.3540200000000002,1,1
Yes,288.38699999999994,2.580000000000001,3,3
Yes,270.37199999999996,3.817400000000003,1,2
Yes,268.229,-1.8566000000000003,4,8
Yes,360.45000000000016,1.9897999999999998,2,5
No,807.1140000000001,-2.0159999999999987,8,9
No,358.56300000000005,5.1443000000000065,2,4
Yes,239.315,1.3059999999999998,4,4
Yes,308.31100000000004,1.8785,2,5
Yes,253.32299999999992,1.4084999999999999,1,4
Yes,418.30200000000036,-2.4723999999999924,0,0
Yes,448.4010000000001,1.7348000000000017,0,3
Yes,417.39100000000025,0.48260000000000325,1,1
Yes,432.35800000000006,-0.29149999999999543,1,3
Yes,440.37800000000016,-0.7629999999999943,1,4
No,558.6400000000003,2.6344000000000003,0,6
Yes,400.48800000000017,-2.2651999999999957,2,8
Yes,429.0460000000002,-1.5253999999999968,0,0
Yes,195.69,-2.3517999999999946,0,2
Yes,196.678,-2.819599999999996,1,2
Yes,323.86400000000003,0.06830000000000136,1,2
No,681.6570000000002,4.126800000000004,2,7
Yes,172.615,-2.6767999999999974,1,2
Yes,427.9720000000002,0.7737000000000027,1,3
Yes,367.04700000000014,-10.408500000000007,0,10
No,906.6399999999998,1.4596000000000078,0,6
Yes,441.3090000000001,-0.8240999999999947,1,3
Yes,346.42300000000006,-0.01839999999999975,0,4
Yes,201.24399999999997,-2.9304999999999994,0,4
Yes,191.94999999999996,-11.7446,0,5
No,614.7310000000002,-1.8330999999999897,0,7
Yes,249.99099999999999,-8.248199999999999,3,5
Yes,297.951,-7.3429,0,7
Yes,252.24499999999998,-1.2941999999999987,0,3
Yes,446.5160000000003,-1.890299999999992,3,7
Yes,96.06099999999999,-3.8496999999999995,0,2
Yes,130.09999999999997,-3.320899999999999,0,3
Yes,164.183,-3.534599999999999,1,4
Yes,333.345,-2.5726799999999956,0,5
Yes,316.439,0.8784999999999998,0,4
Yes,219.947,-4.6648000000000005,0,3
No,528.5120000000002,-5.376199999999992,2,7
Yes,445.18700000000007,-3.005999999999994,2,8
Yes,264.326,-1.6176999999999988,1,3
Yes,281.271,2.3843000000000005,1,4
Yes,308.31500000000005,2.7586000000000013,1,5
Yes,389.517,3.4517000000000015,0,4
Yes,356.26,2.4663000000000004,1,4
Yes,438.3150000000002,-0.9780999999999989,1,5
Yes,384.2700000000001,1.4959999999999998,1,5
Yes,154.253,2.1935000000000002,1,1
Yes,395.38100000000014,2.6385000000000005,2,4
Yes,117.14799999999998,-1.5574999999999992,0,2
Yes,202.38599999999997,1.9591999999999998,0,0
Yes,366.41400000000004,1.8363999999999994,1,6
Yes,154.253,2.6714000000000016,1,1
Yes,339.4350000000002,2.512500000000001,2,4
Yes,99.15799999999999,1.2752,0,2
Yes,298.34600000000006,1.5274999999999992,0,6
No,332.5,5.705400000000003,0,6
Yes,234.38699999999992,2.3451000000000004,0,2
Yes,213.233,0.32599999999999996,3,3
Yes,332.5280000000001,4.985300000000006,1,2
Yes,278.31199999999995,0.19299999999999962,0,4
Yes,372.421,3.0778000000000016,2,5
Yes,232.283,1.8550999999999997,2,2
No,678.5930000000003,-0.8291999999999908,0,19
Yes,74.079,0.17930000000000001,0,2
No,472.75400000000036,9.059960000000004,0,3
Yes,254.285,3.1057000000000015,1,2
Yes,463.55600000000027,1.3234999999999997,2,8
Yes,315.8040000000001,4.3854200000000025,1,3
Yes,260.381,2.850740000000001,2,3
No,516.8570000000003,9.908299999999997,2,4
Yes,372.5530000000001,3.8145000000000024,2,2
Yes,309.406,0.6347999999999998,4,5
Yes,226.27900000000002,2.637100000000001,0,3
Yes,205.25399999999996,-1.1355999999999997,4,4
Yes,154.253,2.6477000000000013,0,1
Yes,353.5300000000001,4.111500000000003,1,1
Yes,230.31099999999998,3.296400000000002,0,2
Yes,230.311,2.607820000000001,0,1
Yes,150.22099999999998,2.824020000000002,1,1
Yes,178.27499999999995,3.6390000000000025,1,1
Yes,117.148,1.7305,0,3
Yes,339.4830000000001,3.361900000000002,1,3
Yes,290.363,2.0437,4,4
Yes,266.34099999999995,0.45210000000000006,3,4
Yes,245.326,2.3047200000000005,1,2
Yes,280.32800000000003,-0.015200000000000324,1,4
Yes,292.42,-0.8863999999999979,4,6
Yes,238.24699999999999,-1.1855,1,4
Yes,118.176,1.4054,0,2
Yes,218.256,1.4735000000000003,1,2
Yes,349.41200000000015,0.3486000000000002,3,5
Yes,426.4920000000002,3.081320000000002,1,6
Yes,236.27099999999993,1.4057,1,2
Yes,142.24199999999996,2.1935000000000002,1,1
Yes,305.37100000000004,0.5366999999999991,4,5
Yes,141.17,0.4491999999999999,1,2
Yes,218.208,1.4696,1,3
Yes,267.245,-0.19628000000000012,2,5
Yes,225.16,0.91032,1,5
Yes,221.256,1.79064,1,3
Yes,335.34100000000007,1.4824199999999998,2,6
Yes,324.4460000000002,3.0958200000000016,2,3
Yes,108.13999999999999,1.7006199999999998,1,1
Yes,191.274,2.4770200000000004,0,1
Yes,445.54500000000024,2.0781199999999993,3,6
Yes,171.15599999999998,0.09201999999999982,1,4
Yes,444.4230000000002,0.91152,3,8
Yes,267.31,1.67444,2,5
Yes,253.28300000000002,1.3660199999999998,2,5
Yes,295.32000000000005,1.7422199999999997,2,5
Yes,260.381,3.1179400000000017,1,2
Yes,220.34099999999998,3.2082400000000018,1,3
Yes,131.178,2.4763200000000003,1,0
Yes,270.339,1.2295199999999997,2,6
Yes,202.301,2.20822,1,2
Yes,218.256,0.5378999999999994,2,2
Yes,167.20799999999997,1.0053999999999998,1,2
Yes,232.283,1.3531999999999997,2,3
Yes,166.24899999999997,1.2782,1,2
Yes,144.214,2.2874,1,1
Yes,146.23,1.1659,2,2
Yes,180.27599999999998,1.6683000000000001,1,2
Yes,102.13299999999998,1.2612,1,1
Yes,115.176,1.052,1,1
No,298.555,6.8763000000000085,1,1
No,270.50099999999986,6.240200000000008,1,1
No,242.44699999999992,5.460000000000006,1,1
Yes,260.381,2.845700000000001,1,2
Yes,205.265,1.2789199999999998,0,4
Yes,347.2420000000001,2.9217000000000013,2,4
Yes,371.2750000000002,2.6804000000000014,1,4
Yes,369.48700000000014,1.2851000000000006,2,6
Yes,244.29399999999998,2.2855,0,3
Yes,242.412,3.010600000000001,0,6
Yes,362.77100000000013,4.4311200000000035,0,6
Yes,149.66500000000002,1.9586999999999999,1,1
Yes,197.66199999999998,-1.3846999999999992,1,3
Yes,256.733,1.2892,1,4
Yes,246.74100000000004,2.8058000000000005,1,2
Yes,196.68100000000004,1.6525999999999998,1,2
Yes,327.8520000000002,2.755200000000001,2,4
Yes,328.84000000000015,2.1209000000000002,3,4
Yes,271.788,3.043400000000002,1,3
Yes,360.8020000000001,-0.37579999999999963,3,8
Yes,372.8930000000001,2.787300000000001,3,5
Yes,266.728,2.700800000000001,0,3
Yes,118.567,1.1399199999999998,1,1
Yes,213.70800000000003,2.1578,1,2
Yes,415.9620000000002,3.3125000000000018,3,5
Yes,316.82900000000006,1.9537999999999998,1,4
Yes,421.9290000000002,0.7604999999999997,1,5
Yes,405.27500000000003,-2.081999999999997,5,9
Yes,277.23600000000005,0.5509999999999993,4,4
Yes,339.31000000000006,3.8670000000000027,0,2
Yes,292.25,3.253000000000002,1,2
Yes,290.19800000000004,2.63084,5,2
Yes,294.178,2.2454,0,4
Yes,408.33300000000014,2.783500000000001,0,4
Yes,236.10200000000003,0.8452999999999999,2,3
Yes,271.788,2.9955000000000016,0,3
Yes,373.88000000000005,3.106600000000002,0,4
Yes,195.69300000000004,2.1734,0,1
Yes,289.80600000000004,3.6598000000000024,0,2
Yes,399.87500000000017,2.1180999999999996,1,5
Yes,157.644,1.8277999999999999,1,1
No,466.01800000000026,5.0243000000000055,0,6
Yes,290.74700000000007,0.23389999999999994,3,5
Yes,228.72299999999996,1.5266,1,3
Yes,343.8510000000001,3.1929000000000016,0,5
Yes,423.9450000000002,1.1386000000000003,1,6
Yes,267.722,3.6677000000000017,1,1
No,456.9890000000003,5.315880000000005,1,3
Yes,409.9100000000001,4.312800000000004,0,5
Yes,207.66499999999994,-0.8417600000000003,4,3
No,588.2300000000002,3.7153000000000027,4,7
No,496.90000000000026,-0.8217999999999994,7,10
No,478.8850000000003,-0.016100000000000225,6,9
Yes,347.208,3.7843000000000018,3,3
Yes,272.776,2.1891999999999996,1,4
Yes,360.9100000000001,1.0338,2,6
Yes,242.74999999999994,1.6284000000000003,1,2
Yes,495.08200000000045,2.5476,3,5
Yes,201.697,1.7496999999999998,2,2
Yes,203.669,1.0667999999999997,3,3
Yes,443.0060000000001,-0.4351999999999981,5,8
Yes,187.67000000000002,1.489,2,2
Yes,215.63299999999998,-2.8332,5,6
Yes,313.8290000000001,2.1384,2,3
Yes,276.207,3.7211000000000025,1,2
Yes,228.723,2.01094,2,2
Yes,320.8420000000001,2.591520000000001,2,5
Yes,256.777,2.7434200000000013,2,2
Yes,264.712,2.4510000000000005,1,2
Yes,387.81400000000014,2.2177,2,4
Yes,269.77199999999993,2.5071000000000003,1,3
Yes,403.90700000000015,2.6507000000000005,2,6
Yes,427.9280000000003,4.832920000000004,0,5
Yes,364.89500000000015,1.5921,1,5
Yes,308.8310000000001,1.5112999999999999,3,4
Yes,222.697,0.21450000000000025,2,3
Yes,441.91200000000026,1.2980000000000003,2,6
Yes,250.169,2.7932000000000006,2,2
Yes,337.8470000000001,3.293000000000002,3,4
Yes,354.832,1.6628,4,3
Yes,128.942,0.8747,1,1
Yes,196.68099999999995,1.7495999999999998,1,2
Yes,300.14500000000015,2.484700000000001,0,4
Yes,212.68,2.1590999999999996,2,1
Yes,199.637,1.2944000000000002,2,2
Yes,213.664,1.857,2,2
Yes,358.6510000000001,4.2420000000000035,0,7
Yes,270.72,1.8518999999999999,1,5
Yes,214.648,2.582,1,2
Yes,284.78700000000003,2.1768,1,3
Yes,230.676,1.6818,1,3
Yes,289.158,3.589800000000003,1,2
Yes,195.69299999999998,2.589200000000001,1,1
Yes,230.09799999999998,2.1737000000000006,2,1
Yes,161.657,2.2328200000000002,0,2
Yes,358.2690000000001,3.2646000000000024,1,3
Yes,232.41,-0.8226000000000001,0,3
Yes,182.18699999999995,0.0688999999999999,2,4
No,747.964,2.4397000000000046,4,14
Yes,210.285,0.0696000000000001,0,6
Yes,135.20999999999998,1.7482,0,1
Yes,331.46700000000004,1.3225,2,8
Yes,308.337,2.5207000000000006,1,3
Yes,143.142,0.37359999999999993,0,3
Yes,200.154,-0.07639999999999991,1,5
No,534.5660000000003,1.6383000000000003,4,8
Yes,361.37300000000005,1.544,1,5
Yes,180.16699999999997,-1.0397,1,3
Yes,176.219,1.3749,0,2
Yes,383.4000000000002,2.8732000000000015,0,7
Yes,208.26099999999997,1.1618,0,3
Yes,289.375,1.9309,1,4
Yes,165.24,1.3405999999999998,1,2
Yes,167.296,2.4206000000000003,1,1
Yes,194.18599999999998,1.2597999999999998,0,4
Yes,325.36100000000005,2.0871999999999997,2,5
Yes,168.19199999999998,1.7124,0,3
Yes,148.20499999999998,2.728300000000001,0,1
Yes,275.348,2.6201000000000008,1,3
Yes,223.22799999999995,1.1824000000000001,1,4
Yes,280.30899999999997,0.8681999999999999,2,6
Yes,260.24499999999995,2.864820000000001,0,5
Yes,317.32800000000003,2.4906000000000006,0,6
Yes,358.8500000000001,4.175920000000003,0,4
Yes,267.35,1.4006999999999998,2,3
Yes,356.41800000000006,4.3655000000000035,1,2
No,498.95799999999997,6.348200000000002,0,0
Yes,184.49099999999996,2.3528000000000002,0,1
Yes,421.4220000000001,1.6254,3,5
Yes,331.29699999999997,0.014100000000000057,3,5
Yes,212.17400000000004,2.8911000000000016,0,1
Yes,379.435,3.6784000000000017,1,3
Yes,263.356,3.520500000000003,0,2
Yes,330.355,4.048500000000003,0,4
Yes,432.98300000000006,1.5557999999999998,3,3
Yes,252.347,0.5973999999999999,3,4
Yes,42.041,-0.57382,1,2
Yes,233.228,-1.6370999999999976,3,5
No,180.168,-2.10046,8,3
No,767.9060000000002,1.5202000000000044,8,9
Yes,122.12699999999997,0.18050000000000016,1,2
Yes,123.11499999999998,-0.42450000000000054,1,3
Yes,458.5210000000002,-1.218899999999998,2,7
Yes,89.09400000000001,0.10160000000000025,1,2
Yes,238.24300000000002,0.9607999999999993,2,4
Yes,241.24299999999994,0.5302000000000002,2,5
Yes,179.21900000000002,1.7145000000000001,1,2
Yes,180.23600000000002,0.24869999999999998,2,3
Yes,126.11900000000001,-1.0657000000000003,3,4
Yes,229.26099999999997,-0.5941000000000005,2,6
Yes,211.22099999999995,-0.5046000000000008,2,5
Yes,380.66200000000015,0.9061000000000003,3,5
Yes,209.25299999999996,-0.1303000000000003,2,5
Yes,299.8020000000001,2.0023999999999997,2,4
Yes,214.25,-0.5594299999999999,4,4
Yes,276.317,1.3875,2,4
Yes,271.342,1.0568,3,4
Yes,214.246,0.0935999999999998,2,4
Yes,248.30700000000002,2.0696,2,3
Yes,314.37,2.2553,2,4
Yes,262.334,1.7472999999999999,2,3
Yes,94.11699999999999,0.6638000000000001,1,2
Yes,272.69599999999997,0.7990200000000001,2,6
Yes,435.44000000000017,-1.1724999999999979,4,10
Yes,372.168,1.7216,4,7
Yes,225.20799999999997,-1.3318000000000003,3,6
Yes,290.32300000000004,1.2575999999999998,2,7
Yes,274.324,1.55742,2,6
Yes,260.29699999999997,1.2489999999999999,2,6
Yes,191.25900000000001,1.9745,2,4
Yes,161.168,0.24449999999999933,1,4
Yes,339.30800000000005,-2.7339999999999987,5,8
Yes,329.209,-0.8174000000000006,3,9
No,585.6080000000002,-8.424200000000015,13,17
Yes,171.23999999999992,1.3702999999999994,2,2
Yes,245.34699999999998,2.788800000000001,2,3
Yes,365.84200000000004,2.0833999999999997,2,4
Yes,383.5170000000001,0.08690000000000075,2,7
Yes,365.8420000000001,2.7141199999999994,2,4
Yes,275.35100000000006,0.36232000000000025,1,4
Yes,295.72900000000004,-0.0608999999999999,2,5
Yes,325.799,0.4273,3,5
Yes,383.904,0.9365000000000008,3,6
Yes,431.9480000000001,2.2427,2,6
Yes,379.89100000000013,1.5976000000000001,3,5
Yes,389.8860000000002,1.2295,3,5
Yes,212.23000000000002,0.6163000000000003,1,4
Yes,339.3660000000001,-0.3953999999999982,1,8
Yes,216.28399999999993,1.9445,1,3
No,649.9450000000002,1.4660000000000002,3,3
Yes,441.52500000000026,-0.41419999999999596,4,5
Yes,279.10400000000004,1.0593,1,2
Yes,263.3809999999999,2.6346000000000007,1,3
No,332.3130000000001,-3.5758299999999976,8,7
No,210.13799999999998,-3.4008,6,6
Yes,401.5440000000001,2.3089999999999997,5,6
No,972.8460000000011,-13.054800000000023,18,30
No,1134.9870000000014,-15.23060000000003,21,35
No,195.21499999999997,-3.3582999999999994,6,6
No,182.172,-3.5854000000000004,6,6
Yes,299.35200000000003,-0.17603000000000035,4,5
Yes,316.4270000000002,0.5024999999999997,2,8
No,267.278,-4.492399999999994,8,8
Yes,180.156,-3.2197999999999998,5,6
Yes,180.156,-3.2197999999999998,5,6
No,342.297,-5.395599999999993,8,11
Yes,146.142,-1.4942000000000002,2,4
No,342.297,-5.395599999999993,8,11
Yes,157.149,0.21229999999999954,2,2
Yes,323.13200000000006,0.909,3,5
Yes,224.26,1.6261999999999999,2,4
Yes,429.56300000000016,4.042500000000003,1,5
Yes,188.183,-1.1587999999999987,3,3
No,627.9420000000001,2.793100000000001,3,3
Yes,193.202,1.2720999999999998,2,2
Yes,281.308,1.1847999999999999,0,5
Yes,260.31399999999996,3.167200000000001,1,3
Yes,182.17499999999998,1.3961,3,4
Yes,178.191,0.42399999999999954,2,2
No,470.6910000000005,7.066100000000009,0,6
Yes,299.499,4.576200000000004,2,2
Yes,421.5450000000001,3.508300000000002,1,5
Yes,225.33599999999996,0.34050000000000047,2,3
Yes,200.581,1.3471,1,3
Yes,260.081,-1.2617999999999998,4,2
Yes,218.25299999999996,0.9834000000000005,2,4
Yes,285.30300000000005,1.8626999999999998,1,5
Yes,210.32099999999994,1.3406999999999996,0,2
Yes,179.17499999999998,0.6685000000000001,2,3
Yes,260.334,2.0227,2,4
Yes,334.41600000000005,2.2984,2,3
Yes,220.27599999999998,1.5791099999999996,4,2
Yes,322.36100000000005,1.2211,3,4
Yes,296.3920000000001,2.31562,2,3
Yes,324.40200000000016,2.2098000000000004,2,4
Yes,294.351,1.1941999999999997,2,5
No,307.32800000000003,-2.2060999999999984,6,6
Yes,194.18999999999997,0.08319999999999972,3,3
Yes,179.175,0.5009999999999994,2,2
Yes,305.071,1.1055999999999995,2,2
No,527.5740000000003,0.4698000000000017,6,10
Yes,137.142,-0.3149000000000006,2,3
Yes,282.36500000000007,1.92552,2,3
Yes,148.161,1.7844,1,1
Yes,489.9560000000003,3.0370000000000017,4,6
Yes,330.34000000000015,1.8985000000000003,4,5
Yes,354.4060000000002,2.5579,3,4
Yes,378.42800000000005,3.515640000000002,1,5
Yes,129.115,-0.6504000000000001,2,2
No,684.8240000000002,1.1038000000000068,8,12
Yes,250.338,3.573240000000002,1,2
Yes,309.749,3.683220000000002,1,4
No,468.5900000000002,6.201000000000006,2,4
Yes,246.30599999999993,2.7864000000000013,1,2
Yes,90.07799999999999,-0.5482,2,2
No,680.7369999999999,0.8219200000000026,5,11
Yes,386.3170000000002,-2.2777999999999974,4,7
Yes,272.2819999999999,-0.8693999999999997,2,6
Yes,427.46000000000015,0.09860000000000063,3,8
Yes,316.309,2.930900000000001,2,4
Yes,123.11099999999998,0.7797999999999999,1,2
Yes,371.34500000000014,2.4766999999999997,2,5
Yes,319.3360000000001,1.2683000000000002,2,4
Yes,261.23299999999995,1.4483000000000001,1,4
Yes,320.3240000000001,0.6633000000000002,2,5
Yes,262.22099999999995,0.8432999999999997,1,5
Yes,186.21,2.4669000000000008,1,1
Yes,118.088,-0.06419999999999987,2,2
Yes,438.4800000000001,3.5660000000000016,1,5
Yes,190.20200000000003,1.5801,2,2
Yes,206.332,2.7851000000000017,1,3
Yes,144.214,2.4315000000000007,1,1
Yes,188.22299999999998,1.8863,2,2
No,284.4839999999999,6.332500000000007,1,1
Yes,283.33099999999996,2.66922,1,2
Yes,140.03099999999998,-0.7513000000000001,3,2
Yes,400.4280000000001,0.6371000000000002,4,7
Yes,417.48400000000026,1.316170000000001,4,7
Yes,494.5260000000001,0.889070000000002,4,8
Yes,258.22900000000004,2.3096000000000005,2,4
No,556.5310000000003,2.9808000000000012,0,12
Yes,368.47400000000016,1.9405999999999999,2,5
Yes,242.23499999999993,0.09200000000000008,0,6
No,417.5460000000002,6.035300000000007,1,6
Yes,303.293,1.7737,0,4
Yes,283.332,0.7566999999999999,3,7
Yes,212.248,3.0436000000000014,0,2
Yes,359.35400000000004,0.7602,3,7
No,390.56400000000036,6.721200000000008,0,4
Yes,293.37,3.1285200000000017,0,2
Yes,142.10999999999999,-0.1623,2,4
Yes,246.30599999999995,2.419600000000001,0,3
Yes,327.38000000000017,1.3014,2,5
Yes,170.212,-0.12729999999999986,1,2
Yes,113.16,0.6287,0,1
Yes,142.158,-0.9059000000000004,1,2
Yes,273.741,1.6155,0,3
Yes,258.233,0.08779999999999949,1,4
Yes,259.265,0.029800000000000104,2,4
Yes,232.239,0.7003999999999997,2,3
Yes,184.195,0.15879999999999994,2,3
Yes,159.20999999999998,0.15460000000000013,1,3
Yes,249.313,-0.047499999999999876,2,5
Yes,314.126,2.08902,0,1
Yes,203.24500000000003,1.06662,1,2
Yes,266.257,-1.1933999999999985,0,5
Yes,224.21999999999997,-1.573999999999999,1,4
Yes,219.23999999999992,1.4578,0,3
Yes,312.41300000000007,2.5349000000000004,0,2
Yes,140.142,-0.3864000000000001,2,3
Yes,308.341,2.1317199999999996,1,3
Yes,286.3310000000001,1.75368,1,4
Yes,236.23100000000002,-0.21050000000000008,2,5
Yes,266.30400000000003,2.6512200000000004,1,4
Yes,404.4910000000001,3.795500000000003,0,3
Yes,401.49200000000013,1.2234999999999998,0,7
Yes,391.474,4.878100000000004,0,3
Yes,409.2570000000002,0.6803999999999994,3,5
Yes,335.4730000000002,2.1975999999999996,1,3
Yes,247.27599999999998,0.5344199999999997,0,5
Yes,257.31100000000004,1.4153000000000002,1,3
Yes,280.30899999999997,0.8681999999999999,2,6
Yes,280.30899999999997,0.8681999999999999,2,6
Yes,249.29500000000002,1.4646000000000001,2,4
Yes,398.4000000000001,3.701600000000001,3,7
Yes,264.31,1.16802,2,5
Yes,280.30899999999997,0.8681999999999999,2,6
Yes,255.324,1.5261,2,5
Yes,355.39700000000005,1.7472,3,6
Yes,403.4410000000001,2.894400000000001,3,6
Yes,310.33500000000004,0.8768,2,7
Yes,353.827,2.4881,2,3
Yes,274.301,2.4766000000000004,2,3
No,552.5560000000003,-7.3050999999999995,12,16
No,582.5820000000003,-7.9442,13,17
Yes,356.2270000000001,0.40430000000000027,3,5
Yes,246.30599999999998,-0.2809999999999997,0,6
Yes,273.357,2.01,1,2
Yes,270.719,-0.3651999999999999,2,4
Yes,201.20299999999997,0.03220000000000017,2,3
Yes,272.2819999999999,0.1372999999999997,3,4
Yes,222.251,-0.8561000000000003,2,6
Yes,364.4230000000001,3.0365,3,5
Yes,61.83300000000001,-2.0518,3,3
Yes,376.45300000000026,1.6046,2,5
Yes,348.39900000000017,1.1261000000000003,3,4
Yes,146.098,-0.49509999999999993,2,3
Yes,153.137,0.6726000000000001,3,3
Yes,156.097,-0.4140000000000001,3,5
Yes,257.245,2.3427000000000002,3,3
Yes,137.13799999999998,0.9670000000000001,2,2
Yes,152.14899999999997,1.39882,2,2
Yes,137.13799999999998,0.9670000000000001,2,2
Yes,138.12199999999999,1.0903999999999998,2,2
Yes,212.24800000000002,2.9807000000000015,1,1
Yes,163.198,-0.49450000000000044,3,3
Yes,327.42400000000004,2.807500000000001,1,4
Yes,236.31500000000003,0.16179999999999994,2,4
Yes,427.54500000000013,2.30804,2,6
Yes,306.276,0.7357999999999993,1,5
Yes,167.208,0.645,3,3
Yes,236.482,1.4211,2,3
Yes,309.529,-0.46289999999999937,3,6
Yes,219.28099999999998,-1.4542999999999995,4,5
No,344.31300000000005,-5.761199999999992,9,11
Yes,172.09199999999998,-0.20659999999999995,4,6
Yes,337.38200000000006,1.6424999999999998,2,6
Yes,251.28199999999998,0.8513999999999997,3,4
Yes,192.045,2.7108400000000015,1,2
No,548.6550000000003,2.3857999999999997,10,10
Yes,170.11999999999998,0.5015999999999998,4,4
Yes,223.22799999999998,0.5239999999999998,3,3
Yes,152.149,1.1788,1,3
Yes,354.38300000000004,3.108600000000002,2,5
Yes,272.253,-1.4291000000000003,5,7
No,610.5210000000003,-1.6871000000000014,10,16
Yes,305.41799999999995,3.7896000000000027,2,3
Yes,165.236,1.4963,1,2
Yes,165.19199999999998,1.7407,2,2
Yes,151.165,1.3505999999999998,2,2
Yes,110.11199999999997,1.0977999999999999,2,2
Yes,94.11299999999999,1.3921999999999999,1,1
Yes,166.176,1.5689,1,3
Yes,124.13899999999995,1.4008,1,2
Yes,240.25799999999998,3.4182200000000016,3,3
Yes,284.359,2.2062,1,3
Yes,253.26199999999997,-1.3073000000000001,4,6
Yes,121.136,-2.3391999999999995,4,4
Yes,254.24599999999998,-2.213099999999999,2,5
No,1550.1880000000006,-1.5868999999999964,13,15
Yes,218.29299999999998,1.2433,2,4
Yes,274.40099999999995,2.8037000000000014,2,4
Yes,198.21799999999996,0.4272000000000001,2,4
Yes,134.178,1.6921,1,1
Yes,177.03,2.4857000000000005,1,1
Yes,108.13999999999997,1.1789,1,1
Yes,109.12799999999999,0.5739,1,2
Yes,122.16699999999996,1.2214,1,1
Yes,207.226,-3.262099999999999,5,6
Yes,263.25299999999993,-0.8628800000000005,2,4
Yes,138.16599999999997,1.0576999999999999,1,2
Yes,150.174,-0.9958000000000002,2,4
Yes,122.189,-0.2958,2,3
No,388.29700000000014,-4.802299999999996,8,8
Yes,218.10100000000003,0.8562999999999998,3,3
Yes,297.37600000000003,1.7200999999999997,0,5
Yes,186.236,1.56069,0,3
Yes,170.237,1.38499,2,2
Yes,114.173,1.08269,1,1
Yes,116.11599999999999,-0.29210000000000025,1,3
Yes,172.02500000000003,2.0313,1,1
Yes,160.213,1.3662,0,3
Yes,126.15499999999999,1.2917,0,2
Yes,345.91400000000004,4.713800000000004,0,2
Yes,246.218,1.7399999999999998,4,5
Yes,200.32199999999997,3.991900000000002,1,1
Yes,194.194,-1.0293,0,3
Yes,240.10500000000002,2.2715000000000005,0,0
Yes,130.231,2.3376000000000006,1,1
Yes,152.975,0.8544,1,1
Yes,249.107,4.241400000000002,0,1
Yes,137.138,1.9032200000000001,0,2
Yes,219.266,0.10709999999999997,1,5
Yes,186.295,3.3001000000000023,0,2
Yes,158.241,2.821600000000001,1,1
No,334.45600000000024,5.160800000000005,0,4
Yes,226.23099999999997,2.2329999999999997,2,3
Yes,263.211,2.490900000000001,0,6
Yes,185.69800000000004,-1.1031999999999975,0,0
Yes,150.22099999999998,2.6897,1,1
Yes,118.17899999999999,2.638020000000001,0,0
Yes,136.238,2.9987000000000013,0,0
Yes,172.31199999999998,3.5095000000000023,1,1
Yes,164.03500000000003,2.2421999999999995,0,1
No,324.05899999999997,6.451400000000001,0,1
Yes,236.33999999999997,0.6699999999999997,0,5
Yes,220.976,2.6804000000000006,0,4
Yes,162.019,2.5756000000000006,1,1
No,254.4139999999999,5.328300000000005,1,1
Yes,202.24999999999997,2.2763999999999998,2,2
Yes,152.237,2.878000000000001,0,1
Yes,67.09100000000001,1.08608,0,1
Yes,180.24699999999996,2.6983000000000006,1,2
Yes,158.28499999999997,2.973700000000002,1,1
Yes,162.66,2.9682000000000013,0,1
No,434.6420000000004,8.793500000000003,0,4
Yes,266.3179999999999,4.544600000000004,0,4
Yes,189.32399999999998,2.9815000000000014,0,2
Yes,298.30400000000003,3.3061000000000016,0,6
Yes,198.653,2.4335000000000004,1,1
Yes,203.307,2.03398,0,4
Yes,397.635,-1.6561000000000003,5,8
Yes,108.09599999999999,0.25059999999999993,0,2
Yes,218.11999999999995,-0.5045999999999999,0,6
Yes,216.324,4.239300000000004,0,1
Yes,210.27599999999995,0.08099999999999996,0,4
Yes,128.558,2.0456000000000003,1,1
Yes,86.08999999999999,-1.0256,2,2
Yes,200.23700000000002,2.9712000000000005,1,2
Yes,291.26500000000004,3.2711000000000023,0,6
Yes,238.10599999999997,-8.136999999999999,0,8
Yes,145.143,0.6335,1,5
Yes,198.845,1.62588,0,1
Yes,124.99799999999999,2.0186,0,0
Yes,166.22299999999998,3.2578000000000014,0,0
Yes,168.19500000000002,3.586000000000002,0,1
Yes,87.122,-0.3938000000000001,1,2
Yes,130.18699999999998,1.5956000000000001,0,2
Yes,162.27599999999995,3.9334000000000033,0,0
Yes,186.33899999999997,3.4657000000000027,1,1
Yes,278.348,3.3122000000000025,0,4
Yes,103.121,1.3404,0,3
Yes,86.08999999999999,0.6471,1,1
Yes,206.32899999999995,3.904200000000003,0,1
Yes,311.34100000000007,2.2241,2,4
Yes,126.586,2.6484200000000007,0,0
No,204.78499999999997,5.146100000000005,0,0
Yes,157.213,1.0628,1,2
Yes,274.413,3.7702000000000027,0,5
Yes,229.715,2.1655999999999995,2,5
Yes,89.525,1.1388800000000001,0,1
Yes,101.149,-0.05160000000000009,0,2
Yes,104.11199999999997,0.9532799999999999,0,2
Yes,84.08200000000001,-1.04945,3,2
Yes,187.22,0.82392,2,3
No,412.6550000000002,7.236300000000009,0,4
Yes,132.115,0.3259,2,2
Yes,244.33099999999993,3.4467000000000017,2,2
Yes,104.10499999999999,0.1075000000000001,1,2
Yes,314.33700000000005,2.7170000000000005,0,5
Yes,286.324,1.2582,0,6
Yes,123.11099999999999,1.7900999999999998,1,3
Yes,286.327,3.268600000000002,3,3
Yes,142.19799999999995,1.7617,0,2
Yes,270.37199999999996,3.3293000000000017,1,2
Yes,335.28200000000004,4.148200000000004,0,5
Yes,126.11099999999998,0.8033999999999997,3,3
Yes,202.256,4.487200000000003,0,0
Yes,317.33200000000005,1.9994999999999998,0,7
Yes,402.57200000000023,4.538800000000004,0,6
Yes,86.134,0.9213,1,1
Yes,309.36600000000004,4.252800000000004,0,5
No,801.379,9.578899999999999,0,1
Yes,130.18699999999998,1.7397,0,2
Yes,204.33499999999998,2.675800000000001,1,3
Yes,159.61599999999999,1.6992,1,2
Yes,177.03400000000002,2.1578,2,2
Yes,214.22,2.3288,2,3
Yes,261.234,-3.851399999999997,3,6
Yes,86.138,-0.8208,2,2
Yes,116.15999999999998,0.7363999999999999,1,2
Yes,206.32899999999995,3.987200000000003,1,1
No,418.6180000000004,7.2132000000000085,0,4
Yes,138.254,3.0786000000000016,0,0
Yes,285.218,3.9784400000000018,2,2
Yes,493.9440000000003,0.6084,5,9
Yes,213.28,3.747220000000002,1,2
Yes,113.16000000000001,1.7807,1,2
Yes,228.247,2.631800000000001,1,3
Yes,306.4020000000001,4.380600000000004,0,4
Yes,174.159,1.92962,0,4
Yes,286.11400000000003,3.4213000000000022,0,3
Yes,184.32299999999995,3.652000000000003,1,1
Yes,248.285,4.9608000000000025,1,3
Yes,214.26399999999998,3.144400000000002,0,2
Yes,156.188,2.1435999999999993,0,2
Yes,200.262,3.943500000000002,0,2
Yes,246.39399999999995,4.374200000000004,0,1
Yes,234.38299999999992,4.518300000000004,0,1
Yes,120.19499999999996,2.5287000000000006,0,0
Yes,137.13799999999998,1.90322,0,2
Yes,122.16699999999996,2.0090399999999997,1,1
No,368.3690000000001,6.256760000000005,0,4
Yes,152.15299999999996,1.48542,1,3
Yes,173.25900000000001,3.2940000000000014,1,1
Yes,128.215,2.5458000000000007,0,1
Yes,200.36599999999996,4.289700000000004,1,1
Yes,221.37299999999993,1.3835999999999997,1,4
Yes,474.9850000000003,2.988900000000001,2,5
Yes,221.03900000000002,2.4568000000000003,1,2
Yes,288.78200000000004,3.583280000000002,0,3
Yes,248.35099999999997,1.3739,0,5
Yes,148.20499999999998,2.728300000000001,0,1
Yes,241.364,2.2340999999999998,2,6
Yes,182.22600000000003,4.102000000000002,0,2
Yes,109.13200000000002,0.24599999999999989,2,3
Yes,151.118,-2.0211999999999994,3,5
Yes,172.17999999999995,0.6688,0,4
Yes,177.203,1.6041999999999998,1,2
Yes,191.23000000000002,1.9126199999999998,1,2
Yes,282.29200000000003,1.2930000000000001,0,6
Yes,210.283,2.1944999999999997,0,5
Yes,285.89699999999993,3.6108000000000002,0,3
Yes,197.44799999999998,3.3523999999999994,1,1
Yes,144.17299999999997,2.5454,1,1
Yes,170.21099999999998,3.0592000000000015,1,1
Yes,164.201,-0.34170000000000006,1,4
Yes,165.708,-1.1131999999999982,0,0
Yes,174.675,-1.8832999999999969,0,0
Yes,388.4860000000001,-3.633599999999994,1,6
Yes,65.011,-2.1299,0,0
No,534.3710000000002,-9.235300000000011,1,11
Yes,116.09499999999996,-2.2357999999999993,0,1
Yes,208.21399999999997,-1.7884599999999984,0,3
Yes,114.12599999999998,-1.2185000000000001,2,3
Yes,335.28200000000004,4.148200000000004,0,5
Yes,123.11099999999996,1.5948,0,2
Yes,119.07600000000001,-0.26219999999999977,1,3
Yes,194.31799999999998,4.048300000000003,0,1
Yes,100.11699999999999,1.0831,0,2
Yes,58.080000000000005,0.16469999999999996,1,1
Yes,178.23399999999998,3.993000000000002,0,0
Yes,120.15099999999995,1.8892,0,1
Yes,129.159,0.05369999999999986,0,2
Yes,196.28999999999996,3.0745000000000013,0,2
Yes,156.26899999999995,2.5836000000000006,1,1
Yes,146.23,2.531600000000001,0,2
Yes,102.17699999999998,1.4133,1,1
Yes,114.18799999999999,2.0116,0,1
No,270.45699999999994,5.639100000000005,0,2
Yes,108.144,1.44986,0,2
Yes,162.188,2.4484000000000004,0,2
Yes,107.15599999999996,1.57722,1,1
Yes,93.12899999999999,1.39002,0,1
Yes,128.21499999999997,2.401700000000001,0,1
Yes,149.23699999999997,2.3936,1,1
Yes,168.32399999999998,4.703200000000004,0,0
Yes,181.32299999999998,4.430880000000004,0,1
Yes,214.39299999999994,4.679800000000005,1,1
Yes,242.40299999999993,4.322700000000004,0,2
Yes,402.4840000000002,3.0984000000000016,0,8
Yes,162.22899999999998,0.812,1,3
Yes,434.57000000000033,3.299800000000002,0,8
No,314.5220000000001,6.694400000000005,0,4
Yes,117.192,0.32050000000000006,1,2
Yes,132.232,0.49030000000000007,2,1
Yes,223.74699999999999,2.604400000000001,0,1
Yes,297.855,3.1331000000000016,0,4
Yes,159.616,1.6991999999999998,1,2
Yes,247.722,1.5509999999999997,4,4
Yes,161.031,3.1628000000000016,0,0
Yes,251.327,4.3486,0,1
Yes,265.35400000000004,4.5358,1,1
Yes,206.028,2.2737999999999996,2,2
Yes,214.64799999999997,2.5003200000000003,1,2
Yes,215.894,4.3002,0,0
Yes,215.894,4.3002,0,0
No,511.15200000000016,6.105500000000001,2,3
No,402.064,6.674800000000002,0,4
Yes,74.083,0.22939999999999994,0,2
Yes,166.17599999999996,1.5162999999999998,0,3
Yes,180.203,1.7583,0,3
Yes,148.202,0.7679,1,3
Yes,80.51400000000001,0.8291000000000001,0,1
Yes,180.55599999999998,3.3588000000000013,0,0
Yes,60.056,-0.9762000000000002,2,1
Yes,162.019,2.5756000000000006,1,1
Yes,200.241,2.643300000000001,2,3
Yes,152.153,1.48542,1,3
Yes,139.10999999999999,1.3003999999999998,1,3
No,340.5040000000002,5.061800000000005,0,4
Yes,239.318,2.9067000000000016,0,1
Yes,234.27999999999994,0.6345000000000001,0,6
Yes,140.13799999999998,1.3427,0,3
Yes,130.099,0.10190000000000005,2,2
Yes,192.12599999999998,0.6954,1,4
Yes,122.12299999999996,1.3848,1,1
Yes,90.078,0.3992,0,3
No,474.7260000000005,9.061800000000002,0,4
Yes,250.257,3.2120000000000015,0,4
Yes,85.10600000000001,-0.10360000000000008,1,1
Yes,216.668,1.25342,1,2
Yes,174.203,1.7992,0,2
Yes,330.17100000000005,2.880000000000001,1,3
Yes,173.128,-1.7578999999999994,2,4
Yes,278.221,-3.6124999999999985,5,7
Yes,194.11599999999996,-1.7492999999999979,0,0
Yes,236.19699999999992,-0.5789999999999988,0,0
Yes,162.204,-8.990499999999999,0,0
Yes,465.3750000000002,0.9376000000000033,0,2
Yes,101.10199999999999,-3.2350999999999996,0,3
Yes,116.479,-4.020899999999999,0,2
Yes,81.075,-2.98162,0,2
Yes,80.04299999999999,0.13709999999999994,1,3
Yes,75.067,0.2829999999999999,0,2
Yes,441.6400000000001,2.8511000000000015,1,3
Yes,187.862,1.7762,0,0
Yes,90.553,2.1489000000000003,0,0
Yes,86.134,0.9448999999999999,1,1
Yes,211.99900000000002,2.0225999999999997,0,0
Yes,161.397,2.2458,1,1
Yes,222.509,2.5397000000000007,0,2
Yes,154.253,2.6714000000000016,1,1
Yes,196.29,3.242200000000002,0,2
Yes,73.12,0.7190000000000001,0,2
Yes,99.17699999999999,1.172,1,1
Yes,128.17099999999996,1.5157,0,2
Yes,154.21199999999996,3.353600000000002,0,0
Yes,129.16199999999998,2.2348,0,1
Yes,140.19,-1.0197999999999992,0,4
Yes,142.154,0.5045000000000001,0,3
Yes,146.189,2.2888,0,1
Yes,164.20399999999998,2.3107000000000006,0,2
Yes,146.142,0.11260000000000003,0,4
Yes,222.26599999999996,0.15139999999999998,1,5
Yes,104.14899999999999,-0.0028000000000000247,2,2
Yes,160.326,3.6652000000000027,1,1
Yes,142.242,2.6477000000000013,0,1
Yes,134.22199999999998,2.8851000000000013,0,0
Yes,184.279,2.9320000000000013,0,2
Yes,90.122,-0.25039999999999996,2,2
Yes,191.271,-0.5691999999999999,3,4
Yes,90.122,0.013600000000000112,1,2
Yes,150.22099999999998,2.4879000000000007,0,1
Yes,120.19499999999998,2.611860000000001,0,0
Yes,122.16699999999997,2.0090399999999997,1,1
Yes,136.238,2.9987000000000013,0,0
Yes,142.201,3.148220000000001,0,0
Yes,122.16699999999996,1.9546,1,1
Yes,122.16699999999996,1.9546,1,1
Yes,102.13299999999998,0.9595,0,2
Yes,100.16099999999999,1.7656,0,1
Yes,114.18799999999999,2.1557000000000004,0,1
Yes,142.286,4.147000000000004,0,0
Yes,186.33899999999997,3.8996000000000035,1,1
Yes,202.40699999999998,4.837100000000006,1,1
Yes,148.67700000000002,3.5857000000000028,0,0
Yes,130.18699999999998,1.2019,0,2
Yes,204.26599999999996,1.3828,0,4
Yes,104.14899999999999,0.40530000000000005,1,2
Yes,149.237,2.532800000000001,0,1
Yes,102.137,1.0095999999999998,0,2
Yes,135.20999999999998,2.42682,1,1
Yes,166.15699999999998,2.3228,0,3
Yes,164.03500000000003,2.2421999999999995,0,1
Yes,129.58999999999997,1.6906,1,1
Yes,96.94400000000002,1.9352,0,0
Yes,230.909,3.5617,0,1
No,340.8040000000001,5.058199999999999,0,2
Yes,181.449,3.6468000000000007,0,0
Yes,205.04000000000002,2.6205000000000007,1,1
Yes,357.7930000000001,3.9273200000000035,1,3
Yes,147.00400000000002,2.993400000000001,0,0
Yes,147.004,2.993400000000001,0,0
Yes,128.986,0.8249,1,1
Yes,87.12199999999999,0.09450000000000003,0,1
Yes,179.204,0.7792999999999999,0,1
Yes,200.23399999999998,1.1387999999999998,0,4
Yes,226.31599999999995,2.725100000000001,0,3
Yes,206.28199999999998,0.8238000000000001,1,4
Yes,221.039,2.7002000000000006,1,2
Yes,178.231,2.4323000000000006,0,2
Yes,136.14999999999998,1.5076999999999998,0,2
Yes,138.166,1.1874999999999998,1,2
Yes,225.296,1.5208,2,6
Yes,280.393,0.6395000000000004,0,6
Yes,314.29600000000005,2.0054,0,8
Yes,175.0,2.5882000000000005,0,0
Yes,164.21200000000002,2.04296,0,4
Yes,85.10600000000001,0.2808800000000001,1,2
Yes,76.124,-0.8113000000000001,2,1
Yes,84.082,-0.6131000000000004,2,3
Yes,167.11999999999995,1.293,1,3
Yes,141.13,0.6367199999999998,0,3
Yes,164.588,0.7459,0,3
Yes,174.196,1.0470000000000002,0,4
Yes,180.159,1.3101,1,3
Yes,172.26799999999997,2.765900000000001,0,2
Yes,204.26900000000003,2.5645000000000007,1,2
Yes,198.221,2.6232000000000006,1,2
Yes,174.196,0.8927999999999998,0,4
Yes,203.02399999999997,2.4446000000000003,0,2
Yes,203.02399999999997,2.4446000000000003,0,2
Yes,207.25099999999998,-0.045000000000000095,2,3
Yes,160.173,-0.556,2,3
Yes,346.3790000000001,1.0271,3,5
Yes,134.08699999999996,-1.0934000000000001,3,3
Yes,92.119,0.0008000000000000229,2,2
Yes,246.26199999999997,2.3722000000000003,0,4
Yes,250.29399999999995,2.8202000000000016,0,4
Yes,278.348,3.600400000000003,0,4
Yes,168.196,1.2184000000000001,0,4
Yes,222.28799999999995,2.2430000000000003,0,4
Yes,138.20999999999998,2.3218000000000005,0,1
Yes,152.197,1.20172,1,2
Yes,84.11800000000001,1.1295,0,1
Yes,98.14500000000001,1.5196,0,1
Yes,128.131,-0.3956000000000001,2,2
Yes,147.13299999999998,0.5702,1,2
Yes,198.225,3.5061000000000018,0,2
Yes,97.99399999999999,-0.9286000000000001,3,1
Yes,154.18699999999998,0.30420000000000014,0,4
Yes,158.178,0.9333000000000001,1,2
Yes,191.13899999999998,-1.4577999999999993,3,4
Yes,128.558,2.0456,1,1
Yes,150.22099999999998,2.9057000000000013,1,1
Yes,98.10099999999998,0.7719,1,2
Yes,134.175,0.031799999999999884,1,3
Yes,178.22799999999998,0.04839999999999983,1,4
Yes,179.24099999999993,0.7114999999999998,2,2
Yes,152.22199999999998,1.3421,2,1
Yes,280.32699999999994,3.1746000000000008,2,2
No,421.7340000000001,5.340800000000003,0,5
No,564.691,7.291400000000002,0,1
Yes,137.998,0.11099999999999993,1,1
No,262.43699999999995,5.5007000000000055,1,1
Yes,297.42299999999994,4.283820000000003,0,2
Yes,129.207,-1.1496999999999988,2,3
Yes,278.348,3.7580000000000027,1,3
Yes,232.33,0.2437999999999989,0,2
Yes,166.26399999999995,3.102000000000002,0,1
Yes,148.249,3.2925200000000014,0,0
Yes,98.14499999999998,1.5415999999999999,0,1
No,383.62,7.677300000000008,1,1
Yes,188.33999999999995,2.0507,2,1
Yes,152.96399999999997,1.0734,0,2
Yes,123.15499999999999,1.2773999999999999,1,2
Yes,184.27899999999997,2.9320000000000013,0,2
Yes,186.295,3.6018000000000017,1,1
Yes,170.25199999999998,2.686000000000001,0,2
Yes,152.149,1.1787999999999998,1,3
Yes,335.6540000000001,-5.181399999999997,1,5
Yes,356.4630000000001,2.1181,0,3
Yes,383.641,0.42680000000000073,0,5
Yes,381.3490000000002,-5.877899999999995,0,4
Yes,407.91000000000025,3.1751000000000023,0,4
Yes,208.28,2.2986000000000004,0,0
Yes,276.464,4.7801000000000045,1,1
Yes,168.28,3.4921000000000024,0,1
Yes,130.15,1.6297999999999997,0,2
Yes,114.18799999999999,2.1557000000000004,0,1
Yes,264.409,4.968700000000005,0,2
Yes,240.38699999999994,4.636500000000004,0,2
Yes,295.77,2.916100000000001,1,4
No,204.35699999999997,5.056800000000004,0,0
No,296.539,6.362500000000008,1,1
Yes,181.14699999999996,1.60142,1,3
Yes,114.14399999999999,0.9446,0,2
Yes,140.22599999999997,2.711900000000001,0,1
Yes,221.17700000000002,1.6877,0,0
Yes,260.523,2.3772,0,0
Yes,331.966,3.873400000000001,0,4
Yes,256.13199999999995,3.1350000000000016,1,1
Yes,223.22799999999995,1.9121,1,4
Yes,198.30599999999995,3.298000000000002,0,2
Yes,216.19199999999998,2.5478000000000005,0,4
Yes,225.296,1.5223999999999998,2,6
Yes,362.401,4.222900000000003,0,3
Yes,455.82000000000005,4.020200000000002,3,4
No,281.4839999999999,5.509200000000005,1,1
Yes,116.16399999999999,0.45480000000000026,2,1
Yes,198.269,2.4418000000000006,2,2
Yes,302.34700000000004,3.0850000000000017,0,5
Yes,136.14999999999998,1.5948,1,2
No,500.6730000000003,5.827500000000006,0,8
Yes,302.201,4.607900000000003,2,2
No,542.6290000000004,1.440800000000002,4,7
Yes,203.197,1.3641,2,2
Yes,403.51900000000023,3.818400000000003,3,4
Yes,184.27899999999997,3.3778000000000024,1,1
Yes,357.38100000000003,4.600280000000004,0,5
No,514.7000000000005,6.219200000000007,0,8
Yes,326.39200000000005,4.260800000000003,0,4
Yes,446.62500000000034,4.555400000000003,0,7
Yes,288.43100000000004,3.8792000000000035,1,2
Yes,124.11399999999998,1.6382,0,1
Yes,223.253,1.6687,2,3
Yes,312.29099999999994,3.267100000000002,1,4
Yes,164.204,2.1056999999999997,1,2
Yes,74.07900000000001,-0.6225,1,2
Yes,434.57000000000045,1.9651999999999987,3,8
Yes,230.149,-0.9133799999999985,0,0
Yes,382.5980000000002,2.796800000000001,0,4
Yes,177.021,-2.490099999999999,0,4
Yes,265.312,-0.17330000000000018,2,4
Yes,108.07199999999999,-3.6835999999999993,0,2
Yes,264.25300000000004,-3.867599999999995,0,1
Yes,274.25500000000005,-0.4422999999999988,1,2
Yes,188.88299999999998,2.8085000000000013,0,0
Yes,314.231,1.6085000000000007,2,7
Yes,333.266,3.9242000000000035,0,5
Yes,272.264,2.3115000000000006,2,4
Yes,197.381,2.5084999999999997,0,0
Yes,143.411,1.6200999999999999,0,0
Yes,116.11999999999999,0.6866,2,4
Yes,258.36100000000005,4.534500000000004,0,2
No,616.7920000000005,3.4071000000000016,4,9
Yes,277.308,1.6882000000000004,0,3
Yes,248.39499999999992,1.9369,0,4
Yes,296.62,2.8736000000000015,0,4
Yes,344.66400000000016,3.255200000000002,0,4
Yes,222.32799999999995,3.320500000000002,0,2
Yes,254.32599999999994,2.785400000000001,0,4
Yes,90.553,1.8013,0,0
Yes,110.971,1.9777,0,0
Yes,56.064,0.37129999999999996,0,1
Yes,139.198,1.5325,0,1
Yes,198.30599999999995,3.5256000000000025,0,2
Yes,162.276,4.009200000000003,0,0
Yes,154.21199999999996,2.9384000000000015,0,0
No,424.6690000000002,7.878600000000009,2,2
Yes,156.269,2.583600000000001,1,1
Yes,144.25799999999998,2.4411000000000005,1,1
Yes,194.23000000000002,2.573500000000001,0,3
Yes,144.258,2.583600000000001,1,1
Yes,156.269,2.7497000000000016,1,1
Yes,69.107,1.16598,0,1
Yes,188.27,3.315000000000002,0,1
Yes,396.381,4.516500000000003,0,5
No,588.8700000000003,9.976499999999998,0,6
No,362.5100000000002,5.652800000000006,0,4
Yes,209.24499999999998,2.192,1,3
Yes,160.26,3.1648000000000023,0,0
Yes,150.22099999999998,2.4879000000000007,0,1
Yes,181.14699999999996,1.6014199999999998,1,3
Yes,201.063,2.766120000000001,0,1
Yes,128.21499999999997,1.805,1,1
Yes,122.16699999999996,2.0090399999999997,1,1
Yes,204.35699999999997,4.5591000000000035,0,0
Yes,216.283,4.892420000000002,0,0
No,546.7890000000003,8.806200000000006,0,6
No,390.5640000000003,6.433000000000007,0,4
Yes,327.4900000000001,4.501900000000004,1,5
Yes,158.19699999999995,1.6563999999999999,0,3
Yes,138.20999999999995,2.4879000000000007,0,1
No,268.4849999999999,6.0162000000000075,1,1
Yes,347.293,4.148200000000004,0,5
Yes,367.512,4.6886000000000045,0,3
Yes,319.4490000000001,2.7605000000000013,2,3
Yes,288.46000000000004,2.9924000000000017,0,4
Yes,240.80299999999994,2.6637000000000013,0,3
Yes,257.164,3.361600000000002,2,2
Yes,335.83100000000013,1.9229,1,4
Yes,156.99599999999998,1.163,0,2
Yes,253.20400000000004,2.720600000000001,0,0
Yes,279.399,2.0685000000000002,0,0
Yes,292.32000000000005,4.206200000000002,0,0
Yes,263.12,3.323800000000002,0,3
Yes,163.003,2.699,1,1
Yes,108.52400000000002,0.6999,1,1
Yes,187.06599999999997,1.4971999999999999,0,2
Yes,269.49199999999996,2.9795000000000016,0,3
Yes,190.24199999999996,2.687500000000001,0,2
Yes,198.134,1.5116,0,5
Yes,158.2,2.8484000000000007,0,1
Yes,124.07599999999998,1.1020999999999999,0,3
Yes,225.281,2.3556,1,6
Yes,213.31,1.4570999999999996,2,6
No,598.5060000000001,8.366500000000004,0,3
Yes,190.11999999999995,2.403600000000001,1,1
Yes,149.894,0.5049,0,0
Yes,108.10400000000001,-0.83744,2,4
Yes,119.12299999999998,1.26388,1,2
Yes,98.149,0.46168,0,2
Yes,225.204,-1.62583,3,6
Yes,103.081,-0.3216999999999998,1,3
Yes,76.05499999999999,-0.9561000000000002,3,2
Yes,122.17099999999998,1.1594200000000001,2,2
Yes,94.11699999999998,0.6638000000000002,1,2
Yes,187.63400000000001,0.9275,2,5
Yes,210.36499999999995,2.4115,2,2
Yes,170.29999999999998,1.4888000000000001,2,2
Yes,200.32999999999993,-0.6983999999999977,2,4
Yes,281.10100000000006,-7.113399999999995,0,4
Yes,143.93699999999998,-0.3589,0,3
Yes,172.17999999999995,0.6688,0,4
Yes,315.4170000000001,1.1579799999999993,2,4
Yes,164.204,1.6401999999999999,1,2
Yes,143.142,0.08967999999999998,0,4
Yes,238.37099999999992,4.2668000000000035,0,2
Yes,194.23,1.93692,0,3
Yes,363.336,3.5164000000000026,0,5
Yes,136.15399999999997,1.1772000000000002,2,1
Yes,164.208,1.7801,1,1
Yes,401.4630000000001,2.3702000000000005,2,6
Yes,126.11099999999999,1.28622,1,2
Yes,214.22000000000003,3.177100000000001,1,2
Yes,152.53300000000002,0.15310000000000018,2,2
No,270.45699999999994,5.9424000000000055,1,1
Yes,337.463,4.499300000000004,2,2
Yes,292.244,-2.0711999999999957,4,6
Yes,279.34,2.6670000000000007,2,3
Yes,312.365,4.000500000000003,0,4
No,546.7890000000004,9.238500000000002,0,6
No,418.6180000000004,7.501400000000008,0,4
Yes,185.26699999999997,1.4475,0,3
Yes,155.241,1.4961,1,2
Yes,368.1860000000001,3.865700000000002,1,4
No,511.3200000000003,5.447400000000003,2,4
Yes,278.244,3.520400000000002,1,3
Yes,308.36100000000005,3.1003000000000016,0,5
Yes,404.41,2.879500000000001,3,6
Yes,264.32099999999997,2.2499,2,3
Yes,194.23000000000002,1.9224,1,3
Yes,298.338,2.672200000000001,2,4
Yes,144.17299999999997,2.5454000000000008,1,1
Yes,190.28299999999996,1.589,1,3
Yes,162.23299999999998,-1.3781999999999992,3,4
Yes,415.5930000000002,1.9919999999999993,4,7
Yes,106.121,-1.0124,2,3
Yes,206.28199999999995,0.8286,1,4
Yes,423.7400000000003,1.5246000000000002,0,4
Yes,331.3419999999999,1.2374999999999992,0,0
Yes,216.122,-1.221799999999998,0,0
Yes,139.626,-3.3110999999999966,1,1
Yes,193.67399999999998,-2.574199999999995,0,2
Yes,149.665,-1.7492999999999979,0,0
Yes,185.698,-0.9133799999999985,0,0
Yes,89.56400000000001,0.09387,0,1
Yes,241.11599999999993,-1.7492999999999979,0,0
Yes,109.945,-7.329999999999999,0,4
No,575.5690000000004,-3.25849999999999,0,8
Yes,246.21899999999997,-1.5465,1,4
Yes,341.29800000000006,-2.717599999999999,3,7
Yes,230.22,-1.2520999999999989,0,3
Yes,161.158,-4.244999999999997,1,4
Yes,246.30399999999997,-0.7821999999999991,0,4
Yes,227.37400000000002,-0.2756000000000005,0,2
Yes,129.185,-2.9583999999999993,1,2
Yes,254.221,-3.2888999999999964,1,3
Yes,222.603,-2.2188799999999977,0,3
Yes,255.977,-6.162999999999999,0,4
No,248.16299999999998,-8.462899999999998,6,8
Yes,239.03799999999995,-4.798199999999998,2,3
Yes,384.4260000000002,-0.9538999999999949,0,7
Yes,205.17000000000002,-2.0931999999999986,0,3
Yes,296.232,-2.832099999999998,0,7
Yes,208.17,-2.5927999999999987,0,4
Yes,216.278,-1.1038999999999985,0,3
Yes,198.10599999999997,-5.601099999999997,3,6
Yes,148.209,-0.2541000000000001,2,4
No,894.0180000000003,-1.1869999999999872,8,14
Yes,163.136,1.4710999999999999,1,3
Yes,117.14800000000001,-0.039000000000000146,0,2
Yes,335.554,3.919000000000003,0,3
Yes,242.725,2.8651,0,0
Yes,214.08700000000002,3.0588000000000015,0,2
No,328.003,5.0039000000000025,0,1
Yes,233.10800000000003,4.116100000000002,0,0
No,291.3169999999999,6.472500000000006,0,0
Yes,124.965,0.3736,1,1
Yes,136.23799999999997,3.453000000000002,0,0
Yes,152.23699999999997,2.2576,0,1
Yes,263.281,1.2980999999999998,0,3
Yes,206.26700000000002,-0.5061000000000002,0,3
Yes,260.23699999999997,0.3839,0,3
Yes,213.971,0.6049,1,1
Yes,88.22599999999998,1.9544,0,0
Yes,337.62800000000016,4.322000000000004,3,3
Yes,112.216,2.9987000000000013,0,0
Yes,98.145,1.5416,0,1
Yes,81.118,1.47618,0,1
Yes,96.12899999999999,1.3176,0,1
Yes,218.33999999999995,3.904200000000003,0,1
No,254.41399999999993,5.026600000000005,0,2
Yes,262.349,2.7230000000000008,0,3
Yes,100.11699999999999,0.7355,0,2
Yes,128.17099999999996,1.3716000000000002,0,2
Yes,212.33299999999997,3.712200000000003,0,2
Yes,212.33299999999997,3.8563000000000027,0,2
Yes,70.09100000000001,0.7614,0,1
Yes,71.07900000000001,-0.34230000000000005,1,1
Yes,70.091,0.5711999999999999,0,1
Yes,192.21399999999997,2.1524,0,3
Yes,156.269,2.8954000000000013,1,1
Yes,256.3419999999999,1.5729,1,4
Yes,114.14399999999999,0.5878,0,2
Yes,202.24999999999997,1.3397999999999999,0,4
Yes,146.153,0.8666999999999998,1,3
Yes,119.12699999999995,0.9579,1,2
Yes,135.19099999999997,2.2963000000000005,0,2
Yes,84.162,2.3406000000000002,0,0
Yes,120.15099999999995,1.7579,0,1
Yes,170.211,3.478900000000002,0,1
Yes,186.279,3.8378000000000023,0,1
Yes,182.31099999999998,1.9157,0,2
Yes,112.176,-0.3824000000000001,0,2
Yes,144.16999999999996,0.4865000000000001,1,3
Yes,170.21099999999998,3.0424000000000015,0,1
Yes,121.13899999999997,1.2842,0,2
Yes,128.127,0.13850000000000007,0,3
Yes,130.143,0.5286,0,3
Yes,86.13399999999999,1.3755,0,1
Yes,103.121,-0.8852,2,2
Yes,474.39800000000025,3.531600000000002,3,5
Yes,196.29,2.7643000000000013,0,2
Yes,192.25800000000004,2.570800000000001,0,2
Yes,150.177,1.7496999999999998,0,2
Yes,136.19799999999998,2.08596,0,2
Yes,120.579,1.7979,0,1
Yes,178.23099999999997,2.6823000000000006,1,1
Yes,127.18699999999998,1.0871,1,1
Yes,142.19799999999998,1.7616999999999998,0,2
Yes,118.17599999999999,0.7938000000000001,1,2
Yes,112.98700000000001,2.2001,0,0
Yes,146.23,1.0218,2,2
Yes,216.32099999999997,2.2287,1,3
Yes,312.365,3.726600000000003,0,4
Yes,164.24800000000002,2.3901000000000003,1,1
Yes,156.269,2.439500000000001,1,1
Yes,72.107,0.8412999999999999,0,1
Yes,145.20499999999996,2.681680000000001,0,1
Yes,190.28599999999997,3.1875000000000018,0,1
Yes,83.134,1.55608,0,1
Yes,100.16099999999999,1.6215,0,1
Yes,130.18699999999998,1.8973,1,1
Yes,308.462,4.223300000000004,1,3
No,446.6720000000004,7.993400000000009,0,4
No,390.5640000000003,6.433000000000007,0,4
Yes,218.362,3.0659000000000023,1,3
Yes,192.258,2.8895000000000017,0,2
Yes,188.07599999999996,2.2463000000000006,0,3
Yes,104.149,0.4037,1,2
Yes,156.25,2.9212000000000016,0,2
Yes,102.13299999999998,1.1171,1,1
Yes,100.16099999999999,1.6215,0,1
Yes,86.13399999999999,1.2314,0,1
Yes,283.355,3.831500000000003,0,5
Yes,90.122,-0.3929,2,2
No,356.54700000000025,5.962500000000007,0,4
Yes,89.13800000000002,-0.019999999999999685,1,2
Yes,146.23,1.3084,2,2
Yes,168.27999999999997,3.0599000000000016,1,1
Yes,90.122,-0.252,2,2
Yes,122.16699999999996,1.7399,1,1
Yes,94.541,0.6060000000000001,1,1
Yes,152.19299999999998,1.4462,1,2
Yes,341.83500000000015,3.7393000000000027,1,5
Yes,195.24899999999997,3.230400000000002,0,0
Yes,100.161,1.335,1,1
Yes,126.19899999999997,2.3218000000000005,0,1
Yes,144.214,0.7742,2,2
Yes,170.29999999999995,1.6312999999999998,2,2
Yes,289.33500000000004,1.6333000000000002,2,4
Yes,154.25300000000001,2.1935000000000007,1,1
Yes,134.22199999999998,2.9202800000000018,0,0
Yes,135.21,2.1940600000000003,1,1
Yes,136.194,2.3174600000000005,1,1
Yes,126.15899999999998,0.44974,1,2
Yes,142.58499999999998,2.3540200000000002,1,1
Yes,107.15599999999999,1.5772199999999998,1,1
Yes,206.32899999999995,3.760100000000003,0,1
Yes,106.16799999999999,2.30344,0,0
Yes,186.232,1.5501400000000003,1,2
Yes,134.22199999999998,3.118420000000002,0,0
Yes,150.221,2.22242,1,1
Yes,136.14999999999998,1.69322,1,1
Yes,182.135,1.8114200000000005,0,4
Yes,147.22100000000003,2.3531200000000005,1,1
Yes,143.18899999999996,2.5432200000000007,0,1
Yes,108.13999999999997,1.7006199999999998,1,1
Yes,136.19799999999998,1.7102799999999998,0,2
Yes,82.106,0.7181199999999999,1,1
No,555.7640000000004,4.607940000000005,0,7
Yes,382.89100000000013,1.1770000000000003,1,5
Yes,86.134,1.3755,0,1
Yes,100.16099999999999,1.7656,0,1
Yes,128.21499999999997,2.5458000000000007,0,1
Yes,88.106,0.5694,0,2
Yes,178.231,2.700800000000001,0,2
Yes,194.23000000000002,2.0186,0,3
Yes,116.15999999999998,1.5072,1,1
Yes,100.16099999999999,1.6215,0,1
Yes,127.014,2.2426000000000004,0,0
Yes,104.14899999999999,-0.0028000000000000247,2,2
Yes,100.16099999999999,1.335,1,1
Yes,58.08,0.5952999999999999,0,1
Yes,106.16799999999996,2.2490000000000006,0,0
Yes,292.297,2.3338,0,7
Yes,140.226,2.5458000000000007,0,1
Yes,86.178,2.5866000000000007,0,0
Yes,116.15999999999998,1.6513,1,1
Yes,130.18699999999998,2.0414,1,1
Yes,142.242,2.935900000000001,0,1
Yes,170.296,3.7161000000000026,0,1
No,240.4749999999999,6.877700000000007,0,0
No,232.83899999999994,5.926300000000006,0,0
Yes,176.731,4.365900000000004,0,0
Yes,158.285,3.119400000000002,1,1
Yes,174.35299999999998,4.100000000000004,0,1
Yes,116.204,1.9491,1,1
Yes,117.148,1.8745999999999998,0,3
Yes,174.35299999999998,4.100000000000004,0,1
Yes,185.35499999999993,3.6887000000000025,0,1
Yes,172.27199999999993,1.8858,2,1
Yes,149.23699999999997,2.898600000000001,1,1
Yes,156.634,1.3551000000000002,0,2
Yes,148.202,0.4219,1,3
Yes,179.263,1.8136199999999998,1,2
Yes,171.28799999999995,0.8382000000000003,0,3
Yes,236.27100000000002,1.7596999999999998,2,3
Yes,121.18299999999995,2.1184,1,1
Yes,89.13799999999999,-0.4118000000000001,2,2
Yes,240.375,1.942,0,3
Yes,217.34099999999995,1.94848,0,4
Yes,166.21999999999994,2.484000000000001,0,2
Yes,90.122,0.015200000000000047,1,2
Yes,182.15599999999998,2.2039999999999997,0,4
Yes,377.87600000000015,1.0762999999999996,1,4
Yes,245.70599999999996,1.7353999999999998,1,4
Yes,229.707,1.9874999999999998,1,3
No,548.0430000000005,1.2614999999999994,2,12
Yes,178.062,2.65242,1,1
Yes,157.644,2.3074399999999997,1,1
Yes,302.271,1.6010999999999997,2,4
Yes,233.14200000000002,3.2916200000000018,0,1
Yes,95.57300000000001,0.5996,0,1
Yes,247.72199999999995,1.6354,1,4
Yes,267.722,3.6677000000000017,1,1
Yes,462.95600000000024,3.431820000000001,1,10
Yes,183.59099999999998,-0.3151,3,3
Yes,313.86900000000014,3.4574000000000025,1,3
Yes,208.234,0.9982,0,0
Yes,136.296,1.3765,0,0
Yes,138.619,2.4884000000000004,0,2
Yes,327.572,4.026200000000004,0,4
Yes,163.387,1.4412,1,1
Yes,153.823,2.5529,0,0
Yes,203.83,3.1882,0,0
Yes,208.08799999999997,1.9907,0,1
Yes,252.1409999999999,2.3093000000000004,0,2
Yes,126.97,1.3791,0,1
Yes,167.85,2.5938,0,0
Yes,177.845,2.8631,0,0
Yes,225.45800000000003,3.3450000000000006,1,1
Yes,192.00099999999998,2.901600000000001,0,2
Yes,226.446,3.5550000000000006,0,2
Yes,312.837,4.786820000000005,0,3
Yes,284.142,3.2829000000000024,0,2
Yes,200.621,2.1918999999999995,1,2
Yes,355.6450000000001,4.385500000000004,0,4
Yes,192.00099999999998,2.901600000000001,0,2
Yes,191.01299999999998,2.6916,1,1
Yes,224.73100000000002,3.887800000000003,0,1
Yes,147.00400000000002,2.993400000000001,0,0
Yes,253.085,1.0240000000000002,3,4
Yes,186.594,1.8034000000000001,1,2
Yes,170.59500000000003,2.1266,0,2
Yes,123.539,-0.7088000000000001,2,2
Yes,327.572,4.026200000000004,0,4
Yes,92.525,0.624,0,1
Yes,98.96000000000001,1.464,0,0
Yes,80.51400000000001,0.21749999999999997,1,1
Yes,173.039,1.4547,0,2
Yes,285.491,2.8607000000000014,0,4
Yes,144.494,0.4029,2,1
Yes,212.742,2.9155000000000015,0,2
Yes,129.20299999999997,1.2648000000000001,0,1
Yes,171.284,2.4351000000000003,0,1
Yes,199.338,3.215300000000002,0,1
Yes,73.095,-0.2956000000000001,0,1
Yes,121.18299999999995,1.7526,0,1
Yes,157.30100000000002,2.908500000000002,0,1
Yes,170.25599999999997,0.6304000000000001,1,2
Yes,329.32099999999997,4.738100000000002,0,1
Yes,88.11,-0.4548000000000001,2,1
Yes,221.25599999999994,2.1183,1,3
Yes,104.178,-0.28990000000000027,2,1
Yes,143.274,2.566300000000001,1,1
Yes,136.14999999999998,1.4732,0,2
Yes,146.142,0.11259999999999981,0,4
Yes,425.52200000000033,2.6327000000000007,0,8
Yes,222.23999999999998,2.0690999999999997,0,4
Yes,290.403,4.468000000000004,0,3
Yes,150.17699999999996,1.8978,0,2
Yes,152.193,1.23,1,2
Yes,156.612,2.657020000000001,0,1
Yes,299.37,1.5011,1,4
Yes,182.17499999999998,1.402,1,3
Yes,166.17600000000002,1.4818,0,3
Yes,207.229,1.6127999999999998,1,3
Yes,162.22899999999998,1.076,0,3
Yes,178.22799999999998,0.3124,0,4
Yes,96.107,-0.49599999999999983,1,2
Yes,78.136,-0.005299999999999971,0,1
Yes,94.20400000000001,1.6274,0,2
Yes,194.96800000000005,2.2940000000000005,0,0
No,538.066,7.193400000000004,0,0
No,464.11499999999995,5.378200000000002,1,1
No,432.17599999999993,5.234600000000002,0,2
Yes,161.12599999999998,2.2876000000000003,1,1
Yes,312.118,3.514400000000002,0,1
Yes,305.3620000000001,2.468400000000001,0,3
Yes,280.082,2.663400000000001,0,4
Yes,183.182,0.7801,2,2
No,394.29900000000004,5.423200000000002,1,3
Yes,325.3,1.51172,1,5
Yes,77.05799999999999,-0.5588000000000002,1,1
Yes,124.18700000000001,1.1715799999999998,1,2
Yes,211.22400000000002,1.6169999999999998,1,3
Yes,104.11199999999997,0.9532799999999999,0,2
Yes,117.15099999999995,1.75268,0,1
Yes,95.105,-0.37684000000000006,1,3
Yes,135.217,-0.9367999999999999,3,2
Yes,202.282,2.4953000000000003,2,1
Yes,94.07000000000001,-0.9588000000000001,4,3
Yes,111.10399999999997,-0.6479000000000004,2,3
Yes,171.58299999999997,1.6204,2,2
Yes,168.15199999999996,1.1856,1,4
Yes,135.20999999999998,2.2213000000000003,1,1
Yes,165.192,1.4455,1,3
Yes,127.57399999999997,1.9222,1,1
Yes,114.19200000000001,0.21499999999999997,2,2
Yes,126.12300000000002,-1.3818000000000001,3,6
Yes,173.60700000000003,0.5389999999999999,2,5
Yes,133.15399999999997,1.1451,2,2
Yes,102.18100000000001,-0.10320000000000007,1,2
No,310.289,5.450300000000003,0,3
Yes,150.13,-2.5823000000000005,4,5
Yes,99.13300000000001,1.3906,1,2
Yes,151.989,-0.311,0,3
Yes,153.13699999999997,1.6088200000000001,1,3
Yes,211.12899999999996,0.9912000000000001,2,4
Yes,185.56599999999997,1.9738,0,3
Yes,263.037,-1.1386000000000003,3,4
Yes,157.55599999999998,2.2482000000000006,0,2
Yes,224.172,0.4091999999999996,2,4
Yes,165.14799999999994,1.7973999999999997,0,3
Yes,215.59199999999998,2.0348,0,4
Yes,139.10999999999999,1.3003999999999998,1,3
Yes,167.11999999999995,1.293,1,3
Yes,171.58299999999997,2.3336000000000006,0,2
Yes,196.24999999999994,0.27749999999999964,1,2
Yes,158.15699999999998,0.14779999999999993,0,4
Yes,150.181,1.2271999999999998,2,2
Yes,149.19299999999998,1.95342,1,1
Yes,196.29,3.2406000000000024,0,2
Yes,218.20499999999998,0.044299999999999784,0,6
Yes,194.27399999999997,2.850500000000001,0,2
Yes,162.188,2.2549,0,2
Yes,186.29499999999996,3.0119000000000016,0,2
Yes,144.21399999999997,2.1298000000000004,0,2
Yes,234.24799999999996,0.14579999999999949,0,6
Yes,182.263,2.852100000000001,0,2
Yes,141.17,0.031199999999999894,0,2
Yes,170.25199999999998,2.686000000000001,0,2
Yes,396.5310000000001,3.999800000000003,0,4
Yes,174.19599999999997,0.8927999999999999,0,4
Yes,216.27699999999993,2.0615,0,4
Yes,172.26799999999997,2.910000000000001,0,2
Yes,196.28999999999994,3.076100000000002,0,2
Yes,228.37599999999992,4.470400000000004,0,2
Yes,215.29299999999995,1.5882,0,3
Yes,231.03099999999998,1.7538,0,5
Yes,301.34200000000004,3.1047400000000014,0,4
Yes,240.26299999999998,0.78162,0,4
Yes,135.16599999999997,1.0462,1,1
Yes,226.27900000000002,3.1641000000000012,1,1
Yes,227.26700000000002,2.1033,3,3
Yes,188.27099999999996,1.0742999999999998,1,3
Yes,195.17400000000004,0.4325999999999995,2,3
No,548.7280000000003,5.816200000000005,4,4
No,871.0039999999998,4.558000000000006,6,14
Yes,230.26299999999998,3.036500000000001,1,2
Yes,90.07799999999999,-0.5482,2,2
Yes,274.26899999999995,0.4690999999999998,1,6
Yes,134.131,-0.9381000000000002,3,3
Yes,216.19199999999998,2.2361999999999997,2,2
Yes,123.11099999999998,0.7797999999999999,1,2
No,862.9220000000003,1.977799999999999,10,14
Yes,228.37599999999995,4.772100000000004,1,1
Yes,90.07799999999999,-0.2826,1,2
Yes,226.231,2.6838000000000006,0,3
Yes,240.258,2.0759,1,3
Yes,132.115,-0.2775000000000001,0,4
Yes,198.22099999999998,2.905800000000001,0,2
Yes,214.21999999999997,3.264400000000002,0,3
Yes,349.7450000000001,3.6101000000000028,0,5
Yes,204.26900000000003,3.1997000000000018,0,2
Yes,240.30199999999996,3.0150000000000015,0,2
No,383.366,5.003300000000004,0,5
Yes,336.3840000000002,3.143600000000002,0,6
Yes,206.28500000000003,3.423700000000002,0,2
Yes,187.30799999999994,2.735500000000001,0,2
Yes,203.35099999999994,3.3716000000000026,0,2
Yes,203.35099999999997,3.3716000000000026,0,2
Yes,262.35299999999995,3.165700000000002,0,4
Yes,112.12799999999999,0.5545,0,2
Yes,126.15499999999999,0.9446,0,2
Yes,112.08799999999998,-0.9368000000000005,2,2
Yes,196.20199999999997,1.50962,0,4
Yes,184.27899999999997,3.052500000000002,0,2
Yes,152.237,2.8560000000000008,0,1
Yes,148.161,1.5382,0,2
Yes,140.18200000000002,1.3347,0,2
Yes,256.3859999999999,3.850900000000003,0,3
Yes,113.16000000000001,0.6766000000000001,1,1
Yes,114.144,1.1036000000000001,0,2
Yes,111.14399999999999,0.7523,0,1
Yes,86.09,0.3234,0,2
Yes,288.34700000000004,2.07272,1,4
Yes,151.165,0.2251999999999999,1,2
Yes,102.08899999999998,0.5417000000000001,0,3
Yes,170.25199999999998,2.5199000000000007,0,2
Yes,88.062,0.1532,0,3
Yes,232.279,2.4650000000000007,0,3
Yes,146.189,2.2056000000000004,0,1
Yes,110.15599999999999,1.5415999999999999,0,1
Yes,121.13899999999995,1.2549,1,1
Yes,128.175,1.5438,0,2
Yes,278.291,3.3260000000000014,0,1
Yes,110.04899999999999,0.6688999999999999,0,3
Yes,262.289,1.5552000000000001,0,6
Yes,223.253,1.6687,2,3
No,368.583,6.486400000000007,0,3
Yes,245.51399999999998,2.9209000000000005,0,2
Yes,122.145,-0.26349999999999985,0,3
Yes,108.118,-0.3881,0,3
Yes,140.182,0.9527,0,2
Yes,144.12599999999998,0.19030000000000008,1,3
Yes,138.12199999999999,1.0904,2,2
Yes,142.10999999999999,0.4701,2,3
Yes,138.12199999999999,1.0903999999999998,2,2
Yes,154.12099999999998,0.7959999999999998,3,3
Yes,167.11999999999998,0.4780000000000001,2,3
Yes,178.209,0.669,2,3
Yes,194.27399999999997,2.1414000000000004,2,2
Yes,150.221,2.0,1,1
No,344.313,-5.761199999999992,9,11
Yes,157.257,1.2878999999999998,2,2
Yes,154.12099999999998,0.7959999999999998,3,3
Yes,163.003,2.699,1,1
Yes,151.165,1.3505999999999998,2,2
Yes,129.075,-1.0116000000000003,3,6
Yes,120.10399999999998,-1.33,2,4
Yes,176.25900000000001,2.7051000000000007,1,1
Yes,177.163,0.6231999999999998,3,5
Yes,136.147,-2.058,4,4
Yes,170.25199999999995,1.9452,1,2
Yes,143.211,0.9863200000000001,1,3
Yes,190.28299999999996,1.5922,1,3
Yes,135.12599999999998,0.6685999999999999,1,3
Yes,291.372,2.9598000000000013,1,3
Yes,218.346,4.486000000000002,0,2
Yes,116.149,0.04948999999999998,3,3
Yes,154.32500000000002,1.5791999999999997,2,3
Yes,244.264,-8.0222,0,0
Yes,191.07200000000003,-2.6634999999999973,0,0
Yes,404.4330000000003,1.4067000000000016,0,2
Yes,386.377,2.1413,0,0
Yes,266.26699999999994,0.4472000000000005,0,0
Yes,222.16999999999993,-0.9690999999999985,0,0
Yes,322.37500000000006,2.007599999999999,0,0
Yes,222.16999999999993,-0.9690999999999985,0,0
Yes,110.98400000000001,-6.3728,0,0
Yes,164.08599999999998,-0.8590000000000002,0,6
Yes,128.096,-3.8946000000000005,0,4
Yes,422.45300000000015,0.6001000000000003,0,6
Yes,128.002,-2.470399999999999,0,0
Yes,109.6,-2.673599999999997,0,0
Yes,153.609,-3.2187999999999963,1,1
Yes,151.63699999999997,-2.904599999999996,0,1
Yes,220.74399999999994,-2.2209999999999965,1,1
Yes,163.69199999999998,-1.3591999999999982,0,0
Yes,158.632,-2.497399999999997,0,0
Yes,161.676,-1.5611999999999977,0,0
Yes,328.88400000000007,-1.015899999999996,2,3
Yes,235.84299999999993,0.8372999999999999,0,0
Yes,177.71899999999997,-0.9690999999999985,0,0
Yes,171.67100000000002,-1.221799999999998,0,0
Yes,182.186,2.8085000000000013,0,0
Yes,186.035,2.8085000000000013,0,0
Yes,255.14299999999992,-1.3591999999999982,0,0
Yes,238.072,-2.6634999999999973,0,0
Yes,252.099,-2.273399999999997,0,0
Yes,277.149,-0.9133799999999985,0,0
Yes,277.149,-0.9133799999999985,0,0
Yes,263.12199999999996,-1.221799999999998,0,0
Yes,166.002,-5.992,0,0
Yes,270.322,-8.136999999999999,0,8
Yes,150.21799999999996,-3.127399999999999,0,2
Yes,182.30399999999997,-2.0432999999999977,0,2
Yes,160.213,-2.945899999999998,0,2
Yes,224.30000000000004,-1.8637999999999972,0,2
Yes,98.14199999999998,-4.2398,0,2
Yes,84.115,-4.629899999999999,0,2
Yes,122.548,-6.563000000000001,0,3
Yes,85.103,-2.7453999999999996,0,3
Yes,262.327,-1.5465,1,4
Yes,97.18299999999999,-2.98162,0,2
Yes,236.055,-4.513600000000002,0,4
Yes,234.245,-7.823799999999995,5,7
Yes,185.223,-1.641699999999999,0,2
Yes,204.22199999999998,-3.2476999999999983,1,3
Yes,102.89399999999999,-5.992,0,0
Yes,221.93699999999998,-8.067599999999999,2,5
Yes,466.3600000000002,-5.368999999999995,2,10
Yes,348.2650000000001,-5.638399999999996,1,7
No,551.2970000000003,-3.315399999999995,0,10
No,737.7450000000003,-0.9156799999999936,3,11
Yes,494.4580000000002,-2.297739999999995,1,9
Yes,188.05399999999997,-3.851599999999998,0,0
Yes,458.4250000000002,-7.422100000000003,1,8
Yes,474.33600000000024,-4.510399999999995,0,10
Yes,84.99399999999999,-3.2350999999999996,0,3
Yes,348.743,-1.334099999999999,0,7
Yes,100.024,-4.290199999999999,0,2
Yes,82.03399999999999,-4.2398,0,2
Yes,106.44,-6.563000000000001,0,3
Yes,90.441,-5.3740000000000006,0,2
Yes,68.99499999999999,-2.7453999999999996,0,3
Yes,230.22,-1.2520999999999989,0,3
Yes,286.32800000000003,0.09050000000000025,0,3
Yes,144.12699999999998,-3.2783999999999986,0,3
Yes,148.11499999999998,-4.472099999999998,1,4
Yes,134.088,-4.514599999999999,1,4
Yes,134.088,-3.9029999999999996,0,4
Yes,232.277,-1.1722999999999988,0,4
Yes,132.16299999999998,-1.4035999999999997,0,1
Yes,158.154,-2.8882999999999983,0,3
Yes,110.04399999999998,-4.670699999999999,0,3
Yes,330.3150000000001,-0.018400000000000194,0,4
Yes,241.21899999999994,-5.373999999999996,3,5
Yes,164.951,-3.065899999999999,0,2
Yes,208.21399999999997,-1.7884599999999984,0,3
Yes,194.18699999999995,-2.096879999999998,0,3
Yes,194.18699999999995,-2.096879999999998,0,3
Yes,206.177,-3.830499999999998,1,3
Yes,185.369,-2.8895,0,2
Yes,150.92399999999998,-3.4559999999999995,0,2
No,452.3550000000002,-1.7468999999999972,0,12
Yes,418.2850000000001,-1.7762999999999995,0,7
Yes,109.79400000000001,-1.6960000000000002,0,0
Yes,89.033,-2.6737399999999996,0,2
Yes,195.17499999999995,-2.8230999999999984,1,4
Yes,281.693,-3.2588799999999987,0,2
Yes,223.185,-2.9178999999999986,0,3
Yes,189.10199999999998,-3.0376999999999983,0,4
Yes,161.09199999999996,-2.3275999999999994,0,3
No,635.8970000000002,-1.2153000000000007,2,4
Yes,293.383,-0.8803999999999967,0,3
Yes,212.17699999999996,-3.7643999999999966,0,5
Yes,268.178,-3.0088999999999997,2,5
Yes,222.24099999999999,-1.281899999999999,0,3
Yes,232.277,-1.3163999999999985,0,4
Yes,306.23100000000005,-4.220099999999997,1,6
Yes,260.291,-4.854499999999995,1,6
Yes,226.18499999999995,-3.1655000000000006,4,6
Yes,228.20399999999998,-1.3926000000000003,2,8
Yes,78.071,-1.3354000000000008,2,2
Yes,117.488,-4.3798,1,4
Yes,76.12400000000001,0.3905799999999999,1,2
Yes,119.11999999999999,0.033999999999999975,1,3
Yes,197.19400000000002,0.5811999999999999,3,5
Yes,248.19799999999998,1.99712,0,5
Yes,192.12999999999997,0.47839999999999994,1,4
Yes,193.11399999999998,0.9054,0,5
Yes,174.15899999999996,2.143,0,3
Yes,174.159,2.143,0,3
Yes,89.09399999999998,0.6731,0,2
Yes,103.12099999999998,1.0632000000000001,0,2
Yes,61.040000000000006,-0.10710000000000008,0,2
No,384.47800000000024,5.952000000000007,0,4
Yes,91.154,0.14559999999999995,0,1
Yes,167.252,1.7159999999999997,0,1
Yes,121.17999999999999,-0.49190000000000017,1,2
Yes,191.633,-6.908199999999999,0,0
Yes,207.11499999999998,1.6503999999999999,0,2
Yes,207.115,1.6488,0,2
Yes,221.142,2.0404999999999998,0,2
Yes,296.74,1.9095,1,1
Yes,252.731,2.4547,0,0
Yes,217.844,1.1869,1,1
Yes,122.993,1.7897,0,0
Yes,137.01999999999998,2.1798,0,0
Yes,198.274,2.709,0,0
No,551.49,6.261600000000001,0,0
No,943.6209999999999,10.13689999999999,0,2
Yes,235.90599999999998,3.2116000000000007,0,0
Yes,233.108,4.116100000000002,0,0
Yes,157.01,2.4491000000000005,0,0
Yes,173.83499999999998,1.7337,0,0
Yes,108.966,1.4012,0,0
Yes,119.949,0.90488,0,1
Yes,122.993,1.7913000000000001,0,0
Yes,201.889,2.1663000000000006,0,0
Yes,215.916,2.556400000000001,0,0
Yes,151.047,2.5715000000000012,0,0
Yes,229.94299999999998,2.9465000000000012,0,0
Yes,165.074,2.9616000000000016,0,0
Yes,193.128,3.741800000000003,0,0
No,305.34399999999994,6.862600000000007,0,0
Yes,138.992,0.7637,1,1
Yes,201.06300000000002,2.4603,0,1
Yes,154.253,2.1969000000000003,1,1
Yes,124.18299999999999,1.3148,1,1
Yes,56.064,-0.3881000000000001,1,1
Yes,182.266,3.4718000000000018,0,0
Yes,198.265,3.403400000000002,0,1
Yes,84.118,1.1515,0,1
Yes,126.19899999999998,2.3218000000000005,0,1
Yes,87.12199999999999,1.2465,1,2
Yes,154.253,2.1935000000000002,1,1
Yes,204.35699999999994,4.4150000000000045,0,0
Yes,154.253,2.1935000000000002,1,1
Yes,84.11799999999998,1.1515,0,1
Yes,222.181,-0.40280000000000027,0,4
Yes,282.36500000000007,1.23162,0,3
Yes,208.239,-0.6629000000000003,1,3
Yes,236.293,-0.1843999999999999,0,4
Yes,177.211,0.5432800000000001,0,2
Yes,270.15700000000004,4.023320000000002,0,0
Yes,274.264,0.6923200000000003,0,3
Yes,270.157,4.105000000000002,0,0
Yes,108.64399999999999,2.0601,0,0
Yes,186.40299999999996,2.863600000000001,0,1
Yes,120.22399999999999,0.9809999999999999,0,2
Yes,370.7750000000001,3.5920000000000023,0,5
Yes,222.46499999999995,2.1552,0,3
Yes,162.214,1.0388,1,4
Yes,138.20999999999998,2.4879000000000007,0,1
Yes,100.11699999999999,1.0372000000000001,1,1
Yes,156.26899999999998,2.7513000000000014,1,1
Yes,196.28999999999996,3.242200000000002,0,2
Yes,236.35499999999993,4.188500000000004,0,2
Yes,224.34399999999994,4.022400000000004,0,2
Yes,182.26299999999998,2.852100000000001,0,2
Yes,156.26899999999998,2.7513000000000014,1,1
Yes,238.37099999999995,4.268400000000004,0,2
Yes,98.14499999999998,1.5416,0,1
Yes,132.206,2.3846000000000007,0,0
Yes,86.08999999999999,0.6471,1,1
Yes,100.117,0.7354999999999999,0,2
Yes,114.14399999999999,1.1256000000000002,0,2
Yes,176.215,2.3059000000000003,0,2
Yes,310.434,4.345800000000004,0,4
Yes,130.143,0.09800000000000003,1,3
Yes,85.10600000000001,0.047800000000000176,1,1
Yes,118.17899999999996,2.7197000000000005,0,0
Yes,112.216,2.9987000000000013,0,0
Yes,96.944,1.9352,0,0
Yes,138.25399999999996,3.5549000000000026,0,0
Yes,148.23399999999998,0.5896999999999999,0,3
Yes,204.35699999999994,4.7252000000000045,0,0
Yes,53.06399999999999,0.6959799999999999,0,1
Yes,196.28999999999996,3.2406000000000024,0,2
Yes,126.19899999999998,2.3218000000000005,0,1
Yes,169.224,1.0463,1,2
Yes,128.17099999999996,1.5141,0,2
Yes,138.25399999999996,3.5549000000000026,0,0
Yes,130.19,2.9726000000000017,0,0
Yes,130.18999999999997,2.9726000000000017,0,0
Yes,162.18799999999996,2.1437999999999997,0,2
Yes,81.118,1.47618,0,1
No,182.35099999999997,5.0933000000000055,0,0
Yes,249.26999999999995,-0.27030000000000043,0,3
Yes,97.16099999999999,0.948,1,1
Yes,249.26999999999998,1.5659999999999998,0,6
Yes,214.30499999999995,1.7803,1,3
Yes,196.28999999999996,3.113000000000002,0,2
Yes,116.16,0.9189999999999999,1,2
Yes,158.197,1.3232,0,3
Yes,66.103,1.5025,0,0
Yes,108.184,2.6728000000000014,0,0
Yes,158.244,3.5103000000000026,0,0
Yes,184.19400000000002,3.584600000000002,0,2
Yes,128.17399999999995,2.8398000000000003,0,0
Yes,118.13899999999995,1.5629,1,1
Yes,168.239,3.277400000000002,0,0
Yes,113.204,1.5401,1,1
Yes,79.10199999999998,1.0816,0,1
Yes,68.079,0.40969999999999995,1,1
Yes,88.106,0.03320000000000001,0,2
Yes,60.120999999999995,0.7332000000000001,0,1
Yes,134.182,1.3554,0,2
Yes,136.23800000000003,2.832600000000001,0,0
Yes,147.177,2.1294000000000004,0,1
Yes,156.225,2.0837,0,2
Yes,41.053,0.52988,0,1
Yes,154.25299999999996,2.3596000000000004,1,1
Yes,152.237,2.2797,1,1
Yes,156.26899999999998,2.7513000000000014,1,1
Yes,128.171,1.1906,0,2
Yes,114.14399999999998,0.9446,0,2
Yes,86.08999999999999,0.1644000000000001,0,2
Yes,88.106,-0.043800000000000006,1,2
Yes,121.13899999999997,1.2842,0,2
Yes,122.12699999999998,0.6791999999999999,0,3
Yes,127.16799999999998,1.3457,0,3
Yes,72.10699999999999,0.9854,0,1
Yes,116.116,0.13849999999999985,0,3
Yes,182.30699999999993,3.5720000000000027,0,1
Yes,130.18699999999998,1.3905,0,2
Yes,100.11699999999999,0.5545,0,2
Yes,114.14399999999999,0.9446,0,2
Yes,192.21399999999997,1.9368999999999998,0,3
Yes,148.20499999999998,2.2081999999999997,0,1
Yes,170.296,3.7161000000000026,0,1
Yes,92.525,0.8142,0,1
Yes,73.095,-0.24770000000000003,1,1
Yes,60.05200000000001,0.09089999999999993,1,1
Yes,196.29,2.7643000000000013,0,2
Yes,116.16,1.3479999999999999,0,2
Yes,102.089,0.09600000000000009,0,3
Yes,146.14199999999997,0.4585999999999999,0,4
Yes,128.171,1.5157,0,2
Yes,196.28999999999994,2.7643000000000013,0,2
Yes,176.215,2.2629,0,2
Yes,194.18599999999998,1.4784,0,4
Yes,102.13299999999998,0.9595,0,2
Yes,164.204,1.7922,0,2
Yes,170.25199999999995,2.5199000000000007,0,2
Yes,116.15999999999998,1.3496000000000001,0,2
Yes,178.23100000000002,2.1822999999999997,0,2
Yes,186.295,3.3001000000000023,0,2
Yes,198.30599999999995,3.4662000000000024,0,2
Yes,200.32199999999997,3.6902000000000026,0,2
No,254.41399999999993,5.026600000000005,0,2
No,254.41399999999993,5.026600000000005,0,2
Yes,132.159,0.5860000000000001,0,3
Yes,206.28499999999997,3.073200000000001,1,1
Yes,206.26699999999997,0.48529999999999984,1,4
Yes,190.26799999999997,1.4698,1,4
Yes,130.14299999999997,0.6861999999999999,1,2
Yes,169.051,2.4053000000000004,0,1
Yes,158.19699999999997,1.1647,0,3
Yes,134.606,1.8404,0,1
Yes,116.16,1.2055,0,2
Yes,130.18699999999998,1.5956000000000001,0,2
Yes,100.16099999999999,1.6215,0,1
No,586.7660000000003,5.9946400000000075,2,8
Yes,150.22099999999998,2.689700000000001,1,1
Yes,162.23199999999997,2.7966000000000015,0,1
Yes,306.409,4.5488000000000035,0,3
Yes,334.865,3.6021000000000027,0,4
Yes,134.22199999999998,2.9841000000000015,0,0
No,393.6590000000002,8.857800000000003,1,1
Yes,129.24699999999999,2.1599000000000004,1,1
Yes,92.569,2.0237,0,0
Yes,73.13900000000001,0.7436,1,1
Yes,116.164,0.4532000000000002,2,1
Yes,117.192,0.36679999999999985,2,2
Yes,185.267,1.4938,1,3
Yes,88.14999999999999,1.4313,0,1
Yes,233.23899999999995,1.4185,1,3
Yes,90.19099999999999,1.7147,1,1
No,447.58200000000016,6.777900000000007,1,3
Yes,146.142,0.5719,2,2
No,351.49400000000014,5.501300000000006,1,3
Yes,160.16899999999998,0.962,2,2
Yes,204.26599999999996,0.5665999999999998,2,4
Yes,279.405,2.702000000000001,0,4
Yes,224.25599999999997,1.0112999999999999,2,4
Yes,104.14899999999999,1.0152999999999999,0,2
Yes,320.43300000000005,3.3314200000000023,2,3
Yes,432.54200000000026,2.5385999999999997,2,5
Yes,154.253,2.6477000000000013,0,1
Yes,156.269,2.439500000000001,1,1
Yes,89.094,0.6715,0,2
Yes,158.19699999999997,1.3681999999999999,0,3
Yes,144.21399999999997,1.8416000000000001,0,2
Yes,204.269,2.899000000000002,0,2
Yes,192.258,2.4283,0,2
Yes,208.257,2.2646000000000006,0,3
Yes,136.19399999999996,2.515600000000001,1,1
Yes,194.31799999999998,3.594000000000003,0,1
Yes,211.34899999999996,2.8309000000000015,1,1
Yes,156.269,2.439500000000001,1,1
Yes,148.20499999999998,2.6225000000000014,0,1
Yes,177.29099999999994,3.515600000000001,1,1
Yes,136.19399999999996,2.515600000000001,1,1
Yes,486.65400000000034,2.6278000000000015,2,8
Yes,115.17599999999999,1.8825999999999998,1,2
Yes,130.18699999999998,1.5956000000000001,0,2
Yes,142.19799999999998,1.7617,0,2
Yes,192.258,2.775900000000001,0,2
Yes,114.23199999999999,3.0786000000000016,0,0
Yes,126.203,1.27348,1,2
Yes,184.32299999999998,3.6739000000000024,0,1
Yes,101.193,1.3797,1,1
Yes,144.25799999999995,2.4395000000000007,1,1
Yes,141.23899999999998,2.3416000000000006,0,2
Yes,86.178,2.442500000000001,0,0
Yes,172.26799999999997,2.9235000000000015,1,1
Yes,156.269,3.0378000000000016,0,1
No,630.951,11.14679999999999,0,6
Yes,143.274,2.5516000000000005,1,1
No,398.62800000000027,6.8462000000000085,0,4
Yes,88.14999999999999,1.0248,1,1
Yes,172.26799999999997,2.6218000000000012,0,2
Yes,158.24099999999999,2.375800000000001,0,2
Yes,178.275,3.2493000000000025,0,1
Yes,217.378,3.4735000000000023,0,2
Yes,129.24699999999996,1.888,1,1
Yes,74.12299999999999,0.6347,1,1
Yes,258.3579999999999,2.9452000000000016,0,4
Yes,177.291,3.309800000000002,0,1
Yes,240.284,1.2075,1,3
Yes,313.747,3.1887000000000016,0,6
Yes,189.214,1.691,0,2
Yes,113.15999999999998,0.6969999999999998,1,1
Yes,144.21799999999996,1.1023999999999998,2,1
Yes,164.204,2.2518000000000002,0,2
Yes,250.29399999999998,2.817000000000001,0,4
Yes,178.23100000000002,2.1807,0,2
Yes,202.25,1.6698,0,4
No,298.51099999999997,6.419300000000007,0,2
Yes,102.17699999999999,1.8197999999999999,0,1
Yes,88.106,0.5678,0,2
Yes,152.19299999999998,2.1794000000000002,1,2
Yes,158.28899999999996,1.3463,2,2
Yes,192.266,2.8231600000000014,0,4
Yes,206.285,2.8184000000000013,0,2
Yes,100.205,2.832600000000001,0,0
Yes,88.14999999999999,1.0248,1,1
Yes,172.26799999999997,2.6218000000000012,0,2
Yes,116.164,0.4532000000000002,2,1
Yes,130.23099999999997,2.6000000000000005,0,1
Yes,146.142,0.5719,2,2
Yes,116.15999999999998,1.5072,1,1
Yes,130.23099999999997,2.1935000000000002,1,1
Yes,178.275,2.6377000000000006,1,1
Yes,130.18699999999998,1.8973,1,1
Yes,171.06699999999998,2.2576,0,1
Yes,143.957,1.4144,0,2
Yes,142.969,1.2648000000000001,1,1
Yes,133.405,2.376500000000001,0,0
Yes,147.43200000000002,2.4174000000000007,0,0
Yes,92.569,2.0237,0,0
Yes,112.98700000000001,1.8525,0,0
Yes,160.16899999999998,0.5011000000000001,0,4
Yes,166.224,0.9172000000000002,2,3
Yes,59.068,-0.5084000000000002,1,1
Yes,73.13900000000001,0.7436,1,1
Yes,142.198,0.5316000000000001,2,2
Yes,154.253,2.6698000000000013,1,1
Yes,104.10499999999999,-0.45980000000000015,1,3
Yes,118.13199999999998,-0.06970000000000004,1,3
Yes,132.159,0.3204000000000001,1,3
Yes,134.175,-0.6435000000000002,3,3
Yes,128.215,1.9475,1,1
Yes,118.17599999999999,0.5282,2,2
Yes,104.14899999999999,0.1381,2,2
Yes,116.20399999999998,1.9475000000000002,1,1
Yes,75.111,-0.6741000000000001,2,2
Yes,133.191,-0.6623999999999999,3,3
Yes,76.095,-0.6405000000000001,2,2
Yes,342.3910000000001,3.4940000000000024,0,5
Yes,122.258,1.6229999999999998,2,2
Yes,90.19099999999999,1.7147,1,1
Yes,140.226,2.2813000000000003,1,1
Yes,128.215,2.1152,1,1
Yes,100.161,1.335,1,1
Yes,150.221,2.4879000000000007,0,1
Yes,110.156,1.6857,0,1
Yes,192.30199999999996,3.6582000000000026,0,1
Yes,152.23699999999997,2.711900000000001,0,1
Yes,128.12699999999998,0.7636999999999999,1,3
Yes,140.182,1.1906,0,2
Yes,156.141,-0.6214000000000002,2,3
Yes,152.237,2.567800000000001,0,1
Yes,142.24199999999996,2.1935000000000002,1,1
Yes,140.226,2.1136,1,1
Yes,222.444,4.407900000000004,0,3
Yes,203.241,1.3329999999999997,0,2
Yes,305.33400000000006,1.2173000000000003,2,5
Yes,261.281,1.0709,2,4
Yes,154.253,2.503700000000001,1,1
Yes,99.089,0.27631999999999995,1,2
Yes,136.238,3.308900000000002,0,0
Yes,204.35699999999997,4.415000000000004,0,0
Yes,150.22099999999998,2.4879000000000007,0,1
Yes,136.23799999999997,3.308900000000002,0,0
Yes,154.25300000000001,2.5037000000000007,1,1
Yes,142.18300000000002,0.74091,2,2
Yes,171.30899999999997,2.9548000000000014,0,2
Yes,168.236,1.7312999999999998,0,2
Yes,151.165,2.21164,0,2
Yes,182.135,1.8114200000000005,0,4
Yes,171.58299999999997,2.5566200000000006,0,2
Yes,186.32,2.7001000000000013,1,2
Yes,221.66500000000002,1.47732,2,3
Yes,152.23699999999997,2.4237,0,1
Yes,387.2300000000002,1.7840599999999998,3,4
Yes,136.194,2.3174600000000005,1,1
Yes,164.20399999999998,2.31006,1,1
Yes,151.165,2.21164,0,2
Yes,155.62800000000001,2.539040000000001,1,1
Yes,151.165,2.21164,0,2
Yes,204.31299999999996,3.8035400000000026,0,1
Yes,126.58599999999998,2.6484200000000007,0,0
Yes,121.183,1.88564,1,1
Yes,122.16699999999997,2.0090399999999997,1,1
Yes,122.16699999999997,2.0090399999999997,1,1
Yes,108.13999999999997,1.7006199999999998,1,1
Yes,299.314,2.1340200000000005,0,3
Yes,143.189,2.5432200000000007,0,1
Yes,162.236,2.18264,1,1
Yes,171.03700000000003,2.7575200000000013,0,0
Yes,136.194,2.3174600000000005,1,1
Yes,151.165,2.21164,0,2
Yes,134.17799999999997,2.11594,0,1
Yes,137.138,1.90322,0,2
Yes,134.17799999999997,2.1976200000000006,0,1
Yes,280.345,2.5483200000000004,1,4
Yes,168.239,3.662020000000002,0,0
Yes,329.355,4.219620000000003,2,4
No,388.5540000000002,5.500920000000006,0,3
Yes,197.21499999999997,1.01952,0,3
Yes,199.275,1.29322,1,2
Yes,227.32899999999998,2.0734200000000005,1,2
Yes,171.22099999999998,0.6424200000000001,1,2
Yes,181.14699999999996,1.6014199999999998,1,3
Yes,150.18099999999995,0.67612,2,2
Yes,217.202,1.1499200000000003,1,4
Yes,122.16699999999999,1.48732,1,1
Yes,237.049,3.382620000000002,0,0
No,295.20700000000005,5.465020000000003,0,0
Yes,299.314,2.1340200000000005,0,3
Yes,162.14399999999998,1.30562,0,3
Yes,143.189,2.5432200000000007,0,1
Yes,106.16799999999998,2.30344,0,0
Yes,121.183,1.88564,1,1
Yes,122.16699999999999,2.00904,1,1
Yes,118.17899999999997,2.638020000000001,0,0
Yes,136.14999999999998,1.69322,1,1
Yes,120.19499999999996,2.5574200000000005,0,0
Yes,108.14399999999998,0.9722200000000001,1,2
Yes,133.15400000000002,1.2663199999999997,1,2
Yes,171.03700000000003,2.7575200000000013,0,0
Yes,106.16799999999996,2.30344,0,0
Yes,135.166,1.09392,1,1
Yes,140.613,2.7338200000000006,0,0
Yes,126.58599999999997,2.6484200000000007,0,0
Yes,93.129,1.39002,0,1
Yes,82.102,1.58802,0,1
Yes,108.144,0.9722200000000001,1,2
No,297.527,5.406600000000005,0,2
Yes,57.096,-0.021899999999999975,1,1
Yes,122.17099999999999,1.4018599999999999,0,2
Yes,110.15999999999998,1.2805199999999999,1,1
Yes,108.14400000000002,0.9722199999999999,1,2
Yes,82.10600000000001,0.7181199999999999,1,1
Yes,238.29099999999997,1.2198399999999998,0,5
Yes,149.218,2.6047200000000004,0,2
Yes,132.159,1.0877999999999999,0,3
Yes,160.28199999999998,2.654600000000001,0,2
Yes,100.11699999999999,0.36430000000000007,0,2
Yes,114.16899999999997,1.8767199999999997,1,2
Yes,160.263,2.958120000000001,0,3
Yes,152.237,2.401700000000001,0,1
Yes,152.237,2.401700000000001,0,1
Yes,136.238,2.9987000000000013,0,0
Yes,136.238,2.9987000000000013,0,0
Yes,154.253,2.7441000000000013,0,1
Yes,294.336,1.17662,2,6
Yes,236.39899999999994,4.408000000000004,0,1
No,528.9570000000002,1.2988199999999994,4,11
Yes,55.07999999999999,0.91998,0,1
Yes,126.19899999999998,2.3218000000000005,0,1
Yes,210.31699999999995,3.1544000000000016,0,2
Yes,190.24200000000002,2.6530000000000014,0,2
Yes,102.133,0.9595,0,2
Yes,164.204,2.1398,0,2
Yes,130.18699999999998,1.7397,0,2
Yes,237.09699999999998,1.1349999999999998,2,2
Yes,248.282,1.5525,2,3
Yes,154.253,2.791800000000001,0,1
Yes,261.11899999999997,1.5785200000000001,1,2
Yes,162.276,3.9803000000000033,0,0
Yes,130.231,2.1951000000000005,1,1
Yes,186.29499999999996,2.6182000000000007,0,2
Yes,134.17499999999998,-0.6403000000000001,3,3
Yes,119.16399999999997,-0.9215000000000002,3,3
Yes,134.17499999999998,0.4598,2,3
Yes,132.20299999999997,1.5314999999999999,1,2
No,287.22800000000007,5.4093000000000035,0,0
Yes,98.14499999999998,1.5416,0,1
Yes,87.12199999999999,1.2465,1,2
Yes,143.18599999999998,0.4126000000000001,0,3
Yes,134.17799999999997,2.0615,0,1
Yes,134.22199999999998,2.811400000000001,0,0
Yes,134.22199999999998,2.811400000000001,0,0
Yes,122.16699999999994,1.9546,1,1
Yes,72.107,0.7952,0,1
Yes,178.231,2.5299000000000005,0,2
Yes,192.258,2.572400000000001,0,2
Yes,106.55199999999999,1.5519,0,1
Yes,229.06999999999994,3.326900000000002,0,0
No,238.4149999999999,5.442600000000005,0,1
Yes,99.13299999999998,1.1223,0,2
Yes,70.135,1.9725,0,0
Yes,72.107,0.9854,0,1
Yes,83.134,1.70018,0,1
Yes,160.257,1.5575999999999999,2,2
Yes,183.29499999999996,3.1330800000000014,0,2
No,306.4270000000001,5.8421000000000065,0,3
Yes,154.253,3.102000000000001,0,1
Yes,86.13399999999999,1.3755,0,1
Yes,142.19799999999998,1.8822,0,2
Yes,134.22199999999998,3.0292000000000012,0,0
Yes,220.31199999999998,3.3526000000000025,0,2
Yes,158.28499999999997,2.9753000000000016,1,1
Yes,111.188,2.4803800000000003,0,1
No,242.44699999999992,5.315900000000005,1,1
Yes,186.33899999999997,3.755500000000003,1,1
Yes,128.259,3.7569000000000026,0,0
Yes,156.26899999999998,3.1358000000000015,0,1
Yes,207.155,4.1319000000000035,0,0
Yes,193.334,4.596980000000005,0,1
Yes,184.32299999999998,3.916000000000003,0,1
No,232.411,5.759900000000005,0,0
No,184.36699999999996,5.317300000000005,0,0
No,196.37799999999996,5.483400000000006,0,0
Yes,212.37699999999995,4.696200000000004,0,1
No,198.39399999999995,5.707400000000006,0,0
Yes,212.37699999999995,4.8864000000000045,0,1
No,212.42099999999994,6.097500000000006,0,0
No,265.4849999999999,6.771480000000007,0,1
No,508.91600000000057,12.128299999999983,0,2
No,288.9469999999999,7.486700000000007,0,0
No,260.8929999999999,6.706500000000006,0,0
No,352.34399999999994,6.9027000000000065,0,0
No,228.41999999999993,5.069900000000006,1,1
No,296.236,5.342300000000005,0,0
No,522.0030000000006,13.051099999999977,0,1
Yes,162.704,3.975800000000003,0,0
Yes,157.301,3.0858000000000008,1,1
Yes,144.258,2.7293000000000016,1,1
Yes,184.279,3.076100000000002,0,2
No,426.68200000000036,7.91460000000001,0,4
Yes,172.268,2.910000000000002,0,2
Yes,183.295,3.277180000000002,0,2
Yes,186.29499999999996,3.3001000000000023,0,2
Yes,158.24099999999999,2.5199000000000007,0,2
Yes,185.35499999999996,3.736600000000003,1,1
Yes,157.301,2.9564000000000012,1,1
No,340.6400000000001,6.3512000000000075,0,2
Yes,158.24499999999998,2.570000000000001,0,2
Yes,226.026,2.4127,0,0
Yes,246.3269999999999,3.421400000000002,0,3
Yes,130.231,2.603200000000001,0,1
Yes,118.17599999999999,0.7953999999999999,1,2
Yes,103.121,1.4845,0,3
Yes,194.21099999999996,3.009500000000002,0,3
Yes,146.29899999999998,3.3198000000000016,0,1
Yes,130.191,1.7898,0,2
Yes,60.096,0.3887,1,1
Yes,264.43799999999993,3.128400000000002,0,4
Yes,190.28299999999996,2.5498000000000003,0,3
Yes,102.17699999999999,1.823,0,1
Yes,242.34599999999995,4.417400000000004,0,4
Yes,150.31199999999998,3.187800000000002,0,2
Yes,174.247,2.3449,0,2
Yes,255.44599999999994,4.775700000000004,0,1
Yes,172.27199999999996,1.79,0,1
Yes,161.26999999999998,2.2013,0,2
Yes,115.17599999999999,0.8747,0,1
Yes,101.14899999999999,0.4845999999999999,0,1
Yes,155.28499999999997,2.6609000000000007,0,1
Yes,101.193,1.3481,0,1
Yes,115.176,0.3385,0,2
Yes,209.29299999999998,2.26502,2,4
Yes,101.19299999999998,1.396,1,1
Yes,46.069,-0.0014000000000000123,1,1
Yes,178.30399999999997,1.6645999999999999,0,3
Yes,293.43600000000004,2.1710000000000003,1,5
Yes,264.39799999999997,1.0931999999999995,2,4
Yes,238.42499999999995,2.3547000000000002,1,4
Yes,146.14199999999997,0.11260000000000003,0,4
Yes,148.202,1.3795,0,3
Yes,221.25599999999997,2.0029,1,3
Yes,182.179,1.5757,1,4
Yes,219.32799999999997,3.783000000000002,1,2
Yes,137.182,1.6675,1,2
Yes,138.16599999999997,1.7909,1,2
Yes,146.18599999999998,0.9761000000000001,0,3
Yes,118.176,1.0594000000000001,0,2
Yes,176.212,0.6025999999999998,0,4
Yes,329.3800000000001,2.6320000000000006,0,7
Yes,186.23799999999997,2.2137000000000002,1,3
Yes,138.10299999999998,1.2786,1,3
Yes,199.72500000000002,2.648900000000001,1,1
Yes,115.563,1.5033999999999998,0,1
Yes,231.679,1.7469,2,4
Yes,143.61699999999996,1.9990199999999998,1,1
Yes,162.66400000000004,1.4943,0,2
Yes,109.60000000000001,1.0375999999999999,1,1
Yes,266.55899999999997,2.5955000000000004,2,1
Yes,81.546,0.2573999999999999,1,1
No,551.9980000000003,-2.068099999999996,2,12
Yes,231.72299999999998,2.0153,1,3
Yes,156.616,1.39247,2,1
Yes,110.548,-1.23503,4,2
Yes,111.532,-1.0497999999999998,3,2
Yes,215.63299999999998,-2.8332,5,6
Yes,185.65400000000002,1.6383,1,2
Yes,239.69899999999996,-0.813899999999999,0,4
Yes,195.646,1.37517,1,4
Yes,224.73199999999997,1.4961,1,3
Yes,271.79200000000003,1.7621999999999998,2,3
Yes,303.70200000000006,1.1471999999999998,3,5
No,415.82700000000017,-3.9062299999999937,9,10
Yes,205.641,0.5020199999999999,3,4
Yes,173.643,1.3152000000000001,2,2
Yes,260.762,4.7574,0,0
Yes,140.569,2.0656,0,1
Yes,162.66,3.112300000000002,0,1
Yes,94.497,0.9916,0,2
Yes,108.524,1.3817000000000002,0,2
Yes,170.59500000000003,2.5620000000000003,0,2
Yes,164.37500000000003,1.5908,0,2
Yes,264.75,3.2958999999999996,0,1
Yes,181.833,2.122,0,1
Yes,187.37500000000003,2.9189,0,0
Yes,162.40300000000002,0.8418999999999999,1,1
Yes,229.921,4.1667000000000005,0,0
Yes,195.47600000000003,3.513300000000002,0,0
Yes,247.53400000000002,2.7635000000000014,0,4
Yes,202.29500000000002,3.1603000000000003,0,0
Yes,127.958,0.2754,1,1
Yes,187.37500000000003,2.9189,0,0
Yes,110.971,1.9777,0,0
Yes,96.94400000000002,1.9352,0,0
Yes,239.485,3.273900000000001,1,1
Yes,367.7450000000001,1.2148800000000002,2,7
Yes,205.04000000000002,2.780000000000001,0,2
Yes,170.59500000000003,2.1266,0,2
Yes,215.68,1.1309999999999998,2,3
Yes,161.031,3.301820000000001,0,0
Yes,250.339,4.9536,0,0
Yes,162.019,2.5756000000000006,1,1
Yes,163.003,2.699,1,1
Yes,181.449,3.6468000000000007,0,0
Yes,186.041,3.0594800000000006,0,1
Yes,266.124,2.2924000000000007,2,3
Yes,235.06600000000003,2.5452000000000004,0,3
Yes,277.147,3.5714000000000024,0,3
No,333.255,5.131800000000005,0,3
Yes,277.147,3.7155000000000022,0,3
No,361.30899999999997,6.054500000000006,0,3
No,367.70000000000005,5.785200000000004,0,3
Yes,255.74499999999998,3.4072000000000022,1,2
Yes,309.671,2.9959000000000016,0,4
Yes,317.82,3.566200000000003,1,3
Yes,215.00099999999998,4.012200000000001,0,0
Yes,182.694,4.072700000000003,0,0
Yes,192.001,2.0866,1,2
Yes,170.599,1.8306000000000002,2,1
Yes,166.611,2.5247200000000003,1,1
Yes,181.44899999999998,3.6468000000000007,0,0
Yes,112.55899999999997,2.34,0,0
Yes,113.54699999999997,1.7349999999999999,0,1
Yes,215.688,1.7770999999999997,2,5
Yes,249.683,0.6531999999999994,2,4
Yes,221.923,4.3617,0,1
Yes,284.098,4.693900000000002,0,3
Yes,162.61899999999997,3.4932000000000016,0,0
Yes,167.85,2.5954000000000006,0,0
Yes,147.43200000000002,2.0713999999999997,0,0
Yes,128.986,0.8249,1,1
Yes,78.498,0.4241,0,1
Yes,152.624,3.0684000000000013,0,0
Yes,126.58599999999996,2.4254000000000007,0,0
Yes,155.068,3.0244000000000018,0,0
Yes,112.98700000000001,1.8540999999999999,0,0
Yes,84.93299999999999,1.4215,0,0
Yes,143.013,1.4806,0,1
Yes,114.959,1.3956,0,1
Yes,160.56199999999998,1.7425,0,3
Yes,153.33200000000002,2.8108999999999997,0,1
Yes,178.98600000000002,3.101400000000001,0,0
Yes,149.19699999999997,2.2469,0,2
Yes,59.111999999999995,0.17779999999999996,0,1
Yes,118.205,0.05230000000000001,1,1
Yes,117.19199999999998,0.3188999999999998,1,2
Yes,107.53999999999999,0.9068,0,1
Yes,122.17099999999996,1.1476,0,2
Yes,252.31799999999993,0.5131999999999994,0,4
Yes,213.40899999999996,4.468900000000004,0,1
No,241.46299999999994,5.249100000000005,0,1
No,269.51699999999994,6.029300000000006,0,1
Yes,172.316,1.67,0,2
Yes,245.41099999999994,0.572600000000002,1,4
Yes,155.245,0.44137999999999994,1,3
Yes,187.331,0.47940000000000116,1,3
Yes,146.234,-0.5279,1,3
Yes,157.21299999999997,0.6672999999999998,0,3
Yes,160.261,0.1262000000000003,0,3
Yes,190.28699999999998,-0.5112999999999988,1,4
Yes,133.191,-0.4431000000000002,1,3
Yes,60.099999999999994,-0.5783,1,2
Yes,195.34999999999994,3.5836000000000023,0,1
No,255.48999999999992,5.639200000000006,0,1
Yes,132.119,0.7561,0,4
Yes,146.146,-1.3795999999999997,2,3
Yes,85.15,0.712,0,1
Yes,45.085,-0.1644000000000001,1,1
Yes,107.15599999999998,1.7283,1,1
Yes,75.11099999999999,-0.8019000000000001,2,2
Yes,32.042,-0.3915,1,1
Yes,182.29500000000002,1.2583999999999997,0,2
Yes,164.27699999999996,1.2745,0,3
Yes,341.5530000000001,1.112400000000001,1,7
Yes,222.36099999999996,-0.1970999999999985,2,5
Yes,198.294,0.7716999999999995,0,3
No,615.8580000000004,-0.023699999999993837,0,12
Yes,200.23399999999998,1.1387999999999998,0,4
Yes,252.22199999999995,1.0464,0,6
Yes,180.159,1.1714,1,3
Yes,194.18599999999998,1.2597999999999998,0,4
Yes,150.177,1.78162,0,2
Yes,180.159,1.1714,1,3
Yes,137.138,0.8681999999999999,0,3
Yes,206.26299999999998,0.8457999999999999,0,5
Yes,166.176,1.4587,1,2
Yes,218.337,2.572700000000001,1,3
Yes,180.247,2.4090000000000007,0,2
Yes,106.121,0.20920000000000005,0,3
Yes,187.036,2.4577,0,1
Yes,164.248,3.1270200000000017,0,1
Yes,136.14999999999998,1.5076999999999998,0,2
Yes,296.282,3.3054000000000023,0,6
Yes,337.41600000000005,2.4381000000000004,0,5
Yes,177.03,3.0020000000000016,0,1
Yes,167.16399999999996,1.9118199999999999,0,3
Yes,172.611,2.3571999999999997,0,2
No,612.5810000000004,-1.3419999999999994,9,15
No,624.5920000000004,-0.8535999999999988,7,15
Yes,178.231,2.2168,0,2
Yes,194.23,2.1483999999999996,0,3
Yes,165.192,1.6535999999999997,1,2
Yes,138.166,1.7038,0,2
Yes,301.386,1.7251,1,4
Yes,138.166,1.7038,0,2
Yes,153.13699999999997,1.6033999999999997,0,3
Yes,138.16599999999997,1.7038,0,2
Yes,165.15600000000003,-0.05630000000000013,2,5
Yes,166.224,1.9987,0,3
Yes,166.22,1.9794,0,2
Yes,90.122,0.2792,0,2
Yes,134.175,0.29580000000000006,0,3
Yes,252.30699999999993,-0.30849999999999816,1,6
No,390.4410000000002,-0.08579999999999721,0,12
Yes,213.19499999999996,0.8664999999999998,1,5
Yes,229.26299999999998,0.9828999999999999,1,5
Yes,180.184,2.659300000000001,0,3
Yes,110.13399999999999,-0.40759999999999996,0,3
Yes,124.16099999999999,-0.01750000000000007,0,3
Yes,114.553,0.18480000000000008,0,2
Yes,152.218,2.221,0,2
Yes,158.653,3.0619000000000014,0,1
Yes,126.18399999999998,1.1985,0,3
No,216.43399999999997,5.270300000000005,0,1
Yes,243.09699999999992,3.717000000000003,0,0
Yes,223.02200000000002,3.074200000000001,0,0
Yes,251.076,3.8544000000000027,0,0
No,301.2550000000001,5.799400000000004,0,0
Yes,256.13,3.714900000000002,0,0
No,452.5080000000004,9.1763,0,0
No,281.18,5.156600000000003,0,0
No,473.99800000000005,5.550300000000001,0,0
Yes,373.9839999999999,4.2797,0,0
Yes,364.10099999999994,4.107600000000001,1,1
Yes,142.076,1.1118000000000001,0,2
Yes,180.55599999999998,3.3588000000000005,0,0
Yes,401.4320000000001,1.9630000000000003,3,5
Yes,483.3750000000001,2.6050000000000004,1,8
Yes,146.111,2.705400000000001,0,0
Yes,180.55599999999998,3.3588000000000005,0,0
Yes,285.287,1.8256000000000001,0,3
Yes,417.38700000000006,2.904300000000001,2,4
Yes,203.01000000000002,2.4007000000000005,0,1
Yes,357.38100000000003,3.0313000000000008,2,4
Yes,175.546,2.3873000000000006,0,2
Yes,112.10299999999997,1.5312999999999999,1,1
Yes,172.202,3.492700000000002,0,0
Yes,359.2890000000001,1.351,1,6
Yes,100.07,-0.2412999999999999,1,2
Yes,315.9240000000001,0.13980000000000004,2,2
Yes,249.007,2.1994,0,2
Yes,169.253,0.34687999999999986,0,2
Yes,106.128,1.36996,0,2
Yes,125.171,1.2051800000000001,1,2
Yes,172.01399999999998,2.8650800000000007,0,1
Yes,139.10399999999998,1.8364800000000003,0,1
No,263.384,5.348080000000005,0,1
Yes,137.56899999999996,2.2116799999999994,0,1
Yes,128.13399999999996,1.4299600000000001,0,2
Yes,104.11199999999998,0.9532799999999999,0,2
Yes,244.34199999999993,3.891560000000003,0,4
Yes,85.06200000000001,-0.015319999999999945,1,2
Yes,99.08900000000001,0.07307999999999992,0,3
Yes,113.116,0.46318,0,3
Yes,80.09,0.81376,0,2
Yes,108.144,1.59396,0,2
Yes,123.15899999999999,0.40336,1,3
Yes,85.10600000000001,0.5464800000000001,0,2
Yes,135.20999999999998,2.0964,1,1
Yes,104.06899999999999,-1.3388299999999997,3,3
Yes,108.12199999999999,-0.8984299999999998,3,2
Yes,162.236,1.8961999999999999,1,2
Yes,121.13899999999995,0.7855000000000001,1,1
Yes,122.12699999999997,0.18049999999999994,1,2
Yes,117.10799999999999,0.06840000000000013,1,3
Yes,103.081,-1.2666000000000004,3,2
Yes,75.067,-0.2884999999999999,1,2
Yes,150.232,-1.4322,4,2
Yes,45.041,-0.8985000000000001,1,1
Yes,137.18199999999996,1.58582,1,2
Yes,152.153,0.5491999999999999,3,3
Yes,253.25699999999998,-0.23779999999999984,3,5
Yes,141.601,2.23062,1,1
Yes,127.57399999999998,1.9222,1,1
Yes,163.22000000000003,1.9823,1,2
Yes,93.12899999999999,1.2688000000000001,1,1
Yes,99.177,1.2778,1,1
Yes,151.16500000000002,1.0554000000000001,1,3
Yes,273.37600000000003,4.1167000000000025,1,3
Yes,123.15499999999999,1.2773999999999999,1,2
Yes,145.553,-0.31060000000000015,2,5
Yes,149.15699999999998,-0.054500000000000104,1,4
No,479.5040000000003,-1.1904799999999975,3,12
Yes,142.24599999999998,0.7102,2,2
Yes,136.198,0.6039999999999998,2,2
Yes,107.15599999999996,1.1453,1,1
Yes,108.14399999999996,0.5403,1,2
Yes,116.20800000000001,0.46420000000000006,2,2
Yes,215.38499999999993,1.6141999999999994,3,3
Yes,144.21799999999996,-0.3325999999999998,1,3
Yes,89.13800000000002,-0.01839999999999986,1,2
Yes,130.19099999999997,-0.7227000000000003,1,3
Yes,104.15299999999999,-1.4729999999999996,3,3
Yes,105.13699999999999,-1.0460000000000003,2,3
Yes,130.125,-1.8339999999999996,4,4
Yes,84.082,-1.0081000000000004,1,3
Yes,141.132,1.0626,1,3
Yes,97.09499999999998,-1.2520999999999995,2,2
Yes,244.33499999999992,-0.332599999999998,0,5
Yes,256.403,-5.807199999999997,0,6
Yes,219.50799999999998,-4.139499999999997,0,4
Yes,135.16299999999998,-2.3821999999999983,0,2
Yes,224.04199999999997,-1.8169000000000004,5,3
No,694.8440000000003,2.3843000000000023,4,10
Yes,103.83600000000001,-0.7696000000000001,0,0
Yes,214.13,-5.377299999999997,2,4
Yes,368.5770000000001,-1.3780000000000006,0,6
Yes,403.4570000000001,-2.1559999999999944,3,5
No,378.32700000000006,-7.046599999999991,8,11
Yes,243.23999999999998,0.3623999999999998,2,4
Yes,165.14499999999998,-1.5615999999999994,3,3
No,362.32800000000003,-6.585899999999991,9,11
No,481.85000000000053,10.486199999999993,2,2
Yes,120.03999999999999,-1.481,2,4
Yes,146.18599999999998,0.7104999999999999,1,3
Yes,243.734,2.4671000000000003,3,3
Yes,194.18300000000002,-2.5673,4,6
No,1297.1280000000015,-17.406400000000005,24,40
No,354.31100000000004,-0.6459000000000004,6,8
No,967.0210000000009,-5.257999999999984,14,23
No,196.155,-3.4930999999999996,6,6
Yes,307.966,-0.7802000000000002,4,4
No,182.172,-3.5854000000000004,6,6
Yes,150.13,-2.7397,4,5
Yes,180.156,-3.2214000000000005,5,6
Yes,265.222,-2.8909,5,8
Yes,173.17200000000003,0.0933999999999997,0,3
Yes,196.031,-1.2954999999999997,0,8
Yes,149.146,-0.6034999999999999,2,4
Yes,181.147,1.60142,1,3
Yes,151.12099999999998,1.4073,0,3
Yes,167.11999999999995,1.293,1,3
Yes,191.10799999999995,2.613600000000001,0,2
Yes,225.55299999999997,3.2669999999999995,0,2
Yes,171.58299999999997,2.3336000000000006,0,2
Yes,236.01000000000002,2.599800000000001,1,3
Yes,166.13599999999994,0.6937,1,3
Yes,157.55599999999998,2.2481999999999998,0,2
Yes,138.12599999999998,1.177,1,3
Yes,191.10799999999995,2.613600000000001,0,2
Yes,162.14800000000002,1.66088,0,3
Yes,284.181,-1.0866999999999987,0,10
Yes,60.084,-0.6184000000000001,0,2
Yes,170.25199999999998,2.686000000000001,0,2
Yes,154.20899999999997,1.7431,0,2
Yes,144.16999999999996,0.7746,0,3
Yes,186.20699999999997,0.7338,0,4
Yes,136.14999999999998,1.8818,0,2
Yes,168.148,0.22130000000000005,0,4
Yes,155.22199999999998,1.96254,0,3
No,613.9150000000002,3.1154,3,3
Yes,149.19299999999998,1.9534199999999997,1,1
Yes,163.21999999999997,2.2618400000000003,1,1
Yes,183.16899999999998,1.24,1,4
Yes,200.32199999999997,3.544500000000003,0,2
Yes,190.23899999999998,1.3387,0,4
Yes,150.177,1.92032,0,2
Yes,206.24099999999999,2.1334999999999997,0,3
Yes,198.30599999999998,3.1544000000000016,0,2
Yes,142.198,1.9058,0,2
Yes,202.29399999999995,2.2709,1,3
Yes,156.206,2.0593,0,3
Yes,156.225,2.2959000000000005,0,2
Yes,176.215,2.2629,0,2
Yes,251.112,4.224400000000002,0,1
Yes,160.216,2.6694000000000013,0,1
Yes,197.27799999999996,2.6596800000000007,0,3
Yes,214.21699999999996,0.6280000000000001,0,5
Yes,168.623,2.9327000000000014,0,1
Yes,134.17799999999997,2.2793,0,1
Yes,210.31699999999998,3.6307000000000027,0,2
Yes,156.225,2.2959000000000005,0,2
Yes,158.24099999999999,2.5199000000000007,0,2
Yes,220.272,0.43350000000000005,1,2
Yes,230.30399999999992,2.4532000000000007,0,4
Yes,172.22399999999996,1.6989,0,3
Yes,178.23100000000002,2.1822999999999997,0,2
Yes,160.169,0.5026999999999999,0,4
Yes,230.30399999999992,2.4532000000000007,0,4
Yes,258.3579999999999,3.2334000000000023,0,4
Yes,144.21399999999997,2.1298000000000004,0,2
Yes,198.30599999999995,3.4662000000000024,0,2
Yes,200.32199999999995,3.6902000000000026,0,2
Yes,158.24099999999999,2.5199000000000007,0,2
No,310.522,6.587000000000008,0,2
Yes,300.439,4.403700000000004,0,4
Yes,186.295,3.3001000000000023,0,2
Yes,198.30599999999998,3.4662000000000024,0,2
Yes,314.46600000000007,4.7938000000000045,0,4
Yes,212.33299999999994,3.8563000000000036,0,2
Yes,240.3869999999999,4.636500000000004,0,2
Yes,214.34899999999996,4.080300000000003,0,2
Yes,228.37599999999995,4.470400000000004,0,2
Yes,242.40299999999993,4.8605000000000045,0,2
No,256.4299999999999,5.250600000000005,0,2
No,270.45699999999994,5.640700000000005,0,2
No,284.484,6.030800000000006,0,2
No,396.7000000000002,9.007500000000002,0,2
Yes,209.45900000000003,3.3724000000000007,0,1
Yes,158.559,2.2047,0,1
Yes,192.68599999999998,3.5782000000000025,0,2
Yes,136.15399999999994,0.3677,2,2
Yes,144.174,-0.4826000000000001,2,2
Yes,150.18100000000004,1.48562,2,1
Yes,406.5040000000001,1.7052999999999994,2,5
Yes,288.347,1.2817999999999994,1,4
Yes,178.235,1.4069999999999998,2,2
No,1215.8150000000003,5.337600000000003,4,7
Yes,232.20499999999996,2.7989000000000006,1,1
Yes,264.32899999999995,2.1820200000000005,2,2
Yes,164.208,1.6173,2,2
Yes,364.3830000000001,1.39044,2,7
Yes,410.4080000000002,0.9318999999999993,2,9
Yes,303.77100000000013,1.3386999999999998,2,4
Yes,130.099,-0.19980000000000003,1,3
Yes,454.4100000000002,3.523600000000002,2,7
Yes,204.22899999999998,1.1223,3,2
Yes,267.237,0.8407,3,4
Yes,150.08599999999998,-2.1226,4,4
Yes,358.3020000000001,1.6068000000000002,2,6
Yes,250.33799999999997,2.760700000000001,2,2
Yes,104.10499999999999,-0.15810000000000013,2,2
Yes,150.08599999999998,-2.1226,4,4
Yes,168.236,2.763700000000001,1,1
Yes,218.208,1.8822,2,2
No,505.2600000000001,5.715700000000002,3,4
Yes,123.11099999999998,0.7797999999999999,1,2
Yes,112.08399999999997,0.9778,1,2
Yes,222.243,3.691200000000001,1,1
Yes,104.06099999999999,-0.4543,2,2
Yes,175.187,1.795,2,1
Yes,132.115,0.024199999999999944,1,3
Yes,150.177,1.7038,1,1
Yes,230.30399999999995,3.0566000000000013,2,2
Yes,106.146,0.3909000000000001,2,2
Yes,367.38300000000004,-1.0067999999999981,4,6
Yes,133.10299999999998,-1.2548,3,3
Yes,152.149,1.1500000000000001,1,2
Yes,166.17600000000002,1.45842,1,2
Yes,255.03199999999998,1.5731,2,4
Yes,134.087,-0.8277999999999999,2,3
Yes,224.34399999999994,3.876700000000003,0,2
Yes,150.177,1.4021,0,2
Yes,200.23700000000002,2.555300000000001,0,2
Yes,120.17300000000002,0.4792999999999999,1,3
Yes,403.88800000000026,2.7951000000000015,0,6
Yes,193.24599999999998,2.528200000000001,1,2
Yes,240.29899999999995,2.2512,0,4
Yes,164.20399999999998,2.1717199999999997,0,2
Yes,222.23999999999995,2.04,0,4
Yes,280.27600000000007,1.5832000000000002,0,6
Yes,355.387,-0.9986999999999997,4,8
Yes,188.22299999999998,1.0911,0,4
Yes,408.735,3.294120000000002,0,5
Yes,118.13199999999999,1.1794,0,3
Yes,182.263,2.852100000000001,0,2
Yes,170.252,2.541900000000001,0,2
Yes,270.28399999999993,2.4732000000000003,0,4
Yes,170.20799999999997,1.2847,0,3
Yes,164.20399999999998,2.2534,0,2
Yes,202.24999999999994,1.6729999999999998,0,4
Yes,178.231,2.6435000000000013,0,2
Yes,186.295,3.1560000000000015,0,2
No,418.61800000000045,7.501400000000008,0,4
Yes,198.21799999999996,1.2249999999999999,0,4
Yes,358.39000000000004,2.733600000000001,0,6
Yes,322.25000000000006,1.3586,1,7
Yes,122.12299999999998,1.4917,0,2
Yes,174.159,1.92962,0,4
Yes,194.23399999999995,1.4644000000000001,0,4
Yes,214.29399999999998,0.3714999999999997,1,5
Yes,126.15499999999999,0.8005,0,2
Yes,152.19299999999998,1.5008,0,2
Yes,98.05699999999997,-0.3740000000000001,0,3
Yes,166.21999999999997,2.3725000000000005,0,2
Yes,96.12899999999999,1.2955999999999999,0,1
Yes,112.088,-0.9368000000000001,2,2
Yes,86.08999999999999,0.3218,0,2
Yes,133.534,0.2892,0,2
Yes,100.073,-0.15000000000000002,0,3
Yes,100.11699999999999,0.7119,0,2
Yes,114.14399999999999,1.1019999999999999,0,2
Yes,156.225,2.2723000000000004,0,2
Yes,170.25199999999998,2.6624000000000008,0,2
Yes,170.25199999999998,2.6624000000000008,0,2
Yes,206.32899999999992,3.738100000000003,0,1
Yes,154.253,2.791800000000001,0,1
Yes,180.29099999999994,3.3260000000000023,0,1
Yes,132.59,1.7368999999999999,0,1
Yes,182.30699999999996,3.8602000000000034,0,1
Yes,240.38699999999992,4.614500000000004,0,2
Yes,197.32199999999997,3.0172000000000008,1,1
Yes,100.117,0.7135,0,2
Yes,129.159,-0.39890000000000025,1,2
Yes,197.021,1.3368,0,2
Yes,151.16499999999996,0.22519999999999984,1,2
Yes,238.287,1.3510999999999997,2,3
Yes,226.27599999999998,1.1849999999999998,2,3
Yes,142.158,-0.005499999999999949,2,2
Yes,135.12199999999999,1.1211,1,2
Yes,130.147,-0.9961,2,2
Yes,146.14899999999997,0.9230999999999998,1,2
Yes,166.176,1.1864000000000001,0,3
Yes,322.22800000000007,1.5388,0,7
Yes,152.14899999999997,0.6521999999999999,0,3
No,520.4930000000003,6.218300000000004,0,8
Yes,154.165,0.8761999999999999,0,3
Yes,164.16,0.5080999999999999,0,3
Yes,116.11599999999999,0.9318,0,3
Yes,266.34099999999995,2.2039,1,3
Yes,203.24099999999999,2.0827,0,2
Yes,195.605,1.4789,0,2
Yes,177.15899999999996,0.23240000000000016,1,3
Yes,440.82300000000026,2.9434000000000013,0,6
Yes,339.3250000000001,1.1193,0,7
Yes,147.13699999999997,0.3180999999999999,1,3
Yes,278.30800000000005,1.6500399999999997,0,4
Yes,379.504,4.137700000000003,1,4
Yes,383.4960000000001,1.4098999999999995,0,6
Yes,132.16199999999998,1.8987,0,1
Yes,58.036,-0.6158000000000001,0,2
Yes,185.01999999999998,2.2615999999999996,0,1
Yes,146.14499999999998,2.2452999999999994,0,2
Yes,175.014,2.805900000000001,0,1
Yes,126.11099999999998,0.5844,1,3
Yes,96.08499999999998,1.0920999999999998,0,2
Yes,172.268,2.1527000000000003,1,2
Yes,104.17399999999999,0.9383999999999999,0,2
Yes,133.147,-1.5705999999999998,2,3
Yes,113.16000000000001,0.6286999999999999,0,1
Yes,115.132,-0.5250000000000001,0,2
Yes,88.06599999999999,-1.6066000000000005,2,2
Yes,182.263,2.850500000000001,0,2
Yes,136.15399999999997,1.8041999999999998,0,2
Yes,174.244,1.5424,1,3
Yes,100.12100000000001,0.7636000000000001,0,2
Yes,114.14800000000001,1.1537,0,2
Yes,116.12,0.0,0,3
No,515.8680000000003,2.9534000000000002,7,5
Yes,284.25199999999995,1.7434999999999996,3,3
Yes,126.04799999999997,0.37959999999999994,1,3
Yes,142.094,0.7788999999999999,1,1
Yes,140.075,1.0337,0,4
Yes,223.16499999999996,1.0536999999999999,1,5
Yes,234.191,3.5341000000000014,0,3
Yes,255.301,3.0035000000000016,0,5
Yes,176.62400000000002,1.6141,0,2
Yes,387.3990000000001,0.5471199999999999,2,10
Yes,410.41200000000015,0.10100000000000042,2,9
Yes,294.33599999999996,1.2582999999999998,2,6
Yes,297.40500000000003,2.636400000000001,1,5
Yes,239.25199999999998,1.3743,3,4
Yes,254.267,1.0459,1,4
Yes,284.2490000000001,0.1106000000000002,2,5
Yes,209.26699999999994,-0.4034999999999995,1,4
Yes,141.148,-1.2354999999999996,2,4
Yes,126.13299999999998,-0.476,0,4
Yes,190.651,1.7435,0,2
Yes,214.24599999999998,0.2923999999999999,2,3
Yes,297.29400000000004,1.2301,1,6
Yes,191.63899999999998,0.9874000000000002,1,2
Yes,241.18999999999994,1.2326000000000001,1,3
Yes,221.259,0.18210000000000015,1,5
Yes,118.15699999999998,-0.028999999999999915,0,2
Yes,120.173,0.19500000000000006,0,2
Yes,164.20399999999998,0.8069999999999999,0,2
Yes,138.12599999999998,0.5075,2,2
Yes,210.14099999999996,0.7811999999999999,3,3
Yes,191.013,2.691600000000001,1,1
Yes,210.14099999999996,0.7811999999999999,3,3
Yes,210.141,0.7811999999999999,3,3
Yes,191.013,2.691600000000001,1,1
Yes,147.13299999999998,1.2564799999999998,1,2
Yes,150.13299999999998,1.1973,1,2
Yes,166.13199999999998,1.083,2,2
Yes,182.135,0.8752000000000002,2,4
Yes,156.56799999999998,2.0382,1,1
Yes,166.13199999999998,1.083,2,2
Yes,166.13199999999998,1.083,2,2
Yes,287.312,-0.6443000000000003,5,6
Yes,195.17399999999998,1.0404,2,3
Yes,234.15999999999997,-0.6625999999999994,4,4
Yes,210.27599999999998,1.3172000000000001,2,4
Yes,146.18599999999998,0.7104999999999999,1,3
Yes,190.283,1.589,1,3
Yes,301.296,2.492400000000001,1,3
Yes,138.166,0.7122999999999999,2,2
Yes,192.255,0.8648999999999998,2,4
Yes,248.36299999999997,2.689300000000001,1,4
Yes,122.11999999999999,-2.3071999999999995,4,4
Yes,247.207,-1.5205000000000002,3,7
Yes,114.05599999999998,-1.3062000000000002,2,4
Yes,233.201,-0.08069999999999988,4,5
Yes,169.18,0.0802199999999999,3,4
Yes,172.248,1.3457999999999999,1,2
Yes,211.21699999999998,0.4423000000000001,4,4
Yes,189.19199999999998,0.22109999999999996,3,4
Yes,152.19299999999998,1.9631999999999998,1,2
Yes,166.22,2.353300000000001,1,2
Yes,164.204,1.9138,1,2
Yes,156.26899999999995,2.7277000000000013,1,1
Yes,100.161,1.3114,1,1
Yes,194.23,2.2050000000000005,1,3
Yes,151.20899999999997,1.4538,1,2
Yes,174.177,0.6389000000000001,2,3
Yes,148.20499999999998,2.0563000000000002,1,1
Yes,132.159,0.322,1,3
Yes,261.941,0.7471999999999999,2,2
Yes,427.49800000000033,-1.288199999999994,1,10
Yes,250.33499999999992,-0.2350000000000002,4,5
Yes,110.54000000000002,-0.4216,2,2
Yes,92.09400000000001,-1.6681000000000001,3,3
Yes,132.159,-0.4578,2,3
Yes,150.22099999999998,2.3023000000000007,1,1
Yes,144.21399999999997,0.7773999999999999,2,2
Yes,102.13300000000001,0.15769999999999995,1,2
Yes,196.29,1.2693999999999999,2,2
Yes,136.19400000000002,1.52982,1,1
Yes,123.15499999999997,0.6164,1,2
Yes,136.194,1.6115,1,1
Yes,142.242,2.3392,1,1
Yes,104.149,0.14130000000000004,2,2
Yes,90.122,-0.24880000000000008,2,2
Yes,76.095,-0.6389,2,2
Yes,149.19,-1.734699999999999,3,4
Yes,134.135,-1.0456,2,4
Yes,174.24399999999997,-1.411399999999998,2,4
Yes,151.209,0.7685,2,2
Yes,105.137,-1.4393999999999998,3,3
Yes,62.068000000000005,-1.0290000000000001,2,2
Yes,468.63200000000035,-0.8199999999999936,4,10
Yes,164.20099999999996,-0.6073,2,4
Yes,198.218,0.4287999999999999,2,4
Yes,174.28399999999996,2.211700000000001,1,2
Yes,146.23,1.5756,1,2
No,314.554,6.256800000000007,1,2
Yes,120.148,-0.3583,1,3
Yes,192.25499999999997,0.43850000000000017,1,4
Yes,194.22699999999998,-0.979199999999999,2,5
Yes,238.27999999999994,-0.9625999999999986,2,6
Yes,154.23399999999998,1.771,1,2
Yes,168.283,0.3949,2,4
Yes,120.10799999999999,-1.8148,4,3
Yes,88.066,-0.09360000000000007,2,4
Yes,158.093,0.4895999999999999,2,1
Yes,246.19599999999997,0.3297,3,4
Yes,200.25899999999996,2.0567,1,2
Yes,192.623,1.5867000000000002,1,2
No,230.44199999999995,5.033200000000004,0,2
Yes,206.097,2.627600000000001,1,1
Yes,76.14500000000001,1.0181,0,2
Yes,102.162,-0.5359000000000003,2,1
Yes,398.5680000000001,1.9720999999999997,3,9
