smiles,tox_ahr,tox_ar,tox_are,tox_aromatase,tox_ar_lbd,tox_atad5,tox_er,tox_er_lbd,tox_hse,tox_mmp,tox_p53,tox_ppar_gamma,sol_esol,act_prothrombin,act_cannabinoid_receptor_1,act_voltage_gated,is_drug_like,mol_weight,logp,h_donors,h_acceptors
OCC3OC(OCC2OC(OC(C#N)c1ccccc1)C(O)C(O)C2O)C(O)C(O)C3O ,0.027476424351334572,0.03937108814716339,0.058640006929636,0.01713220216333866,0.029941117390990257,0.0020396264735609293,0.0821806862950325,0.03597526624798775,0.02450205571949482,0.03535253182053566,0.006314900703728199,0.007530601229518652,-0.7608011364936829,0.015633217990398407,6.4106271402408765e-09,7.477439339709235e-06,No,457.4320000000001,-3.1080199999999985,7,12
Cc1occc1C(=O)Nc2ccccc2,0.09531287848949432,0.02308005839586258,0.06755656003952026,0.02090357430279255,0.01855017989873886,0.0028378977440297604,0.0818086639046669,0.02435150183737278,0.028668366372585297,0.09666559100151062,0.011727572418749332,0.01953461766242981,-2.2268943786621094,1.4687696420878638e-05,0.0174703486263752,8.621027518529445e-05,Yes,201.22500000000002,2.840320000000001,1,2
CC(C)=CCCC(C)=CC(=O),0.010870713740587234,0.01695427857339382,0.034280866384506226,0.006417808122932911,0.007997279986739159,0.0004124993283767253,0.052751559764146805,0.013125278986990452,0.015390345826745033,0.010666892863810062,0.0013728301273658872,0.001755506731569767,-3.2569031715393066,1.2411481618932602e-13,0.07036010921001434,6.6009311012749095e-06,Yes,152.237,2.878000000000001,0,1
c1ccc2c(c1)ccc3c2ccc4c5ccccc5ccc43,0.2038404792547226,0.027714591473340988,0.09702398627996445,0.03842456266283989,0.027732351794838905,0.0071735018864274025,0.11314841359853745,0.03804543986916542,0.04663264751434326,0.22452640533447266,0.03539683297276497,0.057540375739336014,-7.293697357177734,4.587256796639849e-09,0.020053118467330933,0.0316026397049427,No,278.354,6.299400000000004,0,0
c1ccsc1,0.1054147407412529,0.008172416128218174,0.0797630175948143,0.01563073880970478,0.005414459388703108,0.002994203707203269,0.07613592594861984,0.01597106270492077,0.028718573972582817,0.09957823902368546,0.01290836464613676,0.021659571677446365,-0.456076979637146,0.00018882447329815477,0.012439082376658916,0.00825907476246357,Yes,84.14299999999999,1.7480999999999998,0,1
c2ccc1scnc1c2 ,0.1675085574388504,0.014488518238067627,0.09624926000833511,0.02670803666114807,0.012232399545609951,0.005427342373877764,0.0970345064997673,0.025655053555965424,0.03909512609243393,0.1746547371149063,0.0260238628834486,0.04303337633609772,-2.425088405609131,0.0009336589137092233,0.0003205814864486456,0.0030589012894779444,Yes,135.191,2.2962999999999996,0,2
Clc1cc(Cl)c(c(Cl)c1)c2c(Cl)cccc2Cl,0.1622387021780014,0.010771160945296288,0.11502473801374435,0.025867924094200134,0.00830604787915945,0.007182568311691284,0.09996682405471802,0.025131788104772568,0.04117938131093979,0.1641104817390442,0.030204864218831062,0.04648579657077789,-7.173285484313965,1.7408429502075405e-14,0.6703448295593262,2.1906700897744713e-09,No,326.437,6.620600000000001,0,0
CC12CCC3C(CCc4cc(O)ccc34)C2CCC1O,0.04919387772679329,0.058150067925453186,0.07123403251171112,0.029780883342027664,0.05449127405881882,0.004301178734749556,0.10214954614639282,0.05784503370523453,0.03407519310712814,0.07204234600067139,0.014774339273571968,0.016269240528345108,-4.34370756149292,6.094931563893624e-07,0.00018756013014353812,9.797357051866129e-05,Yes,272.388,3.6092000000000026,2,2
ClC4=C(Cl)C5(Cl)C3C1CC(C2OC12)C3C4(Cl)C5(Cl)Cl,0.03735147416591644,0.042243923991918564,0.09960920363664627,0.026508329436182976,0.034183207899332047,0.007315413095057011,0.1101100742816925,0.06066275015473366,0.03237433731555939,0.050752341747283936,0.01588476076722145,0.01601272262632847,-7.784931659698486,6.134129080237471e-07,5.848702130606398e-06,0.0005942105781286955,Yes,380.913,4.481400000000002,0,1
COc5cc4OCC3Oc2c1CC(Oc1ccc2C(=O)C3c4cc5OC)C(C)=C ,0.05101232975721359,0.0334121398627758,0.06069156900048256,0.019864581525325775,0.025746794417500496,0.0023622966837137938,0.08164521306753159,0.031040215864777565,0.027614383026957512,0.05637756362557411,0.008620844222605228,0.011553906835615635,-4.383109092712402,1.2903580682177562e-05,6.064440822228789e-05,0.00022100067872088403,Yes,394.42300000000023,3.7033000000000023,0,6
O=C1CCCN1,0.020931387320160866,0.042858418077230453,0.05149548128247261,0.016283225268125534,0.031087134033441544,0.0016159119550138712,0.07954879105091095,0.03757660090923309,0.024564338847994804,0.027663111686706543,0.005133609287440777,0.005476087331771851,0.2362724095582962,0.00047146438737399876,2.4371937001888e-07,1.7648029881911498e-07,Yes,85.10600000000001,-0.10360000000000008,1,1
Clc1ccc2ccccc2c1,0.17246827483177185,0.019140522927045822,0.09515094757080078,0.030453266575932503,0.017088113352656364,0.005996091291308403,0.10240819305181503,0.030328262597322464,0.041438039392232895,0.18485163152217865,0.02827075496315956,0.045710861682891846,-5.025811195373535,3.7010827735883822e-09,0.5866795778274536,0.0004010996490251273,Yes,162.61899999999997,3.4932000000000016,0,0
CCCC=C,0.006048963870853186,0.011579474434256554,0.023077473044395447,0.0038870975840836763,0.004617143888026476,0.00016058670007623732,0.04086335375905037,0.008715292438864708,0.011756405234336853,0.00619101244956255,0.0006470747175626457,0.0007719738059677184,-2.747448444366455,5.635552887139249e-23,0.026722634211182594,2.236704631286557e-06,Yes,70.135,1.9725,0,0
CCC1(C(=O)NCNC1=O)c2ccccc2,0.053001560270786285,0.038907285779714584,0.0660819485783577,0.02295280434191227,0.03208369389176369,0.003013208508491516,0.09006348252296448,0.03797454386949539,0.03036091849207878,0.06406058371067047,0.010678780265152454,0.013732675462961197,-2.4149303436279297,0.001503914361819625,0.00014866741548758,1.588760642334819e-05,Yes,218.256,0.5378999999999994,2,2
CCCCCCCCCCCCCC,0.004995833151042461,0.011650556698441505,0.02188238315284252,0.0036732733715325594,0.004686051048338413,0.00014568757615052164,0.040095992386341095,0.00903666578233242,0.011135168373584747,0.005681482143700123,0.0006048785871826112,0.0006750082829967141,-6.849723815917969,4.867408605249044e-22,0.03350856155157089,5.514919394045137e-05,No,198.39399999999995,5.707400000000006,0,0
CC(C)Cl,0.00497061014175415,0.006656569894403219,0.03041199781000614,0.002857387065887451,0.002243506256490946,0.00021907349582761526,0.03964116424322128,0.0070495023392140865,0.009561078622937202,0.004326199647039175,0.0005982524016872048,0.0007366588106378913,-1.2697495222091675,2.357436220565796e-22,0.0037235673516988754,0.003837416647002101,Yes,78.542,1.6336,0,0
CCC(C)CO,0.005350001156330109,0.011907259933650494,0.02381518855690956,0.003789347130805254,0.004869089927524328,0.0001666057505644858,0.041286349296569824,0.009262725710868835,0.011196968145668507,0.005820014514029026,0.0006411945214495063,0.0007499826024286449,-0.7570825219154358,8.399460773562523e-20,0.0021855775266885757,3.994401777163148e-05,Yes,88.14999999999999,1.0248,1,1
N#Cc1ccccc1,0.1328798085451126,0.022912120446562767,0.07878971099853516,0.025245817378163338,0.01931842230260372,0.0039462256245315075,0.09214185923337936,0.026422956958413124,0.034139759838581085,0.1320018470287323,0.017076583579182625,0.02944694459438324,-2.956023693084717,5.4189438714047355e-08,0.23337940871715546,0.010176639072597027,Yes,103.12399999999997,1.5582799999999999,0,1
CCOP(=S)(OCC)Oc1cc(C)nc(n1)C(C)C,0.017069460824131966,0.007788642775267363,0.03677687048912048,0.004631394986063242,0.00348218297585845,0.00035989235038869083,0.046198416501283646,0.007733225356787443,0.011385277844965458,0.01339952927082777,0.0013185731368139386,0.002142319455742836,-4.107944011688232,1.973361030138676e-09,0.48966971039772034,1.7216997321156668e-06,Yes,304.35200000000003,3.5847200000000026,0,6
CCCCCCCCCC(C)O,0.005403690505772829,0.012527111917734146,0.023729614913463593,0.003980969078838825,0.00521315261721611,0.000173614636878483,0.04200129583477974,0.009789226576685905,0.01153178047388792,0.006117371842265129,0.0006832255749031901,0.0007754179532639682,-4.005367755889893,7.299665988036452e-20,0.04952015355229378,9.396778295922559e-06,Yes,172.312,3.5079000000000025,1,1
Clc1ccc(c(Cl)c1)c2c(Cl)ccc(Cl)c2Cl ,0.164778932929039,0.01085058692842722,0.11665070801973343,0.026246055960655212,0.008379518054425716,0.007416734471917152,0.10115467756986618,0.025465616956353188,0.04172101244330406,0.1668289452791214,0.031059173867106438,0.04775697737932205,-7.041220664978027,6.598015319866923e-14,0.4797768294811249,1.0465904587420027e-08,No,326.437,6.620600000000001,0,0
O=c2[nH]c1CCCc1c(=O)n2C3CCCCC3,0.04623039439320564,0.03976501524448395,0.060568295419216156,0.022316008806228638,0.033199239522218704,0.0026483500842005014,0.08671268820762634,0.03940035030245781,0.029153861105442047,0.06091722473502159,0.010103965178132057,0.012026038020849228,-4.301470756530762,2.7474815311734346e-08,0.0009272515890188515,0.00016930628044065088,Yes,234.29899999999995,1.5305,1,2
CCOP(=S)(OCC)SCSCC,0.004579742904752493,0.002232849132269621,0.027539987117052078,0.0011755824089050293,0.0005515092634595931,8.642296597827226e-05,0.029709015041589737,0.002566582290455699,0.005290153902024031,0.0025275021325796843,0.0002356985496589914,0.0004124550905544311,-3.752514362335205,2.0784851801750645e-16,0.03764369711279869,2.3693057300988585e-05,Yes,260.38599999999997,3.727700000000003,0,5
CCOc1ccc(NC(=O)C)cc1,0.03606203943490982,0.016801346093416214,0.04609982296824455,0.010754036717116833,0.010171664878726006,0.0009278503712266684,0.062370508909225464,0.015464466996490955,0.020315324887633324,0.03403967246413231,0.003801083890721202,0.005810809321701527,-2.1622161865234375,2.457191250471169e-08,7.275242387549952e-05,0.002402388956397772,Yes,179.219,2.0437,1,2
CCN(CC)c1c(cc(c(N)c1N(=O)=O)C(F)(F)F)N(=O)=O,0.03447485342621803,0.013514827005565166,0.05053464695811272,0.009098895825445652,0.007936461828649044,0.0009326147264800966,0.06124705448746681,0.012985839508473873,0.017006030306220055,0.030818235129117966,0.00338644883595407,0.005595366470515728,-3.9835867881774902,2.791150564007694e-07,4.84279626107309e-05,4.621003245119937e-05,Yes,322.243,2.9502000000000006,1,6
CCCCCCCO,0.0047906432300806046,0.010625512339174747,0.02173243649303913,0.0033436440862715244,0.004115329589694738,0.00013283036241773516,0.03875572234392166,0.008191813714802265,0.010559074580669403,0.005152158439159393,0.0005346100660972297,0.0006205482641234994,-2.731254816055298,1.1885251987239572e-17,0.03420138731598854,0.00037123518995940685,Yes,116.204,1.9491,1,1
Cn1c(=O)n(C)c2nc[nH]c2c1=O,0.09177318960428238,0.018493125215172768,0.06111319363117218,0.01791468635201454,0.014277704991400242,0.002082972787320614,0.07428210973739624,0.020056862384080887,0.026505228132009506,0.08996045589447021,0.009782563894987106,0.016477283090353012,-1.4366363286972046,9.195567145070527e-06,0.0004783843469340354,4.795967356585606e-07,Yes,180.16699999999997,-1.039700000000001,1,3
CCCCC1(CC)C(=O)NC(=O)NC1=O,0.021912256255745888,0.03159037232398987,0.05029086396098137,0.01348170731216669,0.020790841430425644,0.0013168682344257832,0.07354569435119629,0.02777225710451603,0.02240043506026268,0.025859057903289795,0.004304616712033749,0.005046711303293705,-2.9074254035949707,1.061506623045716e-06,0.0007809481467120349,7.061814955022783e-08,Yes,212.249,0.9389999999999998,2,3
ClC(Cl)=C(c1ccc(Cl)cc1)c2ccc(Cl)cc2,0.11172077804803848,0.012672214768826962,0.09913530945777893,0.020535407587885857,0.008892721496522427,0.005125170573592186,0.09173583984375,0.022587358951568604,0.03265244886279106,0.10420853644609451,0.01798161305487156,0.02796866185963154,-6.631560325622559,1.0171835596040069e-09,0.3015066683292389,1.4701166151098732e-07,No,318.0300000000001,6.187900000000003,0,0
CCCCCCCC(=O)OC,0.006211253814399242,0.010973939672112465,0.02472682110965252,0.0037120324559509754,0.004331909120082855,0.00016922880604397506,0.04083217307925224,0.008316954597830772,0.011213647201657295,0.0059697264805436134,0.0006349512259475887,0.0007993703475221992,-3.4766814708709717,1.2823410952891856e-12,0.027118638157844543,5.850899924553232e-07,Yes,158.24099999999999,2.5199000000000007,0,2
CCc1ccc(CC)cc1,0.02747412398457527,0.019093848764896393,0.03523186966776848,0.009943687357008457,0.011591743677854538,0.0006555735599249601,0.054723065346479416,0.015305074863135815,0.018019933253526688,0.028349779546260834,0.002896132180467248,0.004014213103801012,-4.784171104431152,2.4172641133191064e-06,0.07747334241867065,0.007817763835191727,Yes,134.22199999999998,2.811400000000001,0,0
CCOP(=S)(OCC)SCSC(C)(C)C,0.005697953514754772,0.003416522406041622,0.030918115749955177,0.0017430484294891357,0.0010075099999085069,0.00013737939298152924,0.034545622766017914,0.0038040766958147287,0.006491784006357193,0.003611471736803651,0.00037961988709867,0.0006201988435350358,-3.811615228652954,5.846316693155747e-15,0.11569812148809433,7.73088959249435e-06,Yes,288.44,4.506300000000004,0,5
COC(=O)Nc1cccc(OC(=O)Nc2cccc(C)c2)c1,0.05923226475715637,0.019206272438168526,0.05827679485082626,0.014434611424803734,0.012999537400901318,0.0016775570111349225,0.0713353380560875,0.018415875732898712,0.02335723489522934,0.05352122709155083,0.00630960613489151,0.010504578240215778,-3.5818252563476562,3.655445470940322e-05,0.006565546151250601,0.0016830747481435537,Yes,300.314,3.784220000000002,2,4
ClC(=C)Cl,0.01469377800822258,0.003423608373850584,0.07767920941114426,0.0035929966252297163,0.0009447959600947797,0.0011723695788532495,0.05461873859167099,0.006305215880274773,0.01190962828695774,0.007077423390001059,0.0016634047497063875,0.002491125138476491,-1.4960472583770752,2.1781341921073283e-12,0.00023847509874030948,2.0799140543203976e-07,Yes,96.94399999999999,1.9352,0,0
Cc1cccc2c1Cc3ccccc32,0.12635007500648499,0.030575178563594818,0.07490423321723938,0.029441921040415764,0.028017841279506683,0.004382236860692501,0.09456663578748703,0.03385317325592041,0.03598025441169739,0.140224888920784,0.019240161404013634,0.03005153313279152,-5.947900295257568,3.9656889327943645e-08,0.0016102713998407125,0.013500905595719814,Yes,180.25000000000003,3.566220000000002,0,0
CCCCC=O,0.005993883591145277,0.011137300170958042,0.02424410730600357,0.003715049009770155,0.004358161240816116,0.00016575136396568269,0.04090431332588196,0.008407767862081528,0.011350627057254314,0.005873925052583218,0.0006261180969886482,0.0007747215568087995,-1.4953269958496094,3.531994846334846e-13,0.03622584789991379,1.372348947370483e-06,Yes,86.13399999999999,1.3755,0,1
N(c1ccccc1)c2ccccc2,0.15061315894126892,0.024416644126176834,0.07810715585947037,0.028608424589037895,0.02263292856514454,0.004376295022666454,0.09510495513677597,0.0300190057605505,0.03632142394781113,0.16478146612644196,0.02115095779299736,0.03555592522025108,-3.2070953845977783,3.821790414804127e-06,0.009983225725591183,0.005728244781494141,Yes,169.227,3.430200000000002,1,1
CN(C)C(=O)SCCCCOc1ccccc1,0.021951094269752502,0.012838275171816349,0.04215576872229576,0.0075659980066120625,0.006638332270085812,0.0006616429309360683,0.05582135543227196,0.012495546601712704,0.016537494957447052,0.020123092457652092,0.002365842694416642,0.0034770986530929804,-2.3816070556640625,4.016159437014721e-06,0.028100574389100075,0.03720753267407417,Yes,253.367,3.2604000000000024,0,3
CCCOP(=S)(OCCC)SCC(=O)N1CCCCC1C,0.008992012590169907,0.008507786318659782,0.03555648773908615,0.003856469877064228,0.0034537697210907936,0.00029908123542554677,0.04644983634352684,0.00851944275200367,0.01054393034428358,0.007589069195091724,0.0009325564024038613,0.0013003895292058587,-4.310242176055908,7.54094031663044e-09,0.10672079771757126,3.7851591514481697e-06,Yes,353.4900000000001,4.198300000000004,0,5
CCCCCCCI,0.0057050688192248344,0.002384571824222803,0.05112770199775696,0.0027840076945722103,0.0005708062672056258,0.0006241263472475111,0.04647798463702202,0.00695814611390233,0.012780384160578251,0.004943125881254673,0.0016002998454496264,0.0011492305202409625,-4.463426113128662,2.011759391381866e-21,0.014316633343696594,0.007123984862118959,Yes,226.101,3.3918000000000026,0,0
c1c(Cl)cccc1c2ccccc2,0.1637990027666092,0.01963060162961483,0.08989349007606506,0.029252395033836365,0.017485275864601135,0.005413515027612448,0.09931723773479462,0.029545482248067856,0.039576172828674316,0.1760435849428177,0.025588495656847954,0.04180476814508438,-4.253016948699951,4.617885629443208e-09,0.35998407006263733,0.0006518864538520575,Yes,188.657,4.007000000000002,0,0
OCCCC=C,0.006300747860223055,0.012087209150195122,0.025412170216441154,0.00404899287968874,0.004913041368126869,0.00018903649470303208,0.04255605489015579,0.00921659916639328,0.01185805257409811,0.006326079834252596,0.0006981058977544308,0.0008586914627812803,-0.464530885219574,3.6277594426745163e-13,0.12841597199440002,0.003400134388357401,Yes,86.134,0.9449,1,1
O=C2NC(=O)C1(CCC1)C(=O)N2,0.04485950618982315,0.06265690922737122,0.0803154930472374,0.029685867950320244,0.055655140429735184,0.0049863350577652454,0.10716045647859573,0.060189928859472275,0.03443189710378647,0.05946669355034828,0.013878108002245426,0.015561009757220745,-2.449608325958252,2.518280416552443e-05,4.755378597565141e-07,5.639724065531482e-08,Yes,168.15200000000002,-0.4773,2,3
CC(C)C1CCC(C)CC1O ,0.012947708368301392,0.03481340408325195,0.040755681693553925,0.011793965473771095,0.023095648735761642,0.0009063589386641979,0.06866608560085297,0.030190689489245415,0.02014428935945034,0.018929319456219673,0.0031979246996343136,0.003195150289684534,-2.2838895320892334,2.434487680891273e-11,0.04724722355604172,7.841411964193412e-09,Yes,156.269,2.439500000000001,1,1
CC(C)OC=O,0.00824771262705326,0.011957463808357716,0.03141043707728386,0.004415994044393301,0.0048903548158705235,0.0002681413316167891,0.04602495953440666,0.009307066909968853,0.012424902990460396,0.007203787099570036,0.0008588604396209121,0.0011692914413288236,0.05031740665435791,9.211053008653311e-14,0.0007055430905893445,6.366419391667932e-09,Yes,88.106,0.5678,0,2
CCCCCC(C)O,0.005347398575395346,0.012188482098281384,0.023671528324484825,0.0038716704584658146,0.005023051053285599,0.00016888447862584144,0.041557665914297104,0.009502416476607323,0.011342283338308334,0.00595116475597024,0.0006587075185962021,0.0007576480857096612,-1.684931755065918,2.708378349193278e-21,0.009005803614854813,1.7017485731685156e-07,Yes,116.20399999999998,1.9475000000000002,1,1
CC(=O)Nc1ccc(Br)cc1,0.07431748509407043,0.008576126769185066,0.09878411889076233,0.01645970530807972,0.004806236829608679,0.004457943141460419,0.08796952664852142,0.019992195069789886,0.034121982753276825,0.06815937906503677,0.01615547202527523,0.01917978748679161,-2.680724859237671,6.468935964676348e-08,0.008319979533553123,0.04672618955373764,Yes,214.06199999999998,2.4074999999999998,1,1
c1ccccc1n2ncc(N)c(Br)c2(=O),0.1737237125635147,0.01200911495834589,0.11942832171916962,0.02904779091477394,0.009335728362202644,0.00877614226192236,0.10769954323768616,0.0287136472761631,0.04504135623574257,0.18098652362823486,0.03883018717169762,0.052978064864873886,-2.633960723876953,0.3700418174266815,0.0001918696943903342,2.6055889975395985e-05,Yes,266.098,1.5771999999999997,1,3
COC(=O)C1=C(C)NC(=C(C1c2ccccc2N(=O)=O)C(=O)OC)C ,0.03803909569978714,0.021386444568634033,0.054521046578884125,0.01281526405364275,0.01380129437893629,0.0013570782030001283,0.07056691497564316,0.01965014822781086,0.021910013630986214,0.03617144003510475,0.004779073875397444,0.00711333192884922,-3.408635377883911,1.0590131296339678e-06,0.0033972160890698433,0.00016044237418100238,Yes,346.33900000000017,2.1756,1,7
c2c(C)cc1nc(C)ccc1c2 ,0.08947792649269104,0.024739183485507965,0.05905270576477051,0.020826760679483414,0.019916554912924767,0.002379962708801031,0.07756088674068451,0.02448441833257675,0.028692860156297684,0.09289228916168213,0.010611535981297493,0.0167948417365551,-3.041962146759033,1.5465456044694292e-06,0.014011917635798454,0.0005839847144670784,Yes,157.216,2.8516400000000006,0,1
CCCCCCC#C,0.006999349221587181,0.012981947511434555,0.02541787549853325,0.0044761947356164455,0.005452793091535568,0.0002065124426735565,0.043704986572265625,0.009844379499554634,0.012593069113790989,0.007216709665954113,0.0008022483089007437,0.0009584813378751278,-4.376454830169678,2.5044433215638817e-14,0.23416350781917572,9.126349596044747e-07,Yes,110.19999999999999,2.5900000000000007,0,0
CCC1(C(=O)NC(=O)NC1=O)C2=CCCCC2 ,0.03124152310192585,0.047557681798934937,0.06230081990361214,0.02092551440000534,0.03743072599172592,0.0025779488496482372,0.08960374444723129,0.043564602732658386,0.028386417776346207,0.04053913429379463,0.00800799299031496,0.00891121570020914,-3.1096954345703125,9.263756510335952e-05,0.000450211955467239,1.517375736170834e-08,Yes,236.27099999999993,1.2491999999999999,2,3
c1ccc2c(c1)ccc3c4ccccc4ccc23,0.196893572807312,0.02724999003112316,0.09432291984558105,0.03705229610204697,0.027023132890462875,0.00673721544444561,0.11069037020206451,0.036907490342855453,0.04523325711488724,0.21668751537799835,0.03321860730648041,0.05429094284772873,-6.673874378204346,3.9532257467556065e-09,0.013756034895777702,0.029248883947730064,No,228.29399999999998,5.146200000000003,0,0
CCC(C)n1c(=O)[nH]c(C)c(Br)c1=O ,0.048105306923389435,0.009919779375195503,0.07404240220785141,0.013367336243391037,0.005556510761380196,0.002542483387514949,0.07511832565069199,0.01882442645728588,0.026935266330838203,0.04865726828575134,0.009615780785679817,0.011199085041880608,-2.738013744354248,1.0545048098720144e-05,0.01925576478242874,3.201693914434145e-07,Yes,261.11899999999997,1.5785200000000001,1,2
Clc1cccc(c1Cl)c2c(Cl)c(Cl)cc(Cl)c2Cl ,0.15888111293315887,0.01017067115753889,0.11851873248815536,0.02517799288034439,0.007684309035539627,0.0075377607718110085,0.09969806671142578,0.02462426759302616,0.04037632793188095,0.15916691720485687,0.030102070420980453,0.04645822197198868,-7.651108741760254,2.258097815720575e-13,0.15752917528152466,2.527792641870974e-09,No,360.88200000000006,7.274000000000001,0,0
Cc1ccccc1O,0.09845025092363358,0.02419714257121086,0.06228026747703552,0.021792201325297356,0.020158138126134872,0.0026723183691501617,0.07995233684778214,0.025236446410417557,0.029179971665143967,0.10493865609169006,0.012037447653710842,0.019565405324101448,-0.9347777366638184,0.0026658792048692703,0.0019905278459191322,0.00012665246322285384,Yes,108.13999999999999,1.70062,1,1
CC(C)CCC(C)(C)C,0.007206474896520376,0.01757686771452427,0.028386298567056656,0.0057447231374681,0.008602711372077465,0.00030296071781776845,0.04930128529667854,0.01410127803683281,0.013763650320470333,0.00895104929804802,0.0011495858198031783,0.0012604863150045276,-5.209517002105713,1.2765664153752225e-17,0.17995679378509521,6.216047768248245e-05,Yes,128.259,3.468700000000003,0,0
Cc1ccc(C)c2ccccc12,0.0912947803735733,0.025961481034755707,0.05894472822546959,0.021519439294934273,0.021373983472585678,0.002496859757229686,0.07805357128381729,0.025447871536016464,0.028642499819397926,0.09590087085962296,0.011001490987837315,0.017470642924308777,-4.602165222167969,7.48138006656518e-07,0.009838886559009552,0.0016686732415109873,Yes,156.228,3.456640000000002,0,0
Cc1cc2c3ccccc3ccc2c4ccccc14,0.15942227840423584,0.027144521474838257,0.08268272876739502,0.031904060393571854,0.025503527373075485,0.00510056596249342,0.10042563825845718,0.033393148332834244,0.03984900191426277,0.17351952195167542,0.024317357689142227,0.039354003965854645,-6.71117639541626,2.6065128722052577e-08,0.015808209776878357,0.02507011406123638,No,242.321,5.454620000000004,0,0
CCCC(=O)C,0.006692920345813036,0.011924916878342628,0.025250157341361046,0.004078990314155817,0.0048569245263934135,0.00018803949933499098,0.042223572731018066,0.008991536684334278,0.01189097948372364,0.006564628798514605,0.0007093506283126771,0.0008842191309668124,-0.5747963786125183,1.1776845832061435e-17,0.03296448662877083,3.538350028975401e-06,Yes,86.13399999999999,1.3755,0,1
Clc1cc(Cl)c(Cl)c(c1Cl)c2c(Cl)c(Cl)cc(Cl)c2Cl ,0.1570671796798706,0.0085874292999506,0.12683437764644623,0.02413833886384964,0.006228838115930557,0.008132833056151867,0.09957627207040787,0.023381318897008896,0.04041403532028198,0.15424905717372894,0.03113320656120777,0.04739703610539436,-8.885289192199707,4.987762657862778e-14,0.014036143198609352,4.5953615912530665e-11,No,429.77200000000016,8.580799999999998,0,0
CCCOC(=O)CC,0.006480675656348467,0.010844498872756958,0.02523566223680973,0.0037292144261300564,0.004265784751623869,0.00017475981439929456,0.040962379425764084,0.008180350996553898,0.011249073781073093,0.006041108164936304,0.0006428209017030895,0.0008286048541776836,-1.3427581787109375,0.08184131979942322,0.00020689064695034176,3.062677542131631e-11,Yes,116.15999999999998,1.3496000000000001,0,2
CC34CC(O)C1(F)C(CCC2=CC(=O)C=CC12C)C3CC(O)C4(O)C(=O)CO,0.03243732452392578,0.06819348782300949,0.07198597490787506,0.02720988169312477,0.06095177307724953,0.004036556929349899,0.10310421139001846,0.06280659139156342,0.03191434219479561,0.04798562079668045,0.011456217616796494,0.011823874898254871,-2.6391515731811523,0.0002762890362646431,0.0008009623852558434,8.007815495147952e-07,Yes,394.43900000000014,0.6204999999999998,4,6
Nc1ccc(O)cc1,0.15280690789222717,0.023577209562063217,0.08170392364263535,0.028564302250742912,0.021650265902280807,0.004554556682705879,0.09579388052225113,0.029654020443558693,0.036480046808719635,0.16478949785232544,0.021669385954737663,0.0365927591919899,0.06909244507551193,0.003042432479560375,1.056760723372463e-07,7.980415830388665e-06,Yes,109.12799999999999,0.9743999999999999,2,2
O=C(Cn1ccnc1N(=O)=O)NCc2ccccc2,0.06165482848882675,0.019765326753258705,0.05961393564939499,0.014987515285611153,0.013964729383587837,0.001818323042243719,0.07238807529211044,0.019223107025027275,0.022938229143619537,0.058803241699934006,0.006854429375380278,0.011441733688116074,-2.045454740524292,0.09655336290597916,0.0037570020649582148,0.0013708345359191298,Yes,260.253,1.1077,1,4
OC4=C(C1CCC(CC1)c2ccc(Cl)cc2)C(=O)c3ccccc3C4=O,0.0875113382935524,0.03888837248086929,0.08439014106988907,0.031157411634922028,0.035107649862766266,0.005455211736261845,0.10434602946043015,0.045508623123168945,0.03772938251495361,0.10594034194946289,0.01986454427242279,0.02593974955379963,-4.940526485443115,1.1281250067440851e-07,0.12913832068443298,0.0002186015190090984,No,366.84400000000016,5.505100000000005,1,3
CCNc1nc(Cl)nc(n1)N(CC)CC,0.025894517078995705,0.011729329824447632,0.041700828820466995,0.008140035904943943,0.006239295471459627,0.0006547514931298792,0.055685121566057205,0.01236224826425314,0.017989734187722206,0.024694593623280525,0.0028041652403771877,0.003939250484108925,-4.252145290374756,2.814915633919668e-09,6.783426215406507e-05,8.892021469364408e-06,Yes,229.71499999999997,1.803,1,5
NC(=O)c1cnccn1,0.09174959361553192,0.0211463775485754,0.07359971106052399,0.019768783822655678,0.016241492703557014,0.002946399385109544,0.08387050777673721,0.022961530834436417,0.028523670509457588,0.08798234909772873,0.011371530592441559,0.019465278834104538,-0.09103947877883911,0.07879554480314255,6.93771971782553e-06,0.0004001925408374518,Yes,123.11499999999998,-0.4245000000000001,1,3
CCC(Br)(CC)C(=O)NC(N)=O,0.01621662639081478,0.007478318642824888,0.07108765840530396,0.007011596113443375,0.002949521876871586,0.0015831150813028216,0.06692464649677277,0.013757897540926933,0.018952738493680954,0.013937756419181824,0.0037327026948332787,0.003987395204603672,-2.0049214363098145,9.88315005088225e-05,0.026641473174095154,8.8995454916585e-07,Yes,237.09699999999998,1.1349999999999998,2,2
Clc1ccccc1c2ccccc2Cl ,0.16339075565338135,0.01632976159453392,0.09680136293172836,0.02825552597641945,0.013917441479861736,0.005912057589739561,0.09952908754348755,0.028259996324777603,0.04019944369792938,0.17318621277809143,0.0270851943641901,0.04329153895378113,-4.925239086151123,7.21604512254892e-11,0.7861710786819458,3.514889249345288e-05,Yes,223.102,4.660400000000002,0,0
O=C2CN(N=Cc1ccc(o1)N(=O)=O)C(=O)N2 ,0.0658012330532074,0.026342635974287987,0.0744563639163971,0.01913081295788288,0.019817667081952095,0.0029521973337978125,0.08602289110422134,0.0267536211758852,0.026924744248390198,0.06366217881441116,0.009617405943572521,0.0149775929749012,-1.7029197216033936,0.00040595963946543634,0.0013457931345328689,2.06504432753718e-06,Yes,238.15899999999996,0.07349999999999995,1,6
Clc2ccc(Oc1ccc(cc1)N(=O)=O)c(Cl)c2,0.14136601984500885,0.01439698413014412,0.0924939513206482,0.022957637906074524,0.011493728496134281,0.0045178900472819805,0.09262041747570038,0.023051515221595764,0.034163713455200195,0.14044110476970673,0.019882312044501305,0.03379771113395691,-4.905879497528076,5.2858404160360806e-06,0.1249186173081398,2.2999554857960902e-05,Yes,284.09799999999996,4.693900000000003,0,3
CC1(C)C2CCC1(C)C(=O)C2,0.032430313527584076,0.08505864441394806,0.07314147800207138,0.03224552422761917,0.08238987624645233,0.004872598219662905,0.11016129702329636,0.0794646143913269,0.034617386758327484,0.05464523658156395,0.014258203096687794,0.01335106510668993,-4.769921779632568,0.007328604348003864,0.13125567138195038,7.729318696192422e-08,Yes,152.237,2.401700000000001,0,1
O=C1NC(=O)NC(=O)C1(CC=C)c1ccccc1,0.06380292028188705,0.041301995515823364,0.0759606808423996,0.026027623564004898,0.03457781672477722,0.004030212759971619,0.09750906378030777,0.041129130870103836,0.03314496576786041,0.07395228743553162,0.013217894360423088,0.017603259533643723,-2.7453982830047607,0.00016234800568781793,0.0006630597054027021,5.538916593650356e-05,Yes,244.25,0.8664999999999998,2,3
CCCCC(=O)OCC,0.006287125404924154,0.01084789540618658,0.02484719268977642,0.0036941112484782934,0.004262626636773348,0.0001698698033578694,0.04076573997735977,0.008206370286643505,0.011190961115062237,0.005964646581560373,0.0006327230948954821,0.0008046799339354038,-1.7839792966842651,0.00015435146633535624,0.0011604754254221916,1.1298019464422993e-10,Yes,130.18699999999998,1.7397,0,2
CC(C)CCOC(=O)C,0.007597318850457668,0.013254696503281593,0.0291144922375679,0.004617589060217142,0.00565745634958148,0.00025298362015746534,0.04574396833777428,0.010200534015893936,0.012569249607622623,0.007413259241729975,0.0008709771791473031,0.001113229664042592,-1.4217312335968018,5.744755712799865e-11,0.00020445018890313804,3.1480806228501024e-06,Yes,130.18699999999998,1.5956000000000001,0,2
O=C1N(COC(=O)CCCCC)C(=O)C(N1)(c2ccccc2)c3ccccc3,0.0499623566865921,0.028167322278022766,0.06228819862008095,0.018063684925436974,0.020717784762382507,0.0022252462804317474,0.08237235993146896,0.02796299010515213,0.02736133150756359,0.05507625639438629,0.008107297122478485,0.011306630447506905,-3.93011736869812,0.00010492299043107778,0.008624128997325897,7.516568985010963e-06,Yes,380.444,3.5630000000000024,1,4
Clc1cccc(c1)c2cc(Cl)ccc2Cl ,0.1672540158033371,0.01351538673043251,0.10614621639251709,0.027667038142681122,0.011024435982108116,0.0065915510058403015,0.10112693905830383,0.02704360894858837,0.04167085513472557,0.17316435277462006,0.02947765588760376,0.04611257463693619,-5.64848518371582,9.933352751456681e-12,0.6710095405578613,3.0390826850634767e-06,No,257.547,5.313800000000001,0,0
CCCBr,0.005012338515371084,0.0014908519806340337,0.060026608407497406,0.0021540781017392874,0.00029680764419026673,0.0007897621835581958,0.044279132038354874,0.005588684696704149,0.011013503186404705,0.003673667786642909,0.0014541991986334324,0.001066133612766862,-1.6816964149475098,3.087295133782281e-17,0.005128169432282448,0.00275811948813498,Yes,122.993,1.7913000000000001,0,0
CCCC1COC(Cn2cncn2)(O1)c3ccc(Cl)cc3Cl,0.05472616106271744,0.021741319447755814,0.066121406853199,0.017704766243696213,0.01596255972981453,0.0024581884499639273,0.08019309490919113,0.026384808123111725,0.027180735021829605,0.061361681669950485,0.009353852830827236,0.012718635611236095,-3.3383305072784424,2.414293703623116e-05,0.14131659269332886,0.00948228221386671,Yes,342.2260000000001,3.653400000000003,0,4
COP(=S)(OC)SCC(=O)N(C)C=O,0.008123625069856644,0.0034244561102241278,0.03559394180774689,0.001895295805297792,0.0009956567082554102,0.00016747618792578578,0.036572013050317764,0.003574017435312271,0.007048837840557098,0.004236082546412945,0.0004318825376685709,0.0008169747306965292,-3.0669305324554443,5.909912559332042e-10,0.09495847672224045,3.9372632931744533e-10,Yes,257.27299999999997,0.8516999999999999,0,6
Cc1ncnc2nccnc12,0.1295466423034668,0.021565360948443413,0.07284267246723175,0.024269869551062584,0.018649494275450706,0.0034079381730407476,0.08666497468948364,0.02561001665890217,0.03254445642232895,0.13572338223457336,0.016377970576286316,0.0275240670889616,-0.8526550531387329,1.4025148630025797e-05,0.003724197158589959,5.947224417468533e-05,Yes,146.15299999999996,0.7282199999999999,0,4
NC(=S)N,0.019357940182089806,0.007859714329242706,0.06877924501895905,0.005981115158647299,0.0029848788399249315,0.0011837605852633715,0.062245212495326996,0.009929802268743515,0.015534676611423492,0.011668534949421883,0.00222214637324214,0.0035041728988289833,0.12125980854034424,0.00012463827442843467,2.9860782735369185e-09,3.030583002328058e-07,Yes,76.12400000000001,-0.8113000000000001,2,1
Cc1ccc(C)cc1,0.05267692357301712,0.02428998239338398,0.04357701539993286,0.014957170002162457,0.017434297129511833,0.0012844677548855543,0.06275888532400131,0.01973540335893631,0.021947618573904037,0.05364983156323433,0.005365193821489811,0.008215080015361309,-2.7227492332458496,3.146630660921801e-06,0.018550431355834007,0.0004093768075108528,Yes,106.16799999999999,2.30344,0,0
CCc1ccccc1CC,0.03130853921175003,0.01861412264406681,0.03807346895337105,0.010683310218155384,0.011712422594428062,0.0007538264617323875,0.05815922096371651,0.016129761934280396,0.019326139241456985,0.033161915838718414,0.0034566756803542376,0.0048239086754620075,-4.413643836975098,1.2809964573534671e-06,0.05837767943739891,0.0033643636852502823,Yes,134.22199999999998,2.811400000000001,0,0
ClC(Cl)(Cl)C(Cl)(Cl)Cl,0.007005131803452969,0.0020562459249049425,0.0708029493689537,0.0021075045224279165,0.0005335952155292034,0.0008721227641217411,0.04480786621570587,0.004481331445276737,0.006740904878824949,0.003832506947219372,0.0009070564992725849,0.0012957198778167367,-3.612915515899658,0.00013041988131590188,4.234692096360959e-05,8.675084472997696e-07,Yes,236.74,3.7268,0,0
CC(C)C(C(=O)OC(C#N)c1cccc(Oc2ccccc2)c1)c3ccc(OC(F)F)cc3,0.055943865329027176,0.023055408149957657,0.06230565533041954,0.016444489359855652,0.016611145809292793,0.002075808122754097,0.07765121757984161,0.023039979860186577,0.02517203614115715,0.057184576988220215,0.007630270905792713,0.011756566353142262,-5.027693271636963,0.0017706964863464236,0.04858383536338806,0.00031427014619112015,No,451.46900000000005,6.627980000000005,0,5
CCCN(=O)=O,0.008475035429000854,0.009247462265193462,0.027940351516008377,0.0036561377346515656,0.0036635729484260082,0.00020128149481024593,0.04047899320721626,0.007056962698698044,0.010545064695179462,0.007021237630397081,0.0006913375691510737,0.0010214024223387241,-0.5835124254226685,2.881872529243018e-13,0.03441770002245903,1.0180162268724757e-09,Yes,89.09399999999998,0.6731,0,2
CC(C)C1CCC(C)CC1=O,0.01473543792963028,0.035885538905858994,0.04251857101917267,0.012636765837669373,0.02413327433168888,0.0010127597488462925,0.07037124782800674,0.030823007225990295,0.021031027659773827,0.020753784105181694,0.0035406993702054024,0.0036147059872746468,-3.2721712589263916,2.3568629270442898e-09,0.06934209167957306,1.2692279227621839e-08,Yes,154.253,2.6477000000000013,0,1
CCN2c1cc(Cl)ccc1NC(=O)c3cccnc23 ,0.10182705521583557,0.02210734598338604,0.07719922065734863,0.023616766557097435,0.0178388599306345,0.0036652616690844297,0.09003078192472458,0.02796458639204502,0.033465903252363205,0.10702390223741531,0.015597924590110779,0.023678477853536606,-4.230167865753174,8.566318865632638e-05,0.13144414126873016,0.0012272150488570333,Yes,273.723,3.458700000000001,1,3
O=N(=O)c1c(Cl)c(Cl)ccc1,0.11366591602563858,0.010677964426577091,0.08924135565757751,0.017537107691168785,0.007553169038146734,0.0036153176333755255,0.083356574177742,0.01798800379037857,0.028614591807127,0.10491882264614105,0.014375665225088596,0.025118011981248856,-3.7734663486480713,1.1018754264568997e-07,0.0341750904917717,1.6562623272875499e-07,Yes,192.00100000000003,2.901600000000001,0,2
CCCC(C)C1(CC=C)C(=O)NC(=S)NC1=O ,0.022153586149215698,0.02839614450931549,0.05382588878273964,0.01330005656927824,0.017988016828894615,0.0014572220388799906,0.07460800558328629,0.027080493047833443,0.022676853463053703,0.02534041926264763,0.004486537538468838,0.005258881486952305,-3.669312000274658,9.880586731014773e-05,0.0014790474670007825,7.018581982265459e-07,Yes,254.35500000000002,1.5159999999999998,2,3
c1ccc2c(c1)c3cccc4cccc2c34,0.19870105385780334,0.02746538445353508,0.09494855999946594,0.03746481612324715,0.027256203815340996,0.006869074422866106,0.11124730855226517,0.03726954013109207,0.04558924213051796,0.21813172101974487,0.033759791404008865,0.055036090314388275,-7.303924083709717,4.95726237836891e-10,0.1347271203994751,0.009700525552034378,Yes,202.25599999999997,4.487200000000002,0,0
CCCOC(C)C,0.005015359725803137,0.010820474475622177,0.022593533620238304,0.003432135796174407,0.004249765537679195,0.00014246744103729725,0.03929374739527702,0.008352195844054222,0.010606016032397747,0.005297395400702953,0.000557322520762682,0.0006598969339393079,-1.0332177877426147,4.732789644466258e-17,0.0006809423211961985,0.0012479062424972653,Yes,102.17699999999998,1.8214000000000001,0,1
Cc1cc(C)c2ccccc2c1,0.09162658452987671,0.025643836706876755,0.05956767499446869,0.021633850410580635,0.02111322060227394,0.0025099958293139935,0.07901274412870407,0.025599874556064606,0.029176149517297745,0.09717540442943573,0.011220253072679043,0.01769789308309555,-4.783963680267334,4.480384632188361e-07,0.018198061734437943,0.0032266653142869473,Yes,156.22799999999998,3.456640000000002,0,0
CCC(=C(CC)c1ccc(O)cc1)c2ccc(O)cc2 ,0.06994384527206421,0.022371714934706688,0.0600118413567543,0.018462352454662323,0.01697462983429432,0.00209217332303524,0.0787215381860733,0.023725422099232674,0.02801475115120411,0.0750575065612793,0.00938588846474886,0.014070683158934116,-3.9012532234191895,0.20132119953632355,0.0006058932049199939,3.277201176388189e-05,Yes,268.356,4.828600000000005,2,2
c1(C#N)c(Cl)c(C#N)c(Cl)c(Cl)c(Cl)1,0.1328653246164322,0.010884812101721764,0.11213605850934982,0.02179240994155407,0.00757218711078167,0.006101606413722038,0.0944075807929039,0.021724415943026543,0.03580036014318466,0.11871009320020676,0.021556474268436432,0.034986600279808044,-7.372555732727051,9.116661203734111e-08,1.3188355296733789e-05,1.5621642868168806e-10,Yes,265.914,4.043559999999999,0,2
Clc1ccc(Cl)c(c1)c2ccc(Cl)c(Cl)c2,0.16874206066131592,0.012120066210627556,0.1135411337018013,0.027375103905797005,0.00962154008448124,0.007287062704563141,0.1024675965309143,0.026603786274790764,0.042340878397226334,0.17271558940410614,0.03130405768752098,0.04842006042599678,-6.314871788024902,1.0164566670994857e-12,0.4926753640174866,2.8823586717408034e-07,No,291.992,5.967200000000002,0,0
C1OC1c2ccccc2 ,0.07760297507047653,0.03843317925930023,0.07110639661550522,0.026973215863108635,0.03467366844415665,0.0039143976755440235,0.09412099421024323,0.039946455508470535,0.032712437212467194,0.09503726661205292,0.014975032769143581,0.0204693004488945,-2.164466381072998,1.8433989057431432e-10,0.0005784737295471132,0.14613176882266998,Yes,120.15099999999995,1.7579,0,1
CC(C)c1ccccc1,0.04666604474186897,0.023940259590744972,0.04997151717543602,0.015514539554715157,0.017272423952817917,0.0014971329364925623,0.07114220410585403,0.02265361323952675,0.023986710235476494,0.052789658308029175,0.006371402647346258,0.009020449593663216,-3.738471031188965,1.3195459169779156e-09,0.03134177625179291,0.0037351930513978004,Yes,120.19499999999995,2.8100000000000014,0,0
CC12CCC3C(CCC4=CC(=O)CCC34C)C2CCC1C(=O)CO,0.02599102072417736,0.06141899153590202,0.06213084235787392,0.023018570616841316,0.052058927714824677,0.002869462128728628,0.09440398961305618,0.055276256054639816,0.028978845104575157,0.03901020064949989,0.008678142912685871,0.008727045729756355,-5.003103256225586,0.12164395302534103,0.0007837845478206873,9.595878509571776e-07,Yes,330.4680000000001,3.695900000000003,1,3
c2(Cl)c(Cl)c(Cl)c1nccnc1c2(Cl) ,0.15928791463375092,0.010670884512364864,0.11423458904027939,0.0247508492320776,0.008223067969083786,0.007005523424595594,0.09820659458637238,0.02412322536110878,0.03870328888297081,0.15907320380210876,0.028401149436831474,0.04503537714481354,-5.008388519287109,1.9210029400529294e-11,0.00012191321002319455,1.1934156440851496e-10,Yes,267.93,4.2434,0,2
C1OC(O)C(O)C(O)C1O,0.020040033385157585,0.052331093698740005,0.06017734482884407,0.01840226724743843,0.041595570743083954,0.0022764087188988924,0.08803147077560425,0.047913167625665665,0.0252423956990242,0.02968430146574974,0.006416245363652706,0.00662936782464385,0.6246006488800049,0.00012358097592368722,2.2383886411070364e-10,7.874760399317893e-09,Yes,150.13,-2.5823000000000005,4,5
ClCCl,0.0027520679868757725,0.0008214773843064904,0.037533950060606,0.0005399356596171856,0.0001122771282098256,0.00011659280426101759,0.02497784048318863,0.0013428087113425136,0.00380218168720603,0.0008700693142600358,0.00013427602243609726,0.00022359877766575664,-0.5288388133049011,4.72606787038643e-10,0.00017388269770890474,1.71321771631483e-05,Yes,84.93299999999999,1.4215,0,0
CCc1cccc2ccccc12,0.08822469413280487,0.0230849776417017,0.06113893911242485,0.020722033455967903,0.01861892268061638,0.0024095799308270216,0.08090326935052872,0.02483905479311943,0.029722847044467926,0.09529758989810944,0.011387597769498825,0.017680229619145393,-5.099380016326904,7.869703466667488e-08,0.02779720537364483,0.020087048411369324,Yes,156.22799999999998,3.4022000000000023,0,0
COC=O,0.007288352586328983,0.006994707975536585,0.026406824588775635,0.0026864749379456043,0.0022734433878213167,0.0001352610270259902,0.03659997880458832,0.005057128146290779,0.0097539396956563,0.004641779698431492,0.0004364223568700254,0.0007055363385006785,0.5120514631271362,6.6012343838796686e-15,0.004206580109894276,8.074563083937392e-06,Yes,60.05200000000001,-0.2108000000000001,0,2
Oc1ccccc1N(=O)=O,0.11650023609399796,0.01657673716545105,0.0752093642950058,0.019265033304691315,0.013140995055437088,0.0028883435297757387,0.083343505859375,0.02008979581296444,0.027853189036250114,0.11219047009944916,0.012785113416612148,0.023451615124940872,-1.2076327800750732,1.866195998445619e-05,0.00027470834902487695,2.0641721221181797e-06,Yes,139.10999999999999,1.3004000000000002,1,3
Cc1c[nH]c(=O)[nH]c1=O ,0.10785853862762451,0.021151361986994743,0.06828055530786514,0.021542217582464218,0.017408864572644234,0.0028817919082939625,0.08145405352115631,0.023832982406020164,0.029473453760147095,0.11146732419729233,0.01306953001767397,0.021883849054574966,-1.2730700969696045,8.826088560454082e-06,0.0019367398926988244,0.0006180311902426183,Yes,126.115,-0.6283800000000002,2,2
CC(C)C,0.004946180619299412,0.011314313858747482,0.021335473284125328,0.0035798384342342615,0.004539828281849623,0.0001374951098114252,0.03932909667491913,0.008743375539779663,0.010967942886054516,0.0055828155018389225,0.000581517699174583,0.0006533661508001387,-2.8159120082855225,9.157166413134712e-26,0.005387232173234224,6.41742881057894e-09,Yes,58.123999999999995,1.6622999999999999,0,0
OCC1OC(C(O)C1O)n2cnc3c(O)ncnc23,0.06320171803236008,0.03181840479373932,0.07173590362071991,0.022650962695479393,0.026764463633298874,0.003189549781382084,0.091123066842556,0.03506489470601082,0.030613817274570465,0.07606679946184158,0.012244411744177341,0.016574420034885406,-0.8276219367980957,0.04642140492796898,5.051820650692207e-08,8.825037184578832e-06,Yes,268.22900000000004,-1.8566000000000003,4,8
Oc1c(I)cc(C#N)cc1I,0.1631157398223877,0.0013112344313412905,0.22629253566265106,0.018454676494002342,0.0005088969483040273,0.030470214784145355,0.12434754520654678,0.017904913052916527,0.058044418692588806,0.12938319146633148,0.09873059391975403,0.07176164537668228,-3.578892230987549,0.16835594177246094,0.004544879775494337,1.427167450884781e-08,Yes,370.91499999999996,2.4730799999999995,1,2
Oc1ccc(Cl)cc1C(=O)Nc2ccc(cc2Cl)N(=O)=O,0.12055890262126923,0.015920482575893402,0.08856528997421265,0.021613834425807,0.012293796055018902,0.004094481002539396,0.08976832032203674,0.02284402586519718,0.03187157213687897,0.11630094051361084,0.016529293730854988,0.028005780652165413,-4.184129238128662,4.7681645810371265e-05,0.0009708099532872438,1.2569074669954716e-06,Yes,327.1230000000001,3.8595000000000006,2,4
CCCCC,0.004190855659544468,0.009313826449215412,0.01882285811007023,0.002891408745199442,0.0034074943978339434,9.725144627736881e-05,0.03560805693268776,0.007073929067701101,0.009880779311060905,0.004525266587734222,0.0004295354592613876,0.0004874603764619678,-3.6314780712127686,7.234269538779694e-28,0.0009295266354456544,8.551053198857517e-09,Yes,72.151,2.1965000000000003,0,0
c1ccccc1O,0.14506562054157257,0.02263636700809002,0.07648740708827972,0.026800064370036125,0.020558029413223267,0.00401541031897068,0.09206344932317734,0.028048349544405937,0.03483064845204353,0.15783806145191193,0.019513262435793877,0.033284127712249756,-0.2002108246088028,0.032112106680870056,0.00021029433992225677,2.569691787357442e-05,Yes,94.11299999999999,1.3922,1,1
Nc3ccc2cc1ccccc1cc2c3 ,0.1882421225309372,0.026940271258354187,0.09245891869068146,0.03563746064901352,0.026358412578701973,0.006356747820973396,0.10830315947532654,0.035797569900751114,0.04366206005215645,0.2058885395526886,0.030944371595978737,0.050738438963890076,-5.2651543617248535,0.0022102335933595896,0.0005714839790016413,0.02096383459866047,Yes,193.249,3.5752000000000015,1,1
Cn1cnc2n(C)c(=O)[nH]c(=O)c12 ,0.08603967726230621,0.018407652154564857,0.05862322822213173,0.017049144953489304,0.013905915431678295,0.0019093008013442159,0.0717180147767067,0.019252445548772812,0.025414366275072098,0.08306792378425598,0.008820254355669022,0.014879017136991024,-1.8453596830368042,2.0861350549239432e-06,0.0014808879932388663,1.9085030089627253e-06,Yes,180.16699999999997,-1.0397,1,3
c1ccc2cnccc2c1,0.17395690083503723,0.02389978989958763,0.0852738618850708,0.03129345178604126,0.022718610242009163,0.005148542579263449,0.10070247203111649,0.03141561150550842,0.03969275951385498,0.189242884516716,0.02573845162987709,0.04339021444320679,-2.2620761394500732,2.3549760044261348e-06,0.00023016105114948004,0.007481933571398258,Yes,129.16199999999998,2.2348,0,1
COP(=S)(OC)SCC(=O)N(C(C)C)c1ccc(Cl)cc1,0.02130906842648983,0.006124223582446575,0.04778055474162102,0.004758696537464857,0.0026005124673247337,0.0005298111354932189,0.05086972564458847,0.007537486031651497,0.012520560063421726,0.015076989307999611,0.0017193410312756896,0.002926868386566639,-4.894341468811035,1.2313329023072583e-08,0.4536990225315094,2.3508637241320685e-05,Yes,367.86,4.331900000000004,0,5
CCCCCCc1ccccc1,0.024767326191067696,0.018117157742381096,0.03755853325128555,0.0096510648727417,0.0108571145683527,0.0006816877285018563,0.05787372961640358,0.015979323536157608,0.018531056120991707,0.027379516512155533,0.0029632612131536007,0.00400689709931612,-4.894291400909424,2.4004854094067385e-12,0.3100888431072235,0.03238201513886452,Yes,162.276,3.809400000000003,0,0
Clc1ccccc1c2ccccc2,0.16255220770835876,0.019854389131069183,0.08908634632825851,0.029212046414613724,0.01773080974817276,0.0053620547987520695,0.09895024448633194,0.029643654823303223,0.039336781948804855,0.17540889978408813,0.025346556678414345,0.04141047224402428,-4.237369060516357,1.7488346326643978e-09,0.5321325659751892,0.0006479226285591722,Yes,188.657,4.007000000000002,0,0
CCCC(=C)C,0.00689941318705678,0.013126780278980732,0.024951661005616188,0.004497372079640627,0.005572252441197634,0.00020149808551650494,0.04346631094813347,0.009968226775527,0.012607438489794731,0.007220386993139982,0.0007968882564455271,0.0009450908401049674,-3.0665974617004395,1.3582545540498355e-18,0.05372605845332146,7.323874342546333e-06,Yes,84.16199999999999,2.3626000000000005,0,0
CC(C)C(C)C(C)C,0.006768760737031698,0.01692854054272175,0.028050942346453667,0.005485639441758394,0.008013252168893814,0.0002856096834875643,0.048768963664770126,0.013590559363365173,0.01358560100197792,0.00837637297809124,0.0010745703475549817,0.0011706900550052524,-4.272497653961182,9.989022525386894e-23,0.06695326417684555,2.016258235926216e-07,Yes,114.23199999999999,2.9345000000000017,0,0
Clc1cc(Cl)c(Cl)c(Cl)c1Cl,0.13297849893569946,0.00688175018876791,0.12546184659004211,0.020075272768735886,0.00456416979432106,0.007412270177155733,0.09260844439268112,0.020014826208353043,0.03553270548582077,0.12504644691944122,0.025331858545541763,0.038837458938360214,-6.29803991317749,8.109548444523406e-19,1.2734457186525105e-06,1.8160788729782145e-15,Yes,250.339,4.9536,0,0
Oc1cccc(c1)N(=O)=O,0.116813063621521,0.016520125791430473,0.07572723180055618,0.019288968294858932,0.01307019405066967,0.002905914094299078,0.08360446989536285,0.020083017647266388,0.02797600068151951,0.11213529109954834,0.0128407534211874,0.023533925414085388,-1.1194770336151123,0.00011048447049688548,3.9200011087814346e-05,1.1295562671875814e-06,Yes,139.10999999999999,1.3003999999999998,1,3
CCCCCCCCC=C,0.005822730250656605,0.012519033625721931,0.02366851456463337,0.00409178901463747,0.005168716888874769,0.00017552418285049498,0.042155005037784576,0.009635931812226772,0.011912405490875244,0.006393093150109053,0.0007013207650743425,0.0008049073512665927,-5.610332489013672,1.8108098363908162e-20,0.05800085514783859,0.00015001338033471256,Yes,140.26999999999998,3.9230000000000036,0,0
CC(=O)OCC(COC(=O)C)OC(=O)C,0.010373090393841267,0.014216930605471134,0.03622834011912346,0.005327556747943163,0.006241572555154562,0.00037779059493914247,0.050255779176950455,0.010821015574038029,0.01360449567437172,0.008852031081914902,0.0011088738683611155,0.0015956979477778077,-0.38166365027427673,3.016128539456986e-05,4.014867549528844e-09,1.4985396774136461e-05,Yes,218.20499999999998,0.044299999999999784,0,6
CCCCc1c(C)nc(nc1O)N(C)C ,0.025673074647784233,0.01681235432624817,0.03794308751821518,0.009181080386042595,0.009772620163857937,0.0006479562725871801,0.055780041962862015,0.014491106383502483,0.01786363311111927,0.025952251628041267,0.0027569890953600407,0.0038768050726503134,-2.7971010208129883,3.0953639651443154e-08,0.0009871093789115548,8.688663228895166e-07,Yes,209.29299999999998,1.89922,1,4
CC1(C)C(C=C(Cl)Cl)C1C(=O)OC(C#N)c2ccc(F)c(Oc3ccccc3)c2,0.062032777816057205,0.024689001962542534,0.07576772570610046,0.01941494084894657,0.0182864498347044,0.0032646814361214638,0.08753982186317444,0.028463436290621758,0.02814854495227337,0.06450092792510986,0.010688926093280315,0.015337217599153519,-5.772958278656006,0.20323367416858673,0.23498976230621338,0.0027281553484499454,No,434.29400000000015,6.317080000000003,0,4
c1ccncc1,0.13389350473880768,0.02064391039311886,0.07029426842927933,0.023866886273026466,0.018248677253723145,0.0032853444572538137,0.08624832332134247,0.025038253515958786,0.031992144882678986,0.14501452445983887,0.016410574316978455,0.028485838323831558,0.2618797719478607,0.00019803366740234196,9.232675438397564e-06,0.0023230595979839563,Yes,79.10199999999998,1.0816,0,1
CCCCCCCBr,0.005312457215040922,0.0044481875374913216,0.03802165016531944,0.0030326955020427704,0.0012903491733595729,0.000379866105504334,0.043639808893203735,0.007612566463649273,0.011541763320565224,0.004896615166217089,0.0010425344808027148,0.0009330955217592418,-4.470920085906982,8.29236156375222e-20,0.022878868505358696,0.013897947035729885,Yes,179.101,3.351700000000002,0,0
Cc1ccncc1C,0.06808586418628693,0.023566173389554024,0.051824361085891724,0.01737722009420395,0.018005266785621643,0.001768989022821188,0.0704205334186554,0.02195548266172409,0.02482413686811924,0.07158385962247849,0.0076814079657197,0.011954219080507755,-0.8300586342811584,1.9606419300544076e-05,0.0009621744975447655,0.0012581282062456012,Yes,107.15599999999999,1.69844,0,1
CC34CC(O)C1(F)C(CCC2=CC(=O)CCC12C)C3CCC4(O)C(=O)CO ,0.02921261265873909,0.06650455296039581,0.06786952167749405,0.025536328554153442,0.05869389697909355,0.0035501248203217983,0.09969459474086761,0.060731254518032074,0.030538680031895638,0.04405428096652031,0.010293356142938137,0.01045508123934269,-3.0672357082366943,0.0020890147425234318,4.113367322133854e-05,5.549742354560294e-07,Yes,380.45600000000013,1.8737,3,5
CCSCc1ccccc1OC(=O)NC ,0.026585672050714493,0.012299778871238232,0.04371374100446701,0.007861662656068802,0.006521624978631735,0.0007273004157468677,0.05541578680276871,0.011980663053691387,0.01651417650282383,0.022926699370145798,0.0026070966850966215,0.004039485473185778,-2.963921308517456,3.3315288305857393e-09,0.014236579649150372,0.006972460076212883,Yes,225.313,2.6579000000000006,1,3
CCOC(=O)CC(=O)OCC,0.008268527686595917,0.01123243197798729,0.029990453273057938,0.004141308832913637,0.004529706668108702,0.00023674743715673685,0.04403109475970268,0.008518215268850327,0.011907726526260376,0.006998746190220118,0.0007807337678968906,0.0010952474549412727,-0.7066982388496399,0.19118624925613403,8.087672540568747e-07,6.508598998297699e-13,Yes,160.16899999999998,0.5027,0,4
CC1=CCC(CC1)C(C)=C,0.01895901747047901,0.04097587987780571,0.0476396381855011,0.01526057068258524,0.02888459339737892,0.0013731996295973659,0.07656113058328629,0.034718483686447144,0.023816846311092377,0.02571466937661171,0.004544853698462248,0.004802162293344736,-3.693873167037964,3.614724908285183e-10,0.21079400181770325,2.9254572382342303e-06,Yes,136.238,3.308900000000002,0,0
C1Cc2ccccc2C1,0.06797774881124496,0.03838974982500076,0.06246684119105339,0.02514485828578472,0.03349543735384941,0.003119923872873187,0.08807958662509918,0.037626828998327255,0.031233521178364754,0.08375336229801178,0.012554262764751911,0.016487950459122658,-4.499007701873779,5.042398790178204e-11,3.353558713570237e-05,0.04262537509202957,Yes,118.17899999999997,2.1753,0,0
CC(C)(C)c1ccc(O)cc1,0.05857979506254196,0.028737135231494904,0.06206737086176872,0.020131124183535576,0.022834310308098793,0.0024559455923736095,0.08293849974870682,0.029465578496456146,0.02810746058821678,0.07013453543186188,0.00985730905085802,0.013734412379562855,-3.1889476776123047,0.0013361857272684574,0.011990826576948166,2.1663530787918717e-05,Yes,150.22099999999998,2.689700000000001,1,1
O=C2NC(=O)C1(CC1)C(=O)N2 ,0.05272642895579338,0.07036351412534714,0.0906931683421135,0.034513480961322784,0.06481755524873734,0.006718538701534271,0.11657129228115082,0.06854724884033203,0.03790326789021492,0.06953972578048706,0.017651274800300598,0.01989057846367359,-2.442082643508911,2.3290420358534902e-05,1.1951028966450394e-07,2.480850547215141e-08,Yes,154.125,-0.8674000000000002,2,3
Clc1cccc(I)c1,0.16149035096168518,0.0019252250203862786,0.19796055555343628,0.019373275339603424,0.0008776990580372512,0.01989264413714409,0.11379356682300568,0.018682925030589104,0.05300462618470192,0.14310134947299957,0.07521709054708481,0.06393571943044662,-3.829953908920288,7.196372404233431e-12,0.9446462392807007,2.974081070306056e-08,Yes,238.45499999999998,2.9446000000000003,0,0
Brc1cccc2ccccc12,0.180286705493927,0.010499019175767899,0.13317279517650604,0.03081493452191353,0.007772067561745644,0.01144317351281643,0.1145341768860817,0.03047329932451248,0.05062733590602875,0.1874581277370453,0.048739198595285416,0.06005585193634033,-4.439106464385986,4.740117631740759e-09,0.05641589313745499,0.0026606193277984858,Yes,207.07,3.6023000000000014,0,0
CC/C=C/C,0.0060136886313557625,0.010721443220973015,0.022091660648584366,0.003651960752904415,0.004156091716140509,0.000142548160511069,0.03929062560200691,0.007968395948410034,0.011456201784312725,0.005916439462453127,0.0005894590285606682,0.0007171390461735427,-2.2082126140594482,6.101855667963536e-24,0.006049370858818293,6.1363980421447195e-06,Yes,70.135,1.9725,0,0
Cc1cccc(C)n1,0.055380940437316895,0.022348888218402863,0.045969415456056595,0.0147901875898242,0.016000518575310707,0.0013365554623305798,0.06407168507575989,0.01926397532224655,0.022193146869540215,0.055921439081430435,0.005636093206703663,0.008785330690443516,0.08456752449274063,3.71437955948295e-08,0.0019896584562957287,5.8659347814682405e-06,Yes,107.156,1.69844,0,1
ClC=C(Cl)Cl,0.010938487946987152,0.0018557662842795253,0.08232517540454865,0.002296745777130127,0.0004087674606125802,0.001119258813560009,0.0470578558743,0.004023104906082153,0.008635453879833221,0.004181080497801304,0.0011029435554519296,0.001702457549981773,-2.4335885047912598,7.772995617424844e-22,4.902298769593472e-06,5.472147581485857e-18,Yes,131.389,2.5017000000000005,0,0
Nc1cccc2ccccc12,0.16929389536380768,0.025728214532136917,0.08519900590181351,0.03205856680870056,0.024516215547919273,0.005320579279214144,0.10142657905817032,0.032815322279930115,0.03981510549783707,0.18427078425884247,0.025656910613179207,0.042690131813287735,-3.256071090698242,0.05366175249218941,0.0002207807992817834,0.020379893481731415,Yes,143.189,2.4220000000000006,1,1
Cc1cccc(C)c1,0.05592256039381027,0.024301405996084213,0.04587094858288765,0.015714753419160843,0.017831644043326378,0.001411624252796173,0.06552082300186157,0.020708760246634483,0.022999165579676628,0.058458711951971054,0.005995959974825382,0.009143690578639507,-2.6092662811279297,1.581868673383724e-06,0.03271115571260452,0.0009258267236873507,Yes,106.16799999999999,2.30344,0,0
Oc2ncc1nccnc1n2,0.18912504613399506,0.0208311565220356,0.09345151484012604,0.031019683927297592,0.019582223147153854,0.0055358572863042355,0.10259795933961868,0.029744058847427368,0.040319379419088364,0.20111507177352905,0.028164535760879517,0.04840584844350815,-1.2133485078811646,0.16287286579608917,3.080629994656192e-06,5.858001713932026e-06,Yes,148.125,0.1253999999999998,1,5
CO,0.0025125532411038876,0.003651379607617855,0.013591908849775791,0.0010943636298179626,0.0008771264110691845,2.733579822233878e-05,0.023551885038614273,0.0025342251174151897,0.005965512245893478,0.0017191815422847867,0.00011509986507007852,0.000165232690051198,0.6436978578567505,6.199288970756721e-18,0.0006744691054336727,1.3990278375786147e-06,Yes,32.042,-0.3915,1,1
CCC1(CCC(C)C)C(=O)NC(=O)NC1=O,0.021557340398430824,0.03271355479955673,0.050958018749952316,0.013790466822683811,0.021749190986156464,0.0013713410589843988,0.0745399221777916,0.0288061685860157,0.022589169442653656,0.02596932463347912,0.004422453697770834,0.005130656063556671,-3.1361136436462402,1.9756618030442041e-07,0.0015978622250258923,7.304264215690637e-08,Yes,226.27599999999998,1.1849999999999998,2,3
CCC(=O)C,0.007107376120984554,0.01197903137654066,0.025973856449127197,0.00417482340708375,0.004883648827672005,0.00019798174616880715,0.042662300169467926,0.008981442078948021,0.01208542101085186,0.0067591434344649315,0.0007335973205044866,0.0009338519885204732,0.18294110894203186,2.6210605821208122e-19,0.004465231206268072,4.629167960956693e-06,Yes,72.107,0.9854,0,1
Fc1c[nH]c(=O)[nH]c1=O ,0.16184425354003906,0.018953394144773483,0.08861703425645828,0.02662014774978161,0.016913311555981636,0.004603760316967964,0.09508591890335083,0.026454320177435875,0.03550393879413605,0.16978120803833008,0.022277744486927986,0.0391036719083786,-1.5318026542663574,2.535048282403807e-10,0.029120326042175293,0.00011576779070310295,Yes,130.078,-0.7977000000000001,2,2
Nc1ncnc2n(ccc12)C3OC(CO)C(O)C3O ,0.06135351583361626,0.032989758998155594,0.07042573392391205,0.02266261912882328,0.027730895206332207,0.003146217204630375,0.09071782976388931,0.03548223525285721,0.030400140210986137,0.07390214502811432,0.011911272071301937,0.016022920608520508,-1.0582197904586792,0.0142009686678648,8.698013864716359e-09,0.00012933032121509314,Yes,266.257,-1.3750000000000007,4,7
Oc1cccc(O)c1,0.15618041157722473,0.022424839437007904,0.08244530111551285,0.028274966403841972,0.020579762756824493,0.0045434776693582535,0.09553871303796768,0.029028164222836494,0.03650672361254692,0.16880062222480774,0.02199816331267357,0.037513792514801025,0.2709103524684906,0.013521973975002766,2.251445494039217e-06,2.1123294402514148e-07,Yes,110.11199999999998,1.0977999999999999,2,2
CCCCCCO,0.004694830160588026,0.010297156870365143,0.021445829421281815,0.0032354528084397316,0.003936493303626776,0.00012684016837738454,0.038195692002773285,0.00791811291128397,0.010377618484199047,0.004987794905900955,0.0005108370096422732,0.0005971378413960338,-1.8829306364059448,1.0686800455728856e-17,0.024356046691536903,0.0002444909478072077,Yes,102.17699999999999,1.559,1,1
CCCCCCl,0.004333670251071453,0.006546064745634794,0.024276893585920334,0.0025361254811286926,0.0021240876521915197,0.00013788926298730075,0.036210451275110245,0.006197828333824873,0.009195896796882153,0.0039008469320833683,0.00045430054888129234,0.0005433930200524628,-3.536597490310669,5.125370824634359e-19,0.023566624149680138,0.006687381770461798,Yes,106.596,2.415400000000001,0,0
C=CC=C,0.0128128407523036,0.017095794901251793,0.035201702266931534,0.006686083506792784,0.007887154817581177,0.0004282451991457492,0.053956031799316406,0.012619624845683575,0.016422953456640244,0.011407164856791496,0.0014012459432706237,0.001917232759296894,-1.180578351020813,5.3925825610479095e-11,0.07781296223402023,0.010505118407309055,Yes,54.09199999999999,1.3584,0,0
CCCOC(=O)C,0.007172092795372009,0.011086240410804749,0.027214759960770607,0.003903453005477786,0.004380310419946909,0.00019919092301279306,0.04231511056423187,0.008343842811882496,0.011595475487411022,0.006391457747668028,0.0006919812294654548,0.0009297396172769368,-0.40924525260925293,4.530297985638754e-07,4.500757768255426e-06,2.924645514212898e-06,Yes,102.13299999999998,0.9595,0,2
Oc2ccc1CCCCc1c2 ,0.06631185859441757,0.03615256026387215,0.06401508301496506,0.02444479428231716,0.031034866347908974,0.003066125325858593,0.0884963721036911,0.03685225918889046,0.031310420483350754,0.08166062831878662,0.012439936399459839,0.01625441014766693,-3.0620758533477783,1.1686990042392154e-08,1.5553505363641307e-05,0.0011092995991930366,Yes,148.205,2.271,1,1
NC(=O)CCl ,0.009115432389080524,0.00652458518743515,0.041984423995018005,0.0034513252321630716,0.002222012262791395,0.0003838056873064488,0.04464372247457504,0.0067174918949604034,0.010800226591527462,0.00576618080958724,0.0008518155082128942,0.001286791288293898,0.432807058095932,0.006721394136548042,2.6368511498731095e-06,3.294149308885608e-08,Yes,93.513,-0.2895000000000001,1,1
COP(=S)(OC)Oc1cc(Cl)c(I)cc1Cl,0.045941486954689026,0.0017301784828305244,0.09764878451824188,0.005411528050899506,0.0006073550903238356,0.001853813766501844,0.06326046586036682,0.006624543108046055,0.01799567975103855,0.029082125052809715,0.006263901013880968,0.008514869026839733,-5.852514743804932,3.4603799860255524e-12,0.5791302919387817,4.533721221378073e-05,Yes,413.0,4.494100000000002,0,4
Cc1ccc(Cl)cc1,0.08987005800008774,0.016175424680113792,0.06769732385873795,0.01880515366792679,0.011901399120688438,0.0027239073533564806,0.0771699920296669,0.021451851353049278,0.02904968149960041,0.09087847173213959,0.01162975374609232,0.018022166565060616,-3.1909756660461426,9.13074837960437e-10,0.5134848356246948,6.86698840581812e-05,Yes,126.586,2.6484200000000007,0,0
CSc1nnc(c(=O)n1N)C(C)(C)C,0.037754543125629425,0.014184702187776566,0.05224248394370079,0.010548059828579426,0.008553561754524708,0.001201577135361731,0.062448661774396896,0.01531409565359354,0.01901889033615589,0.03504226729273796,0.004382334649562836,0.006627018563449383,-3.03066349029541,0.1252392679452896,8.685203283675946e-06,0.00010935601312667131,Yes,214.29399999999998,0.3714999999999997,1,5
Cc1ccc(OP(=O)(Oc2cccc(C)c2)Oc3ccccc3C)cc1,0.07438607513904572,0.013929218985140324,0.05718470364809036,0.013324746862053871,0.009550581686198711,0.001582076190970838,0.06749452650547028,0.015289222821593285,0.021098067983984947,0.06535010039806366,0.0067157200537621975,0.01188597735017538,-4.184203624725342,0.0002916460216511041,0.024945808574557304,0.0004126212443225086,No,368.3690000000001,6.256760000000005,0,4
CCCCCC=O,0.005936756730079651,0.011453443206846714,0.024250250309705734,0.0037948088720440865,0.004538849461823702,0.00016928011609707028,0.04126672446727753,0.008698394522070885,0.01145163457840681,0.00597309460863471,0.0006438110722228885,0.0007836915901862085,-2.4325027465820312,2.275886456289816e-13,0.06300868839025497,4.191993411950534e-06,Yes,100.16099999999999,1.7656,0,1
CCCCOC(=O)c1ccc(N)cc1,0.03906750679016113,0.017968691885471344,0.050013888627290726,0.011924754828214645,0.011347983032464981,0.0011420452501624823,0.06686460971832275,0.017393723130226135,0.021594328805804253,0.03895150125026703,0.0045991213992238045,0.0068916515447199345,-3.1766536235809326,0.20998457074165344,0.00010999932419508696,7.3717064879019745e-06,Yes,193.24599999999998,2.2257,1,3
O2c1cc(C)ccc1N(C)C(=O)c3cc(N)cnc23 ,0.1028384268283844,0.026993421837687492,0.07150013744831085,0.024630706757307053,0.02278965152800083,0.0034187163691967726,0.08830435574054718,0.02922191098332405,0.03252321854233742,0.10795164853334427,0.014582879841327667,0.02266758307814598,-3.705631971359253,0.030514540150761604,0.00037768922629766166,0.0022316055838018656,Yes,255.277,2.35452,1,4
CC(C)=CCC/C(C)=C\CO,0.00862516462802887,0.015641527250409126,0.030104700475931168,0.0055332304909825325,0.007141003850847483,0.00030754832550883293,0.04878505691885948,0.012011276558041573,0.014016234315931797,0.008867875672876835,0.001081730704754591,0.0013339389115571976,-2.5672760009765625,7.491275937250574e-14,0.11250052601099014,0.0004302622692193836,Yes,154.253,2.6714000000000016,1,1
Clc1ccc(cc1)c2ccccc2Cl ,0.1682194173336029,0.016257811337709427,0.09941674768924713,0.028885381296277046,0.013892753049731255,0.006194692570716143,0.1013067215681076,0.028667856007814407,0.0412139818072319,0.1783115565776825,0.028444994240999222,0.04533660411834717,-4.97401237487793,9.555897045876449e-11,0.7688333988189697,3.689662480610423e-05,Yes,223.102,4.660400000000002,0,0
O=C1N(COC(=O)CCCCCCC)C(=O)C(N1)(c2ccccc2)c3ccccc3,0.04330722987651825,0.02679436095058918,0.05850610509514809,0.016404317691922188,0.019004667177796364,0.001884577446617186,0.07893995940685272,0.026193102821707726,0.025898640975356102,0.04794520512223244,0.006913207937031984,0.009496808052062988,-4.246077537536621,2.1791063772980124e-05,0.02517460659146309,1.3677585229743272e-05,Yes,408.498,4.343200000000004,1,4
CCN(=O)=O,0.00927150808274746,0.008662736974656582,0.028709597885608673,0.0035700728185474873,0.0033921068534255028,0.00020442796812858433,0.03988256677985191,0.0065398383885622025,0.010298890992999077,0.00715628731995821,0.000682197860442102,0.0010706986067816615,0.02761809341609478,9.743830742259263e-11,0.13014385104179382,3.26958772556285e-11,Yes,75.067,0.2829999999999999,0,2
CCN(CC(C)=C)c1c(cc(cc1N(=O)=O)C(F)(F)F)N(=O)=O,0.031102633103728294,0.014353515580296516,0.04953425005078316,0.009012405760586262,0.008327465504407883,0.0009040379081852734,0.06105044111609459,0.013339619152247906,0.01692422479391098,0.027951892465353012,0.003169776638969779,0.005130171775817871,-4.909836292266846,2.986170954955014e-08,0.0025960083585232496,0.00013048517575953156,Yes,333.266,3.9242000000000035,0,5
Clc1ccc(Cl)c(Cl)c1Cl,0.13777956366539001,0.007849632762372494,0.11974478513002396,0.021151134744286537,0.00539048807695508,0.007051330991089344,0.09366517513990402,0.021107863634824753,0.03650704026222229,0.13245736062526703,0.025571860373020172,0.039397940039634705,-5.132054805755615,3.926465563878142e-17,0.00018282257951796055,2.3302575689367055e-13,Yes,215.894,4.3002,0,0
CCCC(C)(COC(N)=O)COC(N)=O ,0.01222154963761568,0.016630209982395172,0.04090427607297897,0.006565306801348925,0.008011842146515846,0.0005458182422444224,0.05619184300303459,0.013411367312073708,0.015011305920779705,0.011289575137197971,0.0015708034625276923,0.002165533136576414,-1.9357564449310303,0.13086065649986267,2.8476360967033543e-05,8.97250984621678e-09,Yes,218.25299999999996,0.9834000000000005,2,4
CC(=O)C3CCC4C2CC=C1CC(O)CCC1(C)C2CCC34C ,0.025389263406395912,0.06536880135536194,0.06188126280903816,0.02401771955192089,0.05679034814238548,0.0029654656536877155,0.09598956257104874,0.059296611696481705,0.02959587052464485,0.040108922868967056,0.009100374765694141,0.008846313692629337,-4.73770809173584,5.9284364397171885e-05,0.02314588986337185,1.8905436718341662e-06,Yes,316.48500000000007,4.515300000000004,1,2
CI,0.0004145604616496712,1.474724058425636e-06,0.12529203295707703,4.959984289598651e-05,1.6288167259403963e-08,0.014558013528585434,0.020405951887369156,0.00025891102268360555,0.0020131547935307026,5.7378292694920674e-05,0.0006680535734631121,0.00011665273632388562,-1.1931180953979492,1.8642928816909908e-17,2.0547460064934664e-18,4.293968472874142e-21,Yes,141.939,1.0512000000000001,0,0
CC1CC(C)C(=O)C(C1)C(O)CC2CC(=O)NC(=O)C2 ,0.020944729447364807,0.04405752196907997,0.05283068120479584,0.016681784763932228,0.03273628652095795,0.0017171957297250628,0.08065575361251831,0.038579311221838,0.024366335943341255,0.028544912114739418,0.005414808634668589,0.005786171182990074,-1.6220604181289673,0.08585184812545776,4.803411502507515e-05,1.2116889820390497e-06,Yes,281.35200000000003,1.0414999999999999,2,4
O=C1N(COC(=O)CCCCCC)C(=O)C(N1)(c2ccccc2)c3ccccc3,0.046407200396060944,0.027448851615190506,0.060304272919893265,0.017185790464282036,0.019813619554042816,0.0020419959910213947,0.08058033138513565,0.027033496648073196,0.026595009490847588,0.05127115547657013,0.007466125767678022,0.010331574827432632,-4.093545436859131,4.6538483729818836e-05,0.015052925795316696,1.02446692835656e-05,Yes,394.471,3.9531000000000027,1,4
CC1=CC(=O)CC(C)(C)C1 ,0.023181036114692688,0.046498414129018784,0.05200886353850365,0.01805965043604374,0.03559521213173866,0.001797136035747826,0.08148405700922012,0.040206409990787506,0.02555420994758606,0.03171791508793831,0.005932075437158346,0.006247656419873238,-2.5922088623046875,0.0011466891737654805,0.12347802519798279,4.4457135572884e-07,Yes,138.20999999999998,2.3218000000000005,0,1
O=C1NC(=O)NC(=O)C1(CC)C(C)CC,0.02313811145722866,0.03348346799612045,0.05239696428179741,0.014400916174054146,0.022613218054175377,0.0014724524226039648,0.075931116938591,0.029625238850712776,0.023169508203864098,0.027674028649926186,0.004744039848446846,0.005541189108043909,-2.709352493286133,7.68559220887255e-06,0.001707845483906567,3.4666478576639292e-09,Yes,212.24899999999997,0.7948999999999993,2,3
CCCCC(=O)CCCC,0.006018832791596651,0.012211094610393047,0.024177514016628265,0.004029567819088697,0.005020068492740393,0.00017819090862758458,0.041962724179029465,0.009350323118269444,0.011720428243279457,0.006361855659633875,0.0006960419123061001,0.0008222272736020386,-3.3149218559265137,1.3367304485534248e-10,0.08322890102863312,3.7380605277803625e-08,Yes,142.242,2.935900000000001,0,1
CCC1(CCC(=O)NC1=O)c2ccccc2 ,0.05224255472421646,0.04113602265715599,0.0662691667675972,0.02367248758673668,0.03443235531449318,0.0031346480827778578,0.09124267846345901,0.039959993213415146,0.030690599232912064,0.064593605697155,0.011054224334657192,0.013946795836091042,-2.919299602508545,0.000575721322093159,0.0006674986216239631,0.0002469099126756191,Yes,217.268,1.771,1,2
CCC(C)CC,0.0050983671098947525,0.011777160689234734,0.021959781646728516,0.0037279268726706505,0.004792216699570417,0.00014786173414904624,0.04021096229553223,0.00913063995540142,0.011194350197911263,0.0057973903603851795,0.0006169415428303182,0.0006907935603521764,-3.7509260177612305,8.571439656198439e-26,0.006195854861289263,1.0825927709845473e-08,Yes,86.178,2.442500000000001,0,0
CCOc1ccc(cc1)C(C)(C)COCc3cccc(Oc2ccccc2)c3,0.0582323856651783,0.02263307198882103,0.05593479797244072,0.016670862212777138,0.01681147888302803,0.001796071301214397,0.07459487020969391,0.022780099883675575,0.02538597770035267,0.06315772980451584,0.007667735684663057,0.011484138667583466,-4.437664985656738,1.377701210003579e-05,0.012925435788929462,0.39480340480804443,No,376.49600000000004,6.372000000000007,0,3
Cc1ccccc1n3c(C)nc2ccccc2c3=O,0.1168750673532486,0.024099403992295265,0.0688030943274498,0.02417983114719391,0.020694883540272713,0.0032431893050670624,0.08539919555187225,0.026721328496932983,0.031957123428583145,0.12326765060424805,0.01492294017225504,0.024447306990623474,-3.728858470916748,2.938321813417133e-06,0.008535299450159073,1.5454708773177117e-05,Yes,250.30100000000002,3.0025400000000015,0,2
ClCC#N,0.009463159367442131,0.0048349108546972275,0.04148309677839279,0.0029757129959762096,0.0014641797170042992,0.0003489026566967368,0.041655346751213074,0.005322891753166914,0.01036741305142641,0.005189978983253241,0.0007556676864624023,0.0011644269106909633,-0.220220148563385,0.1241224929690361,5.16697000421118e-05,2.1549224626937757e-09,Yes,75.498,0.74878,0,1
CCOP(=S)(CC)Oc1cc(Cl)c(Cl)cc1Cl,0.035947274416685104,0.005299614276736975,0.06023595854640007,0.006728942971676588,0.0025556557811796665,0.0009773955680429935,0.05733439326286316,0.00905359536409378,0.016258947551250458,0.02857055701315403,0.0035581241827458143,0.0059146760031580925,-6.042829990386963,1.9462811570725158e-11,0.49861404299736023,0.00020161992870271206,No,333.60400000000004,5.391500000000002,0,3
CC12CCC(=O)C=C1CCC3C2CCC4(C)C3CCC4(O)C#C ,0.034351371228694916,0.0798821747303009,0.07300624251365662,0.03141982480883598,0.07575377076864243,0.004727161955088377,0.1086043193936348,0.07412032783031464,0.03445446118712425,0.05467874929308891,0.013780424371361732,0.013409385457634926,-5.092963695526123,0.016415631398558617,0.000127999039250426,4.360086904853233e-07,Yes,312.45300000000003,3.8826000000000027,1,2
c1ccnnc1,0.13941703736782074,0.018784180283546448,0.07270786911249161,0.023323381319642067,0.016396386548876762,0.003293192246928811,0.0860092043876648,0.02376588061451912,0.03181656822562218,0.14858002960681915,0.01675419695675373,0.029552675783634186,0.35620248317718506,0.008689772337675095,2.846654467703047e-07,0.0007813672418706119,Yes,80.08999999999999,0.4765999999999999,0,2
Clc1cc(Cl)c(Cl)c(Cl)c1,0.13886035978794098,0.007815714925527573,0.11957056820392609,0.021225368604063988,0.0053927842527627945,0.0069524021819233894,0.09340258687734604,0.02096373587846756,0.03668655827641487,0.1331232190132141,0.025589611381292343,0.03948299214243889,-6.006002902984619,4.3794387993861426e-16,0.0029875405598431826,8.06144647563789e-12,Yes,215.894,4.3002,0,0
C1C(O)CCC2(C)CC3CCC4(C)C5(C)CC6OCC(C)CC6OC5CC4C3C=C21,0.026511522009968758,0.07333356142044067,0.06491074711084366,0.026688551530241966,0.06695473939180374,0.0034840053413063288,0.10098781436681747,0.06797637790441513,0.031196225434541702,0.04415589198470116,0.010644081979990005,0.009957983158528805,-4.582875728607178,5.2174742450006306e-05,0.024986401200294495,7.57851751131966e-07,No,414.63000000000017,5.508800000000006,1,3
Nc1ccccc1O,0.15305136144161224,0.023824341595172882,0.08122795075178146,0.028727209195494652,0.021979551762342453,0.004564323928207159,0.09570282697677612,0.029852351173758507,0.036420341581106186,0.1656285673379898,0.021749047562479973,0.03673243150115013,-0.43774330615997314,0.011875206604599953,8.98203040833323e-07,0.0005206738132983446,Yes,109.12799999999999,0.9743999999999999,2,2
CCCCCCCCC(=O)OCC,0.006050569470971823,0.011563930660486221,0.024584610015153885,0.0038560337852686644,0.004656772129237652,0.00017485667194705456,0.041477739810943604,0.008851307444274426,0.011427310295403004,0.006129142362624407,0.0006652478477917612,0.0008100646664388478,-3.882418155670166,3.546339888416128e-09,0.07914562523365021,3.23101971844153e-08,Yes,186.295,3.3001000000000023,0,2
COCC(=O)N(C(C)C(=O)OC)c1c(C)cccc1C ,0.020587733015418053,0.01658603735268116,0.03847557678818703,0.007916918024420738,0.00893996562808752,0.0005918000242672861,0.054419633001089096,0.013383565470576286,0.0162880327552557,0.019006816670298576,0.00212121126241982,0.003108071396127343,-2.6735401153564453,0.0012397498358041048,0.00010162857506657019,4.6494165871990845e-05,Yes,279.336,1.8443399999999999,0,4
CNC(=O)Oc1ccccc1OC(C)C,0.03156302496790886,0.016399269923567772,0.04553531855344772,0.00998620968312025,0.009655805304646492,0.0008721165359020233,0.06126607581973076,0.014987361617386341,0.019205454736948013,0.02970847301185131,0.0033918393310159445,0.005153378006070852,-2.4043896198272705,1.4091118272219205e-09,0.002082947874441743,1.648092620598618e-05,Yes,209.24499999999998,2.192,1,3
CCC(C)Cl,0.005133884958922863,0.007860071025788784,0.028695348650217056,0.0031392944511026144,0.0028160519432276487,0.00021144881611689925,0.04049491137266159,0.007789247203618288,0.010067944414913654,0.00485165836289525,0.0006328479503281415,0.0007652736967429519,-1.8067914247512817,6.290319429158448e-23,0.014559190720319748,0.00559662701562047,Yes,92.569,2.0237,0,0
Oc1ccc2ccccc2c1,0.17793108522891998,0.02507207915186882,0.08848273754119873,0.03288466855883598,0.024066222831606865,0.005627083592116833,0.10365564376115799,0.03318171203136444,0.04114663228392601,0.19451108574867249,0.027614451944828033,0.046037379652261734,-2.702831745147705,0.006280143279582262,0.0015273053431883454,0.0004385005740914494,Yes,144.17299999999997,2.5454,1,1
CC(C)Oc1cc(c(Cl)cc1Cl)n2nc(oc2=O)C(C)(C)C,0.05766243115067482,0.017364930361509323,0.0659589022397995,0.016099482774734497,0.012124406173825264,0.0021755800116807222,0.07746236771345139,0.021987220272421837,0.0265080276876688,0.06189226359128952,0.00879068486392498,0.012612645514309406,-5.191218852996826,2.046627014351543e-05,0.00029698258731514215,2.807710916385986e-05,Yes,345.22600000000017,4.217000000000003,0,4
CCCCC#C,0.007550353184342384,0.012835302390158176,0.025863345712423325,0.004545734263956547,0.005364138167351484,0.00021272279263939708,0.043845877051353455,0.009615694172680378,0.012790296226739883,0.007451919838786125,0.0008198793511837721,0.0010056414175778627,-3.009432077407837,1.283398821244619e-11,0.31801384687423706,5.603461517011965e-08,Yes,82.14599999999999,1.8098,0,0
CCCCCCCC#C,0.006816965062171221,0.013009556569159031,0.02523837797343731,0.004445677623152733,0.005470597185194492,0.00020381623471621424,0.04361507669091225,0.00990344863384962,0.012516498565673828,0.007128924131393433,0.0007944858516566455,0.0009410097845830023,-4.853462219238281,1.274152783742365e-14,0.2252592146396637,2.7132882678415626e-06,Yes,124.22699999999999,2.980100000000002,0,0
Cc1ccccc1Cl,0.09337276965379715,0.017950693145394325,0.06850466877222061,0.019884347915649414,0.013702076859772205,0.0029643757734447718,0.07925715297460556,0.02309729903936386,0.02911592647433281,0.09666778892278671,0.012364123947918415,0.019503863528370857,-2.76631498336792,1.4920145119390327e-08,0.3249987065792084,3.666022894321941e-05,Yes,126.586,2.6484200000000007,0,0
CC(C)OC(C)C,0.005607472267001867,0.012289796024560928,0.024686165153980255,0.00395847437903285,0.005126563832163811,0.0001801480248104781,0.042037233710289,0.00960893090814352,0.011360959149897099,0.00608927384018898,0.0006835251697339118,0.0008028980228118598,-0.5870887637138367,1.1302375859881631e-17,0.00040632823947817087,0.00017331131675746292,Yes,102.17699999999999,1.8197999999999999,0,1
Nc1ccc(cc1)S(=O)(=O)c2ccc(N)cc2,0.10579124838113785,0.010012502782046795,0.06871119886636734,0.014406709931790829,0.00731549970805645,0.0021044560708105564,0.07236795127391815,0.014398248866200447,0.0225540678948164,0.09471091628074646,0.009980681352317333,0.018929721787571907,-2.882584571838379,0.029200013726949692,3.890102107106941e-06,0.003625998506322503,Yes,248.307,1.6838000000000002,2,4
CNN,0.0038617709651589394,0.00650937482714653,0.018795344978570938,0.002009001327678561,0.0020071198232471943,6.974289135541767e-05,0.03162223473191261,0.004705329891294241,0.008086330257356167,0.003046781988814473,0.0002630978124216199,0.00036163022741675377,0.6157870292663574,3.4252036976263553e-19,0.0014556137612089515,2.0295081171184393e-09,Yes,46.073,-0.9205000000000001,2,2
CC#C,0.010749614797532558,0.011136317625641823,0.027150345966219902,0.004541642963886261,0.0043461937457323074,0.0002147038176190108,0.042903028428554535,0.0077697583474218845,0.013575922697782516,0.008218783885240555,0.0008056747610680759,0.0011627011699602008,0.36858072876930237,9.34085170221585e-16,0.01875278726220131,1.0755967423392576e-06,Yes,40.065000000000005,0.6395,0,0
CCOP(=S)(OCC)ON=C(C#N)c1ccccc1,0.02783796936273575,0.008061835542321205,0.049909789115190506,0.005963521543890238,0.003767711343243718,0.0006470232619903982,0.055965106934309006,0.008829247206449509,0.013919810764491558,0.020115921273827553,0.00217680586501956,0.0038766225334256887,-5.164170742034912,8.873081713822728e-10,0.27714619040489197,1.009904735838063e-05,Yes,298.304,3.2283800000000014,0,6
CCNP(=S)(OC)OC(=CC(=O)OC(C)C)C,0.00842691957950592,0.006308338604867458,0.033376045525074005,0.0029842627700418234,0.0022494723089039326,0.00021591399854514748,0.04150313138961792,0.005966662894934416,0.009300079196691513,0.006007831078022718,0.000651675509288907,0.001039112568832934,-3.2119264602661133,1.6508667263076537e-12,0.040396321564912796,1.4150290938985677e-09,Yes,281.314,2.3388,1,5
C=CC=O,0.014033944346010685,0.014730502851307392,0.03968871384859085,0.006159979850053787,0.006466837599873543,0.0004702175792772323,0.054094623774290085,0.01116131991147995,0.015649612993001938,0.010904224589467049,0.001369192381389439,0.00206688791513443,0.08145686984062195,1.515046790245833e-07,0.006837321445345879,0.0006031233351677656,Yes,56.064,0.37129999999999996,0,1
O=c1[nH]cnc2nc[nH]c12 ,0.18393608927726746,0.020388299599289894,0.09116282314062119,0.030036548152565956,0.019102996215224266,0.005216043908149004,0.10031119734048843,0.028922758996486664,0.039087504148483276,0.19560003280639648,0.026659727096557617,0.04611871391534805,-1.0639184713363647,7.147945143515244e-05,0.0009169927798211575,0.00253128819167614,Yes,136.114,-0.35380000000000006,2,3
Oc2ccc1ncccc1c2 ,0.18084892630577087,0.02398635260760784,0.08963184803724289,0.03248920664191246,0.022938521578907967,0.005611576605588198,0.10337275266647339,0.03238285705447197,0.04098505154252052,0.1966639906167984,0.02783334255218506,0.046722423285245895,-1.5056445598602295,0.32850733399391174,5.4517069656867534e-05,0.0002677859738469124,Yes,145.161,1.9403999999999997,1,2
Fc1ccccc1,0.13883446156978607,0.021037327125668526,0.07540851831436157,0.02504502236843109,0.018603922799229622,0.0037257825024425983,0.08953387290239334,0.026350531727075577,0.033344563096761703,0.1492568999528885,0.018001001328229904,0.030970392748713493,-1.7288926839828491,2.77053324726495e-10,0.0006284727714955807,0.002361319260671735,Yes,96.10399999999998,1.8256999999999999,0,0
CCCCl,0.00384465791285038,0.004752395674586296,0.024570247158408165,0.0019898090977221727,0.001363322720862925,0.00012217738549225032,0.03346528857946396,0.004901778418570757,0.008084306493401527,0.0030726022087037563,0.0003605377860367298,0.00045204084017314017,-1.5398626327514648,2.665081221465718e-18,0.0008195848786272109,0.00018896548135671765,Yes,78.542,1.6352,0,0
CCOC(=O)C,0.007285076193511486,0.010293541476130486,0.027003305032849312,0.0036844625137746334,0.003950071986764669,0.00018574713612906635,0.04116295650601387,0.00765690952539444,0.01128359418362379,0.006116003729403019,0.0006412507500499487,0.0008933659992180765,0.29653725028038025,1.8575030935608083e-07,2.3494703782489523e-07,4.347089088696521e-06,Yes,88.106,0.5694,0,2
CCCC(C)(C)C,0.006682961247861385,0.01573764905333519,0.026244312524795532,0.005113585852086544,0.007387242279946804,0.0002468774328008294,0.04637312516570091,0.012472831644117832,0.012952974997460842,0.00807030126452446,0.0009731542668305337,0.0010787479113787413,-4.494261264801025,2.163816391012206e-15,0.24570012092590332,0.0003395928943064064,Yes,100.20499999999998,2.832600000000001,0,0
Cc1cc(C)c(C)c(C)c1C,0.04127635434269905,0.02562185935676098,0.041771113872528076,0.014078325591981411,0.018046490848064423,0.0011544621083885431,0.062049515545368195,0.02045891061425209,0.02106098271906376,0.04399862885475159,0.004672803450375795,0.006667932961136103,-3.471290111541748,3.217568007585214e-07,9.420759306522086e-05,0.0002268202806590125,Yes,148.249,3.2287000000000017,0,0
CC12CCC(CC1)C(C)(C)O2 ,0.022180970758199692,0.061795663088560104,0.05797836184501648,0.021937120705842972,0.05312398448586464,0.0025235849898308516,0.0916401818394661,0.056586407124996185,0.02761777862906456,0.03638936206698418,0.007995259948074818,0.007593031506985426,-2.3796095848083496,0.008534540422260761,0.1789979785680771,1.7670716001561004e-09,Yes,154.253,2.7441000000000013,0,1
CCCCOC(=O)CCCCCCCCC(=O)OCCCC,0.006689358502626419,0.012613488361239433,0.026690812781453133,0.004270289558917284,0.005268028937280178,0.00021294865291565657,0.043803345412015915,0.009716745465993881,0.012026666663587093,0.006784223020076752,0.0007742230081930757,0.0009521627798676491,-3.999631881713867,5.411723759607412e-05,0.03196091949939728,4.389104635293961e-09,Yes,314.46600000000007,4.7938000000000045,0,4
Clc1ccc(cc1)c2ccc(Cl)cc2 ,0.17312592267990112,0.016181914135813713,0.10202890634536743,0.029511013999581337,0.013865225948393345,0.0064791226759552956,0.10307396948337555,0.029055936262011528,0.04223987087607384,0.183433398604393,0.029831642284989357,0.04742215946316719,-5.048433780670166,1.902770857542535e-10,0.7314815521240234,3.147569441352971e-05,Yes,223.102,4.660400000000002,0,0
Cc1cccnc1C,0.06693270057439804,0.023498229682445526,0.051533035933971405,0.017150694504380226,0.01785343699157238,0.0017431644955649972,0.07001573592424393,0.021779052913188934,0.02457040175795555,0.0700446292757988,0.007499925792217255,0.011700451374053955,-0.41023188829421997,9.606317235011375e-07,0.00012071915261913091,4.9093549023382366e-05,Yes,107.156,1.69844,0,1
CC(=C)C1CC=C(C)C(=O)C1,0.02418167144060135,0.045879799872636795,0.05467536672949791,0.01814923994243145,0.03416460379958153,0.0019177080830559134,0.08316309005022049,0.03917328640818596,0.026234261691570282,0.03167777135968208,0.0059829046949744225,0.006536319386214018,-2.822737216949463,7.539065336459316e-07,0.07271649688482285,2.9437828743539285e-06,Yes,150.22099999999998,2.4879000000000007,0,1
CCOP(=S)(OCC)SCSc1ccc(Cl)cc1,0.02035451866686344,0.003972703590989113,0.0467059426009655,0.003717499552294612,0.001546800951473415,0.0004375560092739761,0.045978568494319916,0.005700737237930298,0.010785575024783611,0.01340954378247261,0.0014353592414408922,0.002553516300395131,-4.428666591644287,6.429971555199643e-10,0.5825863480567932,0.005404266994446516,No,342.875,5.420300000000004,0,5
COc1cc(cc(OC)c1O)C6C2C(COC2=O)C(OC4OC3COC(C)OC3C(O)C4O)c7cc5OCOc5cc67,0.04002823308110237,0.039077289402484894,0.061798371374607086,0.019968539476394653,0.0309255663305521,0.002459289040416479,0.0846920907497406,0.03654586151242256,0.027196120470762253,0.04841495305299759,0.00829127337783575,0.010266179218888283,-2.576022148132324,0.0009472165256738663,2.2931969851924805e-06,3.943268438888481e-06,No,588.5620000000001,1.338599999999999,3,13
c1cc2cccc3c4cccc5cccc(c(c1)c23)c54,0.2042286992073059,0.027781875804066658,0.09701047837734222,0.03850628435611725,0.027758225798606873,0.007203381042927504,0.11307449638843536,0.038105808198451996,0.04664996638894081,0.22426694631576538,0.03543790057301521,0.05757691338658333,-7.746657848358154,1.7717786959803306e-10,0.26581084728240967,0.00392488855868578,No,252.31599999999997,5.737200000000003,0,0
Cc1ccc(cc1N(=O)=O)N(=O)=O,0.07648154348134995,0.014509094879031181,0.06286761164665222,0.013605072163045406,0.010015641339123249,0.001737447688356042,0.07058727741241455,0.015256199054419994,0.021461376920342445,0.06699766218662262,0.006955662276595831,0.012860914692282677,-3.132685661315918,1.924423941090936e-06,0.0002332040894543752,1.6899288311833516e-05,Yes,182.135,1.8114200000000005,0,4
c1c(Br)ccc2ccccc12 ,0.18666116893291473,0.010641058906912804,0.13681982457637787,0.031816266477108,0.007921001873910427,0.01212215144187212,0.11694857478141785,0.03112284652888775,0.05215425416827202,0.1939140409231186,0.051620226353406906,0.06335800886154175,-4.806332111358643,1.5294167710067086e-08,0.03444168344140053,0.002194708911702037,Yes,207.07000000000002,3.6023000000000014,0,0
CNC(=O)Oc1cccc(N=CN(C)C)c1,0.033631935715675354,0.015751341357827187,0.047030653804540634,0.009904702194035053,0.009042881429195404,0.0008903230191208422,0.06171537935733795,0.014345798641443253,0.019502637907862663,0.029773039743304253,0.0033854222856462,0.005314435809850693,-2.9998364448547363,1.064958787821979e-09,0.009248650632798672,0.00013372964167501777,Yes,221.26,1.6262,1,3
COc2cnc1ncncc1n2,0.1089324802160263,0.016854070127010345,0.06853941082954407,0.01933816820383072,0.013156376779079437,0.0024331631138920784,0.08099135011434555,0.020547442138195038,0.03004133142530918,0.10752987861633301,0.01228190865367651,0.020901242271065712,-1.6307438611984253,0.000516385945957154,0.0002666519721969962,0.00047513499157503247,Yes,162.15200000000002,0.42839999999999984,0,5
Cc3ccnc4N(C1CC1)c2ncccc2C(=O)Nc34 ,0.09736104309558868,0.0342731811106205,0.07581552118062973,0.028387093916535378,0.030697759240865707,0.004278598353266716,0.09578386694192886,0.03736972063779831,0.034826625138521194,0.11174319684505463,0.017249025404453278,0.02473161742091179,-4.017307758331299,1.5283065295079723e-05,0.0005670345854014158,0.0007124486728571355,Yes,266.30400000000003,2.6512200000000004,1,4
CCOP(=S)(OCC)Oc1nc(Cl)n(n1)C(C)C,0.01807978004217148,0.006037012208253145,0.041719648987054825,0.004355559125542641,0.002559543587267399,0.00040321529377251863,0.047391269356012344,0.007081261835992336,0.011477638967335224,0.013528036884963512,0.0014283109921962023,0.0023636918049305677,-5.0674567222595215,4.310506795945912e-08,0.044794876128435135,3.421592609242907e-08,Yes,313.747,3.1887000000000016,0,6
CC(=C)C=C,0.012744995765388012,0.018935775384306908,0.035644400864839554,0.00729923602193594,0.009266848675906658,0.0004778419970534742,0.05527827516198158,0.014228257350623608,0.016765285283327103,0.012271939776837826,0.0015836745733395219,0.002067319815978408,-1.779120683670044,3.647517431140355e-18,0.013639220967888832,2.724837395362556e-05,Yes,68.11900000000001,1.7485,0,0
CC(C)=CCCC(O)(C)C=C,0.010371210053563118,0.020626826211810112,0.03558278828859329,0.00727327773347497,0.010631795972585678,0.0004945645923726261,0.056117456406354904,0.01623554155230522,0.015887003391981125,0.011675388552248478,0.0016166046261787415,0.0019490987760946155,-1.6634602546691895,1.0068402708784951e-11,0.03487319126725197,4.247952801961219e-06,Yes,154.253,2.6698000000000013,1,1
COP(=S)(OC)Oc1ccc(SC)c(C)c1,0.021193712949752808,0.004373746458441019,0.04022674635052681,0.0035791578702628613,0.0017343978397548199,0.00034473437699489295,0.04225938022136688,0.005177860613912344,0.00993298552930355,0.012981818988919258,0.0011889865854755044,0.002251966157928109,-4.552137851715088,3.4854755193158837e-10,0.6536261439323425,0.004348639398813248,Yes,278.335,3.6130200000000023,0,5
OC1CCCCC1,0.014581249095499516,0.041319239884614944,0.0442824549973011,0.01395086944103241,0.029444999992847443,0.001178542384877801,0.07459424436092377,0.03716633468866348,0.022197451442480087,0.02241959236562252,0.00404758146032691,0.0039059212431311607,-0.5940393805503845,2.7280648282612674e-06,0.0433511920273304,2.060530306380315e-07,Yes,100.161,1.3114,1,1
O=C1NC(=O)NC(=O)C1(C)CC=C,0.03525172173976898,0.0464705266058445,0.06840386986732483,0.021479228511452675,0.03599105402827263,0.0029988421592861414,0.09224046766757965,0.04224565252661705,0.028994835913181305,0.042424388229846954,0.008568208664655685,0.010197062976658344,-1.7668373584747314,2.0517098164418712e-05,0.0056481692008674145,2.052478748737485e-06,Yes,182.17899999999997,-0.06520000000000037,2,3
CC34CCC1C(CCC2CC(O)CCC12C)C3CCC4=O,0.026973947882652283,0.07466397434473038,0.06529469788074493,0.027258945629000664,0.06876558810472488,0.003599691204726696,0.10181593149900436,0.06950157135725021,0.03152066096663475,0.0454043373465538,0.011005964130163193,0.010258168913424015,-4.611267566680908,0.0010880790650844574,0.0279223695397377,5.37452820026374e-07,Yes,290.447,3.959100000000003,1,2
OCC(O)C(O)C(O)C(O)CO ,0.007409955374896526,0.016019592061638832,0.03397688642144203,0.00517469784244895,0.00742327282205224,0.00035044559626840055,0.05044593662023544,0.012675698846578598,0.012826725840568542,0.0077785043977200985,0.0010421506594866514,0.0013347161002457142,0.6039915084838867,0.012116608209908009,1.4770701284305687e-07,1.826496287549162e-08,No,182.172,-3.5854000000000004,6,6
Cc1ccc(cc1)c2ccccc2,0.12453099340200424,0.025354815647006035,0.07039818912744522,0.026006663218140602,0.022349918261170387,0.003547834698110819,0.08908023685216904,0.028584105893969536,0.03406454622745514,0.1350902020931244,0.01668183133006096,0.027100728824734688,-4.02937650680542,5.4820162631585845e-08,0.004755150526762009,0.007434091530740261,Yes,168.239,3.662020000000002,0,0
CCNc1nc(Cl)nc(NC(C)C)n1,0.031825046986341476,0.013192394748330116,0.047304876148700714,0.009785382077097893,0.0075281886383891106,0.0009128646343015134,0.06080755963921547,0.014455669559538364,0.019856227561831474,0.031048178672790527,0.003785810200497508,0.00534310657531023,-3.510660171508789,1.8618945318849e-07,4.798182089871261e-06,5.023331596021308e-06,Yes,215.68800000000002,1.7770999999999997,2,5
NC(=S)Nc1ccccc1,0.07638482004404068,0.016529230400919914,0.07507811486721039,0.016701234504580498,0.01125324796885252,0.0028591961599886417,0.08106793463230133,0.020354904234409332,0.026403600350022316,0.06832439452409744,0.009709618054330349,0.015991872176527977,-2.2955832481384277,0.0006738044321537018,0.0008039813837967813,0.020691290497779846,Yes,152.22199999999998,1.3421,2,1
CCCC(=O)CCC,0.006018119864165783,0.011592557653784752,0.02365477755665779,0.0038594368379563093,0.004678872413933277,0.0001660523994360119,0.040946733206510544,0.008791820146143436,0.011476384475827217,0.006154587026685476,0.000655047653708607,0.0007874584989622235,-2.203547477722168,1.918223460961599e-06,0.17561562359333038,1.4990858332453172e-08,Yes,114.18799999999999,2.1557000000000004,0,1
CC(=O)C(C)(C)C,0.011649557389318943,0.024094903841614723,0.039896316826343536,0.008563405834138393,0.013320032507181168,0.0006716988864354789,0.061014603823423386,0.019457176327705383,0.017089802771806717,0.013730304315686226,0.00208943709731102,0.0024759985972195864,-1.2419750690460205,3.2849179106009263e-13,0.06416890025138855,2.9416330562526127e-06,Yes,100.16099999999999,1.6215,0,1
Oc1ccc(Cl)cc1,0.15495546162128448,0.015615932643413544,0.09389092773199081,0.02628178708255291,0.0130631597712636,0.005267916712909937,0.09612114727497101,0.026362162083387375,0.03800991550087929,0.16264575719833374,0.024222319945693016,0.0394437313079834,-1.38175368309021,0.0005312331486493349,0.005427069496363401,3.952899533032905e-06,Yes,128.558,2.0456,1,1
O=C1CCCCC1,0.017837340012192726,0.042676590383052826,0.04692033305764198,0.015347410924732685,0.030801348388195038,0.0013671545311808586,0.07691896706819534,0.03763878718018532,0.023661579936742783,0.025537343695759773,0.004630419425666332,0.004649055656045675,-1.137404441833496,1.403830356139224e-05,0.0017433644970878959,9.819937986321747e-06,Yes,98.14500000000001,1.5196,0,1
Cc1cccc(N)c1,0.08703455328941345,0.02431350387632847,0.05801303684711456,0.020215287804603577,0.019640367478132248,0.0023025430273264647,0.07639099657535553,0.024004623293876648,0.02760515920817852,0.09139475226402283,0.010179761797189713,0.016353361308574677,-1.3732428550720215,0.3783527910709381,6.816367385908961e-05,0.006010218057781458,Yes,107.156,1.5772199999999998,1,1
ClC(Cl)(Cl)C#N,0.014009288512170315,0.004084916319698095,0.07591801881790161,0.00397525355219841,0.0013419004390016198,0.0012397817336022854,0.055694762617349625,0.007081546355038881,0.010847804136574268,0.008378598839044571,0.001785371801815927,0.0026686200872063637,-2.909444808959961,0.00028159504290670156,7.854789146222174e-06,1.0755937113193781e-10,Yes,144.388,1.88018,0,1
CNc2cnn(c1cccc(c1)C(F)(F)F)c(=O)c2Cl,0.07334612309932709,0.016846604645252228,0.06945498287677765,0.016472600400447845,0.012197315692901611,0.0023589234333485365,0.07873007655143738,0.02037721499800682,0.025973709300160408,0.07277603447437286,0.009390429593622684,0.015241442248225212,-4.213016986846924,1.702022984773066e-07,0.043047886341810226,4.884324880549684e-05,Yes,303.67100000000005,2.9464000000000006,1,3
CCCCCCCCC(=O)C,0.006187369581311941,0.012668128125369549,0.024860447272658348,0.004193775821477175,0.005279996432363987,0.00019085739040747285,0.04286491125822067,0.009743569418787956,0.011989313177764416,0.0065992302261292934,0.0007352171815000474,0.0008671906543895602,-3.879643201828003,2.0673324383928615e-19,0.07355916500091553,2.068925641651731e-05,Yes,156.269,3.3260000000000023,0,1
CCN(CC)c1nc(Cl)nc(NC(C)C)n1,0.025334661826491356,0.012997744604945183,0.04307882487773895,0.0086565762758255,0.007094493601471186,0.0007244921871460974,0.057780370116233826,0.013618836179375648,0.018481669947504997,0.02508269064128399,0.0030047071631997824,0.004121920559555292,-4.271905899047852,2.280118760467076e-09,1.6205900465138257e-05,2.0546565338008804e-06,Yes,243.74200000000002,2.1914999999999996,1,5
CCOC(=O)c1ccc(N)cc1,0.05262225493788719,0.0183746125549078,0.0553390234708786,0.013759095221757889,0.012256355956196785,0.0014648436335846782,0.07076938450336456,0.018360354006290436,0.023487502709031105,0.05074353516101837,0.005972851533442736,0.009421748109161854,-2.3596155643463135,0.1062583327293396,3.947230197809404e-06,9.668949132901616e-06,Yes,165.19199999999998,1.4455,1,3
Clc1ccc(Cl)c(Cl)c1,0.14580439031124115,0.009189659729599953,0.11312170326709747,0.02274615690112114,0.006648572161793709,0.006556269247084856,0.09486018866300583,0.022423837333917618,0.03803342580795288,0.14388789236545563,0.02611997164785862,0.04051051661372185,-5.065601348876953,2.3576121930364222e-14,0.24580924212932587,4.89039830853244e-09,Yes,181.449,3.6468000000000007,0,0
Cc3nnc4CN=C(c1ccccc1Cl)c2cc(Cl)ccc2n34,0.1257953643798828,0.022773610427975655,0.08607560396194458,0.02756120078265667,0.019413869827985764,0.005012331530451775,0.09561298787593842,0.031173260882496834,0.036660127341747284,0.13400225341320038,0.020848197862505913,0.03178948909044266,-4.875827312469482,1.987599240749205e-08,0.6945359706878662,0.0001314277178607881,Yes,343.2170000000001,4.233520000000003,0,3
Oc1ccccc1O,0.16000889241695404,0.02291635237634182,0.08358106017112732,0.02911682240664959,0.02125799097120762,0.004731018096208572,0.0969814732670784,0.02981407381594181,0.03725351020693779,0.17386941611766815,0.023018259555101395,0.03910940885543823,-0.26357442140579224,0.005548706278204918,2.179214425268583e-05,4.725581845832494e-07,Yes,110.11199999999998,1.0977999999999999,2,2
CCN2c1ncccc1N(C)C(=O)c3cccnc23 ,0.07718804478645325,0.024276668205857277,0.06282705813646317,0.01995769888162613,0.01899264194071293,0.00241127354092896,0.08068057894706726,0.02535020187497139,0.0286102257668972,0.08040676265954971,0.010356718674302101,0.015730759128928185,-3.039926052093506,0.0002664946368895471,0.0035083997063338757,0.0010643911082297564,Yes,254.29299999999998,2.2245999999999997,0,4
CSC,0.0017449645092710853,0.0009628388797864318,0.01770438440144062,0.00046521463082171977,0.0001454162411391735,3.0128943762974814e-05,0.01823132485151291,0.001115233637392521,0.0034960531629621983,0.0007227461319416761,6.432457303162664e-05,0.00010448697139509022,-0.554394543170929,3.6024104451572255e-18,1.1312324204482138e-05,0.050240181386470795,Yes,62.137,0.9792,0,1
Cc1ccccc1Br,0.10769011825323105,0.007260361220687628,0.12179304659366608,0.021350247785449028,0.004323234781622887,0.008654117584228516,0.09753770381212234,0.024411624297499657,0.04080049693584442,0.10868868231773376,0.031577322632074356,0.03387262672185898,-2.6771273612976074,8.712163435120601e-06,0.02232588455080986,0.00017650447261985391,Yes,171.03699999999998,2.7575200000000013,0,0
CCOC(=O)N,0.009925110265612602,0.010950385592877865,0.03371480479836464,0.004400002304464579,0.004421708174049854,0.0002921753912232816,0.04646506533026695,0.008497322909533978,0.012391473166644573,0.007745752576738596,0.0008963071741163731,0.0013309181667864323,0.19593378901481628,0.033891819417476654,6.944935194042046e-06,3.8664949714162233e-11,Yes,89.09400000000001,0.10160000000000013,1,2
CC(=O)OC3(CCC4C2C=C(C)C1=CC(=O)CCC1(C)C2CCC34C)C(C)=O ,0.027633268386125565,0.05576271191239357,0.06207134202122688,0.02188797853887081,0.045652907341718674,0.0027137992437928915,0.09181936830282211,0.04927195608615875,0.028425950556993484,0.03829606994986534,0.008124747313559055,0.008649789728224277,-4.753792762756348,0.0014282123884186149,0.0027436150703579187,6.957032837817678e-06,Yes,384.5160000000002,4.575300000000004,0,4
CC(C)C(O)C(C)C,0.006907605100423098,0.016827503219246864,0.02929985336959362,0.005450047552585602,0.007945027202367783,0.0003012762754224241,0.04926110431551933,0.01348761934787035,0.013462986797094345,0.008295873180031776,0.0010765607003122568,0.0012125213397666812,-1.5085420608520508,2.2578943922879624e-14,3.4941022022394463e-05,1.938474269991275e-08,Yes,116.20399999999998,1.6593,1,1
c1ccc2ccccc2c1,0.16885638236999512,0.025336645543575287,0.08341672271490097,0.031644176691770554,0.02414766512811184,0.005132917780429125,0.10063523799180984,0.032359328120946884,0.039661187678575516,0.18505531549453735,0.02520640194416046,0.04211365059018135,-4.016279220581055,2.0652424215228393e-09,0.001348978723399341,0.012338267639279366,Yes,128.17399999999995,2.839800000000001,0,0
CCNc1ccccc1,0.04898082837462425,0.018000099807977676,0.04688470438122749,0.013087427243590355,0.012183006852865219,0.0011488408781588078,0.06580221652984619,0.017600225284695625,0.022523919120430946,0.050630807876586914,0.005330162588506937,0.008127821609377861,-1.9322603940963745,7.544331270814553e-10,0.013162710703909397,0.002425942337140441,Yes,121.18299999999995,2.1184,1,1
O=C1NC(=O)C(N1)(c2ccccc2)c3ccccc3,0.11722230166196823,0.04071517288684845,0.08982259035110474,0.03493921086192131,0.03857278823852539,0.0064779468812048435,0.1093733161687851,0.04587623104453087,0.040224362164735794,0.13663989305496216,0.023917919024825096,0.0344102568924427,-3.195575475692749,1.1557311552223837e-08,0.020507430657744408,0.0007362895994447172,Yes,252.27300000000002,1.7695999999999998,2,2
Cc1c2ccccc2c(C)c3ccc4ccccc4c13,0.13453474640846252,0.027159957215189934,0.07451368868350983,0.02837916649878025,0.02461354061961174,0.004127747844904661,0.09288167208433151,0.030934730544686317,0.035771943628787994,0.14518104493618011,0.019090527668595314,0.03075447678565979,-6.571940898895264,2.925555087074372e-08,0.00808110274374485,0.00582140265032649,No,256.348,5.763040000000005,0,0
CCOP(=S)(OCC)SC(CCl)N1C(=O)c2ccccc2C1=O,0.024909932166337967,0.008859317749738693,0.05266943201422691,0.006389368325471878,0.004255116451531649,0.0007893472211435437,0.05774315819144249,0.01048927940428257,0.014353933744132519,0.01925256848335266,0.00244414946064353,0.003954776097089052,-5.225559711456299,6.541077368638071e-07,0.33671897649765015,2.926141462467058e-07,Yes,393.85400000000016,3.878200000000003,0,6
COc1ccc(cc1)C(c2ccc(OC)cc2)C(Cl)(Cl)Cl,0.042176634073257446,0.013707689940929413,0.0567559152841568,0.01090307254344225,0.008165473118424416,0.0014343357179313898,0.06488759815692902,0.015343663282692432,0.01934085600078106,0.03750806674361229,0.004827570170164108,0.007428601384162903,-4.741654872894287,3.6698322219308466e-05,0.0006160969496704638,3.7247467844281346e-05,No,345.6529999999999,5.205900000000002,0,2
Fc1cccc(F)c1C(=O)NC(=O)Nc2cc(Cl)c(F)c(Cl)c2F ,0.10886619240045547,0.017063263803720474,0.08764366805553436,0.021284710615873337,0.013037352822721004,0.004032449331134558,0.08935138583183289,0.023711390793323517,0.03145135939121246,0.10500717908143997,0.015467589721083641,0.025826483964920044,-5.2668023109436035,1.1601167670960422e-07,0.006806622724980116,8.524366279516471e-08,Yes,381.1120000000001,4.511700000000001,2,2
O=C1N(COC(=O)CCCC)C(=O)C(N1)(c2ccccc2)c3ccccc3,0.05402335897088051,0.028921985998749733,0.06442558765411377,0.01903080753982067,0.021696873009204865,0.0024342637043446302,0.0842759981751442,0.02895435318350792,0.02818869613111019,0.059391625225543976,0.008839940652251244,0.012432838790118694,-3.7555599212646484,0.0006292614853009582,0.004565997049212456,6.7807059167535044e-06,Yes,366.41700000000003,3.172900000000002,1,4
CN(C)C(=O)Nc1ccc(Cl)cc1,0.05290084332227707,0.014747758395969868,0.06189534813165665,0.013259107246994972,0.00924150925129652,0.0016779013676568866,0.0720389187335968,0.01745506562292576,0.024321945384144783,0.049052219837903976,0.006418160628527403,0.00996305700391531,-3.1862730979919434,5.335193620226164e-09,0.011345833539962769,0.0059187146835029125,Yes,198.653,2.4335000000000004,1,1
OC(Cn1cncn1)(c2ccc(F)cc2)c3ccccc3F,0.1031537652015686,0.02638879604637623,0.07434533536434174,0.024314381182193756,0.022762535139918327,0.0037100701592862606,0.08843190968036652,0.029259925708174706,0.03079586662352085,0.11360859870910645,0.015147799625992775,0.024286575615406036,-2.8759217262268066,0.0001091523517970927,0.004502770025283098,0.003098492044955492,Yes,301.296,2.492400000000001,1,3
CC(=O)OCC(=O)C3(O)C(CC4C2CCC1=CC(=O)C=CC1(C)C2(F)C(O)CC34C)OC(C)=O ,0.02837323397397995,0.051989953964948654,0.06551893800497055,0.020961489528417587,0.04123322293162346,0.0027963595930486917,0.09209037572145462,0.04630325734615326,0.027974508702754974,0.03736109286546707,0.00792248547077179,0.008830039761960506,-2.933955669403076,0.00019347145280335099,0.00012682915257755667,3.638264161054394e-06,Yes,478.51300000000026,1.7620999999999996,2,8
CCCCBr,0.005193219520151615,0.002315754070878029,0.05023733526468277,0.0024939291179180145,0.0005364801036193967,0.000592825177591294,0.04414338618516922,0.006343882530927658,0.011307078413665295,0.004152892157435417,0.0012889900244772434,0.001019313931465149,-2.711393117904663,1.1595446261101898e-19,0.01133763138204813,0.005495064426213503,Yes,137.01999999999998,2.1814,0,0
Brc1cc(Br)c(Br)cc1Br,0.1517261117696762,0.0011624525068327785,0.2643396854400635,0.0219271220266819,0.00046274889609776437,0.064127117395401,0.1350829154253006,0.02233133465051651,0.06696778535842896,0.1295447051525116,0.13413679599761963,0.09159394353628159,-6.477823734283447,1.0037317679234548e-06,0.07056355476379395,6.12689746049e-07,Yes,393.69800000000004,4.7366,0,0
CC(C)CC(=O)C,0.007434517610818148,0.014209636487066746,0.027844790369272232,0.004869182128459215,0.006258572917431593,0.000250498007517308,0.04599917307496071,0.010931541211903095,0.012934333644807339,0.007760440930724144,0.0009136930457316339,0.0011101373238489032,-1.292251467704773,1.1565693852462412e-15,0.09395977109670639,3.1761617265146924e-06,Yes,100.16099999999999,1.6215,0,1
CCSC(=O)N(CC)C1CCCCC1 ,0.01015287172049284,0.016287367790937424,0.036636222153902054,0.006495478563010693,0.008001335896551609,0.0004981648526154459,0.054352954030036926,0.015168513171374798,0.01488798763602972,0.010923506692051888,0.0016011586412787437,0.0018562697805464268,-3.603527545928955,1.4480494428426027e-05,0.21716949343681335,1.3904676052334253e-05,Yes,215.36199999999994,3.5141000000000027,0,2
COc1ccc(Cl)cc1,0.07428247481584549,0.011970574967563152,0.06255445629358292,0.014168849214911461,0.00788190308958292,0.0017833850579336286,0.07063671946525574,0.016162317246198654,0.025793718174099922,0.06912457197904587,0.008154490031301975,0.013154024258255959,-2.5460643768310547,5.333038544108604e-08,0.8963913917541504,0.00028783484594896436,Yes,142.585,2.3486000000000002,0,1
CC1(C)C(C=C(Br)Br)C1C(=O)OC(C#N)c2cccc(Oc3ccccc3)c2,0.06000662222504616,0.019643250852823257,0.08794814348220825,0.01923752948641777,0.013250761665403843,0.004579699132591486,0.09102445840835571,0.02906968630850315,0.0299048013985157,0.06233036518096924,0.013372701592743397,0.01666228286921978,-5.444049835205078,0.16136272251605988,0.3652428388595581,0.007758418098092079,No,505.20600000000024,6.490180000000005,0,4
CCC(C)C1(CC=C)C(=O)NC(=O)NC1=O,0.02428685873746872,0.0346834622323513,0.05431452393531799,0.015016595833003521,0.02359047345817089,0.0016007806407287717,0.07770106196403503,0.030465465039014816,0.0238153338432312,0.02866394631564617,0.004998009651899338,0.005925833713263273,-2.7726376056671143,1.4142711734166369e-05,0.0014172480441629887,5.378661072086288e-08,Yes,224.26,0.9609999999999999,2,3
COP(=S)(OC)Oc1ccc(N(=O)=O)c(C)c1,0.031878165900707245,0.006097611505538225,0.04744185879826546,0.005133484955877066,0.0028398712165653706,0.0005434409249573946,0.05022010579705238,0.00689139636233449,0.012048125267028809,0.021345606073737144,0.001952060149051249,0.003848346881568432,-4.56135892868042,5.456897780864445e-11,0.10586033016443253,0.00026818172773346305,Yes,277.238,2.7993200000000007,0,6
Ic1cccc2ccccc12,0.18262846767902374,0.0054074921645224094,0.16063164174556732,0.02599751017987728,0.0032590352930128574,0.014418150298297405,0.11667274683713913,0.02544170431792736,0.05248415097594261,0.17849071323871613,0.06249383091926575,0.06438815593719482,-4.221675395965576,7.669976459512284e-11,0.06070166453719139,9.824891458265483e-05,Yes,254.07000000000002,3.4444000000000017,0,0
OCC(O)C(O)C(O)C(O)CO,0.007409955374896526,0.016019592061638832,0.03397688642144203,0.00517469784244895,0.00742327282205224,0.00035044559626840055,0.05044593662023544,0.012675698846578598,0.012826725840568542,0.0077785043977200985,0.0010421506594866514,0.0013347161002457142,0.6039915084838867,0.012116608209908009,1.4770701284305687e-07,1.826496287549162e-08,No,182.172,-3.5854000000000004,6,6
CCS,0.0031361044384539127,0.0036155255511403084,0.021817995235323906,0.0014962144196033478,0.0009257094352506101,8.508314203936607e-05,0.029264329001307487,0.0036848285235464573,0.006829913705587387,0.002282275352627039,0.00024601485347375274,0.0003230291185900569,-0.34974032640457153,1.5126108090468917e-23,0.00023696309654042125,0.00248844176530838,Yes,62.137,0.9360999999999999,1,1
ClCC(Cl)Cl,0.003947521094232798,0.002061309991404414,0.04394707828760147,0.0014146610628813505,0.00045258953468874097,0.00030228731338866055,0.03400665894150734,0.0033715052995830774,0.006077873986214399,0.0019757815171033144,0.0003854423121083528,0.0005387933342717588,-1.481325387954712,3.790891059907153e-05,5.164974936633371e-05,0.0003600052441470325,Yes,133.405,2.0289,0,0
CN(C)C(=O)Oc1cc(C)nn1c2ccccc2,0.05881398916244507,0.018881453201174736,0.055620480328798294,0.014540976844727993,0.01294015534222126,0.0015732358442619443,0.07080456614494324,0.01869153045117855,0.02384755201637745,0.05630059912800789,0.0064202104695141315,0.01035518478602171,-2.629441976547241,8.488781233495502e-09,0.049279239028692245,0.0005945739685557783,Yes,245.282,2.2411200000000004,0,3
NC(=O)c1ccccc1O,0.09971576929092407,0.023477153852581978,0.07613029330968857,0.022199423983693123,0.01881309039890766,0.00341492029838264,0.0882834941148758,0.025813937187194824,0.03080921247601509,0.09886571764945984,0.013306867331266403,0.022321835160255432,-1.0097863674163818,0.040157463401556015,1.714072459435556e-05,9.587284694134723e-06,Yes,137.13799999999998,0.49110000000000004,2,2
Cc1ccccc1N(=O)=O,0.07907840609550476,0.01742125116288662,0.06010398268699646,0.0155089246109128,0.012732522562146187,0.001889521605335176,0.07198474556207657,0.017874017357826233,0.023173917084932327,0.07458560913801193,0.007834295742213726,0.013823945075273514,-2.2804648876190186,1.411027096764883e-05,0.0014080562395974994,0.0003646055411081761,Yes,137.138,1.9032200000000001,0,2
O=C1NC(=O)NC(=O)C1(C(C)C)C(C)C,0.02548222430050373,0.038249995559453964,0.05762135237455368,0.016602393239736557,0.027169009670615196,0.0019016241421923041,0.08177638053894043,0.034408796578645706,0.02495863288640976,0.03159079700708389,0.005843447055667639,0.006735214963555336,-3.0004959106445312,1.3621497263471838e-09,0.00042578691500239074,1.961045631437841e-10,Yes,212.249,0.6507999999999994,2,3
CCc1ccccc1C,0.043892279267311096,0.021224314346909523,0.04341328889131546,0.013385755941271782,0.014609050936996937,0.0011066250735893846,0.06353443115949631,0.018819591030478477,0.02168574556708336,0.046620775014162064,0.004925912711769342,0.007180335000157356,-3.402790069580078,1.774669158294273e-06,0.010725135914981365,0.0030848856549710035,Yes,120.19499999999996,2.5574200000000005,0,0
CCCCCCCCl,0.004603620618581772,0.007808659225702286,0.024166211485862732,0.0028787394985556602,0.0027092203963547945,0.00014809581625740975,0.03778267651796341,0.0070535182021558285,0.009812846779823303,0.004426303319633007,0.0005123765440657735,0.000600838684476912,-4.819828510284424,1.3546427733026993e-18,0.03544629365205765,0.008489660918712616,Yes,134.65,3.1956000000000016,0,0
O=C1NC(=O)NC(=O)C1(CC)CC,0.027096787467598915,0.03600625321269035,0.05616407096385956,0.016123579815030098,0.025378771126270294,0.0017744030337780714,0.07965146750211716,0.03218929469585419,0.024670006707310677,0.03195894509553909,0.005644833203405142,0.0066772629506886005,-2.085139274597168,0.00029669306240975857,0.0007091508596204221,5.681017878345074e-09,Yes,184.19499999999996,0.15879999999999939,2,3
C(Cc1ccccc1)c2ccccc2,0.08145611733198166,0.027118422091007233,0.058789610862731934,0.02114354632794857,0.02234770357608795,0.002472111489623785,0.0789051204919815,0.02652987278997898,0.0280414130538702,0.08998313546180725,0.010657261125743389,0.016486436128616333,-3.997547149658203,8.712244152775384e-07,0.003834162140265107,0.0715131163597107,Yes,182.266,3.4718000000000018,0,0
ClC(Cl)C(Cl)Cl,0.004961863625794649,0.002323353663086891,0.05603291466832161,0.0017931748880073428,0.0005575483664870262,0.0005431462777778506,0.03947291150689125,0.004200194962322712,0.006620615255087614,0.0025719639379531145,0.0005949889309704304,0.0008242495823651552,-2.0864453315734863,6.110527465352789e-05,0.012882428243756294,2.6980976599588757e-06,Yes,167.85,2.5938,0,0
CCN2c1cc(OC)cc(C)c1NC(=O)c3cccnc23 ,0.06419709324836731,0.022310953587293625,0.05610207840800285,0.016881752759218216,0.01631266623735428,0.0018054714892059565,0.07347694784402847,0.021861737594008446,0.025660695508122444,0.06413610279560089,0.00769145367667079,0.011771468445658684,-3.8419415950775146,0.0004314019752200693,0.001983354799449444,0.0009871808579191566,Yes,283.331,3.122320000000001,1,4
Cc1ccc2c(ccc3ccccc32)c1,0.14536124467849731,0.026673760265111923,0.07831843942403793,0.029781408607959747,0.024434447288513184,0.00449020229279995,0.0965745821595192,0.031779590994119644,0.03799407184123993,0.15819449722766876,0.02131219208240509,0.0343187153339386,-6.027696132659912,4.910253181833468e-08,0.022911814972758293,0.027267634868621826,Yes,192.261,4.301420000000003,0,0
CCCCOC(=O)c1ccccc1C(=O)OCCCC ,0.022025642916560173,0.015448315069079399,0.04070553928613663,0.008241817355155945,0.008389786817133427,0.000639970472548157,0.057326506823301315,0.013698390685021877,0.017371846362948418,0.02133925072848797,0.0024502561427652836,0.003514175536110997,-4.23245096206665,0.0021523251198232174,0.0022772352676838636,4.0537284462516254e-07,Yes,278.348,3.600400000000003,0,4
COc1c(O)c(Cl)c(Cl)c(Cl)c1Cl ,0.0868682712316513,0.008252324536442757,0.08610779047012329,0.014866365119814873,0.005169609095901251,0.0031468525994569063,0.07661246508359909,0.016255684196949005,0.02783851884305477,0.07824862748384476,0.0120057612657547,0.018942195922136307,-3.7941055297851562,9.586978322317918e-09,2.7221057052884134e-07,1.6320133178898688e-12,Yes,261.919,4.014400000000001,1,2
CCN(CC)C(=O)C(=CCOP(=O)(OC)OC)Cl,0.008185656741261482,0.005606746766716242,0.03446020558476448,0.0027917190454900265,0.001891035703010857,0.0002274095022585243,0.04082188382744789,0.005581563338637352,0.009014952927827835,0.005485051311552525,0.0006298699881881475,0.000999048468656838,-2.310577869415283,2.3756068912916817e-05,0.06154611334204674,4.880632786807837e-09,Yes,299.6909999999999,2.3950000000000005,0,5
CC34CCC1C(=CCc2cc(O)ccc12)C3CCC4=O,0.06077288091182709,0.061585742980241776,0.07805223762989044,0.033829204738140106,0.05936640501022339,0.005409372504800558,0.10816473513841629,0.061477985233068466,0.03712448477745056,0.08534407615661621,0.0180507842451334,0.020563224330544472,-5.0376410484313965,5.820567093905993e-05,0.00031744674197398126,3.380401903996244e-05,Yes,268.356,3.7375000000000025,1,2
CCOC(=O)c1ccccc1S(=O)(=O)NN(C=O)c2nc(Cl)cc(OC)n2,0.042781490832567215,0.008859769441187382,0.05376328155398369,0.00827931147068739,0.004792152903974056,0.0009535540593788028,0.05889064818620682,0.010417016223073006,0.016901811584830284,0.03300778940320015,0.0036088458728045225,0.006331408862024546,-3.909092903137207,0.211220845580101,0.0013417355949059129,4.433339199749753e-06,Yes,414.82700000000017,1.1715999999999998,1,8
COc1ccc(cc1)N(=O)=O,0.06688438355922699,0.013337397016584873,0.056482426822185516,0.012266017496585846,0.008781972341239452,0.0013211482437327504,0.06689566373825073,0.01406979002058506,0.021431000903248787,0.05851239711046219,0.0058442228473722935,0.010462275706231594,-2.3202738761901855,1.9488010366330855e-05,0.0024880513083189726,0.00013502624642569572,Yes,153.13699999999997,1.6033999999999997,0,3
CCCCCCCl,0.004485939629375935,0.007240386214107275,0.024213586002588272,0.0027265886310487986,0.002440979704260826,0.00014363217633217573,0.037101004272699356,0.006673295050859451,0.009543574415147305,0.004192989785224199,0.0004866295785177499,0.0005755111342296004,-4.269872188568115,8.931536430781132e-19,0.029775820672512054,0.007669499143958092,Yes,120.623,2.805500000000001,0,0
Clc1cc(c(Cl)c(Cl)c1Cl)c2cc(Cl)c(Cl)c(Cl)c2Cl,0.15148335695266724,0.008301976136863232,0.12733405828475952,0.023322755470871925,0.005897053517401218,0.008155882358551025,0.09881641715765,0.022841311991214752,0.039317093789577484,0.1468081921339035,0.029957907274365425,0.04555486515164375,-7.852843761444092,3.9629431701005465e-16,1.6814634363981895e-05,3.8509912489784193e-13,No,429.77200000000016,8.580799999999998,0,0
OCC1OC(CO)(OC2OC(COC3OC(CO)C(O)C(O)C3O)C(O)C(O)C2O)C(O)C1O,0.01731206476688385,0.041242148727178574,0.05257166922092438,0.01452283188700676,0.03009515255689621,0.0015220294008031487,0.07791319489479065,0.03641963750123978,0.02201145701110363,0.023793809115886688,0.004540670197457075,0.0049205650575459,0.22642871737480164,0.002364021260291338,6.279676778575549e-11,7.239960808647083e-08,No,504.43800000000005,-7.571399999999989,11,16
CCCCCCCCCCCCCCCCCCCCCCCCCC,0.005230446811765432,0.012356020510196686,0.022768300026655197,0.003911466803401709,0.005094130989164114,0.00016204998246394098,0.04136860370635986,0.009637579321861267,0.01149093359708786,0.006030088756233454,0.00066180998692289,0.0007351922686211765,-7.633166790008545,6.91453392600603e-20,0.05992498993873596,0.0009071096428669989,No,366.7180000000002,10.388599999999993,0,0
CCN2c1ccccc1N(C)C(=O)c3cccnc23 ,0.0766650140285492,0.0248411875218153,0.06250937283039093,0.02013276144862175,0.019489100202918053,0.0024236710742115974,0.08090630173683167,0.0257195383310318,0.028730593621730804,0.08014211058616638,0.010358767583966255,0.01566792093217373,-3.679151773452759,6.675852637272328e-05,0.008662658743560314,0.0010287071345373988,Yes,253.30499999999995,2.829600000000001,0,3
CC(Cl)Cl,0.00472215935587883,0.003207826055586338,0.039481427520513535,0.0019171268213540316,0.000828330114018172,0.00027375612989999354,0.03722751513123512,0.004586471244692802,0.007635949179530144,0.0029155227821320295,0.000495940912514925,0.0006644944660365582,-1.2678611278533936,8.642533917697763e-16,0.0008814376778900623,0.08621437847614288,Yes,98.96000000000001,1.81,0,0
Nc1ccc(cc1)S(N)(=O)=O,0.05485929548740387,0.0051783048547804356,0.054975736886262894,0.006588947959244251,0.0027851914055645466,0.0008726074011065066,0.05383288487792015,0.007181317545473576,0.01319601945579052,0.03795337677001953,0.0034355721436440945,0.007170338183641434,-1.4676482677459717,0.0007791199604980648,4.146978938024404e-08,0.0009930708911269903,Yes,172.20899999999997,-0.08379999999999999,2,3
CCCN(CCC)c1c(cc(cc1N(=O)=O)C(C)C)N(=O)=O,0.02514309249818325,0.013905837200582027,0.041002675890922546,0.008069388568401337,0.007711167447268963,0.0006353253265842795,0.055894773453474045,0.012488817796111107,0.016270941123366356,0.023814978078007698,0.002531880745664239,0.0037911857943981886,-5.272894382476807,2.715651817197795e-06,0.001715943100862205,2.3466571292374283e-05,Yes,309.36600000000004,4.252800000000004,0,5
ClC1C(Cl)C(Cl)C(Cl)C(Cl)C1Cl,0.017149409279227257,0.01816762052476406,0.07863932102918625,0.011415578424930573,0.010493744164705276,0.002889225259423256,0.07835784554481506,0.02967195026576519,0.019486887380480766,0.019066089764237404,0.0053020985797047615,0.005801376886665821,-2.582136631011963,1.94710825240918e-08,7.49800108224008e-07,0.019585346803069115,Yes,290.832,3.644400000000001,0,0
CCOP(=S)(NC(C)C)Oc1ccccc1C(=O)OC(C)C,0.02004292607307434,0.009185432456433773,0.042008884251117706,0.00578882684931159,0.004419177304953337,0.0005040187970735133,0.052276480942964554,0.009547794237732887,0.013525988906621933,0.01680692471563816,0.0018304198747500777,0.0029134275391697884,-4.293623924255371,7.212340591422617e-08,0.03375139459967613,8.506516735451441e-08,Yes,345.4010000000002,3.8896000000000033,1,5
Clc1cccc(Cl)c1Cl,0.13858723640441895,0.009379918687045574,0.10998960584402084,0.02197195775806904,0.006736937444657087,0.006324212532490492,0.09299478679895401,0.022141894325613976,0.03628550469875336,0.1366063952445984,0.024271607398986816,0.038025304675102234,-4.216240406036377,1.5505424296401692e-14,0.02621038444340229,1.040625849380028e-10,Yes,181.44899999999998,3.6468000000000007,0,0
ClC(Cl)(Cl)Cl,0.006872647441923618,0.0011878195218741894,0.07576305419206619,0.0014505395665764809,0.0002526372263673693,0.0006575671723112464,0.04188885912299156,0.002983472775667906,0.005768827628344297,0.0030460141133517027,0.000684803759213537,0.0010751980589702725,-3.0638322830200195,2.2503083840774707e-08,3.1363182642962784e-05,1.360868111532909e-07,Yes,153.823,2.5529,0,0
O=N(=O)c1cc(Cl)c(Cl)cc1,0.11784759908914566,0.010575901716947556,0.09254305809736252,0.018086638301610947,0.007491815835237503,0.003836089512333274,0.0853891596198082,0.018349189311265945,0.029740775004029274,0.10860881954431534,0.015359723009169102,0.026538122445344925,-4.315882205963135,3.020771544015588e-08,0.05083545297384262,1.4451867969000887e-07,Yes,192.001,2.901600000000001,0,2
OC1CCCCCCC1,0.014102119952440262,0.040128037333488464,0.04303370788693428,0.013496377505362034,0.02817758359014988,0.0011010461021214724,0.073311448097229,0.036001190543174744,0.0218703243881464,0.021666448563337326,0.0038433708250522614,0.0036919601261615753,-1.102832317352295,1.8888443946707412e-06,0.12047028541564941,4.649537572731788e-07,Yes,128.215,2.0915999999999997,1,1
CC1(O)CCC2C3CCC4=CC(=O)CCC4(C)C3CCC21C,0.0312045831233263,0.08073824644088745,0.07033569365739822,0.030500806868076324,0.07681538909673691,0.004391836002469063,0.10705553740262985,0.07502050697803497,0.03360428288578987,0.051597680896520615,0.013027938082814217,0.012326628901064396,-4.602845191955566,0.001701426925137639,0.0008494297508150339,4.4989371872361517e-07,Yes,302.4580000000001,4.269300000000004,1,2
CCOc1ccc(NC(N)=O)cc1,0.04361603781580925,0.017685653641819954,0.053002629429101944,0.01211566012352705,0.011119585484266281,0.0012451830552890897,0.06751256436109543,0.016757888719439507,0.021665699779987335,0.039908938109874725,0.0047485134564340115,0.007535004056990147,-2.086381435394287,0.0005580723518505692,0.000121472476166673,0.00028680238756351173,Yes,180.20699999999997,1.5758999999999999,2,2
C/C1CCC(\C)CC1,0.013259056024253368,0.03679153695702553,0.03982853516936302,0.01241434644907713,0.025008294731378555,0.0009189174161292613,0.06944593787193298,0.0322331078350544,0.020790185779333115,0.020066576078534126,0.0033765563275665045,0.003253292292356491,-3.8562004566192627,3.1401286832988262e-06,0.013891439884901047,3.2543398531537093e-10,Yes,112.216,2.832600000000001,0,0
c1cnc2c(c1)ccc3ncccc23,0.19089466333389282,0.024744128808379173,0.09192411601543427,0.03428410366177559,0.024049270898103714,0.006059270817786455,0.10639210045337677,0.03383345901966095,0.04281248152256012,0.20811744034290314,0.03035765513777733,0.05057796835899353,-3.3956499099731445,6.441113782784669e-06,0.004569413606077433,0.002465110970661044,Yes,180.20999999999998,2.7830000000000004,0,2
COC(C)(C)C,0.006782835349440575,0.013779563829302788,0.027465615421533585,0.004533552564680576,0.006183863617479801,0.00023217822308652103,0.044661395251750946,0.010759136639535427,0.011931498534977436,0.007164389360696077,0.0008401329396292567,0.0010269240010529757,0.052116475999355316,4.832010239521657e-14,0.19395995140075684,1.4827490304014646e-05,Yes,88.14999999999999,1.4313,0,1
COc1ccc(C=CC)cc1,0.040371887385845184,0.016656626015901566,0.04383412376046181,0.011099363677203655,0.010290224105119705,0.0008908779709599912,0.06085996329784393,0.01509980671107769,0.02061193436384201,0.03780049458146095,0.003945781849324703,0.006079694721847773,-3.5915768146514893,3.586446251091502e-09,0.020308570936322212,0.023150935769081116,Yes,148.20499999999998,2.728300000000001,0,1
CCCCCCCCCCCCCCCCO,0.0051629869267344475,0.011935208924114704,0.022827602922916412,0.0037769649643450975,0.004851492587476969,0.0001576031354488805,0.040900617837905884,0.009290440008044243,0.011259340681135654,0.005809655413031578,0.0006327637820504606,0.0007155907223932445,-5.8750433921813965,1.762244602137059e-17,0.06614980101585388,0.0017436366761103272,No,242.44699999999992,5.460000000000006,1,1
O=c1cc[nH]c(=O)[nH]1 ,0.15342938899993896,0.019035618752241135,0.08282267302274704,0.02545858733355999,0.01680768094956875,0.004112326540052891,0.09187272191047668,0.025461647659540176,0.03422300145030022,0.16060574352741241,0.02003636211156845,0.03528047725558281,-0.4042530357837677,4.7164149918899057e-07,0.031965356320142746,0.001106166047975421,Yes,112.088,-0.9368000000000001,2,2
Nc1ncnc2nc[nH]c12 ,0.18236027657985687,0.02134082093834877,0.09092316031455994,0.030547188594937325,0.020022958517074585,0.0053041307255625725,0.10079869627952576,0.029572326689958572,0.03927471488714218,0.19327741861343384,0.026681363582611084,0.04578506201505661,-0.819481372833252,0.007266409229487181,2.9160506898051608e-08,0.0005560016725212336,Yes,135.13,-0.0648999999999999,2,4
Clc1cc(Cl)c(cc1Cl)c2cccc(Cl)c2Cl ,0.163082093000412,0.01108251791447401,0.11612176150083542,0.02619265764951706,0.008564899675548077,0.007434971164911985,0.10097400844097137,0.025566568598151207,0.04123390093445778,0.16487443447113037,0.03059939108788967,0.047277990728616714,-6.96503210067749,5.066291895554353e-13,0.26545751094818115,4.420730448373433e-08,No,326.437,6.620600000000001,0,0
COc1ccc(cc1)C(O)(C2CC2)c3cncnc3 ,0.06568735837936401,0.02888963557779789,0.06402172893285751,0.020701780915260315,0.02347179874777794,0.0026187084149569273,0.08313353359699249,0.029508106410503387,0.028033694252371788,0.07563616335391998,0.010466636158525944,0.0150681771337986,-2.987567901611328,0.09303255379199982,5.242401311988942e-05,0.018331829458475113,Yes,256.30499999999995,2.1311,1,4
c1ccc2c(c1)c3cccc4c3c2cc5ccccc54,0.2043439745903015,0.02791089005768299,0.09723742306232452,0.03864200785756111,0.027890551835298538,0.0072379703633487225,0.11342114955186844,0.0382755883038044,0.04682972654700279,0.2245735228061676,0.03561580181121826,0.05772485211491585,-7.902523040771484,1.1699652358032608e-09,0.09021561592817307,0.01395462080836296,No,252.31599999999997,5.640400000000003,0,0
O=C(Nc1ccccc1)Nc2ccccc2,0.10408481955528259,0.0232193935662508,0.07212357968091965,0.022150373086333275,0.018997004255652428,0.0032154603395611048,0.08626993745565414,0.025293460115790367,0.030304592102766037,0.1045784205198288,0.013223505578935146,0.022393152117729187,-2.9530045986175537,1.540445737191476e-05,0.05479662865400314,0.0018855805974453688,Yes,212.25199999999998,3.3306000000000013,2,1
CCC1(C(=O)NC(=O)NC1=O)c2ccccc2 ,0.06382524222135544,0.0399138368666172,0.07418573647737503,0.025524603202939034,0.0334651954472065,0.0038312419783324003,0.09598685801029205,0.04022153094410896,0.03268364816904068,0.07453623414039612,0.013042224571108818,0.017262868583202362,-2.692946195602417,8.528410398866981e-05,0.0017750948900356889,4.034028279420454e-06,Yes,232.239,0.7003999999999997,2,3
Clc1ccc(cc1)c2cccc(Cl)c2Cl ,0.16675260663032532,0.014142703264951706,0.1056775227189064,0.0279072355479002,0.011645582504570484,0.006686440669000149,0.1013922467827797,0.02755565010011196,0.04123455286026001,0.17381949722766876,0.029350658878684044,0.0463382788002491,-5.575185775756836,2.738316691452969e-11,0.6191391944885254,3.5482780731399544e-06,No,257.547,5.313800000000001,0,0
CC(C)c1ccc(NC(=O)N(C)C)cc1,0.02997126430273056,0.019636383280158043,0.04603619500994682,0.010962637141346931,0.011850657872855663,0.0009730481542646885,0.06366752088069916,0.01727503165602684,0.020046738907694817,0.029672885313630104,0.0036375815980136395,0.005225781816989183,-4.046685695648193,7.852722361256781e-10,0.01278093084692955,6.973797280807048e-05,Yes,206.289,2.903500000000001,1,1
CCN(CC)C(=O)CSc1ccc(Cl)nn1,0.030524853616952896,0.010310743004083633,0.05233869329094887,0.00868162326514721,0.005426696036010981,0.000990191358141601,0.06046827509999275,0.012843557633459568,0.019014345481991768,0.027407893911004066,0.0036083643790334463,0.005271490663290024,-2.9748034477233887,0.000469309015898034,0.05395355820655823,0.0009946248028427362,Yes,259.762,2.0904999999999996,0,4
CCC(C)(C)CO,0.006908861454576254,0.015642136335372925,0.02797860838472843,0.005100936163216829,0.007328039035201073,0.000266894610831514,0.04712185636162758,0.012392839416861534,0.012839695438742638,0.007972766645252705,0.0009828231995925307,0.0011376130860298872,-1.4016104936599731,6.709842317181858e-12,0.0860263779759407,1.2075017366441898e-05,Yes,102.17699999999998,1.4149,1,1
CCCOC(=O)CCC,0.006343656685203314,0.011024176143109798,0.025070661678910255,0.003754964331164956,0.004362524952739477,0.00017481599934399128,0.041122835129499435,0.008354960940778255,0.011279307305812836,0.006058030296117067,0.0006480445736087859,0.000822275469545275,-1.8572578430175781,0.028892166912555695,0.0011532283388078213,7.196555157351625e-11,Yes,130.18699999999998,1.7397,0,2
Cc1c(cc(cc1N(=O)=O)N(=O)=O)N(=O)=O,0.07512279599905014,0.012951762415468693,0.06449151784181595,0.012568783946335316,0.00865806546062231,0.0016585774719715118,0.06970690190792084,0.01388117577880621,0.020423907786607742,0.06322881579399109,0.006504950579255819,0.012406982481479645,-3.390277624130249,3.1055358817866363e-07,5.206440619076602e-05,5.534738193091471e-06,Yes,227.13199999999998,1.7196200000000006,0,6
CC(C)OP(=S)(OC(C)C)SCCNS(=O)(=O)c1ccccc1,0.015525111928582191,0.004601545166224241,0.03987638279795647,0.003379843896254897,0.0018192770658060908,0.00031842428143136203,0.04381880909204483,0.005598936229944229,0.009362397715449333,0.010822613723576069,0.0010712239891290665,0.0019014131976291537,-3.7550432682037354,1.726926934786377e-10,0.11469259113073349,8.883079317456577e-06,Yes,397.52400000000006,3.7726000000000024,1,6
C1CCCCCC1,0.012544258497655392,0.036212872713804245,0.03892293572425842,0.012017740868031979,0.02414572611451149,0.0008677630685269833,0.0689801499247551,0.032193996012210846,0.020762115716934204,0.019220367074012756,0.0032061769161373377,0.00303100049495697,-3.404433012008667,5.9365358850982375e-08,0.03135150671005249,1.1649510724964784e-06,Yes,98.18900000000001,2.7307000000000015,0,0
CCCOC=O,0.006977919489145279,0.009869454428553581,0.0272678192704916,0.003553655231371522,0.003694432321935892,0.00018521161109674722,0.04131074994802475,0.0074923657812178135,0.011138707399368286,0.005821753293275833,0.0006254799081943929,0.0008629621006548405,-0.5553939938545227,0.00019061694911215454,0.0670800656080246,2.514584878099413e-07,Yes,88.10599999999998,0.5694,0,2
CC(C)c1ccccc1C,0.04009560868144035,0.023678071796894073,0.045864541083574295,0.014131319709122181,0.016512837260961533,0.0012468647910282016,0.06692086160182953,0.021237606182694435,0.022417554631829262,0.04479208216071129,0.0052320100367069244,0.007289540488272905,-4.031177997589111,4.8746805703103746e-08,0.01337452046573162,0.001948086079210043,Yes,134.22199999999995,3.118420000000002,0,0
Nc1cccc(Cl)c1,0.14144662022590637,0.01621396467089653,0.08811631798744202,0.025006262585520744,0.013373255729675293,0.004764124285429716,0.09241921454668045,0.025760475546121597,0.035799190402030945,0.1471182405948639,0.021227791905403137,0.03456490486860275,-1.8546671867370605,0.001343011506833136,0.004516221582889557,0.0004565998387988657,Yes,127.574,1.9222,1,1
CC(C)CC(C)C,0.005834086332470179,0.013925224542617798,0.024522317573428154,0.0044667660258710384,0.00609651068225503,0.00020030738960485905,0.04389730840921402,0.010969866998493671,0.012238714843988419,0.006904753856360912,0.00079962401650846,0.000884350563865155,-4.47835636138916,5.023555954769774e-18,0.10160141438245773,7.16833455953747e-05,Yes,100.20499999999998,2.6885000000000012,0,0
o1c2ccccc2c3ccccc13,0.18620170652866364,0.025143783539533615,0.0903937891125679,0.033979643136262894,0.02439987100660801,0.00592774385586381,0.1055448055267334,0.03392728418111801,0.04234487935900688,0.20382538437843323,0.029487507417798042,0.04900919273495674,-4.407905101776123,0.0001423582580173388,0.0008386663976125419,0.0032526706345379353,Yes,168.195,3.586000000000002,0,1
CCOC2Oc1ccc(OS(C)(=O)=O)cc1C2(C)C,0.027288414537906647,0.011803778819739819,0.04809785261750221,0.007857777178287506,0.006505431141704321,0.0008432286558672786,0.057928990572690964,0.012750396504998207,0.015340732410550117,0.024105343967676163,0.0029220213182270527,0.004488981328904629,-3.445309638977051,2.6956315196002834e-05,0.0014140401035547256,0.01863214373588562,Yes,286.34900000000005,2.0576,0,5
CN(C)C(=O)Nc1cccc(c1)C(F)(F)F,0.032760363072156906,0.01771325245499611,0.05330851674079895,0.010601728223264217,0.010740592144429684,0.0011701498879119754,0.06611743569374084,0.016339600086212158,0.018941907212138176,0.030551493167877197,0.0038267369382083416,0.006026214454323053,-3.8214643001556396,1.8616051408737455e-11,0.034641362726688385,0.005873384419828653,Yes,232.20499999999996,2.7989000000000006,1,1
c3ccc2nc1ccccc1cc2c3,0.18932069838047028,0.02595573477447033,0.0914851501584053,0.0350053608417511,0.025350969284772873,0.006172653287649155,0.10728955268859863,0.03491854667663574,0.043306779116392136,0.2076021432876587,0.030609026551246643,0.050542835146188736,-4.826782703399658,8.318444884025666e-07,0.001610464765690267,0.0039334711618721485,Yes,179.22199999999998,3.3880000000000017,0,1
CC12CC(=O)C3C(CCC4=CC(=O)CCC34C)C2CCC1(O)C(=O)CO,0.029599405825138092,0.06568580865859985,0.06721997261047363,0.025407198816537857,0.05742529407143593,0.00348313944414258,0.09907751530408859,0.05951220542192459,0.030626803636550903,0.043901994824409485,0.010164887644350529,0.01037473976612091,-3.6793746948242188,0.030852213501930237,3.107013617409393e-05,1.3617170679935953e-07,Yes,360.45000000000016,1.9898000000000002,2,5
OCC1OC(O)C(O)C(O)C1O,0.017109494656324387,0.04171205312013626,0.05312609672546387,0.01459561102092266,0.03037046454846859,0.0015531701501458883,0.07859449088573456,0.037046998739242554,0.022205913439393044,0.023657305166125298,0.0045763226225972176,0.004928229376673698,0.6156628131866455,0.004619601182639599,3.237986614945676e-11,5.6156807204388315e-08,Yes,180.156,-3.2214000000000005,5,6
Cc1cccc(O)c1,0.09173701703548431,0.023383120074868202,0.05980084463953972,0.020519712939858437,0.01899225078523159,0.002395857824012637,0.07741070538759232,0.023952525109052658,0.028238076716661453,0.09679338335990906,0.010814285837113857,0.017509812489151955,-0.8174280524253845,0.023722397163510323,0.000609575945418328,4.103024548385292e-05,Yes,108.13999999999999,1.7006199999999998,1,1
CC2Cc1ccccc1N2NC(=O)c3ccc(Cl)c(c3)S(N)(=O)=O ,0.05845417454838753,0.013153239153325558,0.06405188143253326,0.01246609166264534,0.008545389398932457,0.001810592832043767,0.07014525681734085,0.016042841598391533,0.020418556407094002,0.05139705911278725,0.0065159923397004604,0.01085857953876257,-4.445424556732178,0.3027227222919464,0.03479558974504471,0.009367750957608223,Yes,365.84200000000004,2.0834,2,4
CCC(C)C(=O)OC2CC(C)C=C3C=CC(C)C(CCC1CC(O)CC(=O)O1)C23 ,0.018015749752521515,0.03850122541189194,0.048373766243457794,0.014250457286834717,0.026823319494724274,0.0013278844999149442,0.07523488998413086,0.033137835562229156,0.022483285516500473,0.02404063381254673,0.004307074006646872,0.004621796775609255,-3.50325083732605,0.002225459087640047,0.018973860889673233,2.3179799413242108e-08,Yes,404.54700000000025,4.195500000000004,1,5
O=N(=O)c1ccc(cc1)N(=O)=O,0.09849018603563309,0.013579325750470161,0.07316157221794128,0.015318389981985092,0.009793434292078018,0.0022530367132276297,0.07781966775655746,0.016020169481635094,0.023982742801308632,0.08704832941293716,0.009405581280589104,0.018005086109042168,-2.9030065536499023,1.0471899258845951e-07,0.0007029758999124169,2.650447640917264e-06,Yes,168.10799999999995,1.503,0,4
CCC1(C(=O)NC(=O)NC1=O)C2=CCC3CCC2C3,0.03342445567250252,0.05577564612030983,0.06693489104509354,0.024106057360768318,0.04664485529065132,0.0032421136274933815,0.09617997705936432,0.05168860778212547,0.030503708869218826,0.045852962881326675,0.009825100190937519,0.010572458617389202,-4.288451671600342,1.916070505103562e-05,0.0007422736380249262,7.689586567494189e-08,Yes,262.30899999999997,1.4951999999999999,2,3
CCCCCCCCCC(=O)OCC,0.006010896060615778,0.011675884947180748,0.024531137198209763,0.003880227915942669,0.0047194622457027435,0.00017545875743962824,0.041577961295843124,0.008953220210969448,0.011461836285889149,0.006152458488941193,0.0006700052763335407,0.0008102182182483375,-4.224354267120361,9.868776906785115e-10,0.09132605791091919,8.294642128703344e-08,Yes,200.32199999999997,3.6902000000000026,0,2
CN(C)C(=O)Nc1ccccc1,0.04601887986063957,0.01823672093451023,0.052944403141736984,0.012695747427642345,0.011726925149559975,0.0013069011038169265,0.06863810867071152,0.01752590388059616,0.022301875054836273,0.04353692755103111,0.005076611414551735,0.008051363751292229,-2.3087971210479736,6.818400843933148e-10,0.03091028332710266,0.0007058861083351076,Yes,164.208,1.7801,1,1
CCCOCC,0.004197934176772833,0.008579590357840061,0.0196224395185709,0.0026715027634054422,0.0030401148833334446,9.544230124447495e-05,0.03486333787441254,0.006485982798039913,0.009350071661174297,0.004160602111369371,0.0003910366212949157,0.0004743433091789484,-0.8137151598930359,3.070520283190981e-19,0.00047345092752948403,0.0002375075127929449,Yes,88.14999999999999,1.4329,0,1
CC(C)O,0.005175728816539049,0.011069941334426403,0.02341906726360321,0.003531327471137047,0.004421775229275227,0.00015261037333402783,0.039987530559301376,0.008572078309953213,0.010756898671388626,0.005437314976006746,0.0005826711421832442,0.0006993275019340217,0.6058844923973083,6.3157710970503665e-19,0.002300623571500182,6.740901586921311e-11,Yes,60.096000000000004,0.38710000000000006,1,1
Cc1ccc2ccccc2c1,0.12029042840003967,0.025604693219065666,0.06909797340631485,0.025581225752830505,0.022373320534825325,0.003422569017857313,0.08789966255426407,0.028336405754089355,0.033571794629096985,0.1296369880437851,0.01595582813024521,0.025764305144548416,-4.592250823974609,8.827781527998013e-08,0.008867804892361164,0.008239662274718285,Yes,142.201,3.148220000000001,0,0
ClC(Br)Br,0.004376215860247612,0.0001565696147736162,0.1284477859735489,0.0008732295245863497,1.3289407434058376e-05,0.00513595761731267,0.0448576882481575,0.0022540788631886244,0.006959500256925821,0.0014309044927358627,0.001923942705616355,0.0012345873983576894,-1.6487174034118652,9.032290108734742e-06,0.0006708710570819676,9.742651130295599e-09,Yes,208.28,2.2986000000000004,0,0
CCC(C(CC)c1ccc(O)cc1)c2ccc(O)cc2,0.057399362325668335,0.023584900423884392,0.055777959525585175,0.017184413969516754,0.017634812742471695,0.0018404207658022642,0.075473852455616,0.02381458505988121,0.025975922122597694,0.0639553889632225,0.007983786053955555,0.011568504385650158,-3.8837766647338867,0.009732735343277454,0.0026831768918782473,1.6661364497849718e-05,Yes,270.372,4.785200000000005,2,2
CCOC(=O)CC(SP(=S)(OC)OC)C(=O)OCC,0.007244620006531477,0.004828463774174452,0.032034363597631454,0.002296652877703309,0.0015401799464598298,0.00016718181723263115,0.03792717307806015,0.004657693672925234,0.008015211671590805,0.004658133257180452,0.0004852423444390297,0.0008028436568565667,-2.9321842193603516,0.0006357066449709237,0.009236576966941357,3.783530346662678e-12,Yes,330.3640000000001,2.1218000000000004,0,8
ClCc1ccccc1,0.05609273165464401,0.013925041072070599,0.05625522881746292,0.012559223920106888,0.009058311581611633,0.001637342618778348,0.06520741432905197,0.016071483492851257,0.020915068686008453,0.05083867907524109,0.006103329826146364,0.009733120910823345,-2.695145845413208,9.295300884559765e-08,0.06063066050410271,0.010677662678062916,Yes,126.58599999999996,2.4254000000000007,0,0
C/C=C/C=O,0.010853243991732597,0.012940563261508942,0.0329325869679451,0.0051420447416603565,0.005424297880381346,0.0003165271191392094,0.04832666367292404,0.009744673036038876,0.014043047092854977,0.008908730931580067,0.0010332217207178473,0.0014698718441650271,-0.4813638925552368,1.577346956662621e-14,0.004839382134377956,3.2416332942375448e-06,Yes,70.09100000000001,0.7614000000000001,0,1
CON(C)C(=O)Nc1ccc(Br)c(Cl)c1,0.050647128373384476,0.007533545605838299,0.08300258964300156,0.011534770019352436,0.0038026440888643265,0.0025383858010172844,0.07518722862005234,0.015095850452780724,0.026389334350824356,0.042714640498161316,0.00856047123670578,0.011093979701399803,-3.1303279399871826,0.0008775154710747302,0.2839973568916321,0.003285803832113743,Yes,293.548,3.127600000000002,1,2
Cc1c2ccccc2c(C)c3ccccc13,0.11677190661430359,0.02668575942516327,0.06809227913618088,0.02553025260567665,0.02340608276426792,0.0034189210273325443,0.08679546415805817,0.02868964523077011,0.032648056745529175,0.1249379813671112,0.015507236123085022,0.024972163140773773,-5.721908092498779,5.372314149099111e-08,0.0030160245951265097,0.0034673770423978567,Yes,206.28799999999998,4.609840000000004,0,0
CCCCCC(=O)OC,0.00637668464332819,0.010526309721171856,0.02492888644337654,0.00360981491394341,0.004089038819074631,0.0001662161957938224,0.04038533568382263,0.007915367372334003,0.01106234360486269,0.005865149199962616,0.0006146300584077835,0.000796543201431632,-2.3227169513702393,1.0972174557810632e-11,0.0010998798534274101,4.806654274602806e-08,Yes,130.18699999999998,1.7397,0,2
CN(C)C(=O)Nc1ccc(c(Cl)c1)n2nc(oc2=O)C(C)(C)C,0.05519367754459381,0.018795283511281013,0.06352278590202332,0.015514424070715904,0.012926592491567135,0.0019760977011173964,0.07648821175098419,0.021290015429258347,0.025556324049830437,0.056480664759874344,0.007681811694055796,0.01146779116243124,-4.665909767150879,1.600064933882095e-06,0.00045529636554419994,2.1330199160729535e-05,Yes,338.79500000000013,2.8699000000000012,1,4
CC(=O)Nc1ccc(F)cc1,0.06875711679458618,0.019382378086447716,0.06243037059903145,0.016367902979254723,0.013833549804985523,0.0019690373446792364,0.07651344686746597,0.02052300050854683,0.026217371225357056,0.06667489558458328,0.008114862255752087,0.013200012966990471,-2.153055429458618,6.752786330110894e-09,0.0007940937648527324,0.05385226756334305,Yes,153.156,1.7840999999999998,1,1
CCc1cccc(CC)c1N(COC)C(=O)CCl ,0.01700388640165329,0.012539216317236423,0.03611317649483681,0.006399504840373993,0.006139887031167746,0.0004743231984321028,0.04988083988428116,0.010997782461345196,0.014545192942023277,0.014981512911617756,0.0017059100791811943,0.0024134765844792128,-4.090245723724365,0.13696469366550446,0.0022804378531873226,6.114065763540566e-05,Yes,269.77199999999993,2.9871000000000016,0,2
C1CCC=CC1,0.016961265355348587,0.04228423163294792,0.04479478299617767,0.01505214162170887,0.03015650250017643,0.0012580646434798837,0.07591602951288223,0.03712122142314911,0.023705152794718742,0.024753820151090622,0.004400334320962429,0.004316716454923153,-2.478914737701416,1.0325192079108092e-07,0.2509605884552002,0.00010798486619023606,Yes,82.146,2.1166,0,0
CC12CC(O)C3C(CCC4=CC(=O)CCC34C)C2CCC1(O)C(=O)CO,0.027754027396440506,0.06420096009969711,0.06546897441148758,0.02439914084970951,0.05567994713783264,0.003245375584810972,0.09739207476377487,0.058284904807806015,0.02983122132718563,0.04172088950872421,0.009559083729982376,0.009675775654613972,-3.1555044651031494,0.008377375081181526,6.47145279799588e-05,2.0291999192068033e-07,Yes,362.4660000000002,1.7815999999999996,3,5
c1cncnc1,0.1395750641822815,0.01863947883248329,0.07250495254993439,0.023196518421173096,0.016300352290272713,0.0032625796739012003,0.08570834249258041,0.02360277809202671,0.0317101776599884,0.14879192411899567,0.016677625477313995,0.02948172762989998,0.5419394373893738,0.006789442617446184,7.866489681873645e-07,0.0007514964672736824,Yes,80.08999999999999,0.4765999999999999,0,2
Clc1ccc(cc1)N(=O)=O,0.11626949906349182,0.012364990077912807,0.08423987776041031,0.018223116174340248,0.009082063101232052,0.0032825381495058537,0.08415652811527252,0.01862046867609024,0.028963163495063782,0.1086263582110405,0.013936399482190609,0.02459479495882988,-3.2054848670959473,5.865962648954337e-08,0.0939604640007019,2.922100065916311e-06,Yes,157.55599999999998,2.2482000000000006,0,2
CCC(=O)OC,0.006775643210858107,0.009243033826351166,0.02502695843577385,0.003295360831543803,0.0034194039180874825,0.0001520411460660398,0.038709111511707306,0.006783355493098497,0.010586130432784557,0.005503759253770113,0.0005482108681462705,0.0007677872199565172,-0.2697374224662781,5.025196401220455e-07,2.087890379698365e-06,4.596558245140159e-09,Yes,88.106,0.5694,0,2
Clc1ccccc1N(=O)=O,0.1113944724202156,0.012718905694782734,0.08074960857629776,0.01772649772465229,0.009362738579511642,0.0030914093367755413,0.08197356015443802,0.018383866176009178,0.02773541957139969,0.10449003428220749,0.012961757369339466,0.02315204218029976,-2.8192577362060547,5.636529820662872e-08,0.10626904666423798,2.4724338345549768e-06,Yes,157.55599999999998,2.2481999999999998,0,2
CCCCN(C)C(=O)Nc1ccc(Cl)c(Cl)c1,0.03776603192090988,0.012897063046693802,0.05652548372745514,0.010925577953457832,0.007438579108566046,0.0012926544295623899,0.06686171144247055,0.01581045798957348,0.021952476352453232,0.03611678630113602,0.004856551066040993,0.0070446934551000595,-4.522983074188232,3.6231202482639446e-09,0.011676698923110962,0.0030468718614429235,Yes,275.179,4.257200000000004,1,1
CN1CC(O)N(C1=O)c2nnc(s2)C(C)(C)C,0.0326099768280983,0.02733888104557991,0.05957571789622307,0.015536250546574593,0.01903707906603813,0.0019342289306223392,0.07720521837472916,0.02786797657608986,0.023965632542967796,0.03742681443691254,0.006250013597309589,0.007928615435957909,-2.206660270690918,0.00022053295106161386,0.0006423661834560335,1.1403550388422445e-06,Yes,256.33099999999996,1.0257999999999998,1,5
O=N(=O)c1ccccc1,0.1064654067158699,0.01608015038073063,0.07080837339162827,0.017734846100211143,0.012409050948917866,0.002518928376957774,0.08002927154302597,0.01878468133509159,0.026185153052210808,0.10119082033634186,0.011026464402675629,0.020360667258501053,-1.996788501739502,1.86012314884465e-07,0.008565823547542095,3.604033190640621e-05,Yes,123.11099999999996,1.5948,0,2
Ic1ccccc1,0.15780559182167053,0.002004368929192424,0.1917678862810135,0.019340617582201958,0.0009024960454553366,0.019447989761829376,0.11431646347045898,0.019167423248291016,0.05314524099230766,0.14201122522354126,0.07680362462997437,0.06138450279831886,-2.5129292011260986,1.6217461401568656e-11,0.08567502349615097,1.9799524579866556e-06,Yes,204.01000000000002,2.2912,0,0
CC2Nc1cc(Cl)c(cc1C(=O)N2c3ccccc3C)S(N)(=O)=O ,0.06138832867145538,0.013382211327552795,0.06265810132026672,0.012879003770649433,0.008869870565831661,0.0017991105560213327,0.06969805806875229,0.01627899520099163,0.020771706476807594,0.054417937994003296,0.006743127014487982,0.011164878495037556,-4.095944881439209,0.08303971588611603,0.01070029754191637,0.002299843356013298,Yes,365.8420000000001,2.7141199999999994,2,4
COc1ccccc1OCC(O)COC(N)=O,0.026270471513271332,0.016101500019431114,0.04446052387356758,0.00886967871338129,0.009044915437698364,0.0007712146616540849,0.058897342532873154,0.013995715416967869,0.017670873552560806,0.023664968088269234,0.0027420734986662865,0.004238309804350138,-1.1224257946014404,0.12804390490055084,6.103085070208181e-06,7.25799473002553e-05,Yes,241.24299999999994,0.5302000000000002,2,5
CCCCOCN(C(=O)CCl)c1c(CC)cccc1CC ,0.01473560556769371,0.01302534993737936,0.03459901362657547,0.0062203314155340195,0.006328832358121872,0.00043555189040489495,0.04959578812122345,0.011283359490334988,0.014369032345712185,0.013697270303964615,0.0015805952716618776,0.0021487970370799303,-4.516668796539307,0.00017408642452210188,0.011216951534152031,0.00041712462552823126,Yes,311.85300000000007,4.1574000000000035,0,2
Oc1cccc(Cl)c1Cl,0.15097950398921967,0.012726560235023499,0.10270502418279648,0.024900320917367935,0.010060466825962067,0.0059902421198785305,0.0958353653550148,0.025007249787449837,0.0376146137714386,0.15484288334846497,0.025266487151384354,0.040607795119285583,-2.117511510848999,0.00020614179084077477,0.000786328804679215,4.836478595393601e-08,Yes,163.003,2.699,1,1
CCCC(=O)OC,0.00653289258480072,0.009615575894713402,0.024763375520706177,0.003368617733940482,0.003611887339502573,0.0001538540527690202,0.039114829152822495,0.0071230982430279255,0.010687967762351036,0.005574879236519337,0.0005628772778436542,0.000764021126087755,-0.9927557110786438,3.2615864142826467e-07,3.356032175361179e-05,6.739276248168835e-09,Yes,102.13299999999998,0.9595,0,2
CCC(=O)Nc1ccc(Cl)c(Cl)c1,0.058661673218011856,0.012981696985661983,0.06796064227819443,0.014101111330091953,0.008203359320759773,0.0020685812924057245,0.07426470518112183,0.018087154254317284,0.02588021382689476,0.056105975061655045,0.007982208393514156,0.011983745731413364,-4.006978511810303,0.00017204941832460463,0.0651056319475174,0.00012336811050772667,Yes,218.08299999999997,3.3419000000000016,1,1
Nc3nc(N)c2nc(c1ccccc1)c(N)nc2n3,0.17816880345344543,0.024146968498826027,0.0908518061041832,0.03216604143381119,0.022799188271164894,0.005661234259605408,0.10306072235107422,0.03206906095147133,0.04032451659440994,0.18957683444023132,0.027243683114647865,0.04567081853747368,-2.6938493251800537,0.004912493750452995,3.029230200013444e-08,0.00030736246844753623,Yes,253.26900000000003,0.8334000000000001,3,7
CCCCCC(=O)OCC,0.006220066454261541,0.011105180718004704,0.0248106699436903,0.0037560455966740847,0.0044023883529007435,0.00017235087580047548,0.04105928912758827,0.008435669355094433,0.01128340233117342,0.006032153032720089,0.0006456338451243937,0.0008094203658401966,-2.446286916732788,7.63751245358435e-07,0.004151805303990841,4.6071854664653245e-10,Yes,144.21399999999997,2.1298000000000004,0,2
OCC(O)C2OC1OC(OC1C2O)C(Cl)(Cl)Cl ,0.01465366780757904,0.02159910276532173,0.058779891580343246,0.00979690719395876,0.01256614364683628,0.0014491769252344966,0.07103294134140015,0.02385537326335907,0.017545901238918304,0.016591060906648636,0.003401362570002675,0.003924159798771143,-1.0791281461715698,0.005797030404210091,8.127799810608849e-05,8.939159670262598e-06,Yes,309.529,-0.46289999999999937,3,6
CN(C=Nc1ccc(C)cc1C)C=Nc2ccc(C)cc2C,0.0471109077334404,0.022743672132492065,0.047679610550403595,0.01409692969173193,0.015546741895377636,0.0013116933405399323,0.06556355953216553,0.019375644624233246,0.022076569497585297,0.046152327209711075,0.005150008015334606,0.007861186750233173,-4.654050350189209,6.196104891387222e-07,0.012584701180458069,0.00459348876029253,Yes,293.41400000000004,4.871880000000004,0,2
COc1nc(NC(C)C)nc(NC(C)C)n1,0.02169201336801052,0.015162531286478043,0.03721645101904869,0.008037038147449493,0.00831726472824812,0.0005531219649128616,0.053918760269880295,0.013089429587125778,0.016721786931157112,0.02120942994952202,0.0023085942957550287,0.003244000254198909,-2.7106854915618896,3.446988472433077e-08,1.1047285624954384e-05,3.4138025739594013e-08,Yes,225.296,1.5208,2,6
CCCCCCC=C,0.005901477299630642,0.01234668493270874,0.023624297231435776,0.004063033033162355,0.005062752403318882,0.00017359080084133893,0.041970156133174896,0.00945631880313158,0.01191045343875885,0.006375548895448446,0.0006931372336111963,0.0008030901080928743,-4.845534801483154,3.0510183289493713e-21,0.04862164333462715,3.913908585673198e-05,Yes,112.216,3.142800000000002,0,0
Cc1ccc(N)cc1,0.08852940052747726,0.024414854124188423,0.05869000777602196,0.020451974123716354,0.019740112125873566,0.0023542328272014856,0.07689650356769562,0.024145765230059624,0.027869991958141327,0.09249213337898254,0.010389893315732479,0.016692623496055603,-1.4611539840698242,0.6397324204444885,1.4916201507730875e-05,0.005359822418540716,Yes,107.156,1.5772199999999998,1,1
Nc1nccs1 ,0.12169576436281204,0.008906933479011059,0.09164257347583771,0.017708349972963333,0.006041193846613169,0.003847477026283741,0.08266295492649078,0.017395222559571266,0.031011229380965233,0.11020761728286743,0.015857940539717674,0.026917235925793648,-0.1370801031589508,0.00032418943010270596,5.067865913588321e-07,0.0010442128404974937,Yes,100.14599999999999,0.7253000000000001,1,3
c1ccccc1(OC(=O)NC),0.053381334990262985,0.017121918499469757,0.05508960410952568,0.013011038303375244,0.01117558591067791,0.0013994203181937337,0.06928395479917526,0.016950735822319984,0.0226933304220438,0.04889604076743126,0.00555247301235795,0.009195145219564438,-1.9562263488769531,1.0886559920209038e-07,0.022087793797254562,0.0016273445216938853,Yes,151.165,1.4048,1,2
CCCC(O)CC,0.005191505420953035,0.011600395664572716,0.022886177524924278,0.0036696104798465967,0.004698374308645725,0.0001544490660307929,0.040416233241558075,0.008976575918495655,0.011016827076673508,0.005684009753167629,0.000610562099609524,0.0007094989996403456,-0.8479934334754944,4.010417695889313e-18,0.0006789354374632239,4.840053588850424e-05,Yes,102.17699999999999,1.5574,1,1
c3ccc2c(O)c1ccccc1cc2c3 ,0.18871845304965973,0.0262847151607275,0.09212982654571533,0.03524884954094887,0.025702940300107002,0.006269166246056557,0.10770333558320999,0.035319335758686066,0.043421339243650436,0.20682643353939056,0.030796729028224945,0.05071570351719856,-4.639876842498779,9.188570402329788e-05,0.0069250683300197124,0.0003532371483743191,Yes,194.23299999999998,3.6986000000000017,1,1
Cc1ccc2cc3ccccc3cc2c1,0.14703457057476044,0.02681135945022106,0.07901843637228012,0.030113585293293,0.024620644748210907,0.00456932932138443,0.09727085381746292,0.0320592038333416,0.038371067494153976,0.16013987362384796,0.021736711263656616,0.03494548425078392,-6.136329174041748,6.006971631222768e-08,0.0107833007350564,0.018930010497570038,Yes,192.261,4.301420000000002,0,0
Cc1cccc(C)c1C,0.05480612441897392,0.025394419208168983,0.04712811857461929,0.016177648678421974,0.018823903053998947,0.0015019872225821018,0.06715751439332962,0.021867310628294945,0.02336856722831726,0.058277424424886703,0.006267336197197437,0.009341476485133171,-2.7208728790283203,5.148316404302022e-07,0.000520582776516676,0.0004683276347350329,Yes,120.195,2.611860000000001,0,0
CNC(=O)Oc1ccc(N(C)C)c(C)c1,0.03067481517791748,0.016355914995074272,0.042839210480451584,0.009550929069519043,0.009398736990988255,0.0007773693650960922,0.05844319984316826,0.014084898866713047,0.01854793168604374,0.02766033634543419,0.003009331878274679,0.00461755832657218,-3.0657858848571777,3.580501584110607e-08,0.002491345629096031,6.36231925454922e-05,Yes,208.26099999999997,1.77922,1,3
CCCCCCCC(C)O,0.00538110313937068,0.012390563264489174,0.023706361651420593,0.003936885856091976,0.005136267282068729,0.00017170689534395933,0.04182329773902893,0.00967349112033844,0.011455608531832695,0.006050340365618467,0.0006733108311891556,0.0007682607974857092,-3.0725364685058594,1.954638773455315e-20,0.027025708928704262,1.93470123122097e-06,Yes,144.258,2.727700000000002,1,1
CN(C(=O)NC(C)(C)c1ccccc1)c2ccccc2,0.05836595594882965,0.025207573547959328,0.059988833963871,0.01770937070250511,0.018893197178840637,0.0021194729488343,0.07823488861322403,0.024678412824869156,0.02598271146416664,0.06239023804664612,0.008150279521942139,0.012280486524105072,-3.2598764896392822,1.5330886526498944e-05,0.018203718587756157,0.012236513197422028,Yes,268.36,3.767700000000003,1,1
CCCC(=O)CC,0.006169690750539303,0.011518112383782864,0.023823276162147522,0.0038719172589480877,0.004639533348381519,0.0001675943931331858,0.040942952036857605,0.008703157305717468,0.01151510514318943,0.006197381764650345,0.0006580768385902047,0.0007998667424544692,-1.537830114364624,5.276192815983904e-10,0.009128876030445099,2.8185811018488494e-08,Yes,100.16099999999999,1.7656,0,1
Oc1c(Br)cc(C#N)cc1Br ,0.16313552856445312,0.004593010991811752,0.19422666728496552,0.02580966241657734,0.0025097583420574665,0.020241059362888336,0.12144342064857483,0.025211693719029427,0.05556531250476837,0.14654690027236938,0.06574518233537674,0.06544727087020874,-3.49733304977417,0.10932118445634842,0.0007660814444534481,1.5794898899912369e-06,Yes,276.91499999999996,2.78888,1,2
Clc1ccc(cc1Cl)c2ccccc2 ,0.1657191812992096,0.01688842661678791,0.0983835980296135,0.02878572605550289,0.014495075680315495,0.006157924886792898,0.10095637291669846,0.02881576307117939,0.04045462608337402,0.17556607723236084,0.02769431471824646,0.04452567920088768,-5.114277362823486,5.784582812751182e-10,0.6658721566200256,3.2116473448695615e-05,Yes,223.102,4.660400000000002,0,0
CN(C(=O)COc1nc2ccccc2s1)c3ccccc3,0.08168152719736099,0.01859348826110363,0.06911954283714294,0.01837310753762722,0.013753945007920265,0.002573418663814664,0.08069103211164474,0.022066431120038033,0.028531786054372787,0.08082078397274017,0.010538111440837383,0.016986049711704254,-3.3152055740356445,0.16496148705482483,0.00022340613941196352,0.015316835604608059,Yes,298.367,3.3381000000000016,0,4
Oc1cccc2ncccc12 ,0.17822006344795227,0.023990629240870476,0.08835488557815552,0.032117534428834915,0.0228915736079216,0.005483186803758144,0.10240402817726135,0.03212863206863403,0.040462788194417953,0.19373321533203125,0.02714327536523342,0.04562537744641304,-1.665486454963684,0.14316023886203766,0.00028590718284249306,0.00019285536836832762,Yes,145.161,1.9404,1,2
CC1=C(SCCO1)C(=O)Nc2ccccc2,0.04730267450213432,0.023829814046621323,0.06409644335508347,0.016238445416092873,0.016660962253808975,0.00224493071436882,0.07894282042980194,0.025263428688049316,0.02517060935497284,0.048333343118429184,0.007325444836169481,0.010488704778254032,-1.6852097511291504,1.9045675799134187e-05,0.02616909146308899,0.0014327296521514654,Yes,235.30800000000002,2.620000000000001,1,3
CCOc2ccc1nc(sc1c2)S(N)(=O)=O ,0.04418453946709633,0.005581589415669441,0.05258265510201454,0.006550091318786144,0.0028677992522716522,0.0007814181735739112,0.05375349521636963,0.007723973598331213,0.014386249706149101,0.032315898686647415,0.003175344318151474,0.0059453342109918594,-2.7625749111175537,0.03207327425479889,2.3963491912581958e-05,0.0019134195754304528,Yes,258.324,1.3424,1,5
Oc1c(Cl)c(Cl)c(Cl)c(Cl)c1Cl,0.1379932165145874,0.007648652885109186,0.12382083386182785,0.02104445919394493,0.0052595301531255245,0.00740592647343874,0.09391983598470688,0.020989393815398216,0.03591218218207359,0.13154277205467224,0.026034804061055183,0.040379848331213,-4.412649154663086,7.198963647425671e-13,2.5019658567160263e-10,7.592464526008647e-16,Yes,266.33799999999997,4.6592,1,1
ClCBr,0.0029152785427868366,0.00015788982273079455,0.08551707863807678,0.0005049913306720555,1.2029283425363246e-05,0.00114584737457335,0.03262704983353615,0.0013860856415703893,0.005098611116409302,0.0008348061819560826,0.0006292714388109744,0.0005070673651061952,-0.913066029548645,9.32260046937472e-10,6.237414254428586e-06,9.645435739003005e-08,Yes,129.384,1.5776,0,0
CCC1(CC)C(=O)NC(=O)N(C)C1=O ,0.023176711052656174,0.03172352537512779,0.04995371401309967,0.01367085799574852,0.021189147606492043,0.0013101190561428666,0.0728452131152153,0.027440056204795837,0.022347616031765938,0.026547284796833992,0.004341633524745703,0.005176755599677563,-2.366450309753418,0.05354201793670654,6.415592361008748e-05,2.4873417103776774e-08,Yes,198.22199999999998,0.5009999999999999,1,3
CC(=O)OCC(=O)C3CCC4C2CCC1=CC(=O)CCC1(C)C2CCC34C ,0.025055892765522003,0.054136935621500015,0.06088390573859215,0.020586665719747543,0.04328092560172081,0.002519811736419797,0.09041588753461838,0.048000551760196686,0.027482567355036736,0.03518684580922127,0.007465846370905638,0.007868047803640366,-4.711730003356934,0.058306172490119934,0.00014848183491267264,1.868725121312309e-06,Yes,372.5050000000002,4.266700000000004,0,4
NC(=O)NCc1ccccc1 ,0.05004299432039261,0.02294391393661499,0.05746472254395485,0.01494020689278841,0.015735138207674026,0.0017466688295826316,0.07322745770215988,0.02093934640288353,0.02353418432176113,0.048114631325006485,0.006089325994253159,0.009642687626183033,-1.6321773529052734,0.08939874917268753,0.0007587918662466109,0.0007698657573200762,Yes,150.18099999999998,0.8548999999999998,2,1
CN(C)C(=O)Nc1ccc(C)c(Cl)c1,0.043345991522073746,0.01637738011777401,0.05431315302848816,0.012194184586405754,0.010061180219054222,0.0013637818628922105,0.06671660393476486,0.01698184758424759,0.021885640919208527,0.04016305133700371,0.005000564269721508,0.007668621372431517,-3.4650096893310547,4.807617415281129e-07,0.0032747702207416296,0.002153391484171152,Yes,212.67999999999998,2.7419200000000012,1,1
CON(C)C(=O)Nc1ccc(Cl)c(Cl)c1,0.04827822744846344,0.011614236049354076,0.06368938088417053,0.011331154964864254,0.0066978042013943195,0.0015575895085930824,0.0686882883310318,0.014962637796998024,0.022602614015340805,0.04174923524260521,0.00560411810874939,0.008860267698764801,-3.374783515930176,2.327765105292201e-05,0.357984334230423,0.0007376078283414245,Yes,249.09699999999998,3.0185000000000013,1,2
OC1CCCCCC1,0.014309791848063469,0.04064507782459259,0.04357586055994034,0.013693392276763916,0.02872542478144169,0.0011343040969222784,0.07387015223503113,0.036506544798612595,0.022012857720255852,0.021992862224578857,0.003931420389562845,0.003784092841669917,-0.8802354335784912,2.7116816454508808e-06,0.08254434168338776,3.2567467656008375e-07,Yes,114.188,1.7015,1,1
CS(=O)(=O)c1ccc(cc1)C(O)C(CO)NC(=O)C(Cl)Cl ,0.019058872014284134,0.007750687655061483,0.047380849719047546,0.0053755478002130985,0.003516271710395813,0.0006483726319856942,0.050902221351861954,0.008837470784783363,0.012239620089530945,0.014515619724988937,0.0018328104633837938,0.0029582232236862183,-1.8718395233154297,0.11545587331056595,1.4490039575321134e-05,0.00037890387466177344,Yes,356.2270000000001,0.40430000000000027,3,5
CCCC(C)C1(CC)C(=O)NC(=S)NC1=O ,0.021046191453933716,0.027125613763928413,0.052012111991643906,0.012690548785030842,0.016993192955851555,0.0013395157875493169,0.0728226751089096,0.02618337981402874,0.022031549364328384,0.024327795952558517,0.004243611823767424,0.004901262000203133,-3.6660242080688477,6.413806113414466e-05,0.0016210157191380858,6.30421652658697e-08,Yes,242.34400000000002,1.3498999999999999,2,3
CC(=O)Nc1nnc(s1)S(N)(=O)=O ,0.02858814224600792,0.003965031821280718,0.048655081540346146,0.0041814930737018585,0.001668396987952292,0.0005089030019007623,0.04577590897679329,0.005218182224780321,0.01053102407604456,0.01716531440615654,0.0016736104153096676,0.0033705937676131725,-1.4735729694366455,0.00021953748364467174,2.1241835668206477e-07,1.1344475751684513e-05,Yes,222.251,-0.8561000000000003,2,6
Oc1ccc(cc1)N(=O)=O,0.12071289122104645,0.016672581434249878,0.077667735517025,0.019858965650200844,0.013295314274728298,0.003052657702937722,0.08529249578714371,0.0205546747893095,0.02874959446489811,0.11652714014053345,0.013573713600635529,0.024782810360193253,-1.3307905197143555,0.0001442888897145167,3.1994622986530885e-05,1.2991356470593018e-06,Yes,139.10999999999999,1.3003999999999998,1,3
ClC1=C(Cl)C2(Cl)C3C4CC(C=C4)C3C1(Cl)C2(Cl)Cl,0.038339268416166306,0.03998585790395737,0.10023298859596252,0.026153719052672386,0.03172622621059418,0.007347005419433117,0.10943275690078735,0.05841658636927605,0.03242049366235733,0.05075414478778839,0.015803832560777664,0.016107257455587387,-7.601099967956543,4.054310920764692e-06,3.48661960742902e-05,0.0019637192599475384,No,364.914,5.270200000000002,0,0
C1CCOC1,0.012112351134419441,0.03194855526089668,0.03945930674672127,0.010652692057192326,0.020250353962183,0.0007907573017291725,0.06620626151561737,0.02814904786646366,0.019266480579972267,0.01694329082965851,0.002744879573583603,0.002762448275461793,0.25970199704170227,2.7405947303216216e-11,0.3143501877784729,1.1878852035351883e-07,Yes,72.107,0.7968,0,1
Nc1ccccc1N(=O)=O,0.11227016896009445,0.01707790419459343,0.073525570333004,0.019055722281336784,0.013473699800670147,0.0028076940216124058,0.08246025443077087,0.020108990371227264,0.02737135998904705,0.10756063461303711,0.012220087461173534,0.02229459397494793,-1.4904546737670898,0.0015640835044905543,0.00012620688357856125,0.00016785635671112686,Yes,138.126,1.177,1,3
Clc1cccc(c1Cl)c2cccc(Cl)c2Cl,0.16132445633411407,0.012565960176289082,0.10891494154930115,0.026563597843050957,0.009993406012654305,0.006864167749881744,0.09991898387670517,0.026288658380508423,0.040368806570768356,0.16566866636276245,0.028910519555211067,0.04537711292505264,-6.073507308959961,5.957508358162e-12,0.4092196822166443,4.316278250371397e-07,No,291.99199999999996,5.967200000000002,0,0
CCCCC1C(=O)N(N(C1=O)c2ccccc2)c3ccccc3 ,0.06644241511821747,0.029322102665901184,0.06512036174535751,0.02140115015208721,0.023532183840870857,0.002734593814238906,0.08626247197389603,0.030670728534460068,0.029966769739985466,0.07571569830179214,0.010933443903923035,0.01539656799286604,-4.3934807777404785,1.733043791318778e-05,0.020638657733798027,0.0034878000151365995,Yes,308.38100000000003,3.7878000000000025,0,2
Cc1c(cccc1N(=O)=O)N(=O)=O,0.07796115428209305,0.014570831321179867,0.06333579868078232,0.0138218579813838,0.01013284083455801,0.001792056136764586,0.07108602672815323,0.015499208122491837,0.021630316972732544,0.06898753345012665,0.007187092676758766,0.013316192664206028,-2.6622695922851562,1.866949105533422e-06,0.00021622632630169392,5.124230665387586e-05,Yes,182.135,1.8114200000000005,0,4
CC(=O)C1CCC2C3CCC4=CC(=O)CCC4(C)C3CCC12C,0.02775643952190876,0.06685114651918411,0.0640711784362793,0.025244778022170067,0.05865727737545967,0.003245891071856022,0.09798496216535568,0.06055651232600212,0.030542034655809402,0.042903654277324677,0.009841219522058964,0.009707944467663765,-5.243221282958984,0.00041256460826843977,0.018017064779996872,1.6131773463712307e-06,Yes,314.46900000000005,4.723500000000005,0,2
CCN(CC)c1nc(Cl)nc(n1)N(CC)CC,0.021386919543147087,0.011727394536137581,0.03874225914478302,0.007411248981952667,0.006032170262187719,0.0005477389204315841,0.053618449717760086,0.011903715319931507,0.0170111246407032,0.020735859870910645,0.002337077399715781,0.003197841113433242,-4.927855968475342,2.1710843192690454e-11,0.00018598957103677094,2.16812213693629e-06,Yes,257.76899999999995,2.2173999999999996,0,5
ClC(Cl)C(Cl)(Cl)SN2C(=O)C1CC=CCC1C2=O ,0.0198135357350111,0.01837724633514881,0.07249792665243149,0.010756888426840305,0.010258067399263382,0.0023501731920987368,0.07595601677894592,0.023538369685411453,0.01860744133591652,0.019479794427752495,0.004602851811796427,0.005474731791764498,-3.313382625579834,0.02554132044315338,8.139706187648699e-05,0.00034667225554585457,Yes,349.06600000000014,3.520900000000001,0,3
c1(Br)c(Br)cc(Br)cc1,0.1627679169178009,0.0014714488061144948,0.24939528107643127,0.023501934483647346,0.0006297340150922537,0.05056077614426613,0.13415184617042542,0.023207304999232292,0.06806880235671997,0.14389826357364655,0.12719304859638214,0.09090601652860641,-4.991200923919678,3.722912822468061e-07,0.28316530585289,3.5903331081499346e-06,Yes,314.802,3.974100000000001,0,0
OC3N=C(c1ccccc1)c2cc(Cl)ccc2NC3=O ,0.11414490640163422,0.030749458819627762,0.08989151567220688,0.030914422124624252,0.02755100466310978,0.00579973217099905,0.10396793484687805,0.03893999010324478,0.03879925236105919,0.12794873118400574,0.022243868559598923,0.03225032985210419,-3.885488510131836,0.0055743055418133736,0.008768687956035137,0.0010751954978331923,Yes,286.718,2.4478999999999997,2,3
O=C1NC(=O)NC(=O)C1(C(C)CCC)CC=C,0.0221882201731205,0.03262561187148094,0.05160712078213692,0.01385685708373785,0.02153574675321579,0.0013961975928395987,0.0748806968331337,0.028454773128032684,0.022797584533691406,0.02614680863916874,0.004429170861840248,0.0052323597483336926,-3.1056785583496094,9.571014743414707e-06,0.002625759458169341,1.3510660323845514e-07,Yes,238.28699999999995,1.3510999999999993,2,3
c1(O)c(C)ccc(C(C)C)c1,0.044086944311857224,0.02453809231519699,0.04791983217000961,0.014967424795031548,0.017360299825668335,0.0013930007116869092,0.06787396222352982,0.021858682855963707,0.022838715463876724,0.048089612275362015,0.005713183432817459,0.008104451932013035,-3.0656065940856934,6.019765805831412e-07,0.03019619733095169,0.00027718240744434297,Yes,150.22099999999998,2.824020000000001,1,1
C1SC(=S)NC1(=O),0.03273146227002144,0.017907001078128815,0.08669596910476685,0.013784781098365784,0.010344883427023888,0.0034030780661851168,0.08368049561977386,0.02596132829785347,0.023454852402210236,0.028631655499339104,0.006953755393624306,0.008950512856245041,-0.6266369819641113,2.518297333153896e-05,1.3629110640067665e-07,1.91157050721813e-06,Yes,133.197,0.13429999999999997,1,3
Oc1ccc(c(O)c1)c3oc2cc(O)cc(O)c2c(=O)c3O ,0.19488517940044403,0.024000294506549835,0.09811534732580185,0.034676454961299896,0.02327774465084076,0.006524792406708002,0.10831005871295929,0.03411487117409706,0.04334627091884613,0.2113153040409088,0.03211771324276924,0.053548991680145264,-1.448765516281128,0.003128637094050646,1.2304169558774447e-06,9.804503875443515e-09,Yes,302.23800000000006,1.9879999999999995,5,7
ClC1(C(=O)C2(Cl)C3(Cl)C14Cl)C5(Cl)C2(Cl)C3(Cl)C(Cl)(Cl)C45Cl,0.041652046144008636,0.03009088523685932,0.10752185434103012,0.02411450445652008,0.023587634786963463,0.007854539901018143,0.1065787598490715,0.05213850736618042,0.030169837176799774,0.054780952632427216,0.01650269515812397,0.017605114728212357,-6.606327056884766,1.7687926856524427e-06,2.108888565999223e-06,6.917503583281359e-07,Yes,490.6390000000001,4.6182,0,1
CCN(CC)C(=S)SSC(=S)N(CC)CC,0.007840665988624096,0.00599550548940897,0.03585287183523178,0.003189334413036704,0.0020147638861089945,0.00028927696985192597,0.04257059842348099,0.006532289087772369,0.010295295156538486,0.005819987040013075,0.0007717519765719771,0.0010610056342557073,-3.6148719787597656,6.592521822312847e-05,0.016053367406129837,1.6588026028330205e-06,Yes,296.5520000000001,3.6212000000000026,0,4
C1CCCCC1,0.012544258497655392,0.036212872713804245,0.03892293572425842,0.012017740868031979,0.024145731702446938,0.0008677630685269833,0.0689801499247551,0.032193996012210846,0.020762115716934204,0.01922036148607731,0.0032061769161373377,0.0030309990979731083,-3.404433012008667,5.9365358850982375e-08,0.03135150671005249,1.1649510724964784e-06,Yes,84.162,2.3406000000000002,0,0
ClC1=C(Cl)C(Cl)(C(=C1Cl)Cl)C2(Cl)C(=C(Cl)C(=C2Cl)Cl)Cl,0.04521122947335243,0.01591600850224495,0.12445655465126038,0.018729044124484062,0.009519742801785469,0.008387061767280102,0.10059042274951935,0.0342625267803669,0.029149508103728294,0.0422743484377861,0.014307706616818905,0.01662362925708294,-5.399417400360107,0.0020750199910253286,2.145500729966443e-06,3.901225227309624e-06,No,474.64,7.725599999999999,0,0
CN(C)C=Nc1ccc(Cl)cc1C,0.044406596571207047,0.01525902096182108,0.052272360771894455,0.012067073956131935,0.00939428061246872,0.0012698705540969968,0.06542135775089264,0.016492513939738274,0.022201891988515854,0.0420684777200222,0.005059379152953625,0.007613787893205881,-3.9754223823547363,7.214672748112605e-10,0.029610849916934967,0.02433321811258793,Yes,196.68099999999998,2.8698200000000007,0,1
CC34CCc1c(ccc2cc(O)ccc12)C3CCC4=O,0.08643782138824463,0.04943285137414932,0.08307694643735886,0.03490414842963219,0.04792816936969757,0.0058539193123579025,0.10918428748846054,0.05372665449976921,0.039403486996889114,0.11288459599018097,0.021734468638896942,0.02727941796183586,-5.198432922363281,0.006654111202806234,0.0024613463319838047,0.00018037250265479088,Yes,266.34,3.9444000000000026,1,2
CCCCCCCCO,0.004866502713412046,0.010888053104281425,0.021957945078611374,0.003430275246500969,0.004259991925209761,0.0001376842992613092,0.039196740835905075,0.008411163464188576,0.01070238184183836,0.005283719394356012,0.0005538624245673418,0.0006393891526386142,-3.3910622596740723,1.2909491009940495e-17,0.03972640633583069,0.0005136996041983366,Yes,130.23100000000002,2.3392000000000013,1,1
CCSCC,0.003375088330358267,0.004369085188955069,0.021193409338593483,0.001701622037217021,0.0012171019334346056,8.536839595763013e-05,0.03027680516242981,0.0041623469442129135,0.007263881154358387,0.002665179315954447,0.0002733138098847121,0.00035642331931740046,-1.2406589984893799,1.633265349006454e-23,0.00039989358629100025,0.009649173356592655,Yes,90.191,1.7593999999999999,0,1
ClCCCl,0.002984696999192238,0.001900903764180839,0.03223958611488342,0.0010972003219649196,0.0003795623779296875,0.0001493334857514128,0.028692763298749924,0.0027186765801161528,0.00559875275939703,0.0015084055485203862,0.00023348710965365171,0.0003291690081823617,-1.0447388887405396,4.396288932184689e-05,1.0850311809917912e-05,0.013160481117665768,Yes,98.96000000000001,1.464,0,0
CCC(C)(C)Cl,0.006901608780026436,0.011818299070000648,0.03331715986132622,0.00461966497823596,0.005146735347807407,0.0003480158338788897,0.04739172011613846,0.011252425611019135,0.011926490813493729,0.0072325244545936584,0.0010353007819503546,0.001230516005307436,-2.089794874191284,2.3460364055083992e-20,0.07827717810869217,0.005715250503271818,Yes,106.59599999999999,2.4138,0,0
ClCCBr,0.0034720709081739187,0.0005109390476718545,0.07664932310581207,0.0010429223766550422,6.37362027191557e-05,0.000990391825325787,0.0364680290222168,0.002756582573056221,0.00705874664708972,0.0014820470241829753,0.0008236493449658155,0.000676550786010921,-1.161887764930725,2.7247208436165238e-06,2.954107003461104e-06,0.0005283456412144005,Yes,143.411,1.6200999999999999,0,0
Nc1ccc(cc1)N(=O)=O,0.11491987109184265,0.017219288274645805,0.07529927790164948,0.01949002593755722,0.013638028874993324,0.0029212196823209524,0.08392667025327682,0.020475175231695175,0.028018368408083916,0.11013644933700562,0.012737240642309189,0.023141615092754364,-1.8139841556549072,0.009744295850396156,2.3802964278729632e-05,0.0001064319076249376,Yes,138.126,1.177,1,3
OCC1OC(OC2C(O)C(O)C(O)OC2CO)C(O)C(O)C1O,0.017568372189998627,0.04285626485943794,0.05371813103556633,0.015042917802929878,0.03163086622953415,0.0016194259515032172,0.07952763140201569,0.038140226155519485,0.022529272362589836,0.024493055418133736,0.00478376867249608,0.005125389434397221,0.49904102087020874,0.0014064714778214693,2.757616635040705e-10,7.738272245205735e-08,No,342.297,-5.397199999999993,8,11
CCN2c1ncccc1N(CC)C(=O)c3cccnc23 ,0.06628139317035675,0.02311776764690876,0.05909152328968048,0.018093107268214226,0.01738247275352478,0.002040558261796832,0.07761093229055405,0.023863893002271652,0.027173303067684174,0.0697031319141388,0.008837885223329067,0.01313766185194254,-3.37416410446167,0.0005596570554189384,0.010720517486333847,0.0005383844254538417,Yes,268.32,2.614700000000001,0,4
Clc1ccccc1,0.13790906965732574,0.014868299476802349,0.0861089900135994,0.023799369111657143,0.01202377863228321,0.004497160669416189,0.09050337225198746,0.024527672678232193,0.03522094339132309,0.14448650181293488,0.02036914974451065,0.033146318048238754,-2.3349475860595703,1.130968305118607e-10,0.7531196475028992,1.8108876247424632e-05,Yes,112.55899999999997,2.34,0,0
CCCCCCCC=C,0.005857597570866346,0.012442146427929401,0.023648854345083237,0.004078984726220369,0.0051213521510362625,0.0001746623747749254,0.042072754353284836,0.00955568440258503,0.011911536566913128,0.006385288666933775,0.0006976716103963554,0.0008040989632718265,-5.270422458648682,8.2059160198616e-21,0.05363917723298073,8.256507862824947e-05,Yes,126.243,3.5329000000000024,0,0
Brc1ccc(I)cc1,0.18244525790214539,0.0007784935878589749,0.25959739089012146,0.02090643346309662,0.00028904786449857056,0.05322093516588211,0.13860240578651428,0.019444547593593597,0.07471805810928345,0.15648218989372253,0.1689731329679489,0.10281182825565338,-3.8422720432281494,2.9258084843775123e-10,0.6089162826538086,3.437481836954248e-07,Yes,282.90599999999995,3.053700000000001,0,0
CCC(C)(O)CC,0.006668296176940203,0.015141027979552746,0.026997391134500504,0.00490801315754652,0.00699832895770669,0.00024714096798561513,0.04613703861832619,0.011924991384148598,0.012591967359185219,0.007726601790636778,0.0009285175474360585,0.001070745987817645,-0.2684018611907959,7.682461247258824e-16,0.05377315729856491,1.0079057588541218e-09,Yes,102.17699999999998,1.5574,1,1
CCCCCc1ccccc1,0.02833608351647854,0.0186405498534441,0.03912852331995964,0.010404601693153381,0.011525552719831467,0.0007680444978177547,0.05945557355880737,0.016615016385912895,0.019286369904875755,0.031158026307821274,0.0033629953395575285,0.00463099917396903,-4.551088333129883,6.87788975078929e-12,0.3345942795276642,0.0324748195707798,Yes,148.249,3.4193000000000024,0,0
NC(=O)NC1NC(=O)NC1=O ,0.03671477735042572,0.03918610140681267,0.07428255677223206,0.019045138731598854,0.028076693415641785,0.0030057074036449194,0.0911879688501358,0.03536317124962807,0.027446158230304718,0.037663720548152924,0.007565614301711321,0.010073012672364712,-0.26180076599121094,4.4455558963818476e-05,4.331598029239103e-05,2.90922940848759e-07,Yes,158.117,-2.1798,4,3
OCC(O)COC(=O)c1ccccc1Nc2ccnc3cc(Cl)ccc23,0.079378642141819,0.019148914143443108,0.07162027806043625,0.01880536414682865,0.014283760450780392,0.002681943355128169,0.0841316506266594,0.02345123700797558,0.029587239027023315,0.08152885735034943,0.011095910333096981,0.01738099753856659,-3.506256580352783,0.10083270072937012,0.008772086352109909,0.006960175931453705,Yes,372.80800000000016,3.141800000000001,3,6
ClC(Cl)C(c1ccc(Cl)cc1)c2ccc(Cl)cc2,0.07848969846963882,0.01443002000451088,0.08356592059135437,0.017816534265875816,0.009968630969524384,0.0037643318064510822,0.08306463062763214,0.02235078252851963,0.027948549017310143,0.07637806236743927,0.012619790621101856,0.018805047497153282,-5.922366619110107,1.52250919427388e-07,0.20008884370326996,9.720748721520067e-07,No,320.04600000000005,5.929000000000003,0,0
CC(=O)OC3CCC4C2CCC1=CC(=O)CCC1(C)C2CCC34C ,0.026649583131074905,0.0604441836476326,0.062425121665000916,0.02295909821987152,0.050994548946619034,0.0028711543418467045,0.09419987350702286,0.054378312081098557,0.029041403904557228,0.03934468328952789,0.008676067925989628,0.008830323815345764,-4.868849277496338,0.0004788620281033218,0.0007376176654361188,2.7325509108777624e-06,Yes,330.4680000000001,4.450000000000004,0,3
Clc1cccc2ccccc12,0.16977421939373016,0.019367970526218414,0.09357629716396332,0.030205469578504562,0.017308495938777924,0.005871452856808901,0.1014384850859642,0.030306575819849968,0.040842875838279724,0.18271668255329132,0.027602048590779305,0.04472361132502556,-4.902169704437256,8.446656152294452e-10,0.6990802884101868,0.00043484705383889377,Yes,162.61899999999997,3.4932000000000016,0,0
CCN2c1ccccc1N(C)C(=O)c3ccccc23 ,0.07614191621541977,0.025431420654058456,0.06218867748975754,0.020312966778874397,0.020009275525808334,0.0024365519639104605,0.08113840967416763,0.0260999146848917,0.028854213654994965,0.07987719774246216,0.010361122898757458,0.0156046561896801,-4.328688144683838,1.639805304876063e-05,0.019577976316213608,0.0009997354354709387,Yes,252.31699999999995,3.4346000000000023,0,2
CCCCC(C)O,0.005311539862304926,0.012001067399978638,0.023580672219395638,0.003811777103692293,0.004919965285807848,0.000165741570526734,0.04127893224358559,0.009342976845800877,0.011239441111683846,0.005862636491656303,0.0006450071814469993,0.0007464648806490004,-0.953079879283905,4.322084333816884e-22,0.0041777282021939754,8.20022734160375e-08,Yes,102.17699999999998,1.5574,1,1
CCCC1CCCC1,0.009777835570275784,0.02562113292515278,0.032528966665267944,0.008432116359472275,0.014860528521239758,0.0005005440907552838,0.05818832665681839,0.0216346625238657,0.017054595053195953,0.013585785403847694,0.001951555605046451,0.0019652170594781637,-5.0120849609375,3.0015698043381334e-13,0.03528034687042236,5.230725037108641e-06,Yes,112.21600000000001,2.976700000000002,0,0
CCOC(=O)c1cncn1C(C)c2ccccc2,0.04884609207510948,0.021159090101718903,0.05294308811426163,0.014344626106321812,0.014578057453036308,0.0014873268082737923,0.06984543800354004,0.020045273005962372,0.022966960445046425,0.04977348446846008,0.005959071218967438,0.009030130691826344,-2.5898854732513428,0.0010240243282169104,0.0011667924700304866,0.00019282336870674044,Yes,244.294,2.669100000000001,0,3
Oc1ccc(Cl)c(Cl)c1,0.1529175341129303,0.012553275562822819,0.10431091487407684,0.025068214163184166,0.009901830926537514,0.006096608471125364,0.0965740829706192,0.024994898587465286,0.03816341236233711,0.15620070695877075,0.025803348049521446,0.041279178112745285,-2.3427088260650635,2.2211417672224343e-05,0.0019249108154326677,1.0314188614302111e-07,Yes,163.00300000000001,2.6990000000000007,1,1
CC1(C)C(C=C(Cl)Cl)C1C(=O)OC(C#N)c2cccc(Oc3ccccc3)c2,0.059196587651968,0.025111641734838486,0.07433202117681503,0.019118206575512886,0.01848575286567211,0.00316786952316761,0.08686641603708267,0.028481174260377884,0.027785541489720345,0.06174299493432045,0.0102473059669137,0.01459323801100254,-5.508315086364746,0.39840754866600037,0.2527671456336975,0.004191558342427015,No,416.30400000000014,6.177980000000004,0,4
c2ccc1ocnc1c2,0.17595264315605164,0.021636847406625748,0.08658897131681442,0.029959971085190773,0.020302630960941315,0.004973991308361292,0.09908441454172134,0.029485289007425308,0.03881577402353287,0.18936558067798615,0.025297028943896294,0.04336594045162201,-1.923383355140686,0.009024368599057198,2.3429061002389062e-06,0.0020738986786454916,Yes,119.12299999999998,1.8277999999999999,0,2
CCCCCO,0.004570040386170149,0.009874916635453701,0.021069688722491264,0.003096610074862838,0.003710040356963873,0.00011927115701837465,0.037461057305336,0.007567232940346003,0.010140467435121536,0.0047767274081707,0.00048077452811412513,0.0005672908155247569,-1.0043678283691406,9.248584833405357e-18,0.015420924872159958,0.00014008283324074,Yes,88.14999999999999,1.1689,1,1
CCN(CC)c1ccccc1,0.03277987614274025,0.01667904108762741,0.04117947444319725,0.010439370758831501,0.010261379182338715,0.0007957890629768372,0.06039220094680786,0.015635861083865166,0.01990550011396408,0.03421527147293091,0.003608088241890073,0.005204433109611273,-3.0839600563049316,1.633010567048121e-11,0.009018144570291042,0.0015104833291843534,Yes,149.237,2.532800000000001,0,1
Fc1cccc(F)c1,0.1443527191877365,0.019692355766892433,0.08026422560214996,0.02503078617155552,0.017245879396796227,0.0039638192392885685,0.09079420566558838,0.025936074554920197,0.03370710462331772,0.15243595838546753,0.018996212631464005,0.0329265259206295,-2.3273491859436035,4.644050335261829e-12,0.002333864336833358,0.000872639415320009,Yes,114.094,1.9648,0,0
ClCCC#N ,0.007967322133481503,0.006974824238568544,0.035232532769441605,0.0033982249442487955,0.0023565287701785564,0.00029235761030577123,0.042539484798908234,0.006774420849978924,0.01098712906241417,0.005559436045587063,0.000752580352127552,0.0010532591259106994,-0.6893101334571838,0.03467988595366478,0.00016866014630068094,6.793972495700018e-09,Yes,89.525,1.1388800000000001,0,1
CC(C)(C)Cc1ccccc1,0.03685422241687775,0.025009557604789734,0.047573190182447433,0.014342921786010265,0.017744865268468857,0.0013253019424155354,0.06928396970033646,0.022969529032707214,0.02252642996609211,0.04320769011974335,0.005403357557952404,0.007344063371419907,-4.399806499481201,7.065182927590286e-08,0.4005067050457001,0.004361653234809637,Yes,148.249,3.2752000000000017,0,0
O=C1NC(=O)NC(=O)C1(CC)c1ccccc1,0.06382524222135544,0.0399138368666172,0.07418573647737503,0.025524606928229332,0.0334651954472065,0.0038312419783324003,0.09598685801029205,0.04022153839468956,0.03268364816904068,0.07453624904155731,0.013042224571108818,0.017262868583202362,-2.692946195602417,8.528410398866981e-05,0.0017750924453139305,4.034024641441647e-06,Yes,232.239,0.7003999999999997,2,3
Clc1ccccc1I,0.15554724633693695,0.002046441426500678,0.19288386404514313,0.019004927948117256,0.0009410101920366287,0.018790654838085175,0.1117628663778305,0.018726222217082977,0.050652772188186646,0.13982675969600677,0.07031850516796112,0.06092989817261696,-3.2581872940063477,1.5272805589661154e-11,0.7876245379447937,4.091651106818972e-08,Yes,238.45499999999998,2.9446000000000003,0,0
c2ccc1[nH]nnc1c2,0.1811838150024414,0.021906279027462006,0.08920682221651077,0.03085212968289852,0.020544908940792084,0.005270225927233696,0.10154545307159424,0.030098652467131615,0.039750706404447556,0.19367064535617828,0.02666245959699154,0.045352209359407425,-2.0460031032562256,4.383804844110273e-05,9.40565405471716e-06,0.0036455763038247824,Yes,119.127,0.9578999999999998,1,2
CNC(=O)Oc1cccc2CC(C)(C)Oc12,0.041508227586746216,0.02620651386678219,0.05592985078692436,0.015495965257287025,0.01837771013379097,0.0016972592566162348,0.07490922510623932,0.024416564032435417,0.024191243574023247,0.043678123503923416,0.00616915849968791,0.008612831123173237,-2.9644675254821777,7.081324042701453e-07,0.3226276636123657,6.797387322876602e-05,Yes,221.25599999999994,2.1183,1,3
Cc1cccc(C)c1O,0.07332699745893478,0.024994878098368645,0.05399620905518532,0.018719419836997986,0.01958140917122364,0.001988579286262393,0.07268296927213669,0.023409144952893257,0.025883415713906288,0.07731077820062637,0.008556760847568512,0.013331430964171886,-1.5855138301849365,7.375953282462433e-05,0.002286267001181841,0.00016782131569925696,Yes,122.16699999999999,2.00904,1,1
CC(C)C(C)O,0.006604552734643221,0.015860306099057198,0.028707198798656464,0.005119710229337215,0.007287911605089903,0.00027771518216468394,0.04801284894347191,0.012669852003455162,0.013047179207205772,0.00774785690009594,0.0009862844599410892,0.0011255693389102817,-0.19669084250926971,9.081185552807222e-20,0.016902104020118713,8.340951751506509e-08,Yes,88.14999999999999,1.0231999999999999,1,1
c1ccccc1C(O)c2ccccc2,0.095928855240345,0.028679735958576202,0.06817087531089783,0.0241103358566761,0.024785449728369713,0.003334261244162917,0.08629447966814041,0.02970551699399948,0.030428454279899597,0.105973020195961,0.013785715214908123,0.021745573729276657,-2.5515873432159424,0.0012165553634986281,0.00017603504238650203,0.001061078510247171,Yes,184.238,2.768300000000001,1,1
CCCCCCCCCC(=O)OC,0.006099226884543896,0.011294808238744736,0.024588346481323242,0.0037844814360141754,0.0045084101147949696,0.00017134642985183746,0.04114430025219917,0.008606743067502975,0.011319590732455254,0.006043215747922659,0.0006494119297713041,0.0008013334008865058,-4.275579929351807,2.7154862559941595e-13,0.06882410496473312,2.8550441584229702e-06,Yes,186.295,3.3001000000000023,0,2
COP(=S)(OC)Oc1ccc(cc1Cl)N(=O)=O,0.0399857833981514,0.005105712916702032,0.05718464031815529,0.0056265476159751415,0.0024039791896939278,0.0007387723890133202,0.05472695454955101,0.007074740249663591,0.01351336482912302,0.026752818375825882,0.002681184560060501,0.0053298259153962135,-5.160568714141846,3.9194512219120625e-11,0.0848299190402031,9.091104584513232e-05,Yes,297.656,3.144300000000002,0,6
CC(C)CBr,0.006316746585071087,0.0028572322335094213,0.05838204547762871,0.0032117331866174936,0.000733580207452178,0.0008932196069508791,0.04985375329852104,0.00812576524913311,0.012942287139594555,0.0053658680990338326,0.0018572339322417974,0.001440120511688292,-2.1644835472106934,2.6730724065684395e-19,0.02343534678220749,0.0032146195881068707,Yes,137.01999999999998,2.0373,0,0
CCI,0.005327627062797546,0.00013312467490322888,0.12125540524721146,0.001323889591731131,1.2533712833828758e-05,0.004805356729775667,0.05201305076479912,0.0034867296926677227,0.013546223752200603,0.002947189612314105,0.005441741552203894,0.0019574929028749466,-1.4366084337234497,2.3510712212524622e-20,1.780845536814013e-06,5.037175924371695e-06,Yes,155.966,1.4413,0,0
CN(C)C(=O)Oc1nc(nc(C)c1C)N(C)C,0.026164503768086433,0.016258466988801956,0.04029636085033417,0.00878622755408287,0.009060717187821865,0.0006788892205804586,0.0557786226272583,0.013517744839191437,0.017320681363344193,0.02371259406208992,0.0025618807412683964,0.003850528271868825,-2.761969804763794,4.671257269883711e-10,0.0019935842137783766,7.461222821802949e-07,Yes,238.29099999999997,1.2198399999999998,0,5
CCCCCCBr,0.005283719394356012,0.0038043190725147724,0.04061935096979141,0.002893890021368861,0.0010454630246385932,0.00042147826752625406,0.04374159127473831,0.007281345780938864,0.011488675139844418,0.004706024657934904,0.0010958965867757797,0.0009517727303318679,-3.8862905502319336,3.4996266883013997e-20,0.01800435595214367,0.010023904033005238,Yes,165.074,2.9616000000000016,0,0
CCCC(C)C,0.005083687137812376,0.011780334636569023,0.02197512984275818,0.0037287804298102856,0.004787297919392586,0.00014823413221165538,0.04024776816368103,0.009140006266534328,0.01120059099048376,0.005789666902273893,0.0006173963192850351,0.0006902408204041421,-4.065334796905518,3.017927908771723e-26,0.00603950209915638,3.8175576833054947e-07,Yes,86.178,2.442500000000001,0,0
Cc1c(F)c(F)c(COC(=O)C2C(C=C(Cl)C(F)(F)F)C2(C)C)c(F)c1F,0.04042908921837807,0.023674113675951958,0.06454068422317505,0.015004963614046574,0.016481921076774597,0.002115100622177124,0.07754687964916229,0.02460574544966221,0.022830437868833542,0.04268491640686989,0.006635166704654694,0.009415564127266407,-6.004916667938232,0.0003432098310440779,0.03338734060525894,1.439431889593834e-05,No,418.7360000000001,5.551820000000002,0,2
CCc1cccc(C)c1N(C(C)COC)C(=O)CCl ,0.017589733004570007,0.013697669841349125,0.03739473223686218,0.0069139208644628525,0.006929903291165829,0.0005341790965758264,0.051792211830616,0.012086388655006886,0.015128937549889088,0.01612435095012188,0.0018838976975530386,0.002632680581882596,-3.60640287399292,0.0003036503621842712,0.0007071939762681723,0.0018415546510368586,Yes,283.7989999999999,3.1641200000000014,0,2
ON=Cc1ccc(o1)N(=O)=O ,0.07158420979976654,0.014206523075699806,0.0676894411444664,0.013056337833404541,0.0092484625056386,0.0018149379175156355,0.07268878817558289,0.015025626868009567,0.021773800253868103,0.05752198025584221,0.006601715926080942,0.012345580384135246,-1.411450982093811,6.917377504578326e-06,4.542021270026453e-05,2.74080616691208e-06,Yes,156.09699999999998,0.9959,1,5
CC(C)C(Nc1ccc(cc1Cl)C(F)(F)F)C(=O)OC(C#N)c2cccc(Oc3ccccc3)c2,0.05719933286309242,0.021688301116228104,0.0655539482831955,0.016536565497517586,0.01561040710657835,0.0022602719254791737,0.0789448469877243,0.023010529577732086,0.025267839431762695,0.058841075748205185,0.00809942465275526,0.012471528723835945,-5.280791759490967,0.0032050721347332,0.04864596948027611,0.0012290728045627475,No,502.9200000000002,7.395680000000005,1,5
Nc1nc[nH]n1,0.14184394478797913,0.0179623831063509,0.0781654641032219,0.02305203676223755,0.015325656160712242,0.003524486906826496,0.08683143556118011,0.023044299334287643,0.031504131853580475,0.1438475102186203,0.01699899323284626,0.03039931133389473,0.5932185649871826,0.00010496311733732,7.165035925682517e-12,5.097196117276326e-05,Yes,84.082,-0.6131000000000002,2,3
BrC(Br)Br,0.00261715822853148,5.9564416005741805e-05,0.14503777027130127,0.0005155776743777096,3.2025720884121256e-06,0.011995884589850903,0.04029260575771332,0.001604967750608921,0.005135540850460529,0.0007001741323620081,0.0018891026265919209,0.0008422325481660664,-1.4723721742630005,1.8030858939255268e-07,1.2487099411373492e-05,3.478500126830042e-11,Yes,252.731,2.4547,0,0
COP(=O)(OC)C(O)C(Cl)(Cl)Cl,0.0060438974760472775,0.0027560782618820667,0.04009363427758217,0.0017607160843908787,0.00076544180046767,0.00023718031297903508,0.03616730868816376,0.0036810177844017744,0.006308040115982294,0.0034312731586396694,0.00045655391295440495,0.0007626575534231961,-0.720291018486023,0.00491291331127286,0.032022323459386826,8.362548875595621e-09,Yes,257.437,2.1609000000000003,1,4
CCOP(=S)(OCC)SCn1c(=O)oc2cc(Cl)ccc12,0.03482480347156525,0.0064318678341805935,0.05458905175328255,0.006337390281260014,0.0031438476871699095,0.0007872724090702832,0.05631260573863983,0.008816736750304699,0.014786921441555023,0.026337776333093643,0.002899890998378396,0.0051066335290670395,-5.2346577644348145,2.314771563760587e-06,0.5169443488121033,0.00017544654838275164,Yes,367.8160000000001,4.236100000000003,0,6
OCc1ccccc1,0.05570954084396362,0.020540283992886543,0.05003344267606735,0.01460601668804884,0.014725347980856895,0.0014191948575899005,0.06762384623289108,0.019275391474366188,0.022794624790549278,0.05658227205276489,0.006093286909162998,0.009635640308260918,-1.1052398681640625,0.00013545708497986197,0.0001717622362775728,0.09178414195775986,Yes,108.13999999999997,1.1789,1,1
O=c2c(C3CCCc4ccccc43)c(O)c1ccccc1o2 ,0.11933926492929459,0.03291013091802597,0.08079662173986435,0.03130336105823517,0.030800625681877136,0.004990789107978344,0.10079031437635422,0.03868364170193672,0.03791869431734085,0.1400412917137146,0.021683344617486,0.03169509768486023,-4.6324462890625,2.86111152547619e-08,0.014211438596248627,0.0005549158668145537,Yes,292.33400000000006,3.9668000000000028,1,3
Oc1ccc(Br)cc1,0.1716175377368927,0.0069074188359081745,0.15354715287685394,0.027707574889063835,0.0044934628531336784,0.013726695440709591,0.11486376076936722,0.027161266654729843,0.05174665153026581,0.17235738039016724,0.054850902408361435,0.061283305287361145,-1.527637243270874,0.24559345841407776,0.004404907114803791,5.423394395620562e-05,Yes,173.00900000000001,2.1547,1,1
CC(C)Br,0.00841514952480793,0.0016660833498463035,0.09678205102682114,0.0037357874680310488,0.000374453462427482,0.002517715096473694,0.060538388788700104,0.009215506725013256,0.016339637339115143,0.006701307371258736,0.004332464653998613,0.0027286952827125788,-1.7004632949829102,2.436337911601159e-21,0.0003552075941115618,0.010918356478214264,Yes,122.993,1.7897,0,0
CC(C)CC(C)(C)C,0.007213164586573839,0.017390113323926926,0.028101427480578423,0.00569310924038291,0.00850933138281107,0.0002966480969917029,0.048924919217824936,0.013920236378908157,0.013666447252035141,0.008931722491979599,0.0011352677829563618,0.0012485969346016645,-4.834618091583252,1.4729563055371209e-12,0.31282082200050354,0.0001645252195885405,Yes,114.23199999999999,3.0786000000000016,0,0
O=N(=O)c1cc(cc(c1)N(=O)=O)N(=O)=O,0.0882401391863823,0.012054829858243465,0.07116620242595673,0.013272387906908989,0.00822913646697998,0.0019128459971398115,0.07372905313968658,0.013902431353926659,0.02165253832936287,0.07361072301864624,0.007694030646234751,0.01514267735183239,-3.48549747467041,1.1813954259309867e-08,6.03641128691379e-05,3.7077268189023016e-07,Yes,213.10499999999996,1.4112,0,6
CN2C(=O)CN=C(c1ccccc1)c3cc(ccc23)N(=O)=O,0.09213278442621231,0.02722996287047863,0.07487770169973373,0.02350306510925293,0.0226002000272274,0.0034878081642091274,0.09086622297763824,0.029621992260217667,0.0314859040081501,0.09615805000066757,0.013751747086644173,0.021280761808156967,-3.9115519523620605,4.356915087555535e-05,0.020462268963456154,0.0008898412925191224,Yes,295.29800000000006,2.4086000000000007,0,4
CCC,0.0034096678718924522,0.007196584716439247,0.015891171991825104,0.002191964304074645,0.0023491056635975838,6.139878678368405e-05,0.031126024201512337,0.005339565221220255,0.008617246523499489,0.003466950496658683,0.0002894692588597536,0.00033441404229961336,-1.8766849040985107,1.351004110727878e-26,8.89017028384842e-05,3.3957410217055894e-09,Yes,44.096999999999994,1.4163,0,0
Nc1cc(nc(N)n1=O)N2CCCCC2 ,0.0672728568315506,0.028554394841194153,0.06572195887565613,0.021641744300723076,0.023753011599183083,0.0027337849605828524,0.08631276339292526,0.031536687165498734,0.029493100941181183,0.08056570589542389,0.011592536233365536,0.01589934714138508,-1.6680691242218018,0.0035363060887902975,6.613136065425351e-06,0.010035333223640919,Yes,209.25299999999996,-0.1303000000000003,2,5
Nc2cccc3nc1ccccc1cc23 ,0.18844175338745117,0.02623075433075428,0.092424176633358,0.035147424787282944,0.02557564154267311,0.006271617021411657,0.10754154622554779,0.035138096660375595,0.043235912919044495,0.20561741292476654,0.0306722279638052,0.05051466450095177,-4.240478038787842,0.028851866722106934,0.00021803405252285302,0.004637140315026045,Yes,194.23700000000002,2.970200000000001,1,2
c1ccc2cc3c4cccc5cccc(c3cc2c1)c45,0.2080865502357483,0.028080247342586517,0.09864089637994766,0.03931955620646477,0.028193101286888123,0.0074544670060276985,0.11465681344270706,0.038791757076978683,0.047543708235025406,0.22891059517860413,0.03676699846982956,0.059487659484148026,-7.9722819328308105,1.184174203139321e-09,0.0626974031329155,0.00915652234107256,No,252.31599999999997,5.640400000000003,0,0
OC(c1ccc(Cl)cc1)(c2ccc(Cl)cc2)C(Cl)(Cl)Cl,0.07110835611820221,0.012942755594849586,0.08719517290592194,0.016302339732646942,0.00863271951675415,0.0037729714531451464,0.08319327235221863,0.021062934771180153,0.025981351733207703,0.0694030150771141,0.011694937944412231,0.017546968534588814,-4.958255290985107,0.0015253614401444793,0.03232871741056442,0.00010742698214016855,No,370.49,5.599500000000002,1,1
C1Cc2cccc3cccc1c23,0.12082523107528687,0.03661021217703819,0.07839994877576828,0.03264526277780533,0.03459769859910011,0.0051573351956903934,0.10044268518686295,0.040262918919324875,0.03810610994696617,0.14041781425476074,0.021600035950541496,0.031557757407426834,-6.254995822906494,2.7541421920851406e-10,0.0007519915234297514,0.06670049577951431,Yes,154.21199999999996,2.9384000000000015,0,0
CCOP(=S)(OCC)SC(CCl)N2C(=O)c1ccccc1C2=O,0.024909932166337967,0.008859317749738693,0.05266943201422691,0.006389368325471878,0.004255116451531649,0.0007893472211435437,0.05774315819144249,0.01048927940428257,0.014353933744132519,0.01925256848335266,0.00244414946064353,0.003954776097089052,-5.225559711456299,6.541077368638071e-07,0.33671897649765015,2.926141462467058e-07,Yes,393.85400000000016,3.878200000000003,0,6
Brc1ccc(Br)cc1,0.1816299855709076,0.002004549140110612,0.23382717370986938,0.026257464662194252,0.0009499409352429211,0.038519904017448425,0.1344863325357437,0.024753019213676453,0.07070953398942947,0.16805121302604675,0.12302762269973755,0.09320322424173355,-3.7920875549316406,5.5754973971033905e-08,0.589786171913147,3.347737219883129e-05,Yes,235.90599999999998,3.2116000000000007,0,0
Cn2c(=O)on(c1ccc(Cl)c(Cl)c1)c2=O,0.12885746359825134,0.014393627643585205,0.08628088980913162,0.021913759410381317,0.011234937235713005,0.004034901037812233,0.08773248642683029,0.022610114887356758,0.03313417360186577,0.12856048345565796,0.017916666343808174,0.029593702405691147,-3.9730281829833984,5.267776828077331e-07,0.05028733238577843,1.5970373112850211e-07,Yes,261.064,1.4359999999999997,0,3
Oc1ccc(cc1)c2ccccc2,0.17231620848178864,0.02481650933623314,0.08613496273756027,0.031911808997392654,0.023653913289308548,0.005322876386344433,0.10183817148208618,0.0324217826128006,0.040167730301618576,0.18876029551029205,0.02615506388247013,0.04372468590736389,-2.5880446434020996,0.00137741444632411,0.0010803635232150555,0.0006453748792409897,Yes,170.211,3.0592000000000015,1,1
CC1=C(CCCO1)C(=O)Nc2ccccc2 ,0.050092458724975586,0.03127351775765419,0.062015607953071594,0.019305769354104996,0.02409755438566208,0.0023505811113864183,0.08326142281293869,0.030528996139764786,0.027575518935918808,0.05673452466726303,0.008510727435350418,0.011602288112044334,-2.27287220954895,1.5494331819354557e-05,0.057474005967378616,0.0013333553215488791,Yes,217.26800000000003,2.709500000000001,1,2
CCOC=C,0.006564977113157511,0.009768499992787838,0.024544432759284973,0.0033936903346329927,0.0036067941691726446,0.0001513120805611834,0.03935467079281807,0.007117657456547022,0.010964369401335716,0.0055571747943758965,0.0005525326705537736,0.0007530355942435563,0.299648642539978,1.907105584564306e-10,0.010745761916041374,2.2274120055953972e-05,Yes,72.10700000000001,1.1664,0,1
CCC#C,0.008526132442057133,0.01190195418894291,0.02576339617371559,0.004458582494407892,0.004822928924113512,0.0002039136306848377,0.04281006008386612,0.008638990111649036,0.012889956124126911,0.007572853937745094,0.0007933744927868247,0.0010297023691236973,-0.738016664981842,2.2462053799675004e-15,0.22943967580795288,3.466048497102747e-07,Yes,54.09199999999999,1.0295999999999998,0,0
COc1ncnc2nccnc12 ,0.10603722929954529,0.016625724732875824,0.066826730966568,0.01879262737929821,0.01292103249579668,0.0023148320615291595,0.07941771298646927,0.02005326934158802,0.029247881844639778,0.10441024601459503,0.011684443801641464,0.01997431181371212,-1.2539455890655518,6.734788257745095e-06,0.005030618980526924,0.0001354099513264373,Yes,162.15200000000002,0.4283999999999998,0,5
CCCCC(C)(O)CC,0.006337858736515045,0.014549655839800835,0.02611633762717247,0.004687598906457424,0.006561152637004852,0.00022763684683013707,0.045191165059804916,0.011441371403634548,0.012363919056952,0.007346118334680796,0.0008677594014443457,0.000991885201074183,-1.3769820928573608,6.866835884642019e-17,0.031618375331163406,2.8119496064960003e-08,Yes,130.23099999999997,2.3376,1,1
Clc1ccc(Cl)cc1,0.14811871945858002,0.010741843841969967,0.10372058302164078,0.02361934259533882,0.008109919726848602,0.005767143331468105,0.09454191476106644,0.023314032703638077,0.038359783589839935,0.1496226042509079,0.025024939328432083,0.03907560557126999,-3.6592023372650146,1.9739707101968512e-13,0.5679312348365784,1.9230044756568532e-07,Yes,147.00400000000002,2.993400000000001,0,0
O=C1N(COC(=O)C)C(=O)C(N1)(c2ccccc2)c3ccccc3,0.07221540808677673,0.032104089856147766,0.07356595993041992,0.023196594789624214,0.025899050757288933,0.003443116554990411,0.09204274415969849,0.033104732632637024,0.03159353882074356,0.07830668985843658,0.012229795567691326,0.01780092902481556,-3.1259727478027344,0.0002917962265200913,0.00019095896277576685,8.876463834894821e-05,Yes,324.33600000000007,2.0025999999999993,1,4
CSCS(=O)CC(CO)NC(=O)C=Cc1c(C)[nH]c(=O)[nH]c1=O,0.02400236204266548,0.010794823057949543,0.0486660860478878,0.007112156134098768,0.0053731161169707775,0.0007902127108536661,0.05658882483839989,0.011512761004269123,0.015492785722017288,0.01981554552912712,0.0024688025005161762,0.003869203617796302,-1.8992056846618652,0.00021083158208057284,0.003147237002849579,0.0022846153005957603,Yes,361.4450000000001,-1.068879999999999,4,6
Cc1c[nH]c2ccccc12 ,0.12030711770057678,0.025265324860811234,0.06935929507017136,0.02534743957221508,0.022099291905760765,0.0034293856006115675,0.08723542839288712,0.028054680675268173,0.03298816829919815,0.12928669154644012,0.015868406742811203,0.02581586316227913,-2.9903430938720703,5.057543148723198e-07,0.005262402351945639,0.008368542417883873,Yes,131.17799999999997,2.4763200000000003,1,0
COc2ncc1nccnc1n2,0.10758965462446213,0.01688067615032196,0.06810154020786285,0.019181160256266594,0.013127509504556656,0.002404537284746766,0.08071526139974594,0.020472178235650063,0.029881495982408524,0.10602007806301117,0.012079347856342793,0.020551618188619614,-1.6281859874725342,0.00021921639563515782,0.0007400889880955219,4.8401325329905376e-05,Yes,162.152,0.42839999999999984,0,5
CNC(=O)Oc1ccccc1C2OCCO2,0.03842824697494507,0.024254806339740753,0.05491192266345024,0.01419124472886324,0.016548683866858482,0.0015345870051532984,0.07310906052589417,0.02299126423895359,0.023113176226615906,0.03990234434604645,0.00550872040912509,0.007779230363667011,-2.1175692081451416,3.19818527216853e-09,0.22118300199508667,0.00024690895224921405,Yes,223.22799999999995,1.4502,1,4
C1N(C(=O)NCC(C)C)C(=O)NC1,0.016316356137394905,0.025876197963953018,0.04493383318185806,0.010254799388349056,0.01518036425113678,0.0008980360580608249,0.06597428023815155,0.02173161506652832,0.01920517347753048,0.017940282821655273,0.002807917073369026,0.003413555910810828,-1.795661211013794,6.548606961587211e-06,0.14170126616954803,1.582899358254508e-07,Yes,185.22699999999998,0.37720000000000026,2,2
CC#N,0.010118617676198483,0.00950927659869194,0.027023784816265106,0.003895506961271167,0.003476466052234173,0.00018685967370402068,0.040749065577983856,0.00660261046141386,0.012461313977837563,0.0070863161236047745,0.0006720116944052279,0.0010261778952553868,0.5775598287582397,2.0536171721485807e-11,2.8450573154259473e-05,1.7747743186191656e-06,Yes,41.053,0.52988,0,1
CCOC(=O)NCCOc2ccc(Oc1ccccc1)cc2,0.05082697793841362,0.017743827775120735,0.05395054444670677,0.013401199132204056,0.011843635700643063,0.0013739372370764613,0.07022122293710709,0.018158622086048126,0.02344951219856739,0.05030247941613197,0.005807276349514723,0.009101665578782558,-2.86399507522583,0.2648036777973175,0.0016251977067440748,0.01697983220219612,Yes,301.34200000000004,3.6038000000000023,1,4
CC(=O)N(S(=O)c1ccc(N)cc1)c2onc(C)c2C ,0.0633726641535759,0.014373443089425564,0.06198173388838768,0.013459445908665657,0.009393961168825626,0.0017761328490450978,0.07073988765478134,0.016621040180325508,0.022485077381134033,0.05634136497974396,0.006796526722609997,0.011304136365652084,-2.107966899871826,0.10469561815261841,3.713009846251225e-06,0.0002924136642832309,Yes,293.34800000000007,1.9493400000000003,1,5
ClCC(Cl)(Cl)Cl,0.00521104084327817,0.0019257987150922418,0.05408921837806702,0.0016270385822281241,0.000458413822343573,0.00046123264473862946,0.03767629712820053,0.003615662921220064,0.006102205254137516,0.0026098419912159443,0.0005498299724422395,0.0007934221066534519,-1.8029299974441528,3.213917443645187e-05,0.0015774432104080915,2.2535276002599858e-05,Yes,167.85,2.5954000000000006,0,0
CCCCO,0.004403566941618919,0.009331945329904556,0.020567340776324272,0.002916221274062991,0.0034231271129101515,0.00010972390737151727,0.03648461401462555,0.007116969209164381,0.00982567947357893,0.004502327647060156,0.0004425632068887353,0.0005289306864142418,-0.17253166437149048,4.49956598803887e-18,0.005522032734006643,0.00021066800400149077,Yes,74.12299999999999,0.7787999999999999,1,1
CC1CCCCC1NC(=O)Nc2ccccc2,0.0410417765378952,0.030992897227406502,0.05829986557364464,0.0177115760743618,0.02345515787601471,0.002030778443440795,0.08100429177284241,0.030325381085276604,0.026037972420454025,0.04897936433553696,0.0074257575906813145,0.009683179669082165,-3.265528440475464,1.5232517398544587e-05,0.2922236919403076,0.0003276867500972003,Yes,232.32700000000003,3.386800000000001,2,1
Clc1cc(Cl)cc(Cl)c1,0.14112715423107147,0.008822556585073471,0.1111752912402153,0.02186504192650318,0.006303477566689253,0.00618636654689908,0.0926966592669487,0.021493399515748024,0.037008751183748245,0.1373947113752365,0.024600058794021606,0.03827352821826935,-5.564497470855713,6.062386242967552e-14,0.12984272837638855,5.890738563607556e-09,Yes,181.449,3.6468000000000007,0,0
O=Cc1ccco1,0.08444918692111969,0.01843838393688202,0.06514358520507812,0.01698061265051365,0.013578463345766068,0.0022034747526049614,0.07569798082113266,0.019503284245729446,0.0257454551756382,0.07796018570661545,0.008995131589472294,0.01580452360212803,-0.1740654706954956,0.06191243603825569,0.00024608615785837173,0.0018377185333520174,Yes,96.08499999999998,1.0920999999999998,0,2
CC(C)CCO,0.005336458329111338,0.011891192756593227,0.023880096152424812,0.003790499409660697,0.0048591373488307,0.00016714053344912827,0.04131283611059189,0.009268276393413544,0.01119439210742712,0.005808388348668814,0.0006417762488126755,0.0007495479076169431,-0.7963071465492249,1.2270753928250776e-19,0.02430875413119793,0.00014579792332369834,Yes,88.14999999999999,1.0248,1,1
O=Cc2ccc1OCOc1c2 ,0.07062806189060211,0.025980515405535698,0.06480647623538971,0.019227635115385056,0.019839631393551826,0.0024959573056548834,0.07951920479536057,0.025263117626309395,0.02698446996510029,0.06822377443313599,0.009212112054228783,0.014407164417207241,-2.3787338733673096,0.00032087592990137637,0.00020149367628619075,0.0006201373762451112,Yes,150.13299999999998,1.2278,0,3
CC(=C)C,0.008212807588279247,0.013411404564976692,0.026356682181358337,0.004854569211602211,0.0057487934827804565,0.0002269477117806673,0.04459791257977486,0.010016076266765594,0.013375778682529926,0.008027615956962109,0.0008790993015281856,0.0010952443117275834,-1.1928843259811401,3.1340053854624672e-21,0.006593293510377407,1.5212408470688388e-06,Yes,56.108000000000004,1.5824,0,0
O=Cc1ccccc1,0.09318515658378601,0.02178882248699665,0.06657014787197113,0.019858213141560555,0.017075447365641594,0.002626341301947832,0.08093181252479553,0.022915983572602272,0.028415575623512268,0.09072112292051315,0.010911201126873493,0.01854344829916954,-2.000999927520752,4.469900432013674e-06,0.14285197854042053,0.005424961913377047,Yes,106.12399999999997,1.4990999999999999,0,1
CC(=C)C(=C)C,0.013767406344413757,0.022139733657240868,0.03877158835530281,0.008507412858307362,0.011592913419008255,0.0006177488248795271,0.05947354808449745,0.016990158706903458,0.01796664670109749,0.014157956466078758,0.001979425549507141,0.0024989780504256487,-2.3350071907043457,7.743168243862135e-21,0.009586113505065441,2.3805664568499196e-06,Yes,82.146,2.1386000000000003,0,0
CCOC(=O)CCN(SN(C)C(=O)Oc1cccc2CC(C)(C)Oc21)C(C)C,0.020989766344428062,0.01820734143257141,0.04642974212765694,0.009225687943398952,0.010229330509901047,0.0008832709863781929,0.06228852644562721,0.016878880560398102,0.0180593803524971,0.02079048566520214,0.0028859260492026806,0.003939637448638678,-2.9445815086364746,6.1018687119940296e-05,0.023273393511772156,0.0005964422016404569,Yes,410.53600000000023,4.057500000000004,0,7
O2c1ccccc1N(C)C(=O)c3cccnc23 ,0.12175183743238449,0.026571262627840042,0.07818485796451569,0.02716946415603161,0.023409754037857056,0.0041326312348246574,0.09434393793344498,0.031082652509212494,0.03525896370410919,0.13022680580615997,0.01820676214993,0.02881857380270958,-3.436124324798584,2.9949471354484558e-05,0.009089043363928795,0.002683050464838743,Yes,226.235,2.4639000000000006,0,3
C1c2ccccc2c3ccccc13,0.15536686778068542,0.03171747550368309,0.08459734916687012,0.03424861654639244,0.030685849487781525,0.005819879472255707,0.10348714143037796,0.03777167946100235,0.040205538272857666,0.1738847941160202,0.025875266641378403,0.04091927409172058,-5.820200443267822,1.3322206671162462e-09,0.0005080892005935311,0.06314565986394882,Yes,166.22299999999998,3.2578000000000014,0,0
CC1CCCCC1,0.012971082702279091,0.03669207915663719,0.03954125940799713,0.01228486467152834,0.024769878014922142,0.0009032436646521091,0.06939344853162766,0.03237028047442436,0.020814774557948112,0.019761817529797554,0.0033202224876731634,0.0031715340446680784,-3.65291428565979,2.4091239083645632e-06,0.016839616000652313,3.103539825133339e-08,Yes,98.18900000000001,2.5866000000000007,0,0
NC(=N)NS(=O)(=O)c1ccc(N)cc1 ,0.05187765881419182,0.00755153875797987,0.06030573695898056,0.008212202228605747,0.004153396934270859,0.0011351126013323665,0.06127145141363144,0.009668741375207901,0.01602715440094471,0.037933140993118286,0.004086530301719904,0.007861915975809097,-1.495830774307251,0.004629462957382202,2.9282930427143583e-06,1.9410476852499414e-06,Yes,214.25,-0.5594299999999999,4,4
COC(=O)c1ccc(O)cc1,0.06692107021808624,0.017640190199017525,0.06056048721075058,0.014991676434874535,0.01214362308382988,0.0017378812190145254,0.07369855046272278,0.01845620945096016,0.025056784972548485,0.06213616579771042,0.007239679805934429,0.01205079909414053,-1.6332895755767822,0.0017137920949608088,1.7028321963152848e-05,1.7298420061706565e-05,Yes,152.149,1.1788,1,3
CC1CCCO1,0.012550119310617447,0.03274546563625336,0.039857614785432816,0.01102648489177227,0.021142717450857162,0.0008262005867436528,0.06675449758768082,0.02858629636466503,0.019450368359684944,0.017665917053818703,0.0028869265224784613,0.002916056429967284,0.13314130902290344,0.0003402883594390005,0.08446007966995239,1.584748332561503e-09,Yes,86.134,1.1853,0,1
CC3C2CCC1(C)C=CC(=O)C(=C1C2OC3=O)C,0.034734439104795456,0.06580635905265808,0.06929543614387512,0.02737068571150303,0.05829065293073654,0.0038318682927638292,0.10089391469955444,0.05988813191652298,0.03235612437129021,0.04966920241713524,0.011358474381268024,0.011820591986179352,-4.345645427703857,0.057770986109972,0.0010873595019802451,9.598894394002855e-06,Yes,246.30599999999995,2.419600000000001,0,3
OCC2OC(Oc1ccccc1CO)C(O)C(O)C2O,0.031101414933800697,0.03289399668574333,0.05478161573410034,0.015947166830301285,0.024546649307012558,0.0017333703581243753,0.0768928974866867,0.03039146400988102,0.023594729602336884,0.037991978228092194,0.0059565468691289425,0.007502907421439886,-0.5428377985954285,0.012271414510905743,1.7331288404420775e-08,0.00015041902952361852,Yes,286.28,-1.6424000000000003,5,7
CCCI,0.0055782003328204155,0.00042502660653553903,0.09501233696937561,0.0018039012793451548,5.750192212872207e-05,0.002123413607478142,0.05014811456203461,0.004643040243536234,0.013460775837302208,0.0037144876550883055,0.003397504799067974,0.0016074466984719038,-2.0056827068328857,1.817093016313238e-20,0.0074322521686553955,6.536757427966222e-05,Yes,169.993,1.8314,0,0
CCNc1nc(NC(C)C)nc(SC)n1,0.02042858675122261,0.010179267264902592,0.0370226725935936,0.00637089554220438,0.0050001912750303745,0.0004843442002311349,0.04887142777442932,0.00999796949326992,0.014709935523569584,0.0177293810993433,0.001918803551234305,0.0027945851907134056,-3.0039443969726562,1.0244521945423912e-05,4.618721504812129e-06,5.690656962542562e-06,Yes,227.337,1.8455999999999997,2,6
CCCO,0.004169106017798185,0.008625446818768978,0.019851531833410263,0.002678335178643465,0.0030564868357032537,9.75083967205137e-05,0.03514033555984497,0.0065357559360563755,0.009401783347129822,0.004139904864132404,0.000393583468394354,0.0004783608892466873,0.4967326521873474,5.690043601842152e-19,0.0004973552422598004,0.0004380583413876593,Yes,60.096,0.3887,1,1
CC(=O)C1(O)CCC2C3CCC4=CC(=O)CCC4(C)C3CCC21C,0.0300331711769104,0.07132662832736969,0.06787320226430893,0.027324017137289047,0.0644899383187294,0.0037788008339703083,0.10196936130523682,0.06525790691375732,0.0317954458296299,0.04680763930082321,0.011169674806296825,0.01102902740240097,-4.561209201812744,0.0014298298629000783,0.0020408632699400187,8.567804457015882e-07,Yes,330.4680000000001,3.8384000000000027,1,3
CCCC(C)O,0.005248564295470715,0.01170477457344532,0.02336781658232212,0.00371500663459301,0.0047576469369232655,0.00016016433073673397,0.040794409811496735,0.0090886689722538,0.011075742542743683,0.005723393522202969,0.0006227437406778336,0.0007270003552548587,-0.20481358468532562,3.539513111256508e-21,0.004630739800632,7.825562420293863e-08,Yes,88.14999999999999,1.1673,1,1
OC(C(=O)c1ccccc1)c2ccccc2,0.08599595725536346,0.027014808729290962,0.06866925209760666,0.02211006172001362,0.022258607670664787,0.0030976554844528437,0.08518603444099426,0.0278240367770195,0.029306765645742416,0.09183801710605621,0.012145310640335083,0.019286280497908592,-2.9077718257904053,0.09634895622730255,0.004433268215507269,0.0014613937819376588,Yes,212.248,2.602900000000001,1,2
Cc1ccc(O)c(C)c1,0.07036074995994568,0.024491243064403534,0.05268361046910286,0.01807970367372036,0.018903082236647606,0.0018625532975420356,0.07126907259225845,0.0226619690656662,0.025384502485394478,0.07368183881044388,0.00803190004080534,0.012500095181167126,-1.4817651510238647,0.0008104564622044563,0.0009052666719071567,5.414273982751183e-05,Yes,122.16699999999999,2.0090399999999997,1,1
Clc1cccc(c1)N(=O)=O,0.11247631907463074,0.012312406674027443,0.08206335455179214,0.01772027276456356,0.008992386050522327,0.0031234719790518284,0.08244036138057709,0.018216894939541817,0.02814561128616333,0.10460375994443893,0.013171385042369366,0.0233699269592762,-3.1081478595733643,6.463066171136234e-08,0.10059592127799988,3.021670408998034e-06,Yes,157.55599999999998,2.2482000000000006,0,2
Cc2c(N)c(=O)n(c1ccccc1)n2C,0.100772425532341,0.021862154826521873,0.06446554511785507,0.02099468559026718,0.01790192909538746,0.002621747786179185,0.08027677237987518,0.023855896666646004,0.029193660244345665,0.10444346815347672,0.012060265988111496,0.019833814352750778,-2.057706117630005,8.556856482755393e-05,0.002629883587360382,3.0778472137171775e-05,Yes,203.245,1.0666200000000003,1,2
Clc1ccc(c(Cl)c1)c2cc(Cl)ccc2Cl ,0.16784073412418365,0.01181832142174244,0.11291906982660294,0.02706342563033104,0.00934230163693428,0.00711723230779171,0.10172970592975616,0.026189854368567467,0.04226626828312874,0.1713436096906662,0.03094416670501232,0.04772490635514259,-6.385172367095947,7.13090773495767e-13,0.4746220111846924,2.8736388912875555e-07,No,291.99199999999996,5.967200000000002,0,0
ClC(=C(Cl)C(=C(Cl)Cl)Cl)Cl,0.01475752517580986,0.002448930172249675,0.09367381036281586,0.003360249102115631,0.0006314799538813531,0.0017495346255600452,0.05471954122185707,0.005583230871707201,0.010710533708333969,0.006616777740418911,0.0018407449824735522,0.002734130946919322,-4.856965065002441,3.294253406937333e-17,1.3312033786405664e-07,1.2939664904325204e-17,Yes,260.762,4.7574,0,0
CCNc1nc(NC(C)(C)C)nc(SC)n1,0.021350761875510216,0.011747030541300774,0.03935267776250839,0.0071707554161548615,0.0060933674685657024,0.0005813783500343561,0.05197868496179581,0.011571596376597881,0.015549253672361374,0.01950080320239067,0.0022408703807741404,0.0031971815042197704,-3.067350149154663,5.4230222303885967e-05,5.635189882013947e-05,3.2727039069868624e-05,Yes,241.364,2.2356999999999996,2,6
CCC(C)CCO,0.005287795793265104,0.01179953571408987,0.023510431870818138,0.0037550784181803465,0.004807240329682827,0.0001622990967007354,0.04101526364684105,0.009179501794278622,0.011150184087455273,0.005772701930254698,0.0006319387466646731,0.0007345868507400155,-1.3187222480773926,3.3838902265558796e-20,0.01940562017261982,7.319681026274338e-05,Yes,102.17699999999999,1.4149,1,1
Cc2ncc1nccnc1n2,0.12433145940303802,0.02105790562927723,0.07138301432132721,0.023305177688598633,0.017841817811131477,0.003194567048922181,0.08514305204153061,0.024682091549038887,0.03193206340074539,0.12825018167495728,0.015248443000018597,0.025669047608971596,-0.8782932162284851,5.854651135450695e-06,0.000686750456225127,9.099633643927518e-06,Yes,146.153,0.7282199999999999,0,4
CC23Cc1cnoc1C=C2CCC4C3CCC5(C)C4CCC5(O)C#C,0.049683328717947006,0.06881409883499146,0.07805776596069336,0.03359599784016609,0.0664500743150711,0.005407518241554499,0.10991011559963226,0.06775778532028198,0.03644489124417305,0.07405153661966324,0.017120329663157463,0.018232541158795357,-5.440985679626465,0.010114000178873539,0.00013194241910241544,1.3078574738756288e-05,Yes,337.4630000000001,4.221000000000004,1,3
CCCCI,0.0057119159027934074,0.0008520675473846495,0.07970692217350006,0.0021737474016845226,0.0001452740398235619,0.0013111119624227285,0.04881107807159424,0.005491052754223347,0.013306885957717896,0.004213958978652954,0.002556382678449154,0.0014217083808034658,-3.090928316116333,3.020859911485508e-22,0.005757661070674658,0.0004673445364460349,Yes,184.01999999999998,2.2215,0,0
Brc1ccc2ccccc2c1,0.18666116893291473,0.01064105425029993,0.13681980967521667,0.031816266477108,0.007921001873910427,0.01212215144187212,0.11694857478141785,0.03112284652888775,0.05215424299240112,0.1939140409231186,0.05162021517753601,0.06335800886154175,-4.806332111358643,1.5294167710067086e-08,0.03444168344140053,0.0021947098430246115,Yes,207.07,3.6023000000000014,0,0
CC1OC(CC(O)C1O)OC2C(O)CC(OC2C)OC8C(O)CC(OC7CCC3(C)C(CCC4C3CC(O)C5(C)C(CCC45O)C6=CC(=O)OC6)C7)OC8C ,0.024459272623062134,0.061665792018175125,0.06260665506124496,0.022662850096821785,0.05271708220243454,0.002868242561817169,0.0944766029715538,0.05678007751703262,0.028471510857343674,0.037929899990558624,0.008554725907742977,0.008464951999485493,-1.7529032230377197,5.297687675920315e-05,0.0007592117763124406,2.9536055379253412e-08,No,780.9490000000001,2.2181000000000015,6,14
FC(F)(F)c1ccccc1,0.05247625336050987,0.020067742094397545,0.0635637566447258,0.014456967823207378,0.014385520480573177,0.0019875934813171625,0.07553153485059738,0.020444093272089958,0.02184339053928852,0.053316812962293625,0.006740371696650982,0.011045646853744984,-3.570146083831787,6.565323285023794e-11,0.24400775134563446,0.010702725499868393,Yes,146.111,2.705400000000001,0,0
CCCCCCOC(=O)c1ccccc1C(=O)OCCCCCC,0.017529550939798355,0.015061751008033752,0.03728651627898216,0.007375126238912344,0.007852603681385517,0.0005203738692216575,0.05466195568442345,0.013089343905448914,0.016322793439030647,0.017522621899843216,0.002007041359320283,0.0027566771022975445,-4.910375118255615,9.863136938292882e-07,0.019407207146286964,1.4894093283146503e-06,No,334.45600000000024,5.160800000000005,0,4
c1ccc2c(c1)sc3ccccc23,0.18217206001281738,0.01944872923195362,0.09679069370031357,0.032035961747169495,0.01788262464106083,0.006339570507407188,0.10415224730968475,0.03144221007823944,0.04280231148004532,0.19904693961143494,0.03084089793264866,0.04993075132369995,-4.6723713874816895,0.002005982445552945,0.000719349249266088,0.015295685268938541,Yes,184.263,4.054500000000002,0,1
Clc1ccc(c(Cl)c1)c2ccc(Cl)c(Cl)c2Cl ,0.16233104467391968,0.010900157503783703,0.11658398061990738,0.02597173862159252,0.008382141590118408,0.007444094400852919,0.10087546706199646,0.02536296471953392,0.04108751565217972,0.16373084485530853,0.030470678582787514,0.047049157321453094,-6.719789505004883,4.259066515265031e-13,0.06999780237674713,6.267956376149186e-09,No,326.437,6.620600000000001,0,0
Clc1ccc(c(Cl)c1Cl)c2ccc(Cl)c(Cl)c2Cl ,0.15819472074508667,0.010023100301623344,0.12026508152484894,0.025053376331925392,0.007503908593207598,0.007749818731099367,0.10026496648788452,0.024601006880402565,0.04032468423247337,0.15772853791713715,0.030281299725174904,0.04662790521979332,-6.948178768157959,8.185435700558061e-14,0.005479835905134678,2.0159766911387322e-10,No,360.88200000000006,7.274000000000001,0,0
CC(=O)CC(c1ccccc1)c3c(O)c2ccccc2oc3=O ,0.09328872710466385,0.025937441736459732,0.07083490490913391,0.023152414709329605,0.02152719721198082,0.0032243153546005487,0.08791933208703995,0.028539510443806648,0.031494542956352234,0.10168135911226273,0.013665868900716305,0.02126634120941162,-3.5221917629241943,8.381537190871313e-05,0.006601322442293167,3.843513331958093e-05,Yes,308.3330000000001,3.609600000000003,1,4
c1ccccc1C(O)C(O)c2ccccc2,0.07007177919149399,0.027746127918362617,0.06276427954435349,0.020264727994799614,0.02245253138244152,0.002574973739683628,0.08105725049972534,0.027338171377778053,0.027266250923275948,0.07727561891078949,0.010074586607515812,0.015438896603882313,-1.9134416580200195,0.029804205521941185,5.388226418290287e-05,0.0018405100563541055,Yes,214.264,2.4536000000000007,2,2
COC(=O)c1ccccc1C(=O)OC,0.03792239725589752,0.014726635068655014,0.048244696110486984,0.009823578409850597,0.008504738099873066,0.0009069951483979821,0.06116551160812378,0.013499515131115913,0.019281532615423203,0.031967613846063614,0.0034874987322837114,0.005755829159170389,-2.9961066246032715,9.586506166670006e-08,0.00042833929182961583,5.849546141689643e-05,Yes,194.18599999999995,1.2597999999999998,0,4
CCCCCCCC(=O)OCC,0.006097186356782913,0.011434648185968399,0.02464713715016842,0.0038279949221760035,0.004584675654768944,0.00017415714683011174,0.04136110097169876,0.008733859285712242,0.011387146078050137,0.006102043204009533,0.0006597407045774162,0.000809885561466217,-3.483492851257324,1.577189401302803e-08,0.05157272890210152,1.0454212606703095e-08,Yes,172.26799999999997,2.910000000000001,0,2
CCSSCC,0.0034420581068843603,0.002845549490302801,0.024513879790902138,0.0013540475629270077,0.000698064046446234,9.105766366701573e-05,0.029145440086722374,0.003268721280619502,0.006395156029611826,0.0022800310980528593,0.00024594119167886674,0.0003492893883958459,-1.4250158071517944,1.684957289978361e-22,0.00020574239897541702,0.010915334336459637,Yes,122.258,2.4076000000000004,0,2
CCOCCOCC,0.004360449966043234,0.008553064428269863,0.020849645137786865,0.0026736289728432894,0.003026914084330201,0.00010304609895683825,0.035378348082304,0.006463364232331514,0.009276081807911396,0.004127922467887402,0.00039657653542235494,0.0004996000789105892,-0.2719832956790924,1.5079152119665262e-12,0.014837599359452724,1.104545208363561e-05,Yes,118.176,1.0594000000000001,0,2
Clc1cc(Cl)c(Cl)cc1Cl,0.1445777863264084,0.008110595867037773,0.12158801406621933,0.022174889221787453,0.0056904214434325695,0.0072904061526060104,0.09535892307758331,0.02176639437675476,0.03790111094713211,0.14018651843070984,0.027259016409516335,0.041955091059207916,-6.555454730987549,3.632221696943947e-15,0.0678698867559433,2.7566962601532907e-10,Yes,215.894,4.3002,0,0
Nc1ccc(cc1)c2ccc(N)cc2,0.17044275999069214,0.025896187871694565,0.08714180439710617,0.03244660049676895,0.02467391826212406,0.005487486254423857,0.10267715156078339,0.03322388976812363,0.040310442447662354,0.18541112542152405,0.026283714920282364,0.04355445131659508,-2.9015750885009766,0.07938893884420395,7.048255611152854e-06,0.01730005443096161,Yes,184.242,2.518,2,2
CCCCCC=C,0.005958374124020338,0.012225009500980377,0.023592762649059296,0.004042613785713911,0.004988386295735836,0.00017222290625795722,0.041838597506284714,0.009330050088465214,0.0119090611115098,0.006363037042319775,0.0006873505190014839,0.0008017944055609405,-4.299251079559326,8.550588812128913e-22,0.037895772606134415,1.4989469491411e-05,Yes,98.189,2.752700000000001,0,0
CCCCc1c(C)nc(NCC)[nH]c1=O,0.024844679981470108,0.01677396520972252,0.037236668169498444,0.009074555709958076,0.009748340584337711,0.000630187860224396,0.055401336401700974,0.014495491050183773,0.01770426146686077,0.02559347078204155,0.0027165585197508335,0.00376908085308969,-3.056882858276367,8.674748142034616e-10,0.00322455121204257,5.577206138696056e-06,Yes,209.29299999999998,1.85272,2,3
O=C1NC(=O)NC(=O)C1(CC)C(C)CCC,0.021081184968352318,0.031443364918231964,0.049732755869627,0.013256112113595009,0.02057882584631443,0.0012799870455637574,0.0731060579419136,0.027598703280091286,0.022156281396746635,0.025152010843157768,0.004185967147350311,0.004874994046986103,-3.0671637058258057,5.272981979942415e-06,0.0029922269750386477,1.0948004280919577e-08,Yes,226.27599999999995,1.1849999999999992,2,3
Nc1ccccc1Cl,0.14613083004951477,0.016904687508940697,0.08959338068962097,0.026033733040094376,0.01419490110129118,0.0050416672602295876,0.09427016228437424,0.02683192677795887,0.03657859191298485,0.1541280746459961,0.022513244301080704,0.03665807098150253,-1.6823909282684326,0.002470556413754821,0.00022391793027054518,0.0002474705979693681,Yes,127.574,1.9222,1,1
COc1cccc(Cl)c1,0.07149079442024231,0.011894750408828259,0.06069158390164375,0.013729956932365894,0.007786619942635298,0.0016881275223568082,0.06897618621587753,0.015770025551319122,0.024953482672572136,0.06625453382730484,0.007663162425160408,0.012431188486516476,-2.462742328643799,1.2619636891031405e-07,0.7990975379943848,0.0002622388128656894,Yes,142.58499999999998,2.3486000000000002,0,1
CCCCN(CC)C(=O)SCCC,0.006197182461619377,0.00887330062687397,0.02720671333372593,0.0034529210533946753,0.0033041334245353937,0.0001959325309144333,0.04089687764644623,0.007749201729893684,0.010748529806733131,0.005657101981341839,0.0006576633313670754,0.000832313031423837,-3.4589192867279053,1.5995554880632312e-09,0.09794040024280548,6.838105264250771e-07,Yes,203.35099999999997,3.3716000000000026,0,2
CCCCOC=O,0.006788337137550116,0.010352198965847492,0.026933571323752403,0.003665672615170479,0.0039545283652842045,0.00018762453692033887,0.041713740676641464,0.007901962846517563,0.01128396112471819,0.00594664178788662,0.0006464995676651597,0.0008650614181533456,-1.2027676105499268,1.0235446268325177e-07,0.06022441014647484,4.3428110529930564e-07,Yes,102.13299999999998,0.9595,0,2
CC12CC(O)C3C(CCC4=CC(=O)C=CC34C)C2CCC1(O)C(=O)CO,0.030914053320884705,0.0659509003162384,0.06900803744792938,0.026063982397317886,0.05797135457396507,0.003669047262519598,0.10057704895734787,0.060293253511190414,0.031211216002702713,0.0455973781645298,0.01064613088965416,0.01092863455414772,-3.361166000366211,0.001008357503451407,0.0006616621394641697,1.2060778544764617e-06,Yes,360.4500000000002,1.5575999999999999,3,5
BrC(Cl)Cl,0.00593872694298625,0.0003108768432866782,0.11660856008529663,0.0012541142059490085,3.730786556843668e-05,0.0028289156034588814,0.04762439802289009,0.0029002176597714424,0.008297983556985855,0.002287669340148568,0.0018890728242695332,0.0015356176299974322,-2.0081124305725098,4.354026259534294e-06,0.027875378727912903,6.984975442492214e-08,Yes,163.82899999999998,2.1425,0,0
CC34CC(=O)C1C(CCC2=CC(=O)CCC12C)C3CCC4(=O) ,0.034537602216005325,0.07968676835298538,0.07270309329032898,0.0313090905547142,0.07539714872837067,0.004676912445574999,0.1080792248249054,0.0734722912311554,0.034444261342287064,0.05429022014141083,0.01361751090735197,0.013317507691681385,-4.3325324058532715,0.003586746985092759,0.00015486596385017037,1.694931484053086e-07,Yes,300.3980000000001,3.2664000000000017,0,3
c1ccc(cc1)c2ccc(cc2)c3ccccc3,0.17704275250434875,0.02584255486726761,0.08668699860572815,0.033176060765981674,0.0249477531760931,0.00556707289069891,0.10371644049882889,0.033659037202596664,0.041331443935632706,0.1947653740644455,0.027455352246761322,0.04557754099369049,-4.6100993156433105,3.176573004637362e-09,0.001051827217452228,0.011332197114825249,No,230.31,5.0206000000000035,0,0
Oc1ccc(C=O)cc1,0.10721346735954285,0.02185063622891903,0.0733884871006012,0.02192065492272377,0.017635488882660866,0.003164734924212098,0.08579341322183609,0.024476170539855957,0.030782852321863174,0.1053943932056427,0.013375111855566502,0.022724958136677742,-1.2139675617218018,0.0011690970277413726,0.00041721572051756084,5.564965249504894e-05,Yes,122.12299999999998,1.2047,1,2
CBr,0.0008284476934932172,2.9427154004224576e-05,0.07123935967683792,0.00012823761790059507,8.523575729668664e-07,0.0012047596974298358,0.019963296130299568,0.0004809503152500838,0.002433598041534424,0.0001482575898990035,0.00021934686810709536,0.00011420794908190146,-0.6128270030021667,4.186968549646508e-10,5.340217048270144e-15,1.2194305287760443e-10,Yes,94.939,1.0110999999999999,0,0
Cc1cc(ccc1NS(=O)(=O)C(F)(F)F)S(=O)(=O)c2ccccc2,0.044033873826265335,0.005943933501839638,0.05509931594133377,0.006761996541172266,0.003172773402184248,0.0008908534073270857,0.05538903921842575,0.008132320828735828,0.013384074904024601,0.03352087736129761,0.003328621620312333,0.006439344026148319,-4.518091201782227,0.00014907895820215344,0.007519707083702087,2.1237723558442667e-05,Yes,379.38100000000003,3.0893200000000016,1,4
CC(=O)CC(c1ccc(Cl)cc1)c2c(O)c3ccccc3oc2=O,0.09663423895835876,0.022755291312932968,0.07563616335391998,0.022977611050009727,0.01839957945048809,0.0035179913975298405,0.08889210224151611,0.02775091864168644,0.03234151750802994,0.10362078249454498,0.014703204855322838,0.022656869143247604,-3.9965219497680664,0.00027668813709169626,0.059055913239717484,3.93471636925824e-05,Yes,342.7780000000001,4.263000000000003,1,4
CCc1ccc2ccccc2c1,0.08770980685949326,0.02307208813726902,0.0610426664352417,0.020683232694864273,0.01851009763777256,0.0023856256157159805,0.0808887854218483,0.024764422327280045,0.02989189885556698,0.09446272999048233,0.011303762905299664,0.017475981265306473,-5.390443325042725,5.7816649245978624e-08,0.01583022065460682,0.03093719482421875,Yes,156.22799999999998,3.4022000000000014,0,0
Nc1c(C)c[nH]c(=O)n1 ,0.10789161920547485,0.021945076063275337,0.06838151067495346,0.02198108471930027,0.01815166138112545,0.002946889726445079,0.08218809217214584,0.024437250569462776,0.029779808595776558,0.11176162958145142,0.013273649848997593,0.022041646763682365,-1.102630853652954,0.13682013750076294,3.577791858333512e-07,0.00013283886073622853,Yes,125.13099999999999,-0.33948000000000017,2,3
Clc2c(Cl)c(Cl)c(c1ccccc1)c(Cl)c2Cl ,0.1498192846775055,0.011238714680075645,0.11036408692598343,0.02445390447974205,0.008619027212262154,0.006781483069062233,0.09702986478805542,0.02449345961213112,0.03790673613548279,0.1506633311510086,0.026713650673627853,0.04199790582060814,-6.879912376403809,2.613476926191516e-12,0.0008491440676152706,1.7834582768938567e-11,No,326.437,6.620600000000001,0,0
c1c(NC(=O)c2ccccc2(I))cccc1,0.1292753368616104,0.008504847064614296,0.12110891193151474,0.022092804312705994,0.005360552109777927,0.007949620485305786,0.10079050809144974,0.023815283551812172,0.039956193417310715,0.12426499277353287,0.031461577862501144,0.03778436779975891,-3.6041064262390137,3.8866048271302134e-05,0.20550701022148132,0.0001169690876849927,Yes,323.133,3.5435000000000016,1,1
Cc3cc2nc1c(=O)[nH]c(=O)nc1n(CC(O)C(O)C(O)CO)c2cc3C,0.05220690369606018,0.022053150460124016,0.058540813624858856,0.0157107412815094,0.015797486528754234,0.0017908845329657197,0.07505959272384644,0.022394007071852684,0.0248191487044096,0.055252499878406525,0.007088581100106239,0.010583248920738697,-2.6631217002868652,0.2883199155330658,8.242395415436476e-05,0.0006857713451609015,Yes,376.36900000000014,-1.7235599999999989,5,8
Fc1ccccc1Br,0.1587289273738861,0.006534387823194265,0.14749200642108917,0.02549460530281067,0.004168215207755566,0.012300658971071243,0.10983533412218094,0.025565914809703827,0.048029523342847824,0.1588820219039917,0.04859987646341324,0.05507636442780495,-2.9119467735290527,1.3187086977950457e-08,0.006240460556000471,0.00012163312931079417,Yes,175.0,2.5882000000000005,0,0
Oc1ccc(Cl)cc1Cl,0.1563924103975296,0.012251202017068863,0.10579724609851837,0.0254192091524601,0.009691345505416393,0.006197520066052675,0.09729528427124023,0.025059770792722702,0.039011046290397644,0.16009719669818878,0.026796501129865646,0.04258614778518677,-2.4639406204223633,3.576017843442969e-05,0.0011005837004631758,5.66347111430332e-08,Yes,163.003,2.699,1,1
CC1(C)C(C=C(Cl)Cl)C1C(=O)OCc2cccc(Oc3ccccc3)c2,0.0583534874022007,0.023894216865301132,0.07122121006250381,0.01845400221645832,0.017538143321871758,0.0029055564664304256,0.0843869224190712,0.027403254061937332,0.02714366652071476,0.06129107251763344,0.009782129898667336,0.013880621641874313,-5.35243558883667,0.1769646257162094,0.3600316047668457,0.052569951862096786,No,391.2940000000001,6.113300000000004,0,3
CN2C(=C(O)c1ccccc1S2(=O)=O)C(=O)Nc3ccccn3 ,0.07727121561765671,0.015129895880818367,0.07090399414300919,0.015476451255381107,0.010664276778697968,0.0023900545202195644,0.07763498276472092,0.018789248540997505,0.023701094090938568,0.07019349187612534,0.009025933220982552,0.015398489311337471,-2.6969892978668213,0.002405657432973385,0.0005183007451705635,5.011633038520813e-05,Yes,331.353,1.5810000000000002,2,5
O=C1N(COC(=O)CC)C(=O)C(N1)(c2ccccc2)c3ccccc3,0.064229816198349,0.03066377528011799,0.06932160258293152,0.021376322954893112,0.024038447067141533,0.002965155290439725,0.08858638256788254,0.03126896172761917,0.030130665749311447,0.07017354667186737,0.010710508562624454,0.015339276753365993,-3.4389455318450928,0.005120281130075455,0.0007208987954072654,7.990132871782407e-06,Yes,338.36300000000006,2.3927000000000005,1,4
C1CCCC1,0.012544258497655392,0.036212872713804245,0.03892293572425842,0.012017740868031979,0.02414572611451149,0.0008677630685269833,0.0689801350235939,0.032193996012210846,0.020762115716934204,0.01922036148607731,0.0032061769161373377,0.0030309990979731083,-3.404433012008667,5.9365472537820096e-08,0.03135150671005249,1.164952095678018e-06,Yes,70.135,1.9505000000000001,0,0
Cc1ccccc1N,0.0955922082066536,0.024952299892902374,0.061347972601652145,0.021739676594734192,0.020767588168382645,0.002634610515087843,0.0796860009431839,0.025486646220088005,0.028933340683579445,0.1019529402256012,0.011717772111296654,0.01890076883137226,-1.3340970277786255,0.026136137545108795,0.00022266650921665132,0.003810252994298935,Yes,107.156,1.57722,1,1
c1(OC)ccc(CC=C)cc1,0.03606262803077698,0.017993222922086716,0.04212959110736847,0.010872170329093933,0.011084238067269325,0.0008526276214979589,0.05946394428610802,0.015418153256177902,0.019773423671722412,0.034250978380441666,0.0035942618269473314,0.005455402657389641,-3.4191184043884277,0.00016443849017377943,0.002617814112454653,0.09796102344989777,Yes,148.205,2.4237,0,1
CN(C)C(=O)Nc1cccc(OC(=O)NC(C)(C)C)c1 ,0.030321171507239342,0.018664449453353882,0.04974827170372009,0.010771237313747406,0.011180508881807327,0.001052738050930202,0.06550972908735275,0.017012201249599457,0.01995650865137577,0.029122740030288696,0.003708489239215851,0.005500854458659887,-3.017976760864258,8.72386696215699e-09,0.0164803434163332,7.826455112081021e-05,Yes,279.34,2.6670000000000007,2,3
CC(C)C=C,0.0077023934572935104,0.01577146165072918,0.028433799743652344,0.00539794797077775,0.007171556353569031,0.0002818378561642021,0.048179153352975845,0.012215017341077328,0.013851696625351906,0.008481096476316452,0.0010369408410042524,0.0012130476534366608,-2.2325398921966553,1.3041125367686989e-21,0.034111570566892624,2.349179794691736e-06,Yes,70.135,1.8284,0,0
Oc1ccccn1,0.14949765801429749,0.020857209339737892,0.07850351184606552,0.026155849918723106,0.018743574619293213,0.00400478346273303,0.09164565056562424,0.026727207005023956,0.03454432636499405,0.16035282611846924,0.019725028425455093,0.03415152430534363,0.09710212051868439,0.07717537879943848,1.1732611710613128e-05,7.521767656726297e-06,Yes,95.101,0.7871999999999999,1,2
CC,0.002357333665713668,0.004399878904223442,0.011540642939507961,0.0012979975435882807,0.0011475977953523397,2.5631596145103686e-05,0.024130012840032578,0.00309585640206933,0.006675552111119032,0.002102522412315011,0.000137015973450616,0.00016443707863800228,-0.7797341346740723,9.491080603181473e-27,1.3240199223218951e-05,1.2783624159240503e-09,Yes,30.07,1.0262,0,0
Clc1ccccc1Cl,0.1411665678024292,0.011728627607226372,0.09960794448852539,0.02326023206114769,0.008941063657402992,0.005579583812505007,0.09281816333532333,0.023632938042283058,0.03640523925423622,0.1436389535665512,0.023167235776782036,0.03692074492573738,-3.396210193634033,1.3676171740223397e-12,0.6982160210609436,1.866436605268973e-07,Yes,147.00399999999996,2.9934000000000003,0,0
Sc2nc1ccccc1s2 ,0.16192524135112762,0.012508727610111237,0.10305708646774292,0.02533036284148693,0.01001271978020668,0.005901535972952843,0.09728482365608215,0.02444569766521454,0.038532134145498276,0.16452813148498535,0.02628159150481224,0.0427444763481617,-3.507582426071167,1.2590960175515309e-12,0.48107728362083435,2.9683965294680092e-06,Yes,167.25799999999998,2.585,1,3
Clc1c(Cl)c(Cl)c(c(Cl)c1Cl)c2c(Cl)c(Cl)c(Cl)c(Cl)c2Cl ,0.14395391941070557,0.007260845508426428,0.13053105771541595,0.021753564476966858,0.004974305164068937,0.008218006230890751,0.09647087752819061,0.02142377570271492,0.03773155435919762,0.1372528076171875,0.02875501476228237,0.043641816824674606,-8.800774574279785,1.0930224324443819e-16,5.037657402340301e-08,2.7653561085043974e-16,No,498.66200000000026,9.887599999999999,0,0
COc2c1occc1cc3ccc(=O)oc23 ,0.12814660370349884,0.019024038687348366,0.07545579969882965,0.022969167679548264,0.01582805998623371,0.0032200422137975693,0.08812800794839859,0.02406904473900795,0.03348138555884361,0.13083842396736145,0.016111262142658234,0.02717224322259426,-3.565786838531494,4.984672159480397e-06,0.07882072776556015,0.0001263864542124793,Yes,216.19199999999995,2.5478000000000005,0,4
CC(=O)N,0.010496250353753567,0.012593917548656464,0.033337078988552094,0.0048781647346913815,0.005261970218271017,0.00030763045651838183,0.047321829944849014,0.009314711205661297,0.013291010633111,0.00832315068691969,0.000959619355853647,0.0014218938304111362,0.5685774683952332,2.0722320123815188e-15,0.00014139895210973918,0.0001771419629221782,Yes,59.068,-0.5084,1,1
Cc1cccc2ccccc12,0.12251129001379013,0.025767028331756592,0.06964987516403198,0.025883028283715248,0.02272609993815422,0.003522102953866124,0.08822866529226303,0.02863672375679016,0.033494796603918076,0.13235068321228027,0.016336066648364067,0.026532800868153572,-4.308423042297363,6.601295154951003e-08,0.0066564492881298065,0.006095464341342449,Yes,142.201,3.148220000000002,0,0
CCN(CC)C(=O)C(C)Oc1cccc2ccccc12 ,0.04050157591700554,0.019228003919124603,0.05055076256394386,0.012830095365643501,0.012558998540043831,0.0012327576987445354,0.0690520703792572,0.018937839195132256,0.022770563140511513,0.042058832943439484,0.005087670404464006,0.007450766861438751,-4.001524448394775,1.5219416127365548e-06,0.021162372082471848,0.00039931037463247776,Yes,271.36,3.475500000000002,0,2
CC(O)C(C)(C)C,0.008751185610890388,0.021757764741778374,0.0348348394036293,0.007188722025603056,0.011592913419008255,0.0004841865738853812,0.0561937652528286,0.017788736149668694,0.015323396772146225,0.011023219674825668,0.0016103941015899181,0.001809860346838832,-0.8816072940826416,2.2229334144394845e-16,0.17791107296943665,2.6587085812934674e-06,Yes,102.17699999999999,1.4133,1,1
CCCC(=O)OCC,0.006313844583928585,0.01039858441799879,0.02463715709745884,0.0035708195064216852,0.004023200366646051,0.00016254720685537905,0.040093325078487396,0.007815915159881115,0.011002938263118267,0.00581080699339509,0.0006052089738659561,0.0007835638243705034,-1.2513518333435059,0.04996368661522865,0.0003422335721552372,2.583784401710698e-11,Yes,116.15999999999998,1.3496000000000001,0,2
CC2=CC(=O)c1ccccc1C2=O ,0.09408462792634964,0.0379776731133461,0.07979268580675125,0.02984018623828888,0.033777546137571335,0.004727572668343782,0.10017947852611542,0.04018310084939003,0.03641008585691452,0.1049756333231926,0.017585843801498413,0.02487199380993843,-4.257226467132568,1.0320205774405622e-06,0.09655795991420746,0.0002561934816185385,Yes,172.18299999999996,2.0119000000000002,0,2
c1ccc2c(c1)ccc3ccccc32,0.18634074926376343,0.02653515338897705,0.09021436423063278,0.03499064967036247,0.025944139808416367,0.006104278843849897,0.10692226886749268,0.03518516942858696,0.04311476647853851,0.2047732025384903,0.0300549678504467,0.049532148987054825,-5.699865341186523,3.129192238660039e-09,0.00757893780246377,0.02588995173573494,Yes,178.23399999999998,3.993000000000002,0,0
Cc1ccnc(C)c1,0.05645739659667015,0.02268248237669468,0.04629768058657646,0.015126395039260387,0.01637446880340576,0.001371977268718183,0.06462077051401138,0.01962023414671421,0.02251705527305603,0.057562682777643204,0.00583421066403389,0.009050117805600166,-0.35022252798080444,8.268182796200563e-07,0.003181604901328683,0.00010527585982345045,Yes,107.15599999999999,1.69844,0,1
CCCCCCCCCO,0.004928053822368383,0.011102688498795033,0.02213999442756176,0.0035011903382837772,0.00437936233356595,0.00014169493806548417,0.039553023874759674,0.008590828627347946,0.010818407870829105,0.005391362588852644,0.0005697609740309417,0.0006548725650645792,-3.91890811920166,1.3791972782345755e-17,0.04432292282581329,0.0006661015213467181,Yes,144.258,2.7293000000000016,1,1
BrCBr,0.0013807655777782202,4.373015690362081e-05,0.1020180732011795,0.000259451218880713,1.7648666243985645e-06,0.00407102145254612,0.02834153175354004,0.0009158781613223255,0.003411872312426567,0.00031127335387282073,0.0006573149585165083,0.00031105324160307646,-1.3413506746292114,3.1793552235370726e-09,5.165821992392239e-09,8.578190241470551e-12,Yes,173.83499999999998,1.7337,0,0
CC1CC2C3CCC4=CC(=O)C=CC4(C)C3(F)C(O)CC2(C)C1(O)C(=O)CO,0.031204339116811752,0.06562355905771255,0.06931839883327484,0.026071719825267792,0.0577787347137928,0.003690155688673258,0.10057304054498672,0.06010422483086586,0.031165234744548798,0.04599789157509804,0.010704251006245613,0.011029153130948544,-3.4845268726348877,0.0029912299942225218,0.0034700112883001566,8.050673159232247e-07,Yes,392.4670000000002,1.8957000000000002,3,5
Cc1ccc2cc(C)ccc2c1,0.08951075375080109,0.02583017386496067,0.05894024670124054,0.021406328305602074,0.020992567762732506,0.0024405166041105986,0.0784188061952591,0.025358673185110092,0.02919597178697586,0.09410925954580307,0.010870431549847126,0.017019132152199745,-5.0722270011901855,8.96253027349303e-07,0.04093226045370102,0.004443455953150988,Yes,156.228,3.456640000000002,0,0
CCSC(=O)N(CC(C)C)CC(C)C,0.006961952429264784,0.01042160764336586,0.029819859191775322,0.00408196309581399,0.004161664750427008,0.00025457231095060706,0.04426119849085808,0.009219856932759285,0.011700958013534546,0.00664247153326869,0.0008331183344125748,0.0010339065920561552,-4.035645961761475,1.6529406821064185e-06,0.05336917191743851,1.2667253201925632e-07,Yes,217.378,3.4735000000000023,0,2
O=N(=O)OCC(CON(=O)=O)ON(=O)=O ,0.018965518102049828,0.009084939025342464,0.04619169980287552,0.005020383279770613,0.003991409670561552,0.0005124745075590909,0.05128537118434906,0.007805511821061373,0.011904045939445496,0.013033696450293064,0.0014127680333331227,0.002585191745311022,-1.9816288948059082,2.2067905547373812e-07,0.05367503687739372,1.4218297372803335e-10,Yes,227.08499999999998,-1.0200999999999996,0,9
Nc1cccc(c1)N(=O)=O,0.11135903000831604,0.01705256476998329,0.07349283993244171,0.018952468410134315,0.01340322382748127,0.0027867930475622416,0.08233897387981415,0.020025303587317467,0.02730734273791313,0.10618696361780167,0.01208113506436348,0.022027919068932533,-1.5908424854278564,0.0077980076894164085,2.880116880987771e-05,0.00010205110447714105,Yes,138.126,1.177,1,3
CCCCCl,0.00413555046543479,0.005731306038796902,0.024408405646681786,0.0023009288124740124,0.0017684845952317119,0.000131296445033513,0.0350690595805645,0.005627147853374481,0.008736121468245983,0.003542052349075675,0.00041449960554018617,0.0005044679273851216,-2.587273597717285,3.524964522933606e-19,0.009858058765530586,0.0025959343183785677,Yes,92.56899999999999,2.0253,0,0
ClC(Cl)(Cl)C(NC=O)N1C=CN(C=C1)C(NC=O)C(Cl)(Cl)Cl ,0.016167255118489265,0.012132741510868073,0.06426530331373215,0.007240145932883024,0.005635914392769337,0.0013401423348113894,0.06495488435029984,0.014583030715584755,0.015276800841093063,0.013287434354424477,0.002644034568220377,0.0035736015997827053,-2.8995532989501953,0.10356669127941132,0.002637248020619154,3.481377852665446e-09,Yes,430.9340000000001,2.431,2,4
Cn2cc(c1ccccc1)c(=O)c(c2)c3cccc(c3)C(F)(F)F,0.09196770936250687,0.021850446239113808,0.06999993324279785,0.020429261028766632,0.017556851729750633,0.002858078572899103,0.08413587510585785,0.02437111921608448,0.028869282454252243,0.09501610696315765,0.011922294273972511,0.019593557342886925,-4.68125581741333,6.74974742764789e-09,0.10975027829408646,0.00032691977685317397,Yes,329.32099999999997,4.738100000000002,0,1
Nc3cc2c1ccccc1ccc2c4ccccc34 ,0.19306501746177673,0.027299789711833,0.09387747198343277,0.036574605852365494,0.026910537853837013,0.006633592303842306,0.1097773015499115,0.03658846393227577,0.04455122724175453,0.21126650273799896,0.03230937570333481,0.052795834839344025,-5.918118953704834,0.0001273796515306458,0.0022222192492336035,0.027892351150512695,Yes,243.309,4.728400000000002,1,1
CC12CCC3C(CCc4cc(O)ccc34)C2CCC1=O,0.05346240475773811,0.05980181321501732,0.07369107753038406,0.03137565404176712,0.056661903858184814,0.004712259862571955,0.10436557978391647,0.05936335399746895,0.035223595798015594,0.07688335329294205,0.0159949641674757,0.017810126766562462,-4.892297267913818,5.4691722652933095e-06,0.000237845626543276,8.976053504738957e-05,Yes,270.372,3.817400000000003,1,2
CCN2c1ccccc1N(C)C(=S)c3cccnc23 ,0.07600008696317673,0.022217046469449997,0.06443992257118225,0.019456133246421814,0.016918879002332687,0.0025026537477970123,0.08048604428768158,0.024712270125746727,0.02860245853662491,0.0782393291592598,0.010441912338137627,0.015676099807024002,-4.0278167724609375,4.295207327231765e-05,0.014745916239917278,0.010529786348342896,Yes,269.373,3.3649000000000022,0,3
CC1CO1,0.012384017929434776,0.030635623261332512,0.03981555625796318,0.010379998944699764,0.019305283203721046,0.0007794407429173589,0.06501130759716034,0.026379162445664406,0.01871526427567005,0.016599589958786964,0.002668617758899927,0.002789319958537817,0.36236515641212463,0.013208674266934395,0.017266476526856422,6.125988605276689e-11,Yes,58.08,0.4051,0,1
O=C3CN=C(c1ccccc1)c2cc(ccc2N3)N(=O)=O,0.10775887966156006,0.028450217097997665,0.08117306232452393,0.02636874094605446,0.0246601402759552,0.0042823259718716145,0.09632492065429688,0.032110899686813354,0.0338735394179821,0.11396190524101257,0.016911892220377922,0.02650279738008976,-3.828183650970459,7.365965302597033e-06,0.009543290361762047,0.0017407143022865057,Yes,281.271,2.3842999999999996,1,4
CCNC(=S)NCC,0.006967578548938036,0.008566353470087051,0.028631489723920822,0.003523286199197173,0.0031374015379697084,0.00021091340749990195,0.041456758975982666,0.007487129885703325,0.011070458218455315,0.005885865539312363,0.0006843653973191977,0.0009031997178681195,-1.1023319959640503,0.00026980385882779956,0.01777021773159504,8.436898957242533e-10,Yes,132.232,0.49030000000000007,2,1
Oc1cc(Cl)cc(Cl)c1Cl,0.15099142491817474,0.010096675716340542,0.11306498944759369,0.023788895457983017,0.007557544857263565,0.00665585370734334,0.09622634947299957,0.02337157167494297,0.03830284997820854,0.15005315840244293,0.026897115632891655,0.042253926396369934,-3.289501428604126,7.812712965460378e-07,0.00018404587171971798,3.0719360388786754e-09,Yes,197.44799999999998,3.3523999999999994,1,1
CCCCC(=O)OC,0.0064741517417132854,0.01018377486616373,0.02498501166701317,0.003525366075336933,0.003907002974301577,0.0001627877791179344,0.03997758403420448,0.0076127503998577595,0.01093333587050438,0.005771049298346043,0.0005971358623355627,0.0007897117175161839,-1.608644723892212,1.068833244133316e-09,0.00022140330111142248,1.7676928365517597e-08,Yes,116.15999999999998,1.3496000000000001,0,2
Nc1ccccc1,0.13668978214263916,0.023745210841298103,0.07374701648950577,0.026317039504647255,0.0214166808873415,0.0038261390291154385,0.09056560695171356,0.028101226314902306,0.033866558223962784,0.1480313092470169,0.018133942037820816,0.030674923211336136,-0.7801594734191895,0.09821441024541855,7.755612386972643e-06,0.014088727533817291,Yes,93.12899999999999,1.2688000000000001,1,1
Cc1cccc2c(C)cccc12,0.09235206246376038,0.026072314009070396,0.059603579342365265,0.02178356423974037,0.02153879962861538,0.0025527984835207462,0.07873990386724472,0.025748560205101967,0.02897050604224205,0.097454734146595,0.01126642432063818,0.017853111028671265,-4.549578666687012,7.304506652872078e-07,0.01055976189672947,0.0017948441673070192,Yes,156.228,3.456640000000002,0,0
NS(=O)(=O)c2cc1c(NCNS1(=O)=O)cc2Cl ,0.0394466295838356,0.004180602263659239,0.056804075837135315,0.00536141125485301,0.002002399181947112,0.0008023454574868083,0.05137268081307411,0.006555669475346804,0.011550993658602238,0.02602204494178295,0.002737700939178467,0.005372509825974703,-2.93312668800354,0.0001382614573230967,0.004687556531280279,0.0006034835823811591,Yes,297.745,-0.35129999999999945,3,5
C1=Cc2cccc3cccc1c23,0.17467646300792694,0.03364567831158638,0.09421759843826294,0.03891545161604881,0.033363793045282364,0.00725935772061348,0.11237221956253052,0.04198215901851654,0.04502309486269951,0.19429761171340942,0.03204033523797989,0.049838315695524216,-6.750159740447998,5.500087607579474e-10,0.02135191671550274,0.11517609655857086,Yes,152.19599999999994,3.3236000000000017,0,0
CCCCCOC(=O)CC,0.006309998221695423,0.011347411200404167,0.02510499581694603,0.00384560227394104,0.004542237613350153,0.00017881010717246681,0.041506849229335785,0.008634311147034168,0.011415475979447365,0.0061600846238434315,0.0006665758555755019,0.0008338041370734572,-2.3814666271209717,1.6914742673179717e-06,0.0032926960848271847,4.210577442265162e-10,Yes,144.21399999999997,2.1298000000000004,0,2
CCNc1nc(NC(C)C)nc(OC)n1,0.021944604814052582,0.01382710412144661,0.035667989403009415,0.007519835606217384,0.007393748499453068,0.0004909544950351119,0.05171579867601395,0.011849692091345787,0.01616755872964859,0.020647255703806877,0.0021168726962059736,0.0030509792268276215,-2.586843252182007,6.778508065963251e-08,3.0724659154657274e-05,1.434561198720985e-07,Yes,211.26899999999998,1.1322999999999996,2,6
c1ccc2c(c1)cc3ccc4cccc5ccc2c3c45,0.2101600617170334,0.028095241636037827,0.09940078854560852,0.03963727131485939,0.028311705216765404,0.007566058076918125,0.11529102176427841,0.03902824968099594,0.047890160232782364,0.23157791793346405,0.037398431450128555,0.06050580367445946,-7.935794353485107,3.7793942975206107e-10,0.15388932824134827,0.0033969043288379908,No,252.31599999999997,5.737200000000003,0,0
CCBr,0.004582634661346674,0.0007036595488898456,0.07853420078754425,0.00163614796474576,0.00010565893171587959,0.0012104939669370651,0.04356490075588226,0.004353688098490238,0.010348775424063206,0.002834636950865388,0.0016869433457031846,0.0010819080052897334,-1.0204612016677856,7.426745838600793e-17,4.9499431042931974e-05,0.000690384185872972,Yes,108.966,1.4012,0,0
CCC#CCC,0.006455523893237114,0.010719283483922482,0.022177424281835556,0.003749206895008683,0.004189781378954649,0.00014574079250451177,0.039155539125204086,0.007861893624067307,0.011572136543691158,0.006148407235741615,0.0006124577485024929,0.0007513042073696852,-2.1351094245910645,7.06062202519668e-14,0.4297458827495575,7.374069809884531e-06,Yes,82.14599999999999,1.8098,0,0
CC1OC(CC(O)C1O)OC2C(O)CC(OC2C)OC8C(O)CC(OC7CCC3(C)C(CCC4C3CCC5(C)C(CCC45O)C6=CC(=O)OC6)C7)OC8C ,0.02428974024951458,0.06139027699828148,0.06213008239865303,0.022534046322107315,0.052386101335287094,0.00282580079510808,0.09410704672336578,0.05650126934051514,0.02838006056845188,0.037708863615989685,0.008471662178635597,0.008366638794541359,-2.093467950820923,0.00012972888362128288,0.0019133139867335558,2.9260796452490467e-08,No,764.9499999999999,3.247300000000002,5,13
CCC(=C)C,0.007377500180155039,0.013429474085569382,0.025622472167015076,0.004692246206104755,0.005754356272518635,0.00021501377341337502,0.044166963547468185,0.010153412818908691,0.012959389947354794,0.007577499840408564,0.0008432326139882207,0.0010118044447153807,-1.9963805675506592,1.1072203016724796e-22,0.011105552315711975,9.142848966803285e-07,Yes,70.13499999999999,1.9725,0,0
Oc1cccc2cccnc12 ,0.177742600440979,0.023968737572431564,0.08812432736158371,0.032022248953580856,0.02286277897655964,0.00545357633382082,0.1022232323884964,0.032059457153081894,0.040360093116760254,0.19327734410762787,0.0270063616335392,0.04542195796966553,-1.8653757572174072,0.022415172308683395,0.0035258682910352945,0.00010008061508415267,Yes,145.16099999999997,1.9403999999999995,1,2
C1CCc2ccccc2C1,0.05745413526892662,0.0380423329770565,0.059463802725076675,0.023277126252651215,0.03226171061396599,0.002725476399064064,0.0858156830072403,0.03692013397812843,0.029936261475086212,0.07231398671865463,0.01089688390493393,0.013846298679709435,-4.395354747772217,2.582976367515588e-11,2.6872103262576275e-05,0.04281770810484886,Yes,132.20599999999996,2.5654000000000003,0,0
Oc1ccc(cc1)C2(OC(=O)c3ccccc23)c4ccc(O)cc4 ,0.1599239557981491,0.034135814756155014,0.09565569460391998,0.037452831864356995,0.0333847850561142,0.007234431803226471,0.11164773255586624,0.0424712598323822,0.0433143675327301,0.18166480958461761,0.03040475957095623,0.046627335250377655,-4.01004695892334,3.7392485410236986e-06,0.04284902662038803,9.208212759403978e-06,Yes,318.32800000000003,3.560100000000002,2,4
Brc1cc(Br)cc(Br)c1,0.17004887759685516,0.0015095551498234272,0.2542710602283478,0.024531107395887375,0.0006530396058224142,0.053576160222291946,0.13723266124725342,0.023816462606191635,0.07056261599063873,0.14932432770729065,0.13506384193897247,0.0959613025188446,-5.909090518951416,1.0675001931303996e-06,0.2692349851131439,3.2401092084910488e-06,Yes,314.802,3.974100000000001,0,0
COP(=S)(OC)Oc1cc(Cl)c(Cl)cc1Cl,0.043085381388664246,0.004076612181961536,0.06651979684829712,0.005946729332208633,0.0018540986347943544,0.000997957424260676,0.05720071122050285,0.007407580502331257,0.015093035995960236,0.02925880253314972,0.0034832472447305918,0.006488045211881399,-6.423151969909668,1.7115230673686588e-12,0.3065018951892853,3.5949095035903156e-05,Yes,321.549,4.542900000000002,0,4
Cc1cc(=O)[nH]c(=S)[nH]1,0.09376919269561768,0.01603424735367298,0.06825627386569977,0.018233366310596466,0.01192325446754694,0.002602122025564313,0.07649353891611099,0.02022353932261467,0.027712296694517136,0.09217534959316254,0.01113123632967472,0.018334820866584778,-1.2514132261276245,1.958599341378431e-06,0.264666885137558,0.0004523001261986792,Yes,142.18300000000002,0.74091,2,2
COc1cc(CC=C)ccc1O,0.04205155372619629,0.0182954128831625,0.045526325702667236,0.011961701326072216,0.011710302904248238,0.001014698063954711,0.062406040728092194,0.016403408721089363,0.02100479230284691,0.04022148251533508,0.004322512075304985,0.006643312051892281,-2.4411144256591797,0.0051853894256055355,0.001695081708021462,0.0002337784826522693,Yes,164.204,2.1293,1,2
O=C1NC(=O)NC(=O)C1(C(C)C)CC=C,0.027414606884121895,0.03835462033748627,0.05879369378089905,0.01698916405439377,0.027274204418063164,0.001981847221031785,0.08241390436887741,0.03409000486135483,0.02545071579515934,0.032687701284885406,0.0060025970451533794,0.007116012740880251,-2.5598130226135254,2.7867066819453612e-05,0.0005508242174983025,3.216122479443584e-08,Yes,210.23299999999998,0.5708999999999995,2,3
c1cc2ccc3cccc4ccc(c1)c2c34,0.20611223578453064,0.027712279930710793,0.09772244095802307,0.038732077926397324,0.02779202163219452,0.00727688055485487,0.11368073523044586,0.038237642496824265,0.0469733402132988,0.22705510258674622,0.03598538041114807,0.05851210281252861,-7.39032506942749,1.2537053339922721e-10,0.2183968722820282,0.0012950567761436105,Yes,202.25599999999997,4.584000000000002,0,0
CCOC(C)OCC,0.0048196157440543175,0.009583542123436928,0.022295257076621056,0.0030247706454247236,0.00357504328712821,0.00012518223957158625,0.03743569180369377,0.0072954874485731125,0.009856150485575199,0.004684796556830406,0.0004719702701549977,0.0005928585887886584,-0.18197068572044373,2.2654793596643685e-09,0.039039161056280136,0.00015115374117158353,Yes,118.176,1.4054,0,2
CC1(C)CON(Cc2ccccc2Cl)C1=O,0.054710131138563156,0.033324677497148514,0.07090459764003754,0.02233332209289074,0.02702202834188938,0.003377910703420639,0.0896763876080513,0.03672098368406296,0.029822664335370064,0.06599657237529755,0.011462408117949963,0.014817720279097557,-3.1977040767669678,0.4254513084888458,0.012981947511434555,0.0035729629453271627,Yes,239.702,2.6400000000000006,0,2
CCCCOCCO,0.004682253580540419,0.0096731623634696,0.022125056013464928,0.003035759087651968,0.0036011948250234127,0.0001249251508852467,0.037640225142240524,0.007390589453279972,0.009940247051417828,0.0046484158374369144,0.00047354138223454356,0.0005826514679938555,-0.7915132641792297,4.098561225650277e-13,0.014457850717008114,0.0008760985801927745,Yes,118.17599999999999,0.7953999999999999,1,2
Clc1c(Cl)c(Cl)c(N(=O)=O)c(Cl)c1Cl,0.11042655259370804,0.007101695518940687,0.10707082599401474,0.016107331961393356,0.004547713324427605,0.004714168142527342,0.0836266577243805,0.01634327881038189,0.028796905651688576,0.09734544903039932,0.016245651990175247,0.027146631851792336,-6.129316806793213,7.113319482054958e-12,7.738095320064531e-08,1.8745183018114252e-14,Yes,295.336,4.8618,0,2
CC12CCC(O)CC1CCC3C2CCC4(C)C3CCC4=O,0.026973942294716835,0.07466395944356918,0.06529469788074493,0.027258945629000664,0.06876558810472488,0.003599691204726696,0.10181593149900436,0.06950157135725021,0.03152065351605415,0.0454043373465538,0.011005964130163193,0.010258168913424015,-4.611267566680908,0.00108807859942317,0.027922354638576508,5.37452820026374e-07,Yes,290.447,3.959100000000003,1,2
FC(F)(F)c1cccc(c1)N2CC(CCl)C(Cl)C2=O,0.0359564945101738,0.023523719981312752,0.06671949476003647,0.014685365371406078,0.01605353318154812,0.0022671085316687822,0.07869977504014969,0.025754325091838837,0.02258637361228466,0.03810558095574379,0.006535938475281,0.008848471567034721,-4.441656112670898,1.6839636373333633e-05,0.005609299521893263,0.0456865131855011,Yes,312.118,3.514400000000002,0,1
c1ccc2ncccc2c1,0.17184887826442719,0.02413790114223957,0.08458229899406433,0.03121861256659031,0.022909456863999367,0.005115791689604521,0.10030340403318405,0.03150201961398125,0.03947392851114273,0.18726098537445068,0.025410890579223633,0.04278217628598213,-2.467151165008545,7.708751581958495e-06,0.0003053070104215294,0.006371595896780491,Yes,129.16199999999998,2.2348,0,1
COC(=O)c1cc(O)c(O)c(O)c1 ,0.08183053880929947,0.018395308405160904,0.06765153259038925,0.01741020195186138,0.013398746959865093,0.0022455083671957254,0.07926549762487411,0.020543837919831276,0.02762485295534134,0.07765448093414307,0.009546397253870964,0.01594841666519642,-1.1097149848937988,0.0002868117007892579,8.795863095656387e-07,6.31856256205765e-09,Yes,184.147,0.5899999999999996,3,5
OC(Cn1cncn1)(Cn2cncn2)c3ccc(F)cc3F ,0.08365093916654587,0.02399158850312233,0.06827162951231003,0.02045878954231739,0.019382448866963387,0.002855978673323989,0.08162751793861389,0.025572996586561203,0.027532076463103294,0.08939016610383987,0.011421730741858482,0.018286753445863724,-1.8114244937896729,0.0027330077718943357,0.0003270631714258343,0.0005231352988630533,Yes,306.276,0.7357999999999993,1,5
Clc2ccc1oc(=O)[nH]c1c2,0.1791168600320816,0.016492119058966637,0.10128214955329895,0.029059870168566704,0.014385559596121311,0.006058248691260815,0.10214442759752274,0.02799532189965248,0.04088457301259041,0.18707776069641113,0.028801554813981056,0.04763762652873993,-3.6409761905670166,1.846746090450324e-05,0.011546219699084759,3.862587618641555e-05,Yes,169.567,1.7744999999999997,1,2
Clc1ccc(c(Cl)c1)c2c(Cl)c(Cl)c(Cl)c(Cl)c2Cl,0.15328602492809296,0.008965243585407734,0.12263969331979752,0.023835035040974617,0.006529811304062605,0.007728999946266413,0.09855702519416809,0.023330844938755035,0.03944292664527893,0.15053579211235046,0.029529277235269547,0.04520875960588455,-7.8131585121154785,1.2905547297329973e-14,0.00017909864254761487,2.0835978341987582e-12,No,395.3270000000001,7.9274000000000004,0,0
O=C1NC(=O)C(=O)C(=O)N1 ,0.06484123319387436,0.04675326496362686,0.09332942962646484,0.028453540056943893,0.03815416991710663,0.005653758067637682,0.10830716043710709,0.046966809779405594,0.0354480966925621,0.06793110817670822,0.014799278229475021,0.019793815910816193,-1.024524450302124,6.757417542191391e-11,7.190461474237964e-05,7.618934372288777e-10,Yes,142.07,-2.0785,2,4
ClCCCCl,0.003960922826081514,0.0035746353678405285,0.03094279207289219,0.0018001169664785266,0.0009176207822747529,0.00017053406918421388,0.03420066833496094,0.0044153169728815556,0.007651885971426964,0.00265829567797482,0.00038097708602435887,0.0004972739261575043,-2.3991754055023193,8.715845267737166e-10,0.08312659710645676,0.18541564047336578,Yes,112.98700000000001,1.8540999999999999,0,0
Fc1cccc(Br)c1,0.15943968296051025,0.006416962947696447,0.14814172685146332,0.025297362357378006,0.004047066438943148,0.012253891676664352,0.10969413816928864,0.025118345394730568,0.048234011977910995,0.15731412172317505,0.04833417385816574,0.05466792732477188,-3.0843687057495117,3.922948188517239e-09,0.0374104306101799,0.0002647714572958648,Yes,175.0,2.5882000000000005,0,0
Clc1ccc(Br)cc1,0.16418848931789398,0.00473837461322546,0.16857123374938965,0.024904388934373856,0.002780493814498186,0.01501544564962387,0.11301495134830475,0.0240230243653059,0.05221608281135559,0.1587039679288864,0.056609537452459335,0.06072419881820679,-3.6462039947509766,2.0237127251743203e-10,0.8283605575561523,2.6512036583881127e-06,Yes,191.45499999999998,3.102500000000001,0,0
CC(C)C(C)C,0.006370107643306255,0.01585349068045616,0.026926998049020767,0.005111296195536852,0.007269113324582577,0.000254247774137184,0.04721647500991821,0.012668491341173649,0.013154135085642338,0.007784012705087662,0.0009700125083327293,0.0010592145845293999,-3.7364718914031982,9.033029905234453e-26,0.005423747468739748,6.416523756769266e-09,Yes,86.178,2.2984,0,0
CCC=C,0.0061913058161735535,0.011068725027143955,0.022707898169755936,0.003777977079153061,0.00432539451867342,0.0001522615202702582,0.04009772837162018,0.008223884738981724,0.01168041955679655,0.006084710359573364,0.0006183735677041113,0.0007535266340710223,-1.506413459777832,1.6626600418289804e-23,0.004905438516288996,7.123215937099303e-07,Yes,56.108,1.5824,0,0
Clc1ccc(Cl)c(c1)c2cc(Cl)c(Cl)c(Cl)c2Cl,0.15890608727931976,0.009656540118157864,0.1208774670958519,0.024926500394940376,0.007185292895883322,0.007678228430449963,0.10017361491918564,0.024250738322734833,0.04073333740234375,0.15760065615177155,0.030506247654557228,0.04659336805343628,-7.179798603057861,4.787900490573621e-14,0.0032603475265204906,1.6178511308417853e-10,No,360.88200000000006,7.274000000000001,0,0
Nc1cc[nH]c(=O)n1 ,0.14892815053462982,0.020066803321242332,0.08124667406082153,0.025568310171365738,0.017707156017422676,0.004070411901921034,0.09144832193851471,0.025900008156895638,0.03388917073607445,0.15525688230991364,0.019453130662441254,0.03393707051873207,-0.28716641664505005,0.010798015631735325,3.2927709980867803e-07,0.0006589768454432487,Yes,111.104,-0.6479000000000001,2,3
FC(F)(Cl)C(F)(Cl)Cl,0.00927074532955885,0.004715015646070242,0.06366527825593948,0.0034030152019113302,0.001619631191715598,0.0008252268889918923,0.0524686761200428,0.007205420173704624,0.009227626956999302,0.006397619843482971,0.001243002014234662,0.0018374720821157098,-3.2682180404663086,2.916687141915793e-14,0.03758544474840164,1.3886884175917658e-07,Yes,187.37500000000003,2.9189,0,0
CCC#N,0.008280642330646515,0.010911581106483936,0.025960462167859077,0.004107469227164984,0.004262249916791916,0.0001923239469761029,0.04175916686654091,0.00791532639414072,0.012311479076743126,0.006984219886362553,0.0007232470088638365,0.0009715557680465281,0.06907400488853455,9.772339382152495e-08,0.0010237005772069097,1.9416324104071236e-10,Yes,55.07999999999999,0.91998,0,1
ClC(Cl)C(c1ccc(Cl)cc1)c2ccccc2Cl ,0.07874535024166107,0.014858141541481018,0.08287376165390015,0.01795806735754013,0.010368871502578259,0.0037600426003336906,0.08317955583333969,0.02264636568725109,0.02779649943113327,0.07725191861391068,0.01260451227426529,0.018921231850981712,-5.8341383934021,1.21797063457052e-06,0.14756877720355988,2.89710271772492e-07,No,320.04600000000005,5.929000000000003,0,0
COc1ccccc1N(=O)=O,0.06310907751321793,0.0131693035364151,0.053816795349121094,0.01168331503868103,0.008578377775847912,0.0012122489279136062,0.06454607099294662,0.01354129146784544,0.02044503390789032,0.054845552891492844,0.0053199054673314095,0.009578565135598183,-1.9329516887664795,3.0061521556490334e-06,0.0072283754125237465,6.849037163192406e-05,Yes,153.13699999999997,1.6033999999999997,0,3
CC34CCC1C(CC=C2CC(O)CCC12C)C3CCC4=O,0.02947637252509594,0.07748228311538696,0.06796959787607193,0.02894863672554493,0.07238815724849701,0.003993721213191748,0.10447504371404648,0.07179560512304306,0.032732751220464706,0.048663556575775146,0.01200055330991745,0.011331000365316868,-4.538608074188232,0.0007303174934349954,0.0021353105548769236,1.7593495158507721e-06,Yes,288.43100000000004,3.8792000000000026,1,2
CC12CC2(C)C(=O)N(C1=O)c3cc(Cl)cc(Cl)c3,0.08650919795036316,0.03616725280880928,0.09764019399881363,0.03254489228129387,0.03236391767859459,0.007078506052494049,0.11027102172374725,0.049172841012477875,0.03977451100945473,0.10639255493879318,0.023584432899951935,0.029272383078932762,-6.0975823402404785,0.5669479966163635,0.004181320779025555,0.00045244526700116694,Yes,284.142,3.2829000000000024,0,2
c1cc2ccc3ccc4ccc5cccc6c(c1)c2c3c4c56,0.2200680375099182,0.028702417388558388,0.10316140204668045,0.04158356785774231,0.029248619452118874,0.008224385790526867,0.11865954101085663,0.04061705619096756,0.04989967867732048,0.2425888031721115,0.04068527743220329,0.06535843014717102,-8.873188018798828,7.577077160147994e-11,0.43980494141578674,0.000821102992631495,No,276.338,6.3282000000000025,0,0
CCC(C)c1cc(cc(N(=O)=O)c1O)N(=O)=O ,0.051149774342775345,0.01506834663450718,0.055933497846126556,0.011922603473067284,0.00977566558867693,0.0013073461595922709,0.06764024496078491,0.015438209287822247,0.020459182560443878,0.04766825586557388,0.0052922572940588,0.008733986876904964,-3.688173770904541,5.18840806762455e-07,0.0017384802922606468,3.2834027479111683e-06,Yes,240.21499999999995,2.7221000000000024,1,5
c1c(OC)c(OC)C2C(=O)OCC2c1,0.021940357983112335,0.033121928572654724,0.04906422644853592,0.013337742537260056,0.022258030250668526,0.0012344421120360494,0.07188153266906738,0.027620237320661545,0.021933196112513542,0.024597585201263428,0.004003526177257299,0.004827774129807949,-1.9100921154022217,0.00038406174280680716,7.274363724718569e-07,1.022509877657285e-05,Yes,196.20199999999997,0.8497999999999999,0,4
OCC(O)CO,0.005784394219517708,0.011784021742641926,0.027675824239850044,0.0037537585012614727,0.004800652153789997,0.0002015543868765235,0.04286136105656624,0.009129057638347149,0.010942409746348858,0.0056395335122942924,0.000654823612421751,0.0008502349955961108,0.6317585706710815,0.0007981745875440538,0.00017518526874482632,1.280205879083951e-07,Yes,92.09400000000001,-1.6681000000000001,3,3
COc1ccccc1O ,0.074808269739151,0.016740260645747185,0.05522000417113304,0.015217727050185204,0.012032357044517994,0.001565471407957375,0.07024621218442917,0.01775366999208927,0.024876365438103676,0.07218511402606964,0.007491351570934057,0.012576224282383919,-0.735321581363678,0.009257699362933636,0.0006991073023527861,4.744090256281197e-05,Yes,124.13899999999997,1.4008,1,2
CCOP(=S)(OCC)Oc1nc(Cl)c(Cl)cc1Cl ,0.034907810389995575,0.004765476565808058,0.0602073147892952,0.0059340414591133595,0.002187686273828149,0.0008597230189479887,0.05641883611679077,0.00800707284361124,0.014980555512011051,0.02579130232334137,0.0030891266651451588,0.0053518107160925865,-6.2553324699401855,9.94911930618514e-10,0.05039242282509804,6.16779834672343e-06,Yes,350.591,4.718100000000002,0,5
Cc1c2ccccc2cc3ccccc13,0.14718429744243622,0.026739712804555893,0.07830341905355453,0.029861383140087128,0.024719245731830597,0.004551263526082039,0.0963151678442955,0.03181631118059158,0.03749159723520279,0.16005145013332367,0.021497376263141632,0.03495950996875763,-5.771502494812012,1.694919582462262e-08,0.005890797358006239,0.01176122110337019,Yes,192.261,4.301420000000003,0,0
Cc1cc(=O)n(c2ccccc2)n1C,0.09451815485954285,0.02111857198178768,0.06166139245033264,0.01975744031369686,0.016902152448892593,0.0023535117506980896,0.0777047872543335,0.022639548406004906,0.028149954974651337,0.09723604470491409,0.01086407620459795,0.017878763377666473,-2.1493101119995117,7.851651417922767e-08,0.029553405940532684,3.1211671739583835e-05,Yes,188.23000000000002,1.4844199999999999,0,1
CCCCOC,0.004126926884055138,0.008131809532642365,0.01934383250772953,0.002536222105845809,0.002817319007590413,8.910657925298437e-05,0.03407982736825943,0.006108342204242945,0.009090082719922066,0.003954881336539984,0.0003647499834187329,0.0004493221058510244,-1.164338231086731,6.269388866750145e-21,0.003123173490166664,3.2423657103208825e-05,Yes,88.14999999999999,1.4329,0,1
Cc2cnc1cncnc1n2,0.1267429143190384,0.021437864750623703,0.07207324355840683,0.02392476424574852,0.0183264072984457,0.00329677970148623,0.0862264558672905,0.025294378399848938,0.03255465254187584,0.13215802609920502,0.01588437333703041,0.026539750397205353,-1.0026966333389282,0.00021988879598211497,0.0002163009630749002,0.0001903071388369426,Yes,146.153,0.7282199999999998,0,4
CCNc1nc(Cl)nc(NCC)n1 ,0.033207207918167114,0.011731944046914577,0.04589950665831566,0.00920183677226305,0.006521204486489296,0.000826829404104501,0.05850748345255852,0.012988419272005558,0.01935495249927044,0.03100106678903103,0.0035586836747825146,0.005173342768102884,-3.429302215576172,3.127508989564376e-07,2.5478770112385973e-05,2.5481029297225177e-05,Yes,201.661,1.3885999999999998,2,5
CN(C)C(=O)C,0.008783002384006977,0.012594303116202354,0.030466482043266296,0.004616131540387869,0.0052064950577914715,0.0002639981103129685,0.04570810869336128,0.009430639445781708,0.012789616361260414,0.007603167090564966,0.0008654060075059533,0.0011945018777623773,0.20730052888393402,1.1318692294190469e-12,6.219873284862842e-06,2.516497261240147e-06,Yes,87.12199999999999,0.0944999999999998,0,1
CSc1nc(nc(n1)N(C)C)N(C)C,0.02175247296690941,0.008981493301689625,0.0365690141916275,0.005926291923969984,0.004253460094332695,0.00044049604912288487,0.04689215123653412,0.008766205050051212,0.014232637360692024,0.017304765060544014,0.0017508766613900661,0.002702705329284072,-3.7198362350463867,1.5402989674839773e-06,8.943005013861693e-06,2.337685828024405e-06,Yes,213.31,0.7254999999999998,0,6
C=C,0.007206972688436508,0.008666644804179668,0.021993953734636307,0.003204951761290431,0.0029826972167938948,0.00012059052824042737,0.037289705127477646,0.006034563761204481,0.011480246670544147,0.005550732836127281,0.0004809166130144149,0.0006853460217826068,0.27396076917648315,3.0875533385413614e-14,0.0017997844843193889,0.00026475911727175117,Yes,28.053999999999995,0.8022,0,0
CC(C)(C)CCO,0.007007905747741461,0.015925435349345207,0.028331246227025986,0.005210433155298233,0.007532294373959303,0.0002766675897873938,0.04755524918437004,0.01267276331782341,0.012963252142071724,0.008131743408739567,0.001013343222439289,0.001168575370684266,-1.3924163579940796,1.256493607076914e-11,0.3568274676799774,0.0003710278251674026,Yes,102.17699999999999,1.4149,1,1
O=C1NC(=O)NC(=O)C1(CC)CC=C,0.02828376553952694,0.03729354962706566,0.058183155953884125,0.016768012195825577,0.02641923353075981,0.0019241211703047156,0.08146614581346512,0.03303594887256622,0.02533409558236599,0.032899998128414154,0.005911402404308319,0.007104805670678616,-2.205655336380005,0.0005047334125265479,0.00047603805433027446,1.5592105739870021e-07,Yes,196.20599999999996,0.3248999999999995,2,3
Oc1ccc(Cl)c(Cl)c1Cl,0.14897051453590393,0.01035444624722004,0.11278118938207626,0.02371256984770298,0.007753886282444,0.006744778715074062,0.09634911268949509,0.0236124936491251,0.03774275630712509,0.1486603021621704,0.02658085897564888,0.04192318022251129,-2.866586446762085,4.722144453239707e-08,8.33724880067166e-06,6.040834499287939e-11,Yes,197.448,3.3524000000000003,1,1
COc1ccccc1,0.06320074200630188,0.01604238897562027,0.04928145185112953,0.013316730968654156,0.011022419668734074,0.0012242269003763795,0.06524543464183807,0.016034096479415894,0.022692229598760605,0.059998031705617905,0.005847647786140442,0.009799022227525711,-1.3575189113616943,8.380886356462725e-06,0.0008722827769815922,0.007137799635529518,Yes,108.13999999999997,1.6952,0,1
c1ccc(Cl)cc1C(c2ccc(Cl)cc2)(O)C(=O)OC(C)C,0.06111370399594307,0.018193436786532402,0.06901385635137558,0.016696644946932793,0.012799698859453201,0.002466734265908599,0.07940545678138733,0.022593816742300987,0.026653701439499855,0.0640430897474289,0.009195566177368164,0.013671108521521091,-4.094388008117676,0.026913195848464966,0.01075019221752882,0.0013892408460378647,Yes,339.21800000000013,4.180900000000003,1,3
CC13CCC(=O)C=C1CCC4C2CCC(C(=O)CO)C2(CC(O)C34)C=O ,0.02630097046494484,0.0574786439538002,0.0627383440732956,0.022004880011081696,0.04758425056934357,0.002771745901554823,0.09305800497531891,0.05161988362669945,0.028387850150465965,0.03776293247938156,0.008236424997448921,0.008569512516260147,-3.494065761566162,0.009119702503085136,5.0742852181429043e-05,2.8335423962744244e-07,Yes,360.45000000000005,1.8457,2,5
COc2ccc(Oc1ccc(NC(=O)N(C)C)cc1)cc2,0.06302455067634583,0.0179577823728323,0.057974763214588165,0.01486559771001339,0.012373535893857479,0.0016250275075435638,0.07298486679792404,0.01872635819017887,0.025053827092051506,0.06039254739880562,0.006986313499510288,0.011290873400866985,-3.562465190887451,1.7887621197587578e-06,0.03701796382665634,0.03993853181600571,Yes,286.331,3.581000000000002,1,3
CCc1ccc(C)cc1,0.03676754981279373,0.021253036335110664,0.038732510060071945,0.01192499604076147,0.013901365920901299,0.0008840291411615908,0.05816739797592163,0.017138313502073288,0.019672293215990067,0.037718452513217926,0.003809836460277438,0.005520600825548172,-3.86798357963562,2.92937124868331e-06,0.04095857962965965,0.0021624320652335882,Yes,120.19499999999996,2.5574200000000005,0,0
CC(C)SC(C)C,0.00501156784594059,0.008294790983200073,0.02697957307100296,0.003142828354611993,0.0030542067252099514,0.00018737495702225715,0.03944617137312889,0.0076469010673463345,0.009845810942351818,0.004799376707524061,0.0005947593599557877,0.0007248437032103539,-1.718665361404419,2.686660809285165e-25,0.00216823467053473,0.0020838857162743807,Yes,118.24499999999999,2.5364000000000004,0,1
O=N(=O)c1cccc(c1)N(=O)=O,0.09554330259561539,0.013455419801175594,0.0714731514453888,0.014909487217664719,0.009633452631533146,0.0021515244152396917,0.07637599110603333,0.015667155385017395,0.023395560681819916,0.08391133695840836,0.008933639153838158,0.017162619158625603,-2.788930892944336,6.388732032291955e-08,0.00087924167746678,2.909273234763532e-06,Yes,168.10799999999995,1.503,0,4
CCOP(=S)(OCC)SCSP(=S)(OCC)OCC,0.005087817553430796,0.0019183425465598702,0.028774583712220192,0.001065957359969616,0.00046589894918724895,8.161460573319346e-05,0.02953246980905533,0.002234820742160082,0.004822500515729189,0.0025661964900791645,0.00022332393564283848,0.00042821187525987625,-4.796786785125732,2.0907166006312126e-15,0.10760772228240967,1.0544211903606993e-07,No,384.4870000000002,5.005300000000004,0,8
CCC1(C(C)C)C(=O)NC(=O)NC1=O ,0.026326779276132584,0.03732889145612717,0.05707181990146637,0.0164477601647377,0.026449033990502357,0.001853391993790865,0.08093646168708801,0.033484771847724915,0.02488846704363823,0.03188857063651085,0.005784892942756414,0.006745095364749432,-2.4782023429870605,1.0472889698576182e-05,0.0008385009714402258,1.0219226576069218e-09,Yes,198.22199999999998,0.40479999999999994,2,3
CC(=O)OCC(=O)C3(O)CCC4C2CCC1=CC(=O)CCC1(C)C2C(=O)CC34C ,0.028279338032007217,0.05805701017379761,0.06552951037883759,0.022703353315591812,0.04795343428850174,0.0030356277711689472,0.09480010718107224,0.05187816545367241,0.029013196006417274,0.0394938662648201,0.008717987686395645,0.009280815720558167,-3.5678486824035645,0.02244279347360134,9.579571269568987e-06,3.5816529475596326e-07,Yes,402.48700000000025,2.560600000000001,1,6
Cc1ncc(N(=O)=O)n1CCO,0.03549841791391373,0.014064811170101166,0.045571234077215195,0.009206272661685944,0.008314976468682289,0.0008287106174975634,0.05789782106876373,0.012858844362199306,0.017144950106739998,0.03185487911105156,0.0032330499961972237,0.005295383278280497,-0.6666169166564941,0.0004692365473601967,0.0002822175156325102,0.0003464205074124038,Yes,171.15599999999998,0.09201999999999994,1,4
Nc1ccc(Cl)cc1,0.14604859054088593,0.016259267926216125,0.09038496762514114,0.02567673660814762,0.013485494069755077,0.004986519459635019,0.09422360360622406,0.02623552829027176,0.03681635856628418,0.15210480988025665,0.022389357909560204,0.03625022992491722,-1.9857456684112549,0.0009048126521520317,0.006035312544554472,0.0005947817116975784,Yes,127.574,1.9222,1,1
CCCC(C)(C)CO,0.006576375104486942,0.014889268204569817,0.02689225785434246,0.004828149452805519,0.006805172190070152,0.00024192770069930702,0.04587003216147423,0.01174718514084816,0.012519357725977898,0.007551710121333599,0.0009073815308511257,0.001046540797688067,-2.0742743015289307,3.707358205151667e-12,0.06475052982568741,0.00018216553144156933,Yes,116.20399999999998,1.8050000000000002,1,1
c1ccoc1,0.12305939942598343,0.017605386674404144,0.06661321967840195,0.020591815933585167,0.014863613992929459,0.002686483785510063,0.0801067054271698,0.021587181836366653,0.02904205024242401,0.13048051297664642,0.013601794838905334,0.024298731237649918,0.5950728058815002,0.02327878400683403,9.770680975407231e-08,0.0010927420808002353,Yes,68.07499999999999,1.2795999999999998,0,1
COCCCNc1nc(NC(C)C)nc(SC)n1,0.016340035945177078,0.010164177976548672,0.0347755067050457,0.005690307822078466,0.0047824932262301445,0.0004013469151686877,0.04718053713440895,0.009589478373527527,0.013808812946081161,0.014336220920085907,0.0015491932863369584,0.002214924432337284,-2.7258663177490234,0.00032395616290159523,0.0001237218821188435,0.0001922605006257072,Yes,271.39,1.8621999999999999,2,7
CN(C)C(=O)NC1CC2CC1C3CCCC23,0.018925167620182037,0.04168259724974632,0.05137573555111885,0.01528677437454462,0.029742075130343437,0.0015392819186672568,0.07910987734794617,0.03651805222034454,0.023457812145352364,0.02570401504635811,0.0048448555171489716,0.005144101567566395,-5.248783588409424,3.250208713279079e-10,0.2610575258731842,2.9027994969510473e-05,Yes,222.33199999999994,2.0822999999999996,1,1
CC(C)(C)c1ccccc1,0.04892457649111748,0.029513049870729446,0.05662600323557854,0.018512843176722527,0.022897718474268913,0.0020782314240932465,0.07911287993192673,0.028600294142961502,0.02622022107243538,0.0596967488527298,0.00818448793143034,0.01115795224905014,-4.2319865226745605,1.629599744035204e-08,0.196959987282753,0.003510543843731284,Yes,134.22199999999998,2.9841000000000015,0,0
CC(=O)CCC1C(=O)N(N(C1=O)c2ccccc2)c3ccccc3,0.06772243231534958,0.030574960634112358,0.06784256547689438,0.022067449986934662,0.02461145631968975,0.0029650877695530653,0.08809991925954819,0.03160287067294121,0.03043413907289505,0.07577303051948547,0.011293002404272556,0.01609521545469761,-3.4277725219726562,8.384726970689371e-05,0.004292340949177742,0.003042279276996851,Yes,322.36400000000003,2.966800000000001,0,3
CC(=O)OCC(=O)C3(O)CCC4C2CCC1=CC(=O)C=CC1(C)C2C(O)CC34C ,0.029404543340206146,0.05826873704791069,0.06709321588277817,0.02323034405708313,0.04836619272828102,0.003180569037795067,0.09609178453683853,0.05249321833252907,0.02950992062687874,0.04086519777774811,0.009087716229259968,0.009724373929202557,-3.2825582027435303,0.0004935149336233735,0.0001487354893470183,2.5314884624094702e-06,Yes,402.48700000000014,2.1284,2,6
CCCOC,0.0039020476397126913,0.007439575158059597,0.01860605739057064,0.0023088250309228897,0.0024794635828584433,7.806717621861026e-05,0.032666515558958054,0.005544743034988642,0.008651548996567726,0.0036075515672564507,0.0003204339009243995,0.00040224226540885866,-0.3604140281677246,3.8498262668288537e-19,0.0007289227214641869,5.605486876447685e-05,Yes,74.12299999999999,1.0428,0,1
CC(C)OC(=O)C,0.007981060072779655,0.012607064098119736,0.029608706012368202,0.0045009213499724865,0.005298375617712736,0.00025095316232182086,0.04522445425391197,0.009618736803531647,0.012413399294018745,0.007352101616561413,0.0008478484814986587,0.001128659350797534,-0.04643464833498001,4.905885697681356e-10,2.5032607027242193e-06,3.786003617278766e-06,Yes,102.133,0.9579,0,2
Brc1ccccc1,0.15416912734508514,0.005797401536256075,0.1513994038105011,0.02512597106397152,0.0035122910048812628,0.013390757143497467,0.11064023524522781,0.025271456688642502,0.04984453693032265,0.15364596247673035,0.05168510228395462,0.05466306954622269,-2.4724130630493164,1.0548874662674734e-08,0.07890874147415161,0.00036933005321770906,Yes,157.01,2.4491000000000005,0,0
CCOC(=O)c1ccc(O)cc1,0.05505268648266792,0.017887741327285767,0.056818194687366486,0.013977103866636753,0.011998811736702919,0.001519648707471788,0.07174278050661087,0.018419869244098663,0.02399967424571514,0.05336901172995567,0.006300351116806269,0.009983688592910767,-1.8480989933013916,0.14128263294696808,1.5791745681781322e-05,1.8647928357040655e-07,Yes,166.176,1.5689,1,3
O=C1N(COC(=O)CCC)C(=O)C(N1)(c2ccccc2)c3ccccc3,0.05858708173036575,0.029640233144164085,0.06660101562738419,0.020049123093485832,0.02268189564347267,0.002660047262907028,0.08617706596851349,0.02993113175034523,0.029048370197415352,0.06416747719049454,0.009645761922001839,0.013689432293176651,-3.597947597503662,0.003950531594455242,0.0017080535180866718,6.617823601118289e-06,Yes,352.39000000000004,2.782800000000001,1,4
CCC(=O)OC3CCC4C2CCC1=CC(=O)CCC1(C)C2CCC34C ,0.024646658450365067,0.056780602782964706,0.05945981666445732,0.02131691202521324,0.046572547405958176,0.002524050883948803,0.09096060693264008,0.05082917585968971,0.02790369838476181,0.03633154556155205,0.007784637622535229,0.007888244464993477,-5.1143879890441895,0.009485789574682713,0.0028149422723799944,1.380059444500148e-07,Yes,344.4950000000001,4.840100000000005,0,3
c1cc2ccc3ccc4ccc5ccc6ccc1c7c2c3c4c5c67,0.23392915725708008,0.029492570087313652,0.1085488498210907,0.04432638734579086,0.030549438670277596,0.009183496236801147,0.12349723279476166,0.04282976686954498,0.052772946655750275,0.2586127519607544,0.04561777040362358,0.07258015125989914,-9.814681053161621,3.742892454305924e-11,0.5917237997055054,0.0002389749133726582,No,300.36000000000007,6.919200000000002,0,0
O=c1[nH]cnc2[nH]ncc12 ,0.18519754707813263,0.020408816635608673,0.09173029661178589,0.030229633674025536,0.019142521545290947,0.005277184769511223,0.10076368600130081,0.029042044654488564,0.039331600069999695,0.19685779511928558,0.026990793645381927,0.04660739377140999,-1.0148565769195557,4.0978666220325977e-05,0.00018568620726000518,0.002718783915042877,Yes,136.114,-0.35380000000000006,2,3
ClC=C,0.010388382710516453,0.003909340128302574,0.05078300088644028,0.003013285808265209,0.001057803863659501,0.0004967362037859857,0.0459463968873024,0.005604343954473734,0.011373434215784073,0.005461835768073797,0.0009537262376397848,0.0014110543997958302,-0.5518370270729065,3.1437380476617705e-11,6.0719983594026417e-05,0.002339492319151759,Yes,62.499,1.3687,0,0
CN(C)C(=O)C(c1ccccc1)c2ccccc2 ,0.06135150417685509,0.024490680545568466,0.05905572697520256,0.017523474991321564,0.018177736550569534,0.0020622871816158295,0.0771331936120987,0.023869168013334274,0.025984540581703186,0.06439244747161865,0.008081982843577862,0.012399394065141678,-3.9701414108276367,1.5121806427487172e-05,0.0056505207903683186,2.006671275012195e-05,Yes,239.318,2.9067000000000016,0,1
BrC(Br)(Br)Br,0.004209063481539488,6.154838774818927e-05,0.17478564381599426,0.0007912336732260883,4.217903097014641e-06,0.021847087889909744,0.049335308372974396,0.002157315146178007,0.006451090797781944,0.0013920372584834695,0.003896632231771946,0.0016999453073367476,-2.8215887546539307,9.314214366895612e-06,2.1972637114231475e-06,3.354545530243058e-10,Yes,331.62699999999995,3.1773000000000002,0,0
CCN2c1cc(N(C)C)cc(C)c1NC(=O)c3cccnc23 ,0.05885022506117821,0.02303725853562355,0.05526510998606682,0.016674013808369637,0.016686808317899704,0.0017544064903631806,0.07356100529432297,0.02234986051917076,0.025540107861161232,0.06001119688153267,0.007354319095611572,0.01097723189741373,-4.2653679847717285,1.1129332051496021e-05,0.003113341750577092,0.0007104804390110075,Yes,296.374,3.1797200000000014,1,4
O=C1NC(=O)c2ccccc12 ,0.12784627079963684,0.03510429337620735,0.09174346923828125,0.03331812098622322,0.03227553516626358,0.006221292540431023,0.10690398514270782,0.04054483771324158,0.0395122766494751,0.1384853571653366,0.02338346466422081,0.035463400185108185,-3.611154317855835,6.069809899145184e-08,0.00812638457864523,9.510125528322533e-05,Yes,147.13299999999998,0.5702,1,2
OC(c1ccc(Cl)cc1)(c2cncnc2)c3ccccc3Cl,0.12756633758544922,0.02165510505437851,0.0876980796456337,0.02698214165866375,0.01867096498608589,0.005121286492794752,0.09533780813217163,0.030213888734579086,0.03517809882760048,0.14047181606292725,0.021140841767191887,0.03336751088500023,-3.6118578910827637,0.0073945955373346806,0.027947532013058662,0.00026454514591023326,Yes,331.202,4.0676000000000005,1,3
COC(=O)c1ccccc1,0.05635876953601837,0.017163150012493134,0.05460750684142113,0.013245905749499798,0.01133955642580986,0.0013957030605524778,0.06892412900924683,0.016916848719120026,0.022886881604790688,0.05154683440923691,0.005717367399483919,0.009504229761660099,-2.336337089538574,5.176175932319893e-07,0.0036958877462893724,0.0018246537074446678,Yes,136.14999999999998,1.4732,0,2
Cn1ccc(=O)[nH]c1=O,0.09296020120382309,0.0179104246199131,0.06165403127670288,0.01768355816602707,0.013724248856306076,0.002098914934322238,0.07406731694936752,0.019627645611763,0.026269249618053436,0.09126054495573044,0.009747802279889584,0.016709262505173683,-0.7348548173904419,8.774272259870486e-07,0.03429500386118889,1.1228532457607798e-05,Yes,126.115,-0.9264000000000001,1,2
CCCCC1C(=O)N(N(C1=O)c2ccc(O)cc2)c3ccccc3 ,0.07178345322608948,0.029060913249850273,0.06801906228065491,0.022289426997303963,0.023606883361935616,0.0029617769178003073,0.08837433159351349,0.031245484948158264,0.031013431027531624,0.08157727122306824,0.011957931332290173,0.016953356564044952,-3.873274803161621,0.003672116668894887,0.002240242436528206,0.0004238506080582738,Yes,324.38000000000005,3.493400000000002,1,3
Clc1ccc(Cl)c(c1)c2cccc(Cl)c2Cl ,0.16492809355258942,0.01210510078817606,0.11106148362159729,0.026821980252861977,0.009585738182067871,0.006990933325141668,0.10090189427137375,0.026210293173789978,0.04145659878849983,0.1688046008348465,0.03003670647740364,0.04663361981511116,-6.1905012130737305,1.9109412403156556e-12,0.4374367296695709,3.4499618095651385e-07,No,291.9920000000001,5.967200000000002,0,0
CCC2NC(=O)c1cc(c(Cl)cc1N2)S(N)(=O)=O,0.040842149406671524,0.009710723534226418,0.05689307302236557,0.008935733698308468,0.005540687125176191,0.0011670992244035006,0.061627984046936035,0.012209254316985607,0.016747208312153816,0.03352973982691765,0.004145229700952768,0.00680572260171175,-3.524503707885742,0.001052499865181744,0.0032614015508443117,0.007540408056229353,Yes,289.7440000000001,0.8788,3,4
CN(C)C(=O)Nc1ccc(Cl)c(Cl)c1,0.056694064289331436,0.012876499444246292,0.06829079985618591,0.013485893607139587,0.007926257327198982,0.001993800513446331,0.0736999437212944,0.017348306253552437,0.025144414976239204,0.05201680213212967,0.007332907058298588,0.011306892149150372,-3.9832825660705566,3.963478878432625e-09,0.004088690970093012,0.0010524953249841928,Yes,233.09799999999998,3.0869000000000018,1,1
C1CC=CC1,0.018069133162498474,0.043728284537792206,0.04618363454937935,0.01579197123646736,0.03163924068212509,0.0013633533380925655,0.077519990503788,0.038299933075904846,0.02438727207481861,0.026121539995074272,0.004708651918917894,0.004655713215470314,-2.314911365509033,1.2078085376288072e-07,0.1800699084997177,0.00017333212599623948,Yes,68.11900000000001,1.7265,0,0
C1(=O)NC(=O)NC(=O)C1(O)C2(O)C(=O)NC(=O)NC2(=O),0.057714782655239105,0.061054978519678116,0.09305047988891602,0.03250101953744888,0.05482069402933121,0.0065625919960439205,0.11377595365047455,0.06077854335308075,0.03667154535651207,0.07158053666353226,0.017030304297804832,0.020589083433151245,-1.0179126262664795,6.553484126925468e-05,3.678995881273295e-07,1.9206887469369605e-10,No,286.156,-4.819399999999998,6,8
CCCCCCCCC,0.004727276507765055,0.01085401140153408,0.02086062915623188,0.003405652241781354,0.00423777662217617,0.00012816769594792277,0.038613852113485336,0.008362406864762306,0.010721346363425255,0.0052883378230035305,0.0005428031436167657,0.0006090576644055545,-5.844715595245361,1.2504055728878452e-24,0.012383271008729935,1.5969139894878026e-06,Yes,128.259,3.7569000000000026,0,0
Oc1ccccc1Cl,0.15256109833717346,0.016144584864377975,0.09222326427698135,0.026314545422792435,0.013605340383946896,0.005219776649028063,0.09540800750255585,0.02668902464210987,0.03740200027823448,0.16148461401462555,0.02379247359931469,0.0389215350151062,-1.2755812406539917,0.007547562476247549,0.002924995729699731,5.588390763477946e-07,Yes,128.558,2.0456000000000003,1,1
c1cccc2c3c(C)cc4ccccc4c3ccc12,0.15832091867923737,0.027021421119570732,0.08215563744306564,0.031644612550735474,0.025347711518406868,0.005029530730098486,0.09990452975034714,0.03314703702926636,0.03956471011042595,0.17221218347549438,0.02398146502673626,0.038872797042131424,-6.657097339630127,1.4255459923617764e-08,0.026056230068206787,0.015347813256084919,No,242.321,5.454620000000004,0,0
CCOc1ccccc1,0.04866668954491615,0.016772769391536713,0.04666479304432869,0.012411843985319138,0.011151161976158619,0.0010853760177269578,0.06433949619531631,0.016528308391571045,0.021831978112459183,0.04910359904170036,0.005035626236349344,0.007858947850763798,-1.705443024635315,1.6827209847747326e-08,0.005661454517394304,0.010956874117255211,Yes,122.16699999999996,2.0853,0,1
CCOC(=O)C=Cc1ccccc1,0.04064081981778145,0.019298087805509567,0.051677923649549484,0.012366254813969135,0.012229404412209988,0.0012557355221360922,0.06804731488227844,0.017930515110492706,0.021829567849636078,0.0389598123729229,0.004703894257545471,0.00723770959302783,-3.084843158721924,0.0034939574543386698,0.009477630257606506,0.000763977412134409,Yes,176.215,2.2629,0,2
Cc1[nH]c(=O)n(c(=O)c1Cl)C(C)(C)C,0.05126628652215004,0.02072887122631073,0.059353701770305634,0.015759719535708427,0.014690272510051727,0.0019476338056847453,0.07357429713010788,0.022591302171349525,0.024273257702589035,0.05570201203227043,0.0074494583532214165,0.010786755010485649,-2.7733068466186523,1.1290520887996536e-05,0.010504692792892456,8.099605679490196e-07,Yes,216.66799999999998,1.2534200000000002,1,2
Clc1ccccc1C2=NCC(=O)Nc3ccc(cc23)N(=O)=O,0.11030253022909164,0.0246509350836277,0.08586879819631577,0.02587020769715309,0.020752128213644028,0.004581543151289225,0.09668611735105515,0.0309311393648386,0.034522056579589844,0.1152220070362091,0.017928818240761757,0.027821548283100128,-4.237120628356934,1.5960515156621113e-05,0.09241143614053726,0.00042107305489480495,Yes,315.716,3.037700000000001,1,4
Cc1ccc(cc1)S(=O)(=O)N,0.03746930509805679,0.005158653948456049,0.04424908757209778,0.0052337744273245335,0.0025408933870494366,0.0005613727844320238,0.04629665985703468,0.006187410559505224,0.011066402308642864,0.025102533400058746,0.0021194678265601397,0.004267361015081406,-2.191948413848877,0.5485098958015442,1.2395374142215587e-05,0.003926773555576801,Yes,171.22099999999998,0.6424200000000001,1,2
CC(OC(=O)Nc1cccc(Cl)c1)C#C,0.05103125423192978,0.01705011911690235,0.06463995575904846,0.014067145064473152,0.01092049852013588,0.0019035066943615675,0.07472329586744308,0.019156556576490402,0.024530645459890366,0.04744097590446472,0.006653517950326204,0.010293206200003624,-3.3186326026916504,0.0006612542783841491,0.02811179682612419,0.00046935779391787946,Yes,223.659,2.9102000000000006,1,2
CCCCCC(C)C,0.0052118864841759205,0.012216387316584587,0.022548602893948555,0.0038712662644684315,0.005030148662626743,0.00015849439660087228,0.041066065430641174,0.009514416567981243,0.011419248767197132,0.005989350378513336,0.000651740119792521,0.0007259774720296264,-5.2209153175354,2.635218696617637e-25,0.01139290165156126,4.0868550854611385e-07,Yes,114.23199999999999,3.2227000000000023,0,0
CC1(C)C(C=C(Cl)C(F)(F)F)C1C(=O)OC(C#N)c2cccc(Oc3ccccc3)c2,0.05047692731022835,0.025614416226744652,0.06966608017683029,0.017524272203445435,0.01877187192440033,0.0026377863250672817,0.0839499905705452,0.02719651162624359,0.0257794801145792,0.05384520813822746,0.008503809571266174,0.01226825825870037,-5.447495937347412,0.006082735024392605,0.2735581696033478,0.0007924254750832915,No,449.8560000000001,6.543980000000005,0,4
CCCC1C(=O)N3N(C1=O)c2cc(C)ccc2N=C3N(C)C ,0.037611085921525955,0.02860790677368641,0.05345475673675537,0.0157456137239933,0.019971992820501328,0.0016196233918890357,0.07463622093200684,0.0259594414383173,0.024603571742773056,0.04091961681842804,0.0059102619998157024,0.007798598613590002,-5.202943325042725,1.0042957910627592e-05,0.0009569897665642202,2.744027369772084e-05,Yes,300.3620000000001,2.0642199999999997,0,4
CN2C(=O)CN=C(c1ccccc1)c3cc(Cl)ccc23,0.09965965896844864,0.027878249064087868,0.08058503270149231,0.026761140674352646,0.02369120344519615,0.004399323370307684,0.0959559753537178,0.03392192721366882,0.03555702790617943,0.10856326669454575,0.017397692427039146,0.02531890571117401,-4.152603626251221,1.4919119166734163e-05,0.10005079954862595,0.0026314998976886272,Yes,284.74600000000004,3.153800000000002,0,2
CCC(O)C(C)C,0.006166528444737196,0.014489587396383286,0.0266189593821764,0.004648307804018259,0.006430103909224272,0.00023109889298211783,0.04552904888987541,0.011447311379015446,0.012425803579390049,0.007115658838301897,0.0008568533230572939,0.0009798345854505897,-0.9297698140144348,5.908598496371764e-16,0.00037748622708022594,7.3728319875954185e-06,Yes,102.17699999999999,1.4133,1,1
CCOP(=S)(OCC)Oc1ccc(cc1)S(C)=O ,0.020516788586974144,0.004176320508122444,0.04252230003476143,0.0036520687863230705,0.0016655100043863058,0.00036548214848153293,0.04454701393842697,0.005445384420454502,0.010210351087152958,0.013398446142673492,0.0012928347568958998,0.002388934837654233,-4.460772514343262,1.2686874129030912e-07,0.5487615466117859,0.009438006207346916,Yes,308.36100000000005,3.1003000000000016,0,5
CC1(C)C2CCC1(C)C(O)C2,0.027849366888403893,0.08122777193784714,0.06891333311796188,0.029409276321530342,0.07731775939464569,0.004152811132371426,0.10612419992685318,0.07610873878002167,0.03259244188666344,0.04849885031580925,0.012383283115923405,0.011369558982551098,-3.53627872467041,0.000640489743091166,0.057312775403261185,4.7200643393807695e-08,Yes,154.253,2.1935000000000002,1,1
CC12CCC3C(CCC4=CC(=O)CCC34C)C2CCC1O,0.029959673061966896,0.0773358941078186,0.06833983957767487,0.02908109501004219,0.07226771116256714,0.004041513428092003,0.10467733442783356,0.07168129086494446,0.03282257914543152,0.04913075640797615,0.012116755358874798,0.011501110158860683,-4.569798469543457,0.0006884449976496398,0.0008239637245424092,1.4492943591903895e-06,Yes,288.431,3.879200000000003,1,2
CCCCCCC,0.004522818140685558,0.010255762375891209,0.020076962187886238,0.0032056160271167755,0.0039101107977330685,0.00011568127229111269,0.0374661460518837,0.00785911176353693,0.010401273146271706,0.00499340146780014,0.000497759785503149,0.0005609652143903077,-5.037627696990967,1.0441543978920085e-26,0.003953671548515558,9.389815147642366e-08,Yes,100.205,2.976700000000002,0,0
Oc1cccc2ccccc12,0.17537912726402283,0.025069192051887512,0.08723422884941101,0.032510530203580856,0.02401033788919449,0.005498768296092749,0.10269669443368912,0.032919686287641525,0.040629878640174866,0.1916487067937851,0.02693803422152996,0.04496632143855095,-2.800372362136841,0.0012634708546102047,0.003853622591122985,0.0002647959627211094,Yes,144.17299999999997,2.5454000000000008,1,1
C/C1CCCCC1\C,0.013801099732518196,0.03910289332270622,0.04140100255608559,0.013173834420740604,0.027192337438464165,0.0010236484231427312,0.07172232866287231,0.03457656130194664,0.021479619666934013,0.021253159269690514,0.003693806007504463,0.0035257579293102026,-3.7286531925201416,3.426231342018582e-05,0.04864245653152466,7.1015899827386875e-09,Yes,112.216,2.832600000000001,0,0
COc2cc1c(N)nc(nc1c(OC)c2OC)N3CCN(CC3)C(=O)OCC(C)(C)O ,0.030633045360445976,0.02037554420530796,0.04723300412297249,0.011377638205885887,0.012787207961082458,0.0010139637161046267,0.06491045653820038,0.018475698307156563,0.020481636747717857,0.03078531101346016,0.003885067068040371,0.005474529229104519,-2.263577461242676,0.006461211945861578,6.278284126892686e-05,4.907543188892305e-05,Yes,435.48100000000034,1.2672999999999996,2,10
C1Cc2c3c1cccc3cc4c2ccc5ccccc54,0.15828987956047058,0.03347528353333473,0.08880556374788284,0.03666824474930763,0.03276640549302101,0.006417477037757635,0.10854755342006683,0.04094909131526947,0.043108608573675156,0.1798790544271469,0.028793592005968094,0.043712545186281204,-7.816351413726807,3.855820551734723e-09,0.007041669450700283,0.07791360467672348,No,254.33199999999997,5.244800000000004,0,0
CC(=O)C3(C)CCC4C2C=C(C)C1=CC(=O)CCC1(C)C2CCC34C,0.03080577962100506,0.06974746286869049,0.06722025573253632,0.02712923288345337,0.06247592717409134,0.003681014059111476,0.10098714381456375,0.06305842101573944,0.03185049444437027,0.04679403454065323,0.010967343114316463,0.010961339809000492,-5.3668317794799805,0.011194312945008278,0.018954157829284668,6.856540039734682e-06,No,340.5070000000001,5.279700000000005,0,2
CCCCCC(=O)C,0.006458662915974855,0.01246267557144165,0.025251535698771477,0.004188130144029856,0.005159525200724602,0.0001937016349984333,0.042850933969020844,0.009511971846222878,0.012015335261821747,0.006650758441537619,0.0007352865068241954,0.0008887511794455349,-2.083439350128174,2.4773317791468722e-20,0.025472842156887054,1.2859977687185165e-06,Yes,114.18799999999999,2.1557000000000004,0,1
COP(=O)(NC(C)=O)SC ,0.006585752125829458,0.002495555905625224,0.03220082446932793,0.00140379520598799,0.0006387484027072787,0.00012691819574683905,0.031795673072338104,0.002688728040084243,0.005824610590934753,0.0031107868999242783,0.00030001968843862414,0.0005894674686715007,-0.2391030192375183,1.8948917955563527e-12,0.00033678533509373665,5.514123131433735e-06,Yes,183.16899999999998,1.24,1,4
CCCCSP(=O)(SCCCC)SCCCC,0.005014398135244846,0.003452849108725786,0.027002377435564995,0.0016972551820799708,0.0009841256542131305,0.000108301144791767,0.03336881473660469,0.0037728927563875914,0.006741004064679146,0.0034317723475396633,0.0003407829790376127,0.0005187712959013879,-5.29535436630249,1.319835621104218e-16,0.025058630853891373,0.001896202564239502,No,314.5220000000001,6.694400000000005,0,4
c1cC2C(=O)NC(=O)C2cc1,0.04706411063671112,0.07930375635623932,0.08478724956512451,0.03515942394733429,0.07452543079853058,0.0062752231024205685,0.11561816185712814,0.07283484935760498,0.03813531994819641,0.0650678277015686,0.016617167741060257,0.017928222194314003,-2.533047676086426,5.104690444568405e-06,1.4140630355541361e-07,4.977169737685472e-05,Yes,149.149,0.0011999999999999234,1,2
NS(=O)(=O)c2cc1c(NC(NS1(=O)=O)C(Cl)Cl)cc2Cl ,0.032649971544742584,0.004424192477017641,0.0605015866458416,0.005323285236954689,0.0020302555058151484,0.0009183419169858098,0.05301249772310257,0.007166686467826366,0.011736374348402023,0.021814124658703804,0.002702089725062251,0.004923421423882246,-3.3854098320007324,0.0004728366620838642,0.017177240923047066,0.0008482044213451445,Yes,380.66200000000003,0.8210000000000011,3,5
CC=C(C)C,0.00825598556548357,0.01415321882814169,0.027346303686499596,0.005079646594822407,0.006160014308989048,0.0002495021326467395,0.04601716250181198,0.010695568285882473,0.013692143373191357,0.0083151338621974,0.000941049656830728,0.0011568322079256177,-1.4284254312515259,3.924452756859283e-20,0.014575378969311714,1.3949085087006097e-06,Yes,70.13499999999999,1.9725,0,0
Cc1ccc(C)c(C)c1,0.0481421984732151,0.025041015818715096,0.043497201055288315,0.01480758748948574,0.017931245267391205,0.001267620362341404,0.06328632682561874,0.020415982231497765,0.021833917126059532,0.05035439878702164,0.0052141766063869,0.007733543869107962,-3.0864293575286865,1.8139047597287572e-06,0.0028639582451432943,0.000234318504226394,Yes,120.195,2.611860000000001,0,0
Oc1cc(Cl)c(Cl)cc1Cl,0.1548527181148529,0.010302294045686722,0.11508575081825256,0.024508338421583176,0.007785013876855373,0.006958646699786186,0.0977867841720581,0.024004945531487465,0.039175719022750854,0.15497539937496185,0.028216568753123283,0.044153425842523575,-3.506767749786377,2.7443897465673217e-07,0.0003959636087529361,2.72082667507334e-09,Yes,197.448,3.3524000000000003,1,1
c1ccc2c(c1)cnc3ccccc23 ,0.18845492601394653,0.02575361356139183,0.0910830870270729,0.03472044691443443,0.025111613795161247,0.0060966722667217255,0.10677847266197205,0.03461137413978577,0.043024685233831406,0.20634420216083527,0.030243080109357834,0.05005587637424469,-4.53628396987915,8.62724107264512e-07,0.0014332863502204418,0.009613069705665112,Yes,179.22199999999998,3.388000000000001,0,1
CCCC(C)(O)CC,0.0063843815587460995,0.014491766691207886,0.02610068954527378,0.0046755848452448845,0.006550227757543325,0.00022689622710458934,0.045071035623550415,0.01137613132596016,0.012317157350480556,0.00735935103148222,0.0008654629928059876,0.0009949470404535532,-0.8202615976333618,1.3586918811309698e-15,0.043702248483896255,1.6350513831753233e-08,Yes,116.20399999999998,1.9475,1,1
CCCCCCCC,0.004636719822883606,0.010588142089545727,0.02051415480673313,0.0033166506327688694,0.004091182723641396,0.00012254726607352495,0.03810763359069824,0.00813839677721262,0.01058012805879116,0.005157229956239462,0.0005226159701123834,0.0005875301430933177,-5.491614818572998,1.5504776362636009e-25,0.00804477371275425,4.622567928436183e-07,Yes,114.232,3.3668000000000022,0,0
c1ccc2cc3ccccc3cc2c1,0.18858455121517181,0.026690956205129623,0.09109970182180405,0.03542179986834526,0.026166211813688278,0.006223542615771294,0.1077730655670166,0.0355304479598999,0.043587151914834976,0.20737998187541962,0.030713986605405807,0.05051464959979057,-5.8248772621154785,3.7185179380117006e-09,0.003246451262384653,0.01911669783294201,Yes,178.23399999999995,3.993000000000002,0,0
NNc1ccccc1,0.08263570815324783,0.019742779433727264,0.060215894132852554,0.017357680946588516,0.01484333723783493,0.00202303403057158,0.07594379782676697,0.020324472337961197,0.02620420977473259,0.07815836369991302,0.008786414749920368,0.014959188178181648,-1.2330961227416992,0.02462967485189438,4.296481347410008e-05,0.002339351223781705,Yes,108.14399999999998,0.9722000000000002,2,2
CCC=O,0.0061272080056369305,0.009880024008452892,0.02372738905251026,0.003380067413672805,0.003667445620521903,0.0001470960269216448,0.039098091423511505,0.007283779792487621,0.010918335989117622,0.00544224726036191,0.0005504541913978755,0.0007204963476397097,0.10125695914030075,1.0203883071824293e-08,0.0033306851983070374,1.5640209767298074e-06,Yes,58.08,0.5952999999999999,0,1
C1CCCCCCC1,0.012544258497655392,0.036212872713804245,0.03892293572425842,0.012017740868031979,0.02414572611451149,0.0008677630685269833,0.0689801499247551,0.032193996012210846,0.020762115716934204,0.019220367074012756,0.0032061769161373377,0.00303100049495697,-3.404433012008667,5.9365472537820096e-08,0.03135150671005249,1.1649510724964784e-06,Yes,112.21600000000001,3.120800000000002,0,0
O=C1NC(=O)NC(=O)C1(CC=C)CC=C,0.02967263199388981,0.03890238702297211,0.060645099729299545,0.01757260225713253,0.02777617983520031,0.0021202657371759415,0.08376173675060272,0.034261398017406464,0.026140276342630386,0.03419620543718338,0.006283750757575035,0.007649669889360666,-2.317924976348877,0.000652380520477891,0.000313380645820871,3.47780382981e-06,Yes,208.21699999999996,0.49099999999999966,2,3
ClC(Cl)Cl,0.004999826662242413,0.0012332698097452521,0.06235036253929138,0.0011433172039687634,0.00022869478561915457,0.000419795309426263,0.03667634725570679,0.0026057332288473845,0.00545708229765296,0.0019414121052250266,0.000431080290582031,0.0006675400072708726,-0.707371175289154,0.0001594803761690855,0.004693896975368261,2.9686768812098308e-06,Yes,119.37800000000001,1.9864,0,0
Sc1nccc(=O)[nH]1 ,0.1524788737297058,0.014187523163855076,0.09248356521129608,0.0241803377866745,0.011588063091039658,0.004773203749209642,0.09255047142505646,0.023681940510869026,0.03548265993595123,0.15533320605754852,0.021990977227687836,0.037152476608753204,-1.1251940727233887,2.3650079117309986e-10,0.5624749660491943,1.1315883966744877e-05,Yes,128.15599999999998,0.05860000000000004,2,3
Clc1ccc(CN(C2CCCC2)C(=O)Nc3ccccc3)cc1,0.0628470778465271,0.026215173304080963,0.06729283183813095,0.020140476524829865,0.02036963403224945,0.002798438770696521,0.08443121612071991,0.029157713055610657,0.028741061687469482,0.07039552181959152,0.010508167557418346,0.014800988137722015,-4.622006893157959,0.0077986386604607105,0.3866749405860901,0.015400882810354233,No,328.84299999999996,5.316700000000004,1,1
CC1=CCCCC1,0.01702074334025383,0.039776451885700226,0.04385525360703468,0.01438040193170309,0.027838610112667084,0.0011706158984452486,0.07376319169998169,0.03431662172079086,0.023019375279545784,0.02402227558195591,0.004119249526411295,0.004148892592638731,-2.8789725303649902,2.788288213650958e-07,0.2091021090745926,2.0408675482030958e-05,Yes,96.17300000000002,2.5067000000000004,0,0
CCCCC(CC)C=O,0.006335198413580656,0.012897207401692867,0.025670794770121574,0.00427345372736454,0.005416786763817072,0.0002033383643720299,0.04362449422478676,0.009964147582650185,0.012081067077815533,0.006725670769810677,0.000765751174185425,0.0009090551175177097,-3.50150728225708,7.521607043597272e-16,0.015417768619954586,1.9569307596611907e-07,Yes,128.21499999999997,2.401700000000001,0,1
COc2c1occc1c(OC)c3c(=O)cc(C)oc23 ,0.07207987457513809,0.016653526574373245,0.054655253887176514,0.014833391644060612,0.011748164892196655,0.00149380206130445,0.06890889257192612,0.017345380038022995,0.024562301114201546,0.06769225746393204,0.0070984140038490295,0.011749771423637867,-2.6145992279052734,8.784462011135474e-07,0.006132401991635561,2.2592359982809285e-06,Yes,260.24499999999995,2.8648200000000017,0,5
O=C1NC(=O)NC(=O)C1(CC)CCC(C)C,0.021557340398430824,0.03271355479955673,0.050958018749952316,0.013790474273264408,0.021749190986156464,0.0013713410589843988,0.0745399221777916,0.0288061685860157,0.022589169442653656,0.02596932463347912,0.004422455560415983,0.005130656063556671,-3.1361136436462402,1.9756657820835244e-07,0.0015978622250258923,7.304264215690637e-08,Yes,226.27599999999995,1.1849999999999992,2,3
c1ccc2c3c(ccc2c1)c4cccc5cccc3c45,0.20552866160869598,0.027871185913681984,0.09759535640478134,0.038777489215135574,0.027899092063307762,0.0072885011322796345,0.1136656180024147,0.03834770247340202,0.046981826424598694,0.22599327564239502,0.035910654813051224,0.058248668909072876,-7.835760116577148,2.569087442783058e-10,0.20708033442497253,0.003768251510336995,No,252.31599999999997,5.640400000000003,0,0
CCC(CC)C=O,0.0066165016032755375,0.012843557633459568,0.026233714073896408,0.004313705023378134,0.005395521409809589,0.00021015301172155887,0.04386657103896141,0.009880213998258114,0.012159192003309727,0.0068376315757632256,0.0007795473211444914,0.0009439362911507487,-2.1309854984283447,3.446798561493455e-15,0.008814691565930843,7.677082969337334e-09,Yes,100.16099999999999,1.6215,0,1
CCCOCCC,0.004412653855979443,0.009320917539298534,0.02036910690367222,0.0029093814082443714,0.003415538463741541,0.000108267595351208,0.036301691085100174,0.007092061918228865,0.0097859688103199,0.0045159962028265,0.00044024497037753463,0.000525251030921936,-1.6470983028411865,1.9205581244245632e-20,4.002767673227936e-05,0.00746401259675622,Yes,102.17699999999999,1.823,0,1
CCCCCCCCCCCCCCO,0.005117393564432859,0.011772016994655132,0.022695044055581093,0.003722819034010172,0.004757814109325409,0.00015444110613316298,0.040640588849782944,0.009152962826192379,0.011174005456268787,0.005727563053369522,0.0006202493677847087,0.0007036065799184144,-5.50244665145874,1.6818663039624236e-17,0.06133747845888138,0.0014517467934638262,Yes,214.39299999999994,4.679800000000005,1,1
Oc1c(Cl)ccc(Cl)c1Cl,0.1539578139781952,0.01030333898961544,0.11420828849077225,0.024338969960808754,0.007756703533232212,0.006887869909405708,0.09754719585180283,0.023984689265489578,0.03900296986103058,0.15421365201473236,0.02792920358479023,0.043727077543735504,-3.191537857055664,3.0907851851225132e-06,7.971511513460428e-05,9.785778853910188e-10,Yes,197.44799999999998,3.3523999999999994,1,1
NC(=O)N,0.019782565534114838,0.01562152523547411,0.05406806990504265,0.007457483559846878,0.007403084076941013,0.0008565043681301177,0.06277740001678467,0.01264840830117464,0.016778260469436646,0.014050977304577827,0.0020516610238701105,0.0034062168560922146,0.5352474451065063,0.00036171707324683666,2.454015834985057e-08,3.492662825621551e-10,Yes,60.056,-0.9762,2,1
CCCC#C,0.007900949567556381,0.012447543442249298,0.025790512561798096,0.004501476883888245,0.005142781883478165,0.00020873814355582,0.043406013399362564,0.009213291108608246,0.012799837626516819,0.007490688003599644,0.0008078730315901339,0.0010125903645530343,-2.167525291442871,1.5311854895116994e-08,0.4807809293270111,7.775167176760078e-09,Yes,68.11899999999999,1.4197,0,0
Brc1cccc(Br)c1,0.16721199452877045,0.0024546480271965265,0.21921634674072266,0.025036249309778214,0.0011996175162494183,0.031904950737953186,0.12723934650421143,0.024416068568825722,0.06317000836133957,0.15525373816490173,0.09840268641710281,0.07988713681697845,-4.029428482055664,2.664675946562056e-07,0.3700335919857025,3.195961471647024e-05,Yes,235.90599999999998,3.2116000000000007,0,0
CCCCCCCCCCCCCCCCCCO,0.005199258681386709,0.012065624818205833,0.022932788357138634,0.003820267505943775,0.004926744382828474,0.00016014507855288684,0.04110701382160187,0.009400419890880585,0.011327165178954601,0.005875283852219582,0.0006428224151022732,0.0007251958013512194,-6.169199466705322,1.8283945665951695e-17,0.07019449025392532,0.002014897298067808,No,270.50099999999986,6.240200000000008,1,1
CC(=O)Nc1ccccc1,0.059840697795152664,0.020108073949813843,0.056949131190776825,0.015299500897526741,0.01407248992472887,0.0016856574220582843,0.07319140434265137,0.019879469648003578,0.024769088253378868,0.05811898410320282,0.006838635541498661,0.01101990882307291,-1.6752231121063232,2.357493578131198e-08,0.0005837125354446471,0.012823001481592655,Yes,135.16599999999997,1.6449999999999998,1,1
c1cc(O)c(O)c2OCC3(O)CC4=CC(=O)C(O)=CC4=C3c21,0.09174128621816635,0.05549073964357376,0.09379338473081589,0.03850982338190079,0.05413459241390228,0.007478712126612663,0.11635532230138779,0.05938296765089035,0.04172405228018761,0.11430799216032028,0.02442988008260727,0.031028693541884422,-2.8468449115753174,0.00048129382776096463,0.00014398556959349662,1.8591211414786812e-07,Yes,300.266,1.3295999999999997,4,6
c1nccc(C(=O)NN)c1,0.0699453130364418,0.019200272858142853,0.06476674973964691,0.015932178124785423,0.013490354642271996,0.0020354785956442356,0.0771026685833931,0.01970035210251808,0.02541354112327099,0.06331693381071091,0.0078011672012507915,0.013220868073403835,-0.6729729771614075,0.12797176837921143,5.4385123803513125e-05,6.853061495348811e-05,Yes,137.14200000000002,-0.3149000000000001,2,3
OC1C=CC2C1C3(Cl)C(=C(Cl)C2(Cl)C3(Cl)Cl)Cl ,0.037506312131881714,0.035272929817438126,0.10055183619260788,0.02415011264383793,0.02693968452513218,0.006928121671080589,0.10622983425855637,0.053002938628196716,0.031095055863261223,0.047630563378334045,0.014524299651384354,0.015230180695652962,-4.9852423667907715,5.9691719798138365e-06,2.1920939161645947e-06,0.00024430034682154655,Yes,354.8749999999999,3.995,1,1
CC(C)CCOC=O,0.007483282592147589,0.012391899712383747,0.029353857040405273,0.004383660387247801,0.005123058333992958,0.00024564992054365575,0.04530905932188034,0.00962238572537899,0.012305108830332756,0.007024649064987898,0.0008278077002614737,0.0010727865155786276,-1.6475614309310913,1.341144084676671e-09,0.08078540116548538,4.877731498709181e-07,Yes,116.15999999999998,1.2055,0,2
CC(=O)c1ccccc1,0.06966907531023026,0.0230479184538126,0.0604570209980011,0.018051130697131157,0.01727849617600441,0.0021440377458930016,0.07768618315458298,0.023025065660476685,0.026927459985017776,0.07079551368951797,0.008694077841937542,0.01376936212182045,-1.9099491834640503,2.65311837210902e-06,0.0007805388886481524,0.0015921344747766852,Yes,120.15099999999995,1.8892,0,1
c2ccc1nc(ccc1c2)c4ccc3ccccc3n4 ,0.19635003805160522,0.025977928191423416,0.09420217573642731,0.03602711483836174,0.025578657165169716,0.00652270345017314,0.10935429483652115,0.035618022084236145,0.044465322047472,0.2154524028301239,0.03249707072973251,0.05356728658080101,-4.811903476715088,2.5015185656229733e-06,0.0016926038078963757,0.0024913609959185123,Yes,256.308,4.450000000000003,0,2
CCOP(=O)(OCC)OCC,0.00548244034871459,0.004094403237104416,0.027010850608348846,0.0018422016873955727,0.0012510849628597498,0.00011343830556143075,0.034345876425504684,0.0040355161763727665,0.006804871838539839,0.0037284616846591234,0.0003518007870297879,0.0005744529189541936,-0.5990753769874573,4.201813510462671e-07,0.28825968503952026,2.4102060347530596e-09,Yes,182.15599999999998,2.2039999999999997,0,4
CC2(C)C1CCC(C)(C1)C2=O,0.030476948246359825,0.07703554630279541,0.06898249685764313,0.029317794367671013,0.07225880771875381,0.004128863103687763,0.10501721501350403,0.07184282690286636,0.03284323215484619,0.05059845745563507,0.012451511807739735,0.011804084293544292,-5.437180995941162,0.24171441793441772,0.05211838707327843,2.5547275406268e-09,Yes,152.237,2.401700000000001,0,1
COc2cnc1cncnc1n2,0.10890968143939972,0.016855459660291672,0.06853137165307999,0.0193343386054039,0.013157528825104237,0.002432621316984296,0.08097828924655914,0.020544160157442093,0.030033020302653313,0.10749560594558716,0.012276900932192802,0.02089558355510235,-1.6489397287368774,0.0008689686073921621,0.00014596748223993927,0.0003345811564940959,Yes,162.152,0.42839999999999984,0,5
ClC2=C(Cl)C3(Cl)C1C=CCC1C2(Cl)C3(Cl)Cl ,0.0377744622528553,0.03405764698982239,0.10116121917963028,0.024005964398384094,0.0257889237254858,0.007068773731589317,0.10603661835193634,0.0525820255279541,0.03101264126598835,0.04779701307415962,0.014702935703098774,0.015361194498836994,-6.333078384399414,3.850134646654624e-07,0.00015255332982633263,0.0022714033257216215,No,338.876,5.024200000000001,0,0
CC(C)N(=O)=O,0.010790388099849224,0.012709986418485641,0.034648213535547256,0.005136966239660978,0.005773189011961222,0.00036206020740792155,0.04817407205700874,0.01002682838588953,0.01241067610681057,0.009787553921341896,0.001135447295382619,0.0016359681030735373,-0.6247518062591553,4.564435030231218e-16,0.008990725502371788,7.234819410228965e-10,Yes,89.094,0.6715,0,2
c1ccc2c(c1)[nH]c3ccccc32,0.18685553967952728,0.026043560355901718,0.09069429337978363,0.03475193679332733,0.025395099073648453,0.006091943942010403,0.10666564851999283,0.03482498973608017,0.042938921600580215,0.2049470692873001,0.030051087960600853,0.04963235929608345,-4.801252841949463,2.908518581534736e-08,0.005370473954826593,0.03074965439736843,Yes,167.21099999999998,3.3211000000000013,1,0
OCC(O)C(O)CO,0.006585140712559223,0.013839026913046837,0.030858060345053673,0.00444174325093627,0.006028545554727316,0.00026946014259010553,0.04669765383005142,0.010836982168257236,0.011903228238224983,0.0066618178971111774,0.0008347838884219527,0.0010769848013296723,0.6185433864593506,0.0013097459450364113,4.5072265493217856e-06,1.0504707148584203e-07,Yes,122.11999999999999,-2.3071999999999995,4,4
CCCOC(=O)c1ccc(N)cc1,0.0450836680829525,0.018325816839933395,0.05268344655632973,0.012858214788138866,0.011913090944290161,0.001302718068473041,0.06897304952144623,0.018018318340182304,0.022551946341991425,0.044402603060007095,0.005260183475911617,0.008061972446739674,-2.8908047676086426,0.15341386198997498,2.3000629880698398e-05,7.2158595685323235e-06,Yes,179.21899999999997,1.8356,1,3
CNC(=O)C=C(C)OP(=O)(OC)OC,0.008903705514967442,0.005314672365784645,0.03365232050418854,0.0026160567067563534,0.001773627009242773,0.00019905764202121645,0.039634980261325836,0.0049440618604421616,0.00855744443833828,0.005455038044601679,0.0005636998103000224,0.0009846710599958897,-0.7707130312919617,5.007853073196733e-12,0.0041459426283836365,5.906399813682128e-09,Yes,223.16499999999996,1.0536999999999999,1,5
O=C1CCC(=O)N1,0.03167564049363136,0.0510672889649868,0.06555180251598358,0.021569808945059776,0.04023658111691475,0.002868384588509798,0.09164854884147644,0.04524972289800644,0.028786059468984604,0.03917618468403816,0.008101090788841248,0.00929343793541193,0.129173144698143,6.659676728304476e-05,5.631584976129034e-09,1.7943478924919987e-09,Yes,99.089,-0.577,1,2
CCC(C)C(C)C,0.006003914400935173,0.014535845257341862,0.025330664590001106,0.004664389882236719,0.00645414786413312,0.00021662354993168265,0.04499675706028938,0.01150110550224781,0.012529666535556316,0.007169356569647789,0.0008508299360983074,0.0009376192465424538,-4.049360752105713,1.088723501374528e-24,0.02231205441057682,3.308196738771585e-08,Yes,100.20499999999998,2.6885000000000012,0,0
CCCCc1c(C)nc(NCC)nc1OS(=O)(=O)N(C)C ,0.0161694698035717,0.007831082679331303,0.034344177693128586,0.0045804777182638645,0.0034768886398524046,0.00033451704075559974,0.04454910382628441,0.007488047704100609,0.011205524206161499,0.0128186559304595,0.0012507180217653513,0.001978346612304449,-3.7569122314453125,1.7113926276124403e-08,0.002272250596433878,2.2082706152559695e-07,Yes,316.4270000000001,1.74462,1,6
CCN2c1ncccc1N(C)C(=S)c3cccnc23 ,0.0765189602971077,0.021710840985178947,0.06476674973964691,0.01928683929145336,0.016486791893839836,0.0024898529518395662,0.08026139438152313,0.024357052519917488,0.028482606634497643,0.0784982368350029,0.010439842939376831,0.015738971531391144,-3.3885912895202637,0.00017147358448710293,0.005994027946144342,0.010891457088291645,Yes,270.361,2.759900000000001,0,4
O2c1ccccc1N(CC)C(=O)c3ccccc23 ,0.10016527771949768,0.025750121101737022,0.07171866297721863,0.024190299212932587,0.021631857380270958,0.003347022458910942,0.08985963463783264,0.029221098870038986,0.03305293247103691,0.10848448425531387,0.014776067808270454,0.022704103961586952,-4.378296852111816,3.6416357033886015e-05,0.053727488964796066,0.003297684248536825,Yes,239.274,3.4590000000000023,0,2
C1CCOCC1,0.012183304876089096,0.03262392804026604,0.039369430392980576,0.01086905226111412,0.020853929221630096,0.0008031000033952296,0.0666612759232521,0.0287871602922678,0.019508205354213715,0.01730349287390709,0.002816886408254504,0.002805498894304037,-0.1680368036031723,2.5693960847839037e-10,0.3987818658351898,2.397256082531385e-07,Yes,86.134,1.1869,0,1
CCCCCC#C,0.00724099250510335,0.012946533970534801,0.02565048262476921,0.004515739157795906,0.005429996643215418,0.00021003141591791064,0.0438208244740963,0.00976894237101078,0.012692204676568508,0.007331153843551874,0.0008123387233354151,0.0009814229561015964,-3.7631592750549316,5.941252399993893e-14,0.18534263968467712,2.2485285455786652e-07,Yes,96.17299999999999,2.1999000000000004,0,0
c1cc2ccc(OC)c(CC=C(C)(C))c2oc1=O ,0.05749481916427612,0.019525179639458656,0.05551685392856598,0.015227154828608036,0.01365279033780098,0.00157338404096663,0.07258228212594986,0.020007483661174774,0.025253035128116608,0.05820890888571739,0.006900452077388763,0.010541080497205257,-4.465963363647461,5.894011337659322e-06,0.07280482351779938,0.0011517539387568831,Yes,244.28999999999994,3.3103000000000025,0,3
c1cc(C)cc2c1c3cc4cccc5CCc(c45)c3cc2,0.1330658346414566,0.03323085233569145,0.08033773303031921,0.03261622413992882,0.03105594776570797,0.005141781643033028,0.1008874848484993,0.037820279598236084,0.03938896209001541,0.1498887687921524,0.022571725770831108,0.033809561282396317,-7.932616233825684,2.4665309794613677e-08,0.011826477013528347,0.051431261003017426,No,268.3589999999999,5.553220000000004,0,0
CCOC(=O)c1ccccc1,0.04608939215540886,0.01746967062354088,0.05139898881316185,0.012408535927534103,0.011261941865086555,0.0012298644287511706,0.06733158230781555,0.01701473817229271,0.02201421931385994,0.04434440657496452,0.005018713418394327,0.007905817590653896,-2.584883689880371,0.07552554458379745,0.0019496054155752063,0.00021053488308098167,Yes,150.177,1.8633,0,2
ClCC(C)C,0.0050482177175581455,0.007376239635050297,0.028531190007925034,0.00301274168305099,0.0025576914194971323,0.00020279119780752808,0.039915069937705994,0.007382338400930166,0.009947242215275764,0.004617858212441206,0.0006065325578674674,0.0007258501718752086,-2.097579002380371,4.281219174928249e-17,0.02984359674155712,0.000545258168131113,Yes,92.569,1.8812,0,0
CC34CCC1C(CCc2cc(O)ccc12)C3CCC4(O)C#C ,0.0541311614215374,0.06178776174783707,0.07602406293153763,0.032217592000961304,0.058795105665922165,0.005038022994995117,0.1064060777425766,0.0611211434006691,0.03572429344058037,0.07764553278684616,0.01659400202333927,0.018495917320251465,-4.9112067222595215,0.0001934138999786228,2.7423189749242738e-05,1.9028575479751453e-05,Yes,296.41,3.6126000000000023,2,2
CCCCCCCCCCCC(=O)OC,0.006018348038196564,0.011535992845892906,0.024488110095262527,0.003838504897430539,0.00464238366112113,0.0001729163050185889,0.041374653577804565,0.008825591765344143,0.01139791402965784,0.006097677629441023,0.0006602249923162162,0.0008027756121009588,-4.861439228057861,8.699037177444316e-14,0.0917280986905098,9.129063982982188e-06,Yes,214.34899999999996,4.080300000000003,0,2
CCCSCCC,0.004015473183244467,0.006511974148452282,0.022261589765548706,0.002359505742788315,0.002122509526088834,0.0001149094823631458,0.03445257246494293,0.00583640718832612,0.008652349933981895,0.003694228595122695,0.00039333439781330526,0.00048630035598762333,-2.06919527053833,7.857889910092417e-18,0.014914222061634064,0.0001774872071109712,Yes,118.24499999999999,2.539600000000001,0,1
c1ccc2cc3cc4ccccc4cc3cc2c1,0.20042021572589874,0.02748551219701767,0.0956999808549881,0.037734437733888626,0.02737182378768921,0.006934548728168011,0.11199529469013214,0.037446413189172745,0.045965343713760376,0.22078484296798706,0.03430883213877678,0.05590933561325073,-6.845730304718018,5.474385833537099e-09,0.004331076517701149,0.019330812618136406,No,228.29399999999998,5.146200000000003,0,0
CCCCCBr,0.005245637614279985,0.0030879711266607046,0.04434774070978165,0.0027186237275600433,0.0007896105526015162,0.0004841327609028667,0.04387767240405083,0.0068618664517998695,0.011418269015848637,0.004463342949748039,0.0011713141575455666,0.0009772572666406631,-3.329744815826416,1.1078467910220346e-20,0.013059735298156738,0.006472952663898468,Yes,151.047,2.5715000000000012,0,0
CCCC/C=C/C,0.005921422503888607,0.0116159338504076,0.022916218265891075,0.0038738450966775417,0.004653736017644405,0.00015902922314126045,0.04076267406344414,0.008794387802481651,0.011691340245306492,0.006167457439005375,0.0006452352972701192,0.0007624893332831562,-3.9794235229492188,3.360049842782497e-23,0.011828822083771229,5.543861334444955e-06,Yes,98.18899999999998,2.752700000000001,0,0
Cc1ncc(N(=O)=O)n1CCO ,0.03549841791391373,0.014064811170101166,0.045571234077215195,0.009206272661685944,0.008314976468682289,0.0008287106174975634,0.05789782106876373,0.012858844362199306,0.017144950106739998,0.03185487911105156,0.0032330499961972237,0.005295383278280497,-0.6666169166564941,0.0004692365473601967,0.0002822175156325102,0.0003464205074124038,Yes,171.15599999999998,0.09201999999999994,1,4
CCCCCC1CCCC1,0.008822018280625343,0.02290808968245983,0.031003493815660477,0.0074808113276958466,0.012557318434119225,0.00042464345460757613,0.05537384748458862,0.019111433997750282,0.016042111441493034,0.011913652531802654,0.0016509938286617398,0.0016896268352866173,-5.734231472015381,4.013739481837503e-14,0.04013048857450485,2.244269307993818e-05,Yes,140.26999999999998,3.7569000000000026,0,0
Clc1ccc(Cl)c(c1)c2c(Cl)c(Cl)cc(Cl)c2Cl ,0.1620623916387558,0.009838460013270378,0.12058214098215103,0.025399435311555862,0.007405369076877832,0.00766286114230752,0.10058093070983887,0.024562207981944084,0.04134811833500862,0.16189032793045044,0.031149044632911682,0.04760909825563431,-7.742929458618164,8.413099183241998e-14,0.1553398221731186,2.2007968780712872e-09,No,360.88200000000006,7.274000000000001,0,0
O=C1NC(=O)NC(=O)C1(CC)C(C)C,0.026326779276132584,0.03732888400554657,0.05707181990146637,0.0164477601647377,0.02644903026521206,0.0018533928086981177,0.08093644678592682,0.03348476439714432,0.02488846704363823,0.03188857063651085,0.005784892942756414,0.006745095364749432,-2.4782021045684814,1.0472909707459621e-05,0.000838500156532973,1.0219206592054775e-09,Yes,198.22199999999998,0.4047999999999994,2,3
CC(Cl)(Cl)Cl,0.007395169697701931,0.0033077485859394073,0.059948720037937164,0.002674400806427002,0.0009596801828593016,0.000678208249155432,0.04660758376121521,0.005963597912341356,0.00858564767986536,0.00453549437224865,0.000998424831777811,0.001346435397863388,-1.68468177318573,7.755582287494178e-10,0.0008712403359822929,0.13206984102725983,Yes,133.405,2.376500000000001,0,0
CON(C)C(=O)Nc1ccc(Cl)cc1,0.04469241946935654,0.013079485855996609,0.057806216180324554,0.01101570576429367,0.007633232045918703,0.0013037625467404723,0.06690327078104019,0.014889966696500778,0.02174704521894455,0.03889218345284462,0.0048566339537501335,0.007739689666777849,-2.6018214225769043,8.910292672226205e-05,0.5820218920707703,0.008547655306756496,Yes,214.652,2.365100000000001,1,2
O=C2NC(=O)C1(CCCCC1)C(=O)N2,0.03734952211380005,0.057662591338157654,0.07227474451065063,0.025966757908463478,0.049116142094135284,0.0038425384555011988,0.10040761530399323,0.054768480360507965,0.03194442391395569,0.05050503462553024,0.011168285273015499,0.012233857065439224,-2.559457302093506,2.0761041014338844e-05,2.0315526853664778e-05,1.5353886340108147e-07,Yes,196.206,0.3029,2,3
CN(C)C(=O)OC1=CC(=O)CC(C)(C)C1 ,0.0202475618571043,0.031147830188274384,0.04941065236926079,0.012691003270447254,0.02004173770546913,0.0012202314101159573,0.07177717983722687,0.02645299583673477,0.021420413628220558,0.022942323237657547,0.0038072080351412296,0.0045661525800824165,-2.574321746826172,1.287094306690051e-07,0.18644386529922485,1.592148208828803e-07,Yes,211.26099999999994,1.9576,0,3
Cc1ccc(Br)cc1,0.1003648117184639,0.007157165091484785,0.11274215579032898,0.019833587110042572,0.004090685863047838,0.007127000484615564,0.09259875863790512,0.022105494514107704,0.039681773632764816,0.09671610593795776,0.026772182434797287,0.028350915759801865,-3.121612071990967,9.887255600915523e-07,0.4200161397457123,0.00092030392261222,Yes,171.03700000000003,2.7575200000000013,0,0
CCOCC,0.003939508460462093,0.007726141717284918,0.018782204017043114,0.0023980149999260902,0.002620271872729063,8.175255788955837e-05,0.033172328025102615,0.005795343313366175,0.008828858844935894,0.0037460450548678637,0.0003367960744071752,0.0004173889756202698,0.07609974592924118,2.612959634700298e-15,0.008432180620729923,2.0011527794849826e-06,Yes,74.123,1.0428000000000002,0,1
CC(C)NC(=O)N1CC(=O)N(C1=O)c2cc(Cl)cc(Cl)c2,0.053457047790288925,0.021506108343601227,0.07361127436161041,0.017747942358255386,0.014941904693841934,0.002790867118164897,0.08449987322092056,0.026408789679408073,0.028452906757593155,0.05498432368040085,0.009385427460074425,0.01293028611689806,-3.847416639328003,0.001201795763336122,0.09570310264825821,0.00019672456255648285,Yes,330.17100000000005,2.880000000000001,1,3
CCCCN(CC)c1c(cc(cc1N(=O)=O)C(F)(F)F)N(=O)=O,0.02734384499490261,0.013224146328866482,0.04619547352194786,0.008088131435215473,0.007401486858725548,0.0007527737179771066,0.058166563510894775,0.012302872724831104,0.0159347802400589,0.02486041560769081,0.002720281481742859,0.004332645796239376,-5.110975742340088,5.011804860011182e-10,0.0015084752812981606,0.00021482484589796513,Yes,335.28200000000004,4.148200000000004,0,5
Cc1cc(C)c(O)c(C)c1,0.05575209856033325,0.024818982928991318,0.047279056161642075,0.016079794615507126,0.01837844029068947,0.0014859825605526567,0.06649180501699448,0.0214302446693182,0.023158900439739227,0.05861429497599602,0.006236446090042591,0.009398045018315315,-2.0928542613983154,5.5743927077855915e-05,0.0013757547130808234,9.463473543291911e-05,Yes,136.194,2.3174600000000005,1,1
c1ccccc1,0.1287398785352707,0.022861860692501068,0.06843458116054535,0.024593902751803398,0.020412476733326912,0.0033230644185096025,0.08695950359106064,0.026533838361501694,0.03233836218714714,0.14131708443164825,0.016184115782380104,0.027586624026298523,-1.0877116918563843,1.0725479393514092e-09,0.00012188089021947235,0.0016983738169074059,Yes,78.11399999999999,1.6866,0,0
Clc1ccc(I)cc1,0.16768279671669006,0.0018625062657520175,0.2018543779850006,0.019823484122753143,0.0008471273467876017,0.020819304510951042,0.11631423979997635,0.01886807754635811,0.05525711923837662,0.14835681021213531,0.08001387864351273,0.06723271310329437,-3.6963887214660645,1.9807113848385738e-12,0.9557169675827026,2.7221933152077327e-08,Yes,238.45499999999998,2.944600000000001,0,0
COc1ccc(NC(=O)N(C)C)cc1Cl,0.03876965120434761,0.013338501565158367,0.05131157115101814,0.010229417122900486,0.007636780384927988,0.0010401227045804262,0.0625886544585228,0.014074058271944523,0.020439645275473595,0.03400428593158722,0.004024289548397064,0.006285150069743395,-3.158742666244507,1.6528097148693632e-06,0.008065924048423767,0.0019792569801211357,Yes,228.67899999999997,2.4421,1,2
CC(C)N(C(=O)CCl)c1ccccc1 ,0.03042980469763279,0.014713350683450699,0.0500590018928051,0.00976682547479868,0.00839219056069851,0.0010541576193645597,0.06280916184186935,0.015212147496640682,0.01901911199092865,0.028269106522202492,0.003663254203274846,0.005364769138395786,-3.2623658180236816,0.0008138841367326677,0.005252860486507416,3.2666081096976995e-05,Yes,211.69200000000004,2.666800000000001,0,1
C=Cc1ccccc1,0.08415834605693817,0.02399524673819542,0.06094643101096153,0.0201311856508255,0.018910033628344536,0.002371378242969513,0.0796215832233429,0.024159403517842293,0.02865407057106495,0.08650536090135574,0.010296694934368134,0.016515959054231644,-3.0159428119659424,0.00013482823851518333,0.00831096712499857,0.11086887866258621,Yes,104.15199999999997,2.3296,0,0
COCOC,0.003677540924400091,0.005988519173115492,0.018656371161341667,0.0018492884701117873,0.001811316004022956,6.444448081310838e-05,0.030196653679013252,0.004349880386143923,0.007602234836667776,0.0028688714373856783,0.00024117347493302077,0.00033750367583706975,0.4882263243198395,1.155703444055689e-06,0.11625812947750092,1.1000300901287119e-06,Yes,76.095,0.23670000000000002,0,2
Cc1ccccc1C,0.0663660541176796,0.024948377162218094,0.051031529903411865,0.01769566535949707,0.01918645016849041,0.0017813770100474358,0.07084083557128906,0.02276584878563881,0.02502087503671646,0.0706678107380867,0.007641870528459549,0.011751093901693821,-2.2666947841644287,1.3828763485435047e-06,0.004190284758806229,0.0006934365374036133,Yes,106.16799999999999,2.30344,0,0
CCC(C)O,0.005323994904756546,0.011835606768727303,0.02381422370672226,0.003761912928894162,0.0048362030647695065,0.0001659708796069026,0.041147176176309586,0.00920516811311245,0.011135299690067768,0.0057815262116491795,0.0006352944765239954,0.000746808887924999,0.4434967339038849,4.055180251620193e-20,0.0032811546698212624,6.171498423412913e-09,Yes,74.12299999999999,0.7771999999999999,1,1
Oc1ccc(O)cc1,0.16204771399497986,0.022650983184576035,0.08490458130836487,0.02923535369336605,0.020977657288312912,0.004811691120266914,0.09772204607725143,0.0297966580837965,0.037663135677576065,0.1757708340883255,0.02344481274485588,0.03981519863009453,0.5033394694328308,0.006405332591384649,3.6357565136313497e-07,1.4542781201498656e-08,Yes,110.11199999999998,1.0977999999999999,2,2
CC34CCC1C(CCc2cc(O)ccc12)C3CC(O)C4O ,0.04821149632334709,0.05872119963169098,0.07204476743936539,0.029677463695406914,0.05494416132569313,0.0043511525727808475,0.10255470126867294,0.058247413486242294,0.0339508093893528,0.07049450278282166,0.014650349505245686,0.016137519851326942,-3.5896644592285156,0.00022043456556275487,2.3022794266580604e-05,1.726527807477396e-05,Yes,288.387,2.5800000000000005,3,3
C1c2ccccc2c3cc4ccccc4cc13,0.1716752052307129,0.03126636892557144,0.08964294195175171,0.03642181307077408,0.030741894617676735,0.0064767347648739815,0.10774679481983185,0.03888697177171707,0.04279305413365364,0.1910964548587799,0.02951597049832344,0.04682229831814766,-6.936546802520752,2.2252193421223865e-09,0.0012687528505921364,0.09251591563224792,Yes,216.283,4.411000000000002,0,0
O=C1CNC(=O)N1 ,0.03857214376330376,0.0487775057554245,0.07314763218164444,0.022624870762228966,0.03820844739675522,0.003437203587964177,0.09526405483484268,0.043933529406785965,0.029893988743424416,0.04359015077352524,0.00911032222211361,0.01126057654619217,0.18284162878990173,7.9831421317067e-05,5.767412858403986e-07,1.6656316859098297e-07,Yes,100.077,-1.1742,2,2
c1(O)cc(O)ccc1CCCCCC,0.036561932414770126,0.01876703090965748,0.04597506299614906,0.012133067473769188,0.012205015867948532,0.0010455825831741095,0.06533852964639664,0.018337558954954147,0.02162718027830124,0.04010199382901192,0.00461776414886117,0.0064918179996311665,-2.870748519897461,5.6398548622382805e-06,0.00801310408860445,9.415271779289469e-05,Yes,194.27399999999992,3.220600000000001,2,2
C=CCS(=O)SCC=C,0.007433644495904446,0.004170331638306379,0.03632485866546631,0.002395777963101864,0.0012476970441639423,0.00023232436797115952,0.03930983319878578,0.004795788321644068,0.008496238850057125,0.004561696667224169,0.0005688281962648034,0.0008949579205363989,-1.4070346355438232,4.186636033409741e-06,0.004129128064960241,0.02325534075498581,Yes,162.27899999999997,1.7553,0,2
CCOP(=S)(OCC)Oc2ccc1oc(=O)c(Cl)c(C)c1c2,0.04437192156910896,0.008589512668550014,0.056304775178432465,0.008360156789422035,0.004731114488095045,0.0010065707610920072,0.06169543042778969,0.011148760095238686,0.01738331839442253,0.036529310047626495,0.004001015331596136,0.006935635581612587,-5.349542617797852,1.6016221593417868e-07,0.16269086301326752,0.0003158037143293768,Yes,362.77100000000013,4.4311200000000035,0,6
Cc1c(C)c2c3ccccc3ccc2c4ccccc14,0.14111590385437012,0.027176257222890854,0.07754456251859665,0.029581736773252487,0.024924298748373985,0.004446033854037523,0.09598195552825928,0.032021671533584595,0.03737955167889595,0.15402759611606598,0.020841361954808235,0.03335675969719887,-6.616669654846191,1.3696351608416535e-08,0.02111717127263546,0.010376757010817528,No,256.348,5.763040000000004,0,0
CCCCC(=O)OC3(C(C)CC4C2CCC1=CC(=O)C=CC1(C)C2(F)C(O)CC34C)C(=O)CO,0.024048639461398125,0.04797329008579254,0.058363985270261765,0.018641449511051178,0.036874257028102875,0.00216867309063673,0.08623535931110382,0.042463455349206924,0.026082558557391167,0.03266141936182976,0.006577742751687765,0.0070872921496629715,-4.152122497558594,0.000834797858260572,0.015660686418414116,2.2980674430073122e-07,Yes,476.5850000000002,3.636800000000003,2,6
O=c2[nH]c(=O)c1[nH]c(=O)[nH]c1[nH]2 ,0.18425233662128448,0.020511696115136147,0.09572529792785645,0.030476190149784088,0.018999608233571053,0.005611584987491369,0.10251585394144058,0.029464948922395706,0.03973463922739029,0.19389674067497253,0.027573976665735245,0.04747981205582619,-2.092303991317749,1.976420804794543e-08,0.0009210386197082698,0.0003424022870603949,Yes,168.112,-1.7672000000000003,4,3
Oc1c(Cl)cc(Cl)c(Cl)c1Cl,0.14701248705387115,0.008813249878585339,0.12006206810474396,0.02277180552482605,0.006345165893435478,0.00723247230052948,0.096028633415699,0.022455064579844475,0.037734631448984146,0.14348100125789642,0.02735156938433647,0.042575787752866745,-4.1373610496521,4.242931783693393e-09,1.3844111208527465e-06,2.2358261075883235e-12,Yes,231.89299999999997,4.005799999999999,1,1
Clc1cccc(Cl)c1,0.14179129898548126,0.010987206362187862,0.1004176065325737,0.02291412651538849,0.008283494040369987,0.005480883177369833,0.09231583774089813,0.022930242121219635,0.036705486476421356,0.1429736316204071,0.023233454674482346,0.03675016015768051,-3.8686766624450684,7.808665281223981e-13,0.5936575531959534,2.1376732206590532e-07,Yes,147.004,2.993400000000001,0,0
Clc1ccc(cc1)C(c2ccc(Cl)cc2)C(Cl)(Cl)Cl,0.07362008839845657,0.012694666162133217,0.08646690845489502,0.01634698174893856,0.008395063690841198,0.0037701353430747986,0.08240204304456711,0.020785793662071228,0.026291653513908386,0.07012130320072174,0.011827796697616577,0.01769808493554592,-5.952418327331543,8.566789944097764e-09,0.22207751870155334,7.061713063194475e-07,No,354.491,6.495500000000002,0,0
CC(C)COC=O,0.007916565984487534,0.01251103077083826,0.030590035021305084,0.004498008172959089,0.005187596194446087,0.00026573805371299386,0.04615594819188118,0.009726881980895996,0.012509080581367016,0.007252230774611235,0.0008682729676365852,0.001147892908193171,-1.2720990180969238,0.0003478193248156458,0.015255318023264408,1.8450680983050916e-08,Yes,102.13299999999998,0.8154,0,2
c1ccccc1SC,0.05491923168301582,0.008958146907389164,0.05229876562952995,0.009713171981275082,0.005273568909615278,0.0011671731481328607,0.05836774781346321,0.011575000360608101,0.018940942361950874,0.04564231261610985,0.004821048118174076,0.008237242698669434,-1.9498331546783447,0.00010076500620925799,0.006934600882232189,0.02095484361052513,Yes,124.208,2.408500000000001,0,1
CCN2c1nc(C)cc(C(F)(F)F)c1NC(=O)c3cccnc23 ,0.05762394517660141,0.0226933304220438,0.06059122458100319,0.016349971294403076,0.01656312309205532,0.0020046732388436794,0.0757177546620369,0.022468188777565956,0.024290023371577263,0.05825412645936012,0.007495397236198187,0.011560382321476936,-3.766383647918701,6.967908916521992e-07,0.04067196324467659,0.0008621558081358671,Yes,322.29,3.5275200000000018,1,4
CCCCCC,0.004375272896140814,0.009828598238527775,0.01950821839272976,0.003063314827159047,0.0036810366436839104,0.00010712132643675432,0.03662695735692978,0.007501476909965277,0.01016744039952755,0.004782996606081724,0.0004664463922381401,0.0005274037248454988,-4.43231201171875,2.8566054973569865e-28,0.0013608833542093635,1.121216186561469e-08,Yes,86.178,2.5866000000000007,0,0
COC(=O)c1cccnc1 ,0.05767069756984711,0.01631523109972477,0.05547802150249481,0.013053554110229015,0.010719293728470802,0.001391220255754888,0.0686468854546547,0.016413753852248192,0.022757522761821747,0.05225077271461487,0.005764828063547611,0.009677165187895298,-1.1735244989395142,1.6056295862654224e-05,0.0006266460986807942,0.003622812684625387,Yes,137.138,0.8681999999999999,0,3
NS(=O)(=O)c3cc2c(NC(Cc1ccccc1)NS2(=O)=O)cc3C(F)(F)F,0.04078603535890579,0.009261890314519405,0.0565350241959095,0.008176285773515701,0.005289120599627495,0.0011024767300114036,0.060001011937856674,0.011129053309559822,0.014735625125467777,0.032707247883081436,0.0037102147471159697,0.006594433914870024,-3.9277291297912598,7.274319796124473e-05,0.01307595893740654,0.014361957088112831,Yes,421.4220000000001,1.6254,3,5
Clc1ccc(cc1Cl)c2cc(Cl)c(Cl)c(Cl)c2Cl ,0.159016415476799,0.00999388750642538,0.12115601450204849,0.025163736194372177,0.007481200620532036,0.00783695001155138,0.10066939890384674,0.024637918919324875,0.040532153099775314,0.15818670392036438,0.03058706223964691,0.0470164455473423,-7.1805853843688965,6.227447892212176e-14,0.00409390963613987,1.6703984029309282e-10,No,360.88200000000006,7.274,0,0
CC1(OC(=O)N(C1=O)c2cc(Cl)cc(Cl)c2)C=C,0.0785742923617363,0.02637138031423092,0.08883833140134811,0.024977020919322968,0.0210251621901989,0.004857410676777363,0.09791788458824158,0.03529597073793411,0.034651514142751694,0.08597032725811005,0.016421938315033913,0.022315556183457375,-4.293331623077393,0.00041563936974853277,0.4279027581214905,8.67127237142995e-05,Yes,286.11400000000003,3.4213000000000022,0,3
CCNc1nc(Cl)nc(NC(C)(C)C#N)n1,0.03696165606379509,0.016755957156419754,0.05516250431537628,0.01207380648702383,0.01028287410736084,0.001356209977529943,0.06833483278751373,0.017946356907486916,0.021930640563368797,0.03670787066221237,0.005013073328882456,0.007136393804103136,-3.641014814376831,1.4769898371014278e-07,0.0006864333990961313,1.2178916222183034e-05,Yes,240.698,1.6708799999999997,2,6
c1ccc2c(c1)c3ccccc3c4ccccc24,0.1897399127483368,0.026945659890770912,0.09159912168979645,0.035788945853710175,0.026439037173986435,0.0063458094373345375,0.10825937241315842,0.0359148234128952,0.04387228935956955,0.208177387714386,0.031132034957408905,0.051034726202487946,-6.5519585609436035,2.5478807952339366e-09,0.026245463639497757,0.03569262847304344,No,228.29399999999998,5.146200000000003,0,0
CC=C(C(=CC)c1ccc(O)cc1)c2ccc(O)cc2,0.0807456448674202,0.02335210330784321,0.06463968753814697,0.020271891728043556,0.0181855671107769,0.002482603769749403,0.08249174058437347,0.025012481957674026,0.029803775250911713,0.08497852087020874,0.010883769951760769,0.016775568947196007,-3.830746650695801,0.0004089617868885398,0.0012300360249355435,2.1827774617122486e-05,Yes,266.34,4.604600000000004,2,2
CCCCC(CC)COC(=O)c1ccccc1C(=O)OCC(CC)CCCC,0.015734266489744186,0.01576194539666176,0.03653404489159584,0.00728895328938961,0.008211200125515461,0.0005047059967182577,0.05462145805358887,0.013565575703978539,0.01613127440214157,0.01629387028515339,0.0019209635211154819,0.0025545391254127026,-5.41929292678833,3.5270890208494166e-08,0.02563895843923092,5.068759037385462e-06,No,390.5640000000003,6.433000000000007,0,4
CCc1ccccn1,0.051150836050510406,0.019215939566493034,0.04628278687596321,0.013672941364347935,0.013365807943046093,0.0012011079816147685,0.06493952125310898,0.018166838213801384,0.022228645160794258,0.05332043394446373,0.0055435835383832455,0.008438470773398876,-0.9849168658256531,3.6244997318135574e-05,0.0023857869673520327,0.021286094561219215,Yes,107.15599999999998,1.644,0,1
COP(=O)(OC)OC(Br)C(Cl)(Cl)Br,0.0068939197808504105,0.0008770373533479869,0.07629014551639557,0.001504787476733327,0.00016256271919701248,0.0007965879631228745,0.04139060154557228,0.0030931555666029453,0.007161249406635761,0.0031420725863426924,0.0009704979020170867,0.001158794155344367,-2.312016010284424,2.9577466875707614e-07,0.007735999766737223,1.4008569451107178e-06,Yes,380.784,3.651200000000001,0,4
c1ccc(cc1)c2ccccc2,0.16153928637504578,0.024906769394874573,0.08072762936353683,0.03034631535410881,0.023481812328100204,0.004774395376443863,0.0982302725315094,0.03130903095006943,0.03833882138133049,0.17710936069488525,0.023419054225087166,0.03926471248269081,-3.4647772312164307,1.882746625270215e-09,0.0009046945488080382,0.009088614024221897,Yes,154.21199999999996,3.353600000000002,0,0
Clc1cc(Cl)c(c(Cl)c1)c2c(Cl)cc(Cl)cc2Cl ,0.16102784872055054,0.009662095457315445,0.12014603614807129,0.025133617222309113,0.007246191147714853,0.007511099800467491,0.0998595803976059,0.024212894961237907,0.04120125249028206,0.16012196242809296,0.030703028663992882,0.04689529538154602,-7.818718433380127,6.571811847423843e-15,0.3753746449947357,4.729945879411446e-10,No,360.88200000000006,7.274000000000001,0,0
CN(C)c1nc(nc(n1)N(C)C)N(C)C,0.02191328816115856,0.013582291081547737,0.03538106754422188,0.007344380486756563,0.007102599833160639,0.0004681323771364987,0.051158323884010315,0.011402363888919353,0.01612265594303608,0.019823560491204262,0.0019859550520777702,0.0029207603074610233,-3.742335081100464,1.4043056995038938e-10,5.223463085712865e-05,1.4000468340213956e-08,Yes,210.285,0.0696000000000001,0,6
CC(C)CC(C)(C)O,0.0072778379544615746,0.017065582796931267,0.02927667275071144,0.005585990380495787,0.008275914005935192,0.00030821553082205355,0.049232423305511475,0.013625787571072578,0.01344009768217802,0.008716936223208904,0.0011179285356774926,0.0012715625343844295,-0.7563100457191467,7.715642569294801e-10,0.24914687871932983,1.065645971465301e-08,Yes,116.20399999999998,1.8034,1,1
O=C2NC(=O)C1(CCCCCC1)C(=O)N2 ,0.03476354852318764,0.055921100080013275,0.06940437108278275,0.024675996974110603,0.04687457159161568,0.0034802360460162163,0.09796693176031113,0.05288449674844742,0.031044943258166313,0.047406647354364395,0.01028041448444128,0.011152487248182297,-2.6157889366149902,2.024923924182076e-05,0.00017917106742970645,1.928799093775524e-07,Yes,210.23299999999998,0.6929999999999998,2,3
OCC1OC(O)(CO)C(O)C1O,0.015207677148282528,0.03375546634197235,0.047267135232686996,0.011855902150273323,0.022862553596496582,0.0011002010433003306,0.0705341100692749,0.02907474711537361,0.019623540341854095,0.01961687207221985,0.0033960281871259212,0.0038372031413018703,0.5734939575195312,0.01072421483695507,8.157845232670269e-11,1.9038111531699542e-08,Yes,180.156,-3.2197999999999998,5,6
Cc1cc(C)cc(O)c1,0.06447795778512955,0.02371291257441044,0.050083816051483154,0.01686975173652172,0.01784576289355755,0.001648739562369883,0.06859614700078964,0.02143588662147522,0.02427218295633793,0.06694070994853973,0.007087080739438534,0.01100557018071413,-1.359312653541565,0.0013392020482569933,0.0015986710786819458,5.245576539891772e-05,Yes,122.16699999999997,2.0090399999999997,1,1
ClCC#CCOC(=O)Nc1cccc(Cl)c1,0.04283326864242554,0.012393930926918983,0.06363993883132935,0.010856161825358868,0.006973136682063341,0.0015729302540421486,0.06843426078557968,0.014960374683141708,0.02142711542546749,0.035485558211803436,0.005013287533074617,0.007921470329165459,-3.9415032863616943,0.23833848536014557,0.019502626731991768,4.065873508807272e-05,Yes,258.104,3.130700000000001,1,2
CC(=O)Nc1ccc(Cl)cc1,0.06843731552362442,0.015511802397668362,0.06797945499420166,0.015832509845495224,0.010450391098856926,0.0022127018310129642,0.07702447474002838,0.019559647887945175,0.02717442438006401,0.06505539268255234,0.008776731789112091,0.013765637762844563,-2.654430627822876,4.098626149584561e-08,0.16507434844970703,0.010041451081633568,Yes,169.611,2.2984,1,1
Clc1ccc(Cl)c(c1)c2c(Cl)c(Cl)c(Cl)c(Cl)c2Cl,0.15390022099018097,0.008865206502377987,0.12294808030128479,0.02385338768362999,0.00644346047192812,0.007733438163995743,0.09870391339063644,0.02329116500914097,0.03969087824225426,0.1510537564754486,0.02974843978881836,0.04537901282310486,-7.754124164581299,1.2599787885128957e-14,0.00016188071458600461,2.023803433864879e-12,No,395.3270000000001,7.9274000000000004,0,0
CCC(C)(C)C,0.007111886516213417,0.016874054446816444,0.027440382167696953,0.005520799662917852,0.00819588266313076,0.00027944636531174183,0.048025619238615036,0.013452515006065369,0.013436849229037762,0.008716005831956863,0.0010854738065972924,0.001200163271278143,-3.8883020877838135,6.707737040958366e-18,0.23303498327732086,4.363882453617407e-06,Yes,86.17799999999998,2.442500000000001,0,0
CNc1ccccc1,0.06399710476398468,0.01792900264263153,0.04993293061852455,0.014562946744263172,0.012714061886072159,0.0013544170651584864,0.06782452017068863,0.017838234081864357,0.02392890676856041,0.06349249929189682,0.006463291123509407,0.01044637244194746,-1.4910225868225098,2.3254897314473055e-06,0.009432105347514153,0.0016870662802830338,Yes,107.15599999999998,1.7283,1,1
C=CCC=C,0.009484028443694115,0.015422604978084564,0.030268782749772072,0.005643775686621666,0.006876697298139334,0.000309964147163555,0.04916706681251526,0.011556275188922882,0.014654632657766342,0.00921785831451416,0.0010904626687988639,0.0013910545967519283,-2.1164822578430176,1.5254979354381581e-12,0.35820162296295166,0.00053633056813851,Yes,68.119,1.7485,0,0
CC(=O)OCC(=O)C1(O)CCC2C3CCC4=CC(=O)CCC4(C)C3C(O)CC21C,0.026691531762480736,0.056869640946388245,0.06399447470903397,0.021891947835683823,0.046631988137960434,0.0028490994591265917,0.09334634989500046,0.05091036111116409,0.028335511684417725,0.037722568958997726,0.008250068873167038,0.008717666380107403,-3.0981717109680176,0.006642298772931099,1.849476211646106e-05,5.317534714777139e-07,Yes,404.5030000000002,2.3524000000000003,2,6
Cc1cc(cc(N(=O)=O)c1O)N(=O)=O,0.08099954575300217,0.014825470745563507,0.06453871726989746,0.014280954375863075,0.010427781380712986,0.0018585213692858815,0.071971595287323,0.015828654170036316,0.02220253273844719,0.07140541076660156,0.007530526258051395,0.013886294327676296,-2.401106595993042,1.4472558405032032e-06,0.00013240067346487194,1.7964105154533172e-06,Yes,198.134,1.5170200000000003,1,5
OC3N=C(c1ccccc1Cl)c2cc(Cl)ccc2NC3=O,0.11663692444562912,0.026373254135251045,0.09484055638313293,0.030078496783971786,0.02288483828306198,0.0061359344981610775,0.10400042682886124,0.037112802267074585,0.03932177647948265,0.12870781123638153,0.023335929960012436,0.03361262381076813,-4.315751075744629,0.0015048354398459196,0.03774657100439072,0.000247711141128093,Yes,321.163,3.101300000000001,2,3
Oc1cccc(Cl)c1,0.14945463836193085,0.015523383393883705,0.09129361808300018,0.025480108335614204,0.012895964086055756,0.004998045042157173,0.09399303793907166,0.02575964480638504,0.03681379556655884,0.15637028217315674,0.0227899681776762,0.0373259112238884,-1.2973304986953735,0.002215133048593998,0.006485623307526112,2.4734667931625154e-06,Yes,128.558,2.0456,1,1
Clc1cccc(Br)c1,0.1578247994184494,0.004869288764894009,0.16394899785518646,0.02428637258708477,0.0028631670866161585,0.014378868974745274,0.110572449862957,0.023744875565171242,0.05008374899625778,0.15261656045913696,0.0530434250831604,0.05762161314487457,-3.8105697631835938,7.448704431034514e-10,0.8256542682647705,2.9007014745729975e-06,Yes,191.45499999999998,3.102500000000001,0,0
NS(=O)(=O)c2cc1c(N=CNS1(=O)=O)cc2Cl ,0.0485159195959568,0.003981309477239847,0.06170955300331116,0.005772663280367851,0.0019332929514348507,0.0009389767074026167,0.05359681323170662,0.006494549103081226,0.012335484847426414,0.030774591490626335,0.0032371818087995052,0.006598773878067732,-3.2211289405822754,0.001037105917930603,0.0066632539965212345,9.324253187514842e-05,Yes,295.72900000000004,-0.06089999999999923,2,5
O=C1NC(=O)NC(=O)C1(C)CC,0.03400745242834091,0.04503946006298065,0.0661405399441719,0.020772501826286316,0.03484548628330231,0.002783585339784622,0.09029928594827652,0.041364021599292755,0.02827298641204834,0.04153532162308693,0.008250252343714237,0.009663127362728119,-1.631088376045227,9.59700901148608e-06,0.015171518549323082,1.0412546913585174e-07,Yes,170.16799999999998,-0.2313000000000005,2,3
OCCOc1ccccc1,0.041228435933589935,0.016799086704850197,0.04674085974693298,0.011469527147710323,0.010802468284964561,0.0010233153589069843,0.06355735659599304,0.016233189031481743,0.02071451023221016,0.041087470948696136,0.004383841063827276,0.0068220579996705055,-1.180412769317627,0.00520672183483839,0.0006549577810801566,0.2096710205078125,Yes,138.16599999999997,1.0576999999999999,1,2
C(c1ccccc1)c2ccccc2,0.10704023391008377,0.02803712710738182,0.06592617928981781,0.02466638758778572,0.024640681222081184,0.0032866501715034246,0.0849476158618927,0.0289909765124321,0.030857518315315247,0.11807723343372345,0.014292019419372082,0.023076854646205902,-3.7388744354248047,1.6043004507082514e-06,0.005069326143711805,0.005571050103753805,Yes,168.239,3.277400000000002,0,0
CCCCCC(O)CC,0.005299798212945461,0.012083553709089756,0.02330525405704975,0.003827613079920411,0.004962315782904625,0.00016405712813138962,0.041239235550165176,0.009394192136824131,0.011282284744083881,0.005907819140702486,0.0006471919477917254,0.0007427364471368492,-2.194632053375244,1.2504768907011162e-17,0.005250558722764254,3.71957867173478e-05,Yes,130.23099999999997,2.3376,1,1
CCN(Cc1c(F)cccc1Cl)c2c(cc(cc2N(=O)=O)C(F)(F)F)N(=O)=O,0.05564255267381668,0.01540234312415123,0.06206502765417099,0.01292440202087164,0.01022922433912754,0.0016858669696375728,0.07068713754415512,0.016750497743487358,0.02124478854238987,0.05170368775725365,0.0062106093391776085,0.010365299880504608,-5.347071170806885,1.907338997853003e-07,0.03955507278442383,5.738332765758969e-05,No,421.7340000000001,5.340800000000003,0,5
CC(C)Nc1nc(Cl)nc(NC(C)C)n1,0.03067230060696602,0.014602236449718475,0.048555877059698105,0.010320649482309818,0.008524785749614239,0.0009946285281330347,0.0628691017627716,0.015858564525842667,0.020300937816500664,0.031089065596461296,0.003994298167526722,0.005494712386280298,-3.5811710357666016,1.000043994281441e-07,1.0713033589127008e-06,1.093571086130396e-06,Yes,229.71500000000003,2.1655999999999995,2,5
CCCC(C)CO,0.005280006676912308,0.011795365251600742,0.02342495694756508,0.0037473798729479313,0.004801531322300434,0.00016159478400368243,0.04097016528248787,0.009163991548120975,0.01114340964704752,0.005767886992543936,0.0006300323293544352,0.0007325926562771201,-1.4329876899719238,5.5515956200651525e-21,0.0027005739975720644,8.922757842810825e-05,Yes,102.17699999999999,1.4149,1,1
CCCCC(C)(C)O,0.006629081908613443,0.015293034724891186,0.027246199548244476,0.004955400712788105,0.007051554508507252,0.0002526013704482466,0.04652334377169609,0.012093997560441494,0.0126884700730443,0.0077396053820848465,0.0009413644438609481,0.0010769582586362958,-0.8533669114112854,6.835744942096031e-14,0.13871042430400848,5.238774036797622e-08,Yes,116.20399999999998,1.9475000000000002,1,1
CCc1ccccc1,0.05072495713829994,0.020510518923401833,0.04583493247628212,0.014155094511806965,0.014446739107370377,0.0012317236978560686,0.06580545008182526,0.019059572368860245,0.02271459624171257,0.05383583903312683,0.005667314399033785,0.008488284423947334,-3.023930549621582,1.6749932285620162e-07,0.02340327948331833,0.018703030422329903,Yes,106.16799999999996,2.2490000000000006,0,0
O=C1NC(=O)NC(=O)C1(CC)CC=C(C)C,0.025159941986203194,0.035138726234436035,0.05489258095622063,0.015353969298303127,0.02403082326054573,0.0016530147986486554,0.0782107561826706,0.030772265046834946,0.02415810525417328,0.029416656121611595,0.005143352318555117,0.006127298343926668,-2.716146469116211,7.332053064601496e-05,0.0011083256686106324,2.6473583147890167e-07,Yes,224.25999999999996,1.1050999999999993,2,3
ClC1C=CC2C1C3(Cl)C(=C(Cl)C2(Cl)C3(Cl)Cl)Cl,0.037315040826797485,0.030606793239712715,0.10431301593780518,0.022903500124812126,0.022456135600805283,0.007131176069378853,0.10516390204429626,0.04991833120584488,0.030467405915260315,0.04580320045351982,0.01441050972789526,0.015143786557018757,-6.597400188446045,9.561713341099676e-07,2.548413976910524e-05,0.0017231674864888191,No,373.3209999999999,5.2415,0,0
CCC(C)C1(CC(Br)=C)C(=O)NC(=O)NC1=O ,0.02879740670323372,0.02158854529261589,0.07908738404512405,0.015599222853779793,0.012685650959610939,0.0032964933197945356,0.08724522590637207,0.030977360904216766,0.027446819469332695,0.03126736730337143,0.008569800294935703,0.008653801865875721,-2.790308952331543,0.00018117435683961958,0.0013309327187016606,7.029895641608164e-06,Yes,303.156,1.6836,2,3
CC1(C)C(C(=O)OC(C#N)c2cccc(Oc3ccccc3)c2)C1(C)C,0.06627646833658218,0.03539751470088959,0.07223355770111084,0.02403372712433338,0.029960982501506805,0.0035340352915227413,0.09260243922472,0.03638692945241928,0.03101956658065319,0.07828366756439209,0.012674296274781227,0.017550166696310043,-5.227339744567871,0.12833258509635925,0.36808347702026367,0.0005341845098882914,No,349.43000000000006,5.268980000000004,0,4
COC(C)(C)CCCC(C)CC=CC(C)=CC(=O)OC(C)C,0.009102013893425465,0.01639050431549549,0.03225090354681015,0.0058359974063932896,0.007770030293613672,0.00035608946927823126,0.05059448257088661,0.01286484394222498,0.014075427316129208,0.009499800391495228,0.0012140520848333836,0.001502176746726036,-3.692296028137207,6.687088383028339e-12,0.0723002627491951,6.4619343902450055e-06,No,310.47800000000007,5.062000000000006,0,3
CCOC(=O)CC,0.006465587764978409,0.010120127350091934,0.02476084977388382,0.0035174814984202385,0.0038762560579925776,0.00016080749628599733,0.039769984781742096,0.007557033561170101,0.010930422693490982,0.005757876671850681,0.0005938063841313124,0.0007850350230000913,-0.6131142973899841,0.09080685675144196,2.562817644502502e-05,8.407653045994223e-12,Yes,102.133,0.9595,0,2
CSc1nc(NC(C)C)nc(NC(C)C)n1,0.020283717662096024,0.011382321827113628,0.03853805363178253,0.006880554370582104,0.005765743553638458,0.0005461382679641247,0.05114011466503143,0.011164057068526745,0.015305104665458202,0.018388008698821068,0.0021055107936263084,0.0029877792112529278,-3.1017181873321533,3.552401722117793e-06,2.436631802993361e-06,1.102742089642561e-06,Yes,241.364,2.2340999999999998,2,6
CC(C#C)N(C)C(=O)Nc1ccc(Cl)cc1,0.04604383930563927,0.0173934455960989,0.06115804612636566,0.013588214293122292,0.01100004930049181,0.001699213171377778,0.07322961091995239,0.019093211740255356,0.02416733093559742,0.04376684129238129,0.006092547904700041,0.009132707491517067,-3.5033037662506104,7.474415724573191e-06,0.2520392835140228,0.00189866591244936,Yes,236.702,2.825400000000001,1,1
Cc1cc2ccccc2cc1C,0.10114873945713043,0.026073770597577095,0.06409107148647308,0.023400044068694115,0.02204083278775215,0.0029168606270104647,0.083538718521595,0.027307771146297455,0.031174002215266228,0.10884343832731247,0.013156085275113583,0.020723799243569374,-4.780433177947998,3.115907247774885e-07,0.005914328619837761,0.003229551250115037,Yes,156.22799999999998,3.456640000000002,0,0
Clc1ccc(cc1)c2cc(Cl)ccc2Cl ,0.17066040635108948,0.013588386587798595,0.1078813225030899,0.028187835589051247,0.011137215420603752,0.00681510241702199,0.10243020206689835,0.027460241690278053,0.042406778782606125,0.17724010348320007,0.030554374679923058,0.047685302793979645,-5.69999361038208,8.246890149943287e-12,0.6535763144493103,2.838234422597452e-06,No,257.547,5.313800000000001,0,0
Clc1ccc(c(Cl)c1)c2cc(Cl)c(Cl)c(Cl)c2Cl ,0.15826579928398132,0.009772541001439095,0.12057328969240189,0.024910608306527138,0.007288055960088968,0.007675558794289827,0.10003029555082321,0.024298420175909996,0.0404723696410656,0.15706689655780792,0.030279023572802544,0.046421729028224945,-7.248845100402832,4.928384293007536e-14,0.0034928536042571068,1.678267247395837e-10,No,360.88200000000006,7.274000000000001,0,0
NC(N)=NC#N ,0.02953929640352726,0.017398353666067123,0.0625547543168068,0.009554867632687092,0.0087151899933815,0.0012808027677237988,0.06978435069322586,0.014324805699288845,0.019600655883550644,0.020203547552227974,0.003062607254832983,0.005220034159719944,0.007067887112498283,0.0013440267648547888,1.6292940472339978e-06,4.2839468084032717e-10,Yes,84.082,-1.2591199999999998,2,2
ClC(Cl)(Cl)N(=O)=O,0.013092626817524433,0.003515977878123522,0.06581249088048935,0.0032413755543529987,0.0011524298461154103,0.0008147470070980489,0.04939849302172661,0.0055370572954416275,0.008970256894826889,0.007749858777970076,0.001305404002778232,0.00217133155092597,-1.4603379964828491,8.97648089193126e-09,8.050013093452435e-06,4.0955044910973015e-10,Yes,164.375,1.5908000000000002,0,2
Clc1cccc(Cl)c1c2ccccc2 ,0.1625949591398239,0.01655524969100952,0.09617386013269424,0.028203867375850677,0.014163588173687458,0.0058576143346726894,0.09925073385238647,0.02828298695385456,0.039896637201309204,0.17273904383182526,0.026784418150782585,0.04297453165054321,-5.04827356338501,1.064303766645791e-11,0.8920032978057861,4.5975830289535224e-06,Yes,223.102,4.660400000000003,0,0
COc1ccc(C=O)cc1,0.056090157479047775,0.016655094921588898,0.0519079826772213,0.012783380225300789,0.01087944395840168,0.0012550742831081152,0.06562499701976776,0.015869494527578354,0.022139685228466988,0.04947153851389885,0.005298935808241367,0.00886208564043045,-2.3313870429992676,0.00011531243217177689,0.017538923770189285,0.008852825500071049,Yes,136.14999999999998,1.5076999999999998,0,2
CC(=O)Nc1ccc(cc1)N(=O)=O,0.06339523196220398,0.016330037266016006,0.0615893118083477,0.013779077678918839,0.010963712818920612,0.0016607478028163314,0.07260651886463165,0.016897691413760185,0.023050770163536072,0.05700806528329849,0.006547647062689066,0.011263742111623287,-2.451206922531128,1.3766089068667497e-07,0.00021525091142393649,0.001747927162796259,Yes,180.16299999999998,1.5531999999999997,1,3
CCCCCCC(=O)OCC,0.006152738817036152,0.011283710598945618,0.024721242487430573,0.003795122727751732,0.004500904586166143,0.00017333378491457552,0.04122364893555641,0.00859704427421093,0.011339876800775528,0.006070176139473915,0.0006532907718792558,0.0008096740930341184,-3.012035846710205,9.200773121165184e-08,0.02437359094619751,2.529258580352689e-09,Yes,158.24099999999999,2.5199000000000007,0,2
CC(=O)Nc1ccc(O)cc1,0.07094468176364899,0.020335862413048744,0.06306226551532745,0.017122937366366386,0.014770065434277058,0.002071229973807931,0.07797163724899292,0.021396545693278313,0.026991868391633034,0.06958664953708649,0.008567779324948788,0.013862338848412037,-1.0338521003723145,0.0003087449003942311,5.658640930050751e-06,0.00010638635285431519,Yes,151.165,1.3505999999999998,2,2
c2ccc1[nH]ncc1c2 ,0.17604435980319977,0.02293609082698822,0.0864122211933136,0.030935045331716537,0.02170349285006523,0.005138350650668144,0.10043053328990936,0.030696550384163857,0.039482079446315765,0.19035927951335907,0.02585175633430481,0.04383223503828049,-1.8674832582473755,9.26223674468929e-06,0.0001180054823635146,0.010505079291760921,Yes,118.13899999999998,1.5629,1,1
CC5(C)OC4CC3C2CCC1=CC(=O)C=CC1(C)C2(F)C(O)CC3(C)C4(O5)C(=O)CO ,0.030331915244460106,0.063520647585392,0.06808172166347504,0.025095999240875244,0.055466994643211365,0.003465907881036401,0.0986420214176178,0.05789240077137947,0.030350137501955032,0.04423755407333374,0.010102157481014729,0.010493838228285313,-3.6025829315185547,0.00029494616319425404,0.006839980371296406,1.2221127008160693e-06,Yes,434.50400000000025,2.4188000000000005,2,6
Nc2nc1[nH]cnc1c(=O)[nH]2 ,0.17593015730381012,0.02104952372610569,0.09058816730976105,0.029596460983157158,0.019430870190262794,0.005155979655683041,0.09951947629451752,0.028932781890034676,0.03833143785595894,0.18430045247077942,0.025319822132587433,0.04358268529176712,-1.2569655179977417,0.012434865348041058,1.4545991007253178e-06,0.00054980005370453,Yes,151.129,-0.7716000000000003,3,4
COC(=O)C,0.007881149649620056,0.009272187016904354,0.027795830741524696,0.003438386367633939,0.0034150711726397276,0.0001784954802133143,0.040109578520059586,0.006746372673660517,0.010923336260020733,0.00585938012227416,0.0005913077620789409,0.0008915343787521124,0.5011454820632935,3.835412543118366e-10,4.2186204751715195e-08,1.6580019291723147e-05,Yes,74.07900000000001,0.1792999999999999,0,2
CC34CCC1C(CCC2CC(=O)CCC12C)C3CCC4O ,0.02706785686314106,0.07528519630432129,0.06561730057001114,0.027421895414590836,0.06942389905452728,0.0036403718404471874,0.10222814232110977,0.06994406133890152,0.031644947826862335,0.04552992060780525,0.011080271564424038,0.010334067046642303,-4.3855204582214355,0.00034210243029519916,0.004003900568932295,9.217773708769528e-07,Yes,290.44699999999995,3.9591000000000034,1,2
CCCC(O)C=C,0.007133448030799627,0.014509803615510464,0.02824876271188259,0.0048441956751048565,0.006393886636942625,0.0002561299770604819,0.04664560779929161,0.011203077621757984,0.012906602583825588,0.007582348771393299,0.0009054546826519072,0.0010989581933245063,-0.7445690035820007,8.457953087903647e-11,0.017467141151428223,5.8743211411638185e-05,Yes,100.16099999999999,1.3334,1,1
OC(C1=CC2C5C(C1C2=C(c3ccccc3)c4ccccn4)C(=O)NC5=O)(c6ccccc6)c7ccccn7 ,0.09936350584030151,0.04211864247918129,0.08355420082807541,0.032739683985710144,0.039987027645111084,0.005626262165606022,0.10487769544124603,0.04547771066427231,0.037350744009017944,0.12084349244832993,0.020754924044013023,0.02902366779744625,-4.620411396026611,0.004680687095969915,0.00019578984938561916,0.0005391629529185593,No,511.5810000000002,4.289400000000002,2,5
CCCCOCCCC,0.00464985053986311,0.01007008831948042,0.021172519773244858,0.0031619244255125523,0.003814251162111759,0.00012220162898302078,0.03772323578596115,0.007717365399003029,0.010224301367998123,0.0048935492523014545,0.0004942542291246355,0.0005806540139019489,-2.8926167488098145,2.3151257646165436e-19,0.002683201339095831,0.0023148013278841972,Yes,130.231,2.603200000000001,0,1
CCCCCCCCCCCCO,0.00505837332457304,0.011561925522983074,0.022522827610373497,0.003653175663203001,0.004638027399778366,0.0001504015235695988,0.04030294343829155,0.00897622387856245,0.011063376441597939,0.005621955264359713,0.0006042557070031762,0.000688237720169127,-5.015203952789307,1.5822712766692014e-17,0.05553745850920677,0.0011423847172409296,Yes,186.33899999999997,3.8996000000000035,1,1
CCN2c1nc(N(C)(CCO))ccc1NC(=O)c3cccnc23 ,0.055521849542856216,0.021632911637425423,0.057127173990011215,0.015979638323187828,0.015335085801780224,0.0017295805737376213,0.07489222288131714,0.021986471489071846,0.025619519874453545,0.057115305215120316,0.007232578471302986,0.010716953314840794,-3.4195821285247803,0.00029788914253003895,0.003142589470371604,0.010396557860076427,Yes,313.36100000000005,1.6287999999999996,2,6
CCCC(C)(C)O,0.006738826632499695,0.015376001596450806,0.027448603883385658,0.004993994254618883,0.007137340027838945,0.00025678036035969853,0.04664989560842514,0.012149465270340443,0.012699172832071781,0.00783276092261076,0.0009533518459647894,0.0010976378107443452,-0.18286657333374023,5.355453927546883e-12,0.19813448190689087,3.125859393549035e-08,Yes,102.17699999999998,1.5574,1,1
Nc1nc(=O)[nH]cc1F,0.15936945378780365,0.019863996654748917,0.08762139827013016,0.02693929523229599,0.01774435117840767,0.004620098974555731,0.09511162340641022,0.026965608820319176,0.035464681684970856,0.16677381098270416,0.02204211987555027,0.03837266191840172,-1.2843270301818848,0.016827968880534172,1.4103567025358643e-07,8.720203913981095e-05,Yes,129.09399999999997,-0.5088000000000001,2,3
CCCCOc1ccc(C(=O)OCC)c(c1)N(CC)CC ,0.017007362097501755,0.014013117179274559,0.034219928085803986,0.006845738273113966,0.007132597267627716,0.00043248324072919786,0.05121902748942375,0.011833583004772663,0.015573950484395027,0.016502896323800087,0.0017691768007352948,0.002442969474941492,-4.228403568267822,9.852300536294933e-06,0.0010340928565710783,8.135579264489934e-06,Yes,293.40700000000004,3.8884000000000034,0,4
CCCCCC(C)(C)O,0.006514566019177437,0.015120748430490494,0.026938745751976967,0.004889134783297777,0.00691863102838397,0.0002459466049913317,0.046230509877204895,0.011954535730183125,0.01263166218996048,0.007618127390742302,0.000922132283449173,0.0010504223173484206,-1.499954104423523,4.194799381170098e-15,0.10830483585596085,8.960422803738766e-08,Yes,130.231,2.3376000000000006,1,1
Cc1c(C)c(C)c(C)c(C)c1C,0.03901197761297226,0.025734595954418182,0.04088478907942772,0.013747846707701683,0.01798875816166401,0.00110372353810817,0.06121553108096123,0.020281581208109856,0.0206744447350502,0.04166064038872719,0.004444782622158527,0.00627116858959198,-3.5222697257995605,1.9336539480718784e-07,3.817483229795471e-05,0.00024012055655475706,Yes,162.27599999999998,3.5371200000000025,0,0
CC(C)c1ccc(C)cc1O,0.04292935132980347,0.024093879386782646,0.04712015390396118,0.01463001687079668,0.016869395971298218,0.0013304175809025764,0.067132368683815,0.021390987560153008,0.022673076018691063,0.0467778816819191,0.005498082377016544,0.007771342992782593,-2.9658408164978027,2.907040652644355e-06,0.023986900225281715,4.445255035534501e-05,Yes,150.22099999999998,2.824020000000002,1,1
c2cnc1ncncc1n2,0.18339064717292786,0.020574137568473816,0.08893457055091858,0.02993609383702278,0.019313788041472435,0.005073943175375462,0.09964693337678909,0.028826942667365074,0.039033882319927216,0.19577543437480927,0.026263291016221046,0.04539506509900093,-0.7931548357009888,0.0005301673081703484,8.777108450885862e-05,0.0009371847263537347,Yes,132.12599999999998,0.41979999999999984,0,4
CCOP(=S)(OCC)Oc1ccc(cc1)N(=O)=O,0.03062964789569378,0.0064415656961500645,0.0484604686498642,0.005485665053129196,0.00307624414563179,0.0005663062329404056,0.05313697084784508,0.007651527877897024,0.013030990958213806,0.02244260162115097,0.002155770780518651,0.004010908771306276,-4.509209156036377,2.0463805650017264e-10,0.13998031616210938,0.00017983328143600374,Yes,291.26500000000004,3.2711000000000023,0,6
C,0.0011455477215349674,0.0015892719384282827,0.005895627662539482,0.0004190057225059718,0.0002523998555261642,4.151255780016072e-06,0.014132468029856682,0.0009669634164310992,0.003899833420291543,0.0007616915972903371,2.823413160513155e-05,3.809478585026227e-05,0.5601813197135925,3.198847797637736e-33,1.3795264930394069e-09,1.2550139048925647e-14,Yes,16.043,0.6361,0,0
c2ccc1NCCc1c2 ,0.07578949630260468,0.035775285214185715,0.06474357098340988,0.025221532210707664,0.031089596450328827,0.0032379773911088705,0.08836647123098373,0.035701945424079895,0.03155447915196419,0.08912675827741623,0.01304458174854517,0.01797683909535408,-2.498305082321167,6.362252391589607e-10,8.307502866955474e-05,0.06297705322504044,Yes,119.16699999999999,1.6545999999999998,1,1
O=N(=O)c1cccc2ccccc12,0.13586679100990295,0.0192484799772501,0.07979579269886017,0.023230107501149178,0.016248060390353203,0.003658697474747896,0.09054092317819595,0.02388867922127247,0.03202555328607559,0.1361275166273117,0.016683099791407585,0.02963886968791485,-4.0959672927856445,1.915750260650384e-07,0.03276627138257027,0.0005794067983515561,Yes,173.171,2.748000000000001,0,2
CCC(C)C(=O)C,0.007779248524457216,0.015176386572420597,0.02920611761510372,0.005206546746194363,0.00683976337313652,0.0002838755026459694,0.04777487367391586,0.011757973581552505,0.013405298814177513,0.008259523659944534,0.0010086001129820943,0.0012191690038889647,-1.0471138954162598,2.768719300797946e-19,0.023685529828071594,4.0883207930164644e-07,Yes,100.16099999999999,1.6215,0,1
Nc1nc(O)nc2nc[nH]c12 ,0.18292106688022614,0.021284347400069237,0.09313127398490906,0.03068622387945652,0.01984552852809429,0.005490461830049753,0.1017458587884903,0.02972833439707756,0.03951018676161766,0.1925465315580368,0.027113819494843483,0.04648576304316521,-1.1150943040847778,0.0043794852681458,8.810788543200943e-09,1.6898853573366068e-05,Yes,151.129,-0.3593,3,5
OC(CC(c1ccccc1)c3c(O)c2ccccc2oc3=O)c4ccc(cc4)c5ccc(Br)cc5 ,0.12548044323921204,0.021401086822152138,0.09125728905200958,0.028050385415554047,0.017856178805232048,0.005662965588271618,0.09970927983522415,0.03206605464220047,0.038423385471105576,0.1376609057188034,0.023861274123191833,0.03408166393637657,-4.392562389373779,0.0011602438753470778,0.006434879265725613,0.0001278314448427409,No,527.4140000000002,7.183700000000006,2,4
CN(=O)=O,0.011591307818889618,0.006731148809194565,0.03080143965780735,0.003143137786537409,0.0024849323090165854,0.0001988163567148149,0.0376187339425087,0.005017556250095367,0.009525764733552933,0.00725916214287281,0.0006101519102230668,0.0011494467034935951,0.5368600487709045,4.698139832726156e-07,0.08311333507299423,1.2149972868080727e-12,Yes,61.040000000000006,-0.10710000000000008,0,2
CC(C)N(C(C)C)C(=O)SCC(Cl)=C(Cl)Cl,0.009729026816785336,0.007139421533793211,0.0478316955268383,0.004233804065734148,0.0025520578492432833,0.0005994992679916322,0.0501134879887104,0.008631785400211811,0.011821428313851357,0.007159269880503416,0.0012494089314714074,0.0016615717904642224,-3.7399275302886963,0.000864838482812047,0.001167347189038992,4.058118429384194e-05,Yes,304.66999999999996,4.843900000000003,0,2
C=CCCC=C,0.008484706282615662,0.01502499170601368,0.028881920501589775,0.00535238953307271,0.006630450952798128,0.00028094902518205345,0.04789500683546066,0.011372759006917477,0.014095292426645756,0.008585087954998016,0.0010150355519726872,0.0012505250051617622,-2.820188522338867,8.413065413097182e-18,0.13055817782878876,0.0013822634937241673,Yes,82.14599999999999,2.1386000000000003,0,0
c2ccc1[nH]ccc1c2,0.17083851993083954,0.024217484518885612,0.0843312069773674,0.031148407608270645,0.022988324984908104,0.005091142375022173,0.1000731885433197,0.031499844044446945,0.03933553025126457,0.18606296181678772,0.02519834227859974,0.042447514832019806,-2.2510576248168945,5.4322104148241124e-08,0.0010830500395968556,0.020052293315529823,Yes,117.15099999999997,2.1678999999999995,1,0
CC34CCC1C(CCC2=CC(=O)CCC12C)C3CCC4=O,0.03248501196503639,0.0793830007314682,0.07059035450220108,0.03056357242166996,0.07495355606079102,0.004408681765198708,0.10683289915323257,0.07344517111778259,0.0338766947388649,0.05235307663679123,0.013071116991341114,0.012541779316961765,-5.0922651290893555,0.004609543830156326,0.0011589775094762444,1.333339582743065e-06,Yes,286.415,4.087400000000003,0,2
CCCCC=C,0.006019358057528734,0.012017696164548397,0.023478936403989792,0.003999607637524605,0.004865874536335468,0.0001691179786575958,0.0415666289627552,0.009124495089054108,0.011881363578140736,0.006323736160993576,0.0006757919327355921,0.0007956404588185251,-3.5974202156066895,6.727579349123937e-23,0.025729330256581306,5.0807802836061455e-06,Yes,84.16199999999999,2.3626000000000005,0,0
Cc1cccc(C)c1NC(=O)c2cc(c(Cl)cc2O)S(N)(=O)=O,0.06282621622085571,0.010746100917458534,0.060480691492557526,0.011124935001134872,0.0067461333237588406,0.001526173553429544,0.06456916779279709,0.013052891008555889,0.018857009708881378,0.05199732258915901,0.005746512673795223,0.01033309567719698,-3.5859317779541016,0.14834409952163696,0.0004280968278180808,7.427670061588287e-05,Yes,354.8150000000001,2.5621400000000008,3,4
CCC1CCCCC1,0.010885624215006828,0.02905777283012867,0.03459179773926735,0.009650764055550098,0.017863892018795013,0.0006087254150770605,0.061726175248622894,0.024906978011131287,0.018304167315363884,0.01561382133513689,0.0023533045314252377,0.0023256726562976837,-4.352067947387695,3.2348443368412916e-11,0.01867901347577572,2.271118688668139e-07,Yes,112.21600000000001,2.976700000000002,0,0
CCCCCCCC(=O)C,0.006258590146899223,0.01261301338672638,0.02496415749192238,0.004192268941551447,0.005247598513960838,0.00019161173258908093,0.04286118596792221,0.009681268595159054,0.011996245943009853,0.006612929981201887,0.0007352356915362179,0.0008728884859010577,-3.400655508041382,1.1740768970030394e-19,0.059511449187994,9.863073501037434e-06,Yes,142.242,2.935900000000001,0,1
COC(=O)Nc2nc1ccc(cc1[nH]2)C(=O)c3ccccc3,0.09335640072822571,0.021161247044801712,0.0720328763127327,0.020144185051321983,0.016281569376587868,0.00283592427149415,0.08484163880348206,0.0234433151781559,0.02984488010406494,0.09052573144435883,0.011695224791765213,0.019466457888484,-4.389506816864014,0.00023543844872619957,0.0008986082393676043,0.0009067138307727873,Yes,295.298,2.972200000000001,2,4
CC(C)OC(=O)Nc1cccc(Cl)c1,0.045387256890535355,0.01501544564962387,0.059244554489851,0.012468650937080383,0.00932109821587801,0.0015227788826450706,0.0703115165233612,0.017365116626024246,0.0229948777705431,0.0433124303817749,0.005716521758586168,0.008663146756589413,-2.901301622390747,0.004078724887222052,0.0038442763034254313,0.00039850149187259376,Yes,213.66400000000002,3.2969000000000017,1,2
CCN2c1nc(Cl)ccc1N(C)C(=O)c3cccnc23 ,0.08106686919927597,0.02090311422944069,0.06868954002857208,0.019954901188611984,0.015870438888669014,0.0027336745988577604,0.08242736011743546,0.024751467630267143,0.029774518683552742,0.08296404778957367,0.011494369246065617,0.017233261838555336,-4.292107582092285,3.4671200410230085e-05,0.19804443418979645,0.0002786607074085623,Yes,288.73800000000006,2.878000000000001,0,4
CNC(=O)Oc1cccc2ccccc12,0.08099892735481262,0.019800538197159767,0.06569886207580566,0.018007846549153328,0.014647032134234905,0.0022892425768077374,0.08048953860998154,0.02161402255296707,0.028210286051034927,0.07868047803640366,0.009663314558565617,0.015953296795487404,-3.922733783721924,2.6961808785586072e-08,0.06628312915563583,0.006951210554689169,Yes,201.225,2.5580000000000007,1,2
C#C,0.02504289150238037,0.013913646340370178,0.045238807797431946,0.007286631502211094,0.005945007316768169,0.0006262422539293766,0.05790486931800842,0.01028194185346365,0.01876179128885269,0.015271968208253384,0.0017994941445067525,0.0030886507593095303,0.5387212634086609,0.1436232030391693,0.010141970589756966,0.15046821534633636,Yes,26.037999999999997,0.24939999999999998,0,0
Cc1cncc(C)c1,0.05659380555152893,0.023277580738067627,0.04624728113412857,0.015426999889314175,0.016942640766501427,0.0013954238966107368,0.0650312528014183,0.02007405459880829,0.022770585492253304,0.05846332013607025,0.005956662818789482,0.009172100573778152,-1.1383709907531738,7.395993179670768e-06,0.012774819508194923,0.0014576272806152701,Yes,107.15599999999998,1.69844,0,1
C1C=CCC=C1,0.02604329213500023,0.05505724996328354,0.05706029757857323,0.02135646529495716,0.04355833679437637,0.002350389026105404,0.08999543637037277,0.04804316908121109,0.02930779941380024,0.03654661774635315,0.007312304340302944,0.00753183476626873,-2.0139288902282715,1.2426515922925319e-06,0.09268789738416672,0.0005555381649173796,Yes,80.12999999999998,1.8926,0,0
CCOC(=O)N(C)C(=O)CSP(=S)(OCC)OCC,0.007585263345390558,0.004886623006314039,0.03212060406804085,0.0023786011151969433,0.001587719307281077,0.0001720682776067406,0.038255322724580765,0.004735753405839205,0.00814983993768692,0.004905261564999819,0.0005072783678770065,0.0008402765961363912,-3.2082643508911133,1.864915066107642e-05,0.08092121034860611,6.585191836272486e-10,Yes,329.3800000000001,2.6320000000000006,0,7
CC(O)c1ccccc1,0.04935947805643082,0.024058545008301735,0.05306817218661308,0.015789005905389786,0.017545340582728386,0.001646096701733768,0.07248681783676147,0.022820785641670227,0.024011041969060898,0.054228879511356354,0.006638898514211178,0.009782087989151478,-1.2573307752609253,6.55577823636122e-05,0.0014328353572636843,0.0011346866376698017,Yes,122.16699999999996,1.7399,1,1
CC(Cl)CCl,0.004525043070316315,0.004243690054863691,0.03557266294956207,0.0021771590691059828,0.0011942805722355843,0.0002534693630877882,0.03748466446995735,0.0053818970918655396,0.008131966926157475,0.0031540978234261274,0.0005043688579462469,0.0006582512287423015,-1.3786132335662842,1.4286889813558412e-13,0.0021188133396208286,0.21280120313167572,Yes,112.98700000000001,1.8525,0,0
CCCC=C(CC)C=O,0.008013282902538776,0.013003080151975155,0.027799367904663086,0.004690730012953281,0.005539415404200554,0.00024043394660111517,0.04519308730959892,0.009953423403203487,0.012887420132756233,0.0077552576549351215,0.0008844942785799503,0.0011126772733405232,-3.5731348991394043,1.561611734021695e-12,0.2311987429857254,5.526935638044961e-07,Yes,126.19899999999998,2.3218000000000005,0,1
CCOP(=S)(OCC)SCCSCC,0.004534891806542873,0.00254631950519979,0.02736126445233822,0.0013014525175094604,0.0006547059747390449,9.340814722236246e-05,0.030510079115629196,0.0028880825266242027,0.005638581700623035,0.002667324850335717,0.00025753455702215433,0.00043293036287650466,-3.8843870162963867,1.433461596967475e-15,0.036873869597911835,8.323441579705104e-05,Yes,274.413,3.7702000000000027,0,5
CC(=O)OC3(C)CCC4C2CCC1=CC(=O)CCC1(C)C2CCC34C ,0.027638420462608337,0.06311892718076706,0.06411208212375641,0.024054845795035362,0.05423150584101677,0.0031059079337865114,0.0963047444820404,0.05699380859732628,0.029729537665843964,0.04123999923467636,0.009304437786340714,0.009415578097105026,-4.774448394775391,0.00034983959631063044,0.004686762113124132,6.8191484388080426e-06,Yes,344.4950000000001,4.840100000000005,0,3
Clc1ccc(cc1)c2c(Cl)cccc2Cl ,0.1678777039051056,0.013898666948080063,0.10592498630285263,0.02797456830739975,0.011442504823207855,0.006662600673735142,0.10143405199050903,0.027498062700033188,0.04163072258234024,0.17536965012550354,0.029714658856391907,0.04664461314678192,-5.681746959686279,6.698624402563802e-13,0.9066510200500488,4.779056439474516e-07,No,257.547,5.313800000000001,0,0
Fc1cccc(F)c1C(=O)NC(=O)Nc2ccc(Cl)cc2,0.10302548855543137,0.019090821966528893,0.08194004744291306,0.021203847602009773,0.014695202000439167,0.0036448524333536625,0.08835932612419128,0.024082282558083534,0.03099209815263748,0.0998353585600853,0.014088468626141548,0.023505080491304398,-4.343564510345459,1.2996945315535413e-06,0.1567608118057251,4.131185050937347e-06,Yes,310.687,3.5801000000000016,2,2
Oc1cc(Cl)ccc1Oc2ccc(Cl)cc2Cl,0.16689719259738922,0.01415314618498087,0.1052113026380539,0.02763484977185726,0.011731855571269989,0.006429527886211872,0.10060928016901016,0.027126029133796692,0.04065324738621712,0.1736852526664734,0.02877410314977169,0.045878324657678604,-4.426299571990967,6.185688107507303e-06,0.01831204444169998,3.2333186936739367e-06,No,289.54499999999996,5.144700000000002,1,2
c1(C(=O)OCCCCCC(C)(C))c(C(=O)OCCCCCC(C)(C))cccc1,0.01589244045317173,0.016039958223700523,0.03690725937485695,0.007434587460011244,0.008420283906161785,0.0005193521501496434,0.05508264899253845,0.013841819949448109,0.01629963330924511,0.016549715772271156,0.001972416415810585,0.002612498588860035,-5.29271125793457,4.045277890440957e-08,0.06586001068353653,8.250167411461007e-06,No,390.5640000000002,6.433000000000008,0,4
CC12CC(O)C3C(CCC4=CC(=O)CCC34C)C2CCC1C(=O)CO,0.02588658593595028,0.06085032597184181,0.062382154166698456,0.022816255688667297,0.0514628030359745,0.0028596066404134035,0.09419208019971848,0.0547783188521862,0.02880759723484516,0.038669880479574203,0.008588258177042007,0.008685944601893425,-3.7996644973754883,0.02224930375814438,0.0003045018238481134,2.8526469009193534e-07,Yes,346.46700000000016,2.666700000000002,2,4
Cc1cc(C)cc(C)c1,0.043390654027462006,0.0244162455201149,0.04122992232441902,0.013837811537086964,0.017068438231945038,0.0011137318797409534,0.06112636625766754,0.019473785534501076,0.020984062924981117,0.04546574875712395,0.0045912740752100945,0.006747568491846323,-3.3817179203033447,2.5984995772887487e-06,0.02052236720919609,0.0003397191467229277,Yes,120.19499999999998,2.611860000000001,0,0
CCCCCCCCOC(=O)c1ccccc1C(=O)OCCCCCCCC ,0.014875656925141811,0.01478593610227108,0.034993819892406464,0.006807995960116386,0.007485598791390657,0.0004483831289689988,0.05281258746981621,0.012664830312132835,0.015607447363436222,0.015207348391413689,0.0017388915875926614,0.0023154786322265863,-5.447396755218506,2.9777137200426296e-08,0.06058831140398979,6.769683750462718e-06,No,390.56400000000036,6.721200000000008,0,4
CCCCCCCCCCCCCCCO,0.005141561850905418,0.011858439072966576,0.022765371948480606,0.003751487238332629,0.0048073590733110905,0.0001561130047775805,0.04077853634953499,0.00922574382275343,0.011219258420169353,0.0057710325345396996,0.0006268662982620299,0.000709948071744293,-5.700388431549072,1.7240970175195834e-17,0.06385184079408646,0.001600158168002963,No,228.41999999999993,5.069900000000006,1,1
Clc1cccc(Cl)c1c2c(Cl)cccc2Cl ,0.16360968351364136,0.01216986682265997,0.10951696336269379,0.026718996465206146,0.00968297477811575,0.0068299975246191025,0.10008766502141953,0.026206159964203835,0.041154779493808746,0.16869263350963593,0.029653772711753845,0.04602915793657303,-6.399678707122803,4.5956528106671016e-14,0.8854890465736389,1.2288975170804406e-08,No,291.99199999999996,5.967200000000002,0,0
O=C1NC(=O)NC(=O)C1(C)C,0.044130560010671616,0.05804750695824623,0.07969798147678375,0.027762679383158684,0.049782223999500275,0.00467353081330657,0.1041940301656723,0.05500464513897896,0.03314794600009918,0.056004736572504044,0.012751976028084755,0.014743470586836338,-1.313164472579956,2.234230487374589e-05,0.002574276877567172,7.055137274392109e-08,Yes,156.141,-0.6214000000000004,2,3
CC(C)I,0.010672550648450851,0.00033839806565083563,0.1457700878381729,0.003178581828251481,4.974318289896473e-05,0.008119849488139153,0.07196309417486191,0.007382282521575689,0.022160619497299194,0.007633709814399481,0.013515532948076725,0.005039074923843145,-2.0865635871887207,1.2771936930184128e-26,1.783419975254219e-05,0.00028816048870794475,Yes,169.993,1.8298,0,0
O=N(=O)c1ccccc1N(=O)=O,0.09324266761541367,0.013326583430171013,0.06985669583082199,0.01455344446003437,0.009495018981397152,0.002064644591882825,0.07507216185331345,0.015363176353275776,0.02287580445408821,0.08181706070899963,0.008562510833144188,0.016509104520082474,-2.3466334342956543,3.999003084231845e-08,0.0010190119501203299,3.5166888210369507e-06,Yes,168.10799999999995,1.503,0,4
CC(C)C(=O)C,0.008663494139909744,0.016733527183532715,0.031899385154247284,0.005841818638145924,0.0078109209425747395,0.00035200041020289063,0.050761591643095016,0.01305173709988594,0.014284108765423298,0.009224288165569305,0.0011913763592019677,0.0014501238474622369,-0.49510854482650757,4.821898420416084e-19,0.008307238109409809,5.263764251139946e-07,Yes,86.13399999999999,1.2314,0,1
CCCCCCCCCCCCCCCC,0.005058320704847574,0.01183758769184351,0.022118935361504555,0.003736318089067936,0.004793244414031506,0.0001499486097600311,0.04043690860271454,0.009195649065077305,0.011230429634451866,0.005773867480456829,0.0006197952316142619,0.0006908040959388018,-7.061906337738037,1.8625332623791723e-21,0.039281319826841354,0.00012235529720783234,No,226.44799999999992,6.487600000000007,0,0
CC12CCC(CC1)C(C)(C)O2,0.022180970758199692,0.061795663088560104,0.05797836184501648,0.021937120705842972,0.05312398448586464,0.0025235849898308516,0.0916401818394661,0.056586407124996185,0.02761777862906456,0.03638936206698418,0.007995259948074818,0.007593031506985426,-2.3796095848083496,0.008534540422260761,0.1789979785680771,1.7670716001561004e-09,Yes,154.253,2.7441000000000013,0,1
Cc2cccc3sc1nncn1c23 ,0.14118102192878723,0.017459392547607422,0.08453846722841263,0.025278281420469284,0.01472079660743475,0.004370651673525572,0.09123389422893524,0.025851065292954445,0.03561589494347572,0.14846938848495483,0.020562734454870224,0.03344810754060745,-3.7919955253601074,0.0006237621419131756,0.012317018583416939,0.0005435299826785922,Yes,189.24300000000002,2.25242,0,3
CCCCCCC(=O)C,0.00634674122557044,0.012545978650450706,0.025091486051678658,0.004190429579466581,0.0052082734182477,0.0001925378746818751,0.04285662621259689,0.00960566382855177,0.012004725635051727,0.006629715673625469,0.0007352581596933305,0.0008799033821560442,-2.815225839614868,5.880008214454369e-20,0.041446488350629807,3.988251137343468e-06,Yes,128.21499999999997,2.5458000000000007,0,1
CCCCCCCCC(=O)OC,0.0061503187753260136,0.011146605014801025,0.024651460349559784,0.0037511007394641638,0.004426644183695316,0.00017037267389241606,0.04100097715854645,0.008472699671983719,0.011270913295447826,0.0060094203799963,0.0006427440093830228,0.0008004328701645136,-3.9094181060791016,5.531440648402774e-13,0.04955749213695526,1.3806994729748112e-06,Yes,172.268,2.910000000000001,0,2
Fc1ccc(F)cc1,0.14986394345760345,0.019852422177791595,0.08263681083917618,0.02586059644818306,0.01753525249660015,0.004188112448900938,0.09287240356206894,0.026591995730996132,0.034792762249708176,0.15897078812122345,0.02023313194513321,0.03491303697228432,-2.2816991806030273,7.758252373868402e-12,0.0008796451729722321,0.0010374918347224593,Yes,114.094,1.9647999999999999,0,0
O=C1N(C2CCC(=O)NC2=O)C(=O)c3ccccc13,0.074758380651474,0.04621189460158348,0.08249664306640625,0.030516983941197395,0.04149627313017845,0.005162911489605904,0.10452408343553543,0.047888342291116714,0.03620912879705429,0.08897261321544647,0.017104482278227806,0.022321509197354317,-3.3226380348205566,0.00018699905194807798,7.053190984152025e-06,1.0198903055425035e-06,Yes,258.233,0.08779999999999949,1,4
CCCN(CCC)c1c(cc(cc1N(=O)=O)C(F)(F)F)N(=O)=O,0.0272679440677166,0.013186442665755749,0.04606650769710541,0.008061442524194717,0.007373645901679993,0.0007481929496861994,0.058067843317985535,0.01226557232439518,0.015906428918242455,0.02479630522429943,0.002708107465878129,0.004312312230467796,-5.178419589996338,1.635037847336207e-07,0.0033153314143419266,0.00016028548998292536,Yes,335.28200000000004,4.148200000000004,0,5
CCO,0.0036352111492305994,0.006924921181052923,0.01785452477633953,0.002133389236405492,0.002238501561805606,6.94808186381124e-05,0.03158021718263626,0.005150775425136089,0.008364767767488956,0.0033309177961200476,0.00028701877454295754,0.0003629789862316102,0.6328372359275818,1.188718898574023e-19,0.003249243600293994,1.8232894660741295e-07,Yes,46.069,-0.0014000000000000123,1,1
O=C2NC(=O)C1(CCCC1)C(=O)N2,0.04056316986680031,0.0597352497279644,0.07572250813245773,0.02753782458603382,0.05182882398366928,0.00430748937651515,0.10329075157642365,0.05702084302902222,0.03301359713077545,0.054318126291036606,0.012287248857319355,0.013610723428428173,-2.4944589138031006,1.9844985217787325e-05,1.6476493556183414e-06,1.1800693755503744e-07,Yes,182.179,-0.08720000000000011,2,3
c1c(NC(=O)OC(C)C(=O)NCC)cccc1,0.030626166611909866,0.017843732610344887,0.0487673282623291,0.01042976975440979,0.010590685531497002,0.0010028152028098702,0.06459313631057739,0.016310356557369232,0.019757134839892387,0.029208609834313393,0.003587043844163418,0.005417662672698498,-2.1401782035827637,3.164357622154057e-05,0.005883165635168552,5.835675892740255e-06,Yes,236.271,1.7597,2,3
CC(C)=CC3C(C(=O)OCc2cccc(Oc1ccccc1)c2)C3(C)C ,0.053047940135002136,0.028704432770609856,0.060242366045713425,0.018807806074619293,0.02225554548203945,0.0022089488338679075,0.08102475106716156,0.028481028974056244,0.027137765660881996,0.06062478572130203,0.008548079989850521,0.011962473392486572,-5.112294673919678,0.00023288436932489276,0.2868656814098358,0.007779866456985474,No,350.4580000000001,5.760500000000005,0,3
CN(C)C(=O)NC1CCCCCCC1,0.013206207193434238,0.027037454769015312,0.03991736099123955,0.009702986106276512,0.015993192791938782,0.0007354113040491939,0.06367591768503189,0.022847533226013184,0.018526935949921608,0.01616968959569931,0.0024785639252513647,0.0027678576298058033,-2.5711591243743896,1.4255752134317845e-09,0.06576625257730484,1.2362390862108441e-06,Yes,198.30999999999992,2.3705,1,1
ClC1(C2(Cl)C3(Cl)C4(Cl)C5(Cl)C1(Cl)C3(Cl)Cl)C5(Cl)C(Cl)(Cl)C24Cl,0.03719799220561981,0.025590047240257263,0.10681340843439102,0.02131526544690132,0.01901812106370926,0.007328135427087545,0.10232535749673843,0.04715931788086891,0.02781571075320244,0.04765104129910469,0.014547393657267094,0.015513010323047638,-6.783366680145264,1.9245216265062481e-07,2.7657224563881755e-05,3.8292746467050165e-05,No,545.5460000000002,6.222999999999999,0,0
CCCCCCCCBr,0.005334919784218073,0.0050230370834469795,0.03611228987574577,0.0031452258117496967,0.0015197695465758443,0.00035036224289797246,0.04355824738740921,0.007880482822656631,0.011583213694393635,0.00505014369264245,0.0010028310352936387,0.0009188224212266505,-4.937431335449219,1.6221046708846965e-19,0.02754051797091961,0.015835095196962357,Yes,193.128,3.741800000000003,0,0
CCCCNC(=O)n1c(NC(=O)OC)nc2ccccc12,0.03729786351323128,0.016301989555358887,0.05029507726430893,0.010857533663511276,0.009776108898222446,0.0010482026264071465,0.06522273272275925,0.01565411686897278,0.02072279341518879,0.034512680023908615,0.0040693762712180614,0.006295439321547747,-3.891876697540283,2.1487221602001227e-05,0.0010305012110620737,2.940054173450335e-06,Yes,290.323,2.572400000000001,2,4
CN(C)c2c(C)n(C)n(c1ccccc1)c2=O ,0.06126132234930992,0.018899641931056976,0.052049726247787476,0.014854365959763527,0.013399151153862476,0.0014573336811736226,0.06891227513551712,0.01881502754986286,0.023990126326680183,0.061134785413742065,0.006577920634299517,0.010380278341472149,-2.733708381652832,1.5481948167916926e-08,0.012377208098769188,1.6643578419461846e-05,Yes,231.299,1.55042,0,2
CCC(O)CC,0.0052314987406134605,0.011643359437584877,0.023105215281248093,0.0036859542597085238,0.004727290011942387,0.00015696290938649327,0.04055383428931236,0.00901262741535902,0.011033808812499046,0.005704792682081461,0.0006151868728920817,0.0007187201990745962,-0.2776246964931488,3.88400869914151e-17,0.00042952055810019374,1.5848925613681786e-05,Yes,88.15,1.1673,1,1
Cc1ccc(cc1)N(=O)=O,0.0772099494934082,0.017148276790976524,0.0595841147005558,0.01517288014292717,0.012340981513261795,0.0017996123060584068,0.07143580168485641,0.017415642738342285,0.02314748615026474,0.07187850773334503,0.007515985984355211,0.01316718477755785,-2.830904006958008,6.875876806589076e-06,0.004512212239205837,9.078585571842268e-05,Yes,137.138,1.90322,0,2
CC(C)CCCO,0.005363934673368931,0.01210737694054842,0.023879148066043854,0.0038566419389098883,0.004976151045411825,0.0001698359556030482,0.04157528281211853,0.009450745768845081,0.01131548173725605,0.005911814048886299,0.0006564028444699943,0.0007595044444315135,-1.5196760892868042,3.3611479166648028e-18,0.03890585899353027,0.00018915980763267726,Yes,102.17699999999999,1.4149,1,1
CC34CCC1C(CCC2=CC(=O)CCC12O)C3CCC4(O)C#C,0.035148363560438156,0.08051390945911407,0.07429622858762741,0.03187717869877815,0.07674945890903473,0.004907240159809589,0.10955706238746643,0.07496266812086105,0.03472817689180374,0.05576527491211891,0.01414225809276104,0.013848179951310158,-3.8991222381591797,0.0025129893328994513,2.2115509636932984e-06,2.3749036870412965e-07,Yes,314.42500000000007,2.607400000000001,2,3
CC(C)OC(=O)C(O)(c1ccc(Br)cc1)c2ccc(Br)cc2 ,0.06707847118377686,0.009988609701395035,0.10126061737537384,0.017470046877861023,0.005842688027769327,0.005048474296927452,0.09116331487894058,0.02315424010157585,0.03380961716175079,0.06775179505348206,0.01723639667034149,0.019332705065608025,-3.861091136932373,0.050332944840192795,0.009538711979985237,0.0034167903941124678,Yes,428.12000000000006,4.3991000000000025,1,3
Nc2cnn(c1ccccc1)c(=O)c2Cl,0.16663089394569397,0.019145019352436066,0.09188828617334366,0.028774656355381012,0.017123708501458168,0.005400659516453743,0.09875724464654922,0.02875508740544319,0.03848329186439514,0.17793168127536774,0.025545993819832802,0.042666226625442505,-2.7247700691223145,0.1572035253047943,0.00016333055100403726,9.355440852232277e-06,Yes,221.647,1.4681,1,3
CCC(C)(C)O,0.007162931375205517,0.01637950725853443,0.028834257274866104,0.005354928784072399,0.007844138890504837,0.0002908152819145471,0.04827225208282471,0.013009690679609776,0.013112407177686691,0.008393802680075169,0.0010551019804552197,0.0012191515415906906,0.3987089991569519,3.3534272906275697e-13,0.162279412150383,5.443490658230132e-10,Yes,88.14999999999998,1.1673,1,1
Cc1ccc(O)cc1,0.09431584924459457,0.023456508293747902,0.06104906275868416,0.020936546847224236,0.019125686958432198,0.0024874547962099314,0.07847731560468674,0.024262571707367897,0.02878219448029995,0.09938614070415497,0.011251788586378098,0.01819571480154991,-0.8571620583534241,0.11498552560806274,7.878932956373319e-05,1.1162867849634495e-05,Yes,108.13999999999999,1.7006199999999998,1,1
CCOC=O,0.0070791724137961864,0.008841427974402905,0.02706112153828144,0.003260507248342037,0.0031644233968108892,0.00016843064804561436,0.03981611132621765,0.006629336159676313,0.010704174637794495,0.005430120043456554,0.0005610411171801388,0.0008125245221890509,0.2947094440460205,1.7419501396886972e-09,0.004091823939234018,1.4018829119777365e-07,Yes,74.07900000000001,0.17930000000000001,0,2
CN(C)c1ccccc1,0.051454897969961166,0.01810196414589882,0.04842733219265938,0.013350775465369225,0.012257684022188187,0.001205993932671845,0.06657828390598297,0.01764250546693802,0.022848719730973244,0.051646340638399124,0.005459098611027002,0.00850683357566595,-2.1651573181152344,1.5231859107345258e-09,0.005493659991770983,0.003985327668488026,Yes,121.18299999999995,1.7526,0,1
C1CCC2CCCCC2C1,0.016897445544600487,0.050201062113046646,0.04744919762015343,0.01706669293344021,0.039037227630615234,0.0015470277285203338,0.08109127730131149,0.04569943621754646,0.02464020438492298,0.02777058258652687,0.005389283876866102,0.004988066852092743,-5.2364277839660645,9.189180616431258e-08,0.27747416496276855,3.787219975492917e-05,Yes,138.254,3.3668000000000022,0,0
CCCCS,0.004045417532324791,0.006279779598116875,0.022924840450286865,0.0023691391106694937,0.0020089526660740376,0.00012133299605920911,0.03474118933081627,0.005805723834782839,0.008755330927670002,0.0036371322348713875,0.0004054242162965238,0.000490964506752789,-2.0469284057617188,4.975585411677654e-20,0.017055578529834747,0.00025212758919224143,Yes,90.19099999999999,1.7163,1,1
c1ccc2c(c1)c3cccc4ccc5cccc2c5c43,0.20541222393512726,0.027859412133693695,0.09754031151533127,0.038750067353248596,0.02788611315190792,0.007280401885509491,0.11360707134008408,0.038323238492012024,0.04694593697786331,0.22584904730319977,0.03586571291089058,0.05819065123796463,-7.821180820465088,2.9522734257270145e-10,0.19756698608398438,0.004497884772717953,No,252.31599999999997,5.737200000000003,0,0
ClC(=C(Cl)Cl)Cl,0.012223438359797001,0.001763578038662672,0.09257327765226364,0.0024552904069423676,0.0003950133395846933,0.00144485617056489,0.049636904150247574,0.004160850774496794,0.00882162619382143,0.004778359550982714,0.001324687385931611,0.0020566266030073166,-3.693448066711426,2.4634437462418822e-18,2.2867143911753374e-07,4.467616964059622e-18,Yes,165.834,3.0682,0,0
CCC(=O)CC,0.006397383753210306,0.01147522684186697,0.024145765230059624,0.0039075021632015705,0.004614440258592367,0.00017120335542131215,0.041061680763959885,0.008630977012217045,0.011603605933487415,0.00628279522061348,0.0006668996065855026,0.0008218661532737315,-0.8821564316749573,1.5721433486645675e-12,0.00017886859131976962,2.980429414378705e-08,Yes,86.134,1.3755,0,1
C=CC#N,0.022498412057757378,0.017138682305812836,0.047085344791412354,0.008316981606185436,0.008160848170518875,0.0007637671078555286,0.060871485620737076,0.012937731109559536,0.018682435154914856,0.01636265218257904,0.0021721532102674246,0.00342572876252234,-0.4322826862335205,0.04665760323405266,0.0057075005024671555,1.1290509974060114e-05,Yes,53.06399999999999,0.6959799999999999,0,1
CC1CC2C3CC(F)C4=CC(=O)C=CC4(C)C3(F)C(O)CC2(C)C1(O)C(=O)CO,0.03132679685950279,0.06507322937250137,0.07021170109510422,0.02594086341559887,0.05712542310357094,0.003727452363818884,0.10079903155565262,0.0597534216940403,0.031116046011447906,0.045860983431339264,0.010695422999560833,0.01110257301479578,-3.0351881980895996,0.0024237611796706915,0.0021014371886849403,1.003368993224285e-06,Yes,410.4570000000002,1.8436999999999997,3,5
CCCCC(=O)C,0.006583600305020809,0.012293958105146885,0.025361746549606323,0.0041638449765741825,0.005063511896878481,0.0001933224411914125,0.0427178293466568,0.009339984506368637,0.011996205896139145,0.006647318601608276,0.0007298701093532145,0.0008939258405007422,-1.3039307594299316,3.551378209350014e-19,0.03502531722187996,1.700387429082184e-06,Yes,100.16099999999999,1.7656,0,1
CCNc1nc(NC(C)(C)C)nc(OC)n1,0.022831421345472336,0.015646453946828842,0.03800419718027115,0.008375604636967182,0.008788582868874073,0.000588812748901546,0.05480027198791504,0.013566297478973866,0.016988160088658333,0.022489065304398537,0.002456978429108858,0.003471299074590206,-2.6763176918029785,3.9075592894732836e-07,0.00033621524926275015,1.0083456345455488e-06,Yes,225.296,1.5223999999999998,2,6
CCCCC(C)CC,0.005140249617397785,0.011947035789489746,0.022196834906935692,0.003780210157856345,0.004879914689809084,0.00015196403546724468,0.040552396327257156,0.009277413599193096,0.01127531472593546,0.005866289138793945,0.0006298882653936744,0.0007037775940261781,-4.967177867889404,1.9187727264907062e-26,0.005543446633964777,7.351449937686994e-08,Yes,114.23199999999999,3.2227000000000023,0,0
BrCCBr,0.0016819711308926344,7.670311606489122e-05,0.10945813357830048,0.00044318570871837437,3.864993232127745e-06,0.006117456126958132,0.03357090428471565,0.0015529039083048701,0.004613104742020369,0.0004771763342432678,0.0011111821513623,0.00046799334813840687,-1.6452593803405762,7.4494748147913015e-09,5.397692071085203e-09,3.317549707171352e-11,Yes,187.862,1.7762,0,0
CNC(=O)Oc1ccccc1C(C)C,0.03304939344525337,0.018475744873285294,0.046724651008844376,0.011028018780052662,0.011281094513833523,0.0009941193275153637,0.06373754143714905,0.016711290925741196,0.020192241296172142,0.0321817472577095,0.0038257427513599396,0.005662595387548208,-3.6850826740264893,2.0648100118592083e-08,0.028551742434501648,1.1916962648683693e-05,Yes,193.24599999999998,2.528200000000001,1,2
O=C1NCCN1c2ncc(s2)N(=O)=O,0.06274683773517609,0.01939719170331955,0.07476646453142166,0.017136409878730774,0.01381389144808054,0.0027473894879221916,0.08275539427995682,0.023664867505431175,0.026303589344024658,0.0617804154753685,0.009466351009905338,0.014256179332733154,-1.4673035144805908,9.879679055302404e-06,0.0017413938185200095,0.00027635888545773923,Yes,214.20600000000002,0.5808999999999999,1,5
C1c2ccccc2c3ccc4ccccc4c13,0.1734246164560318,0.031069323420524597,0.09015338122844696,0.03657360002398491,0.03061733953654766,0.006536065600812435,0.10816829651594162,0.03891622647643089,0.0430426225066185,0.19337306916713715,0.02991376630961895,0.04751869663596153,-6.831104755401611,4.820561727569839e-09,0.002349480055272579,0.06628444790840149,Yes,216.283,4.411000000000003,0,0
COc1ccccc1Cl,0.07069066911935806,0.012533283792436123,0.05979270115494728,0.013826694339513779,0.008267362602055073,0.001679485198110342,0.06904857605695724,0.01608153060078621,0.02475213259458542,0.06588120758533478,0.00754031864926219,0.012282393872737885,-2.3134610652923584,4.1313441556667385e-07,0.2877843976020813,0.00020116445375606418,Yes,142.58499999999998,2.3486000000000002,0,1
COP(=S)(OC)Oc1cc(Cl)c(Br)cc1Cl,0.04531257599592209,0.0027249024715274572,0.0853532999753952,0.006078144535422325,0.0010972416494041681,0.0015854276716709137,0.062448758631944656,0.00750131718814373,0.017530478537082672,0.03009563870728016,0.005218680016696453,0.00807100348174572,-6.169965744018555,3.4874287485608946e-11,0.38228192925453186,0.0001662737486185506,Yes,366.0,4.652000000000002,0,4
ClC(Cl)CC(=O)NC2=C(Cl)C(=O)c1ccccc1C2=O,0.05287575349211693,0.019825255498290062,0.07898835092782974,0.016526062041521072,0.012981636449694633,0.0031318420078605413,0.08455341309309006,0.024745965376496315,0.02655320055782795,0.04923306405544281,0.008923723362386227,0.0127464784309268,-4.48513650894165,0.04583299160003662,0.0012187666725367308,1.1794409147114493e-06,Yes,332.57000000000005,2.8260000000000005,1,3
ClC(Cl)C(c1ccc(Cl)cc1)c2ccc(Cl)cc2 ,0.07848969846963882,0.01443002000451088,0.08356592059135437,0.017816534265875816,0.009968630969524384,0.0037643318064510822,0.08306463062763214,0.02235078252851963,0.027948549017310143,0.07637806236743927,0.012619790621101856,0.018805047497153282,-5.922366619110107,1.52250919427388e-07,0.20008884370326996,9.720748721520067e-07,No,320.04600000000005,5.929000000000003,0,0
COC(=O)C=C,0.011398144997656345,0.011582301929593086,0.03394964337348938,0.004710587207227945,0.004762562457472086,0.0003044478071387857,0.046793416142463684,0.008611263707280159,0.013018333353102207,0.008480366319417953,0.0009483094909228384,0.0014620277797803283,-0.46437299251556396,2.6451921542047785e-08,0.00030980430892668664,7.25488062016666e-05,Yes,86.09,0.34539999999999993,0,2
CN(C)C(=O)Nc2ccc(Oc1ccc(Cl)cc1)cc2,0.08327566832304001,0.017552552744746208,0.07097277045249939,0.018288375809788704,0.012799480929970741,0.0025882120244205,0.0821957215666771,0.021839387714862823,0.029343411326408386,0.08271555602550507,0.010887457057833672,0.01739574410021305,-4.07861852645874,1.846598252086551e-07,0.06556005775928497,0.033305276185274124,Yes,290.75,4.225800000000003,1,2
N(=Nc1ccccc1)c2ccccc2,0.14471539855003357,0.023447448387742043,0.07823914289474487,0.02720329910516739,0.021108491346240044,0.004190479405224323,0.09363303333520889,0.02858520857989788,0.0350676067173481,0.1549738198518753,0.01973722130060196,0.033418208360672,-3.8149991035461426,8.045826689340174e-05,0.018323354423046112,0.002059418708086014,Yes,182.226,4.102000000000002,0,2
CC(C)c1ccc(C)cc1,0.035235725343227386,0.02436775341629982,0.04265671223402023,0.013197640888392925,0.01641058921813965,0.0010922393994405866,0.06326468288898468,0.020269954577088356,0.02099418081343174,0.03843891620635986,0.0044149188324809074,0.006100744940340519,-4.480655193328857,4.7690029703062464e-08,0.03486131876707077,0.0005734703736379743,Yes,134.22199999999998,3.118420000000002,0,0
Oc1c(Cl)cccc1Cl,0.15450669825077057,0.012448064982891083,0.104499451816082,0.02533024549484253,0.009843965992331505,0.006148986984044313,0.0968293696641922,0.02523389644920826,0.03862304985523224,0.1587909460067749,0.026415547356009483,0.042042188346385956,-2.3435561656951904,0.000191966857528314,0.00036615069257095456,8.29158608439684e-09,Yes,163.003,2.699,1,1
OCC2OC(OC1(CO)OC(CO)C(O)C1O)C(O)C(O)C2O ,0.016490565612912178,0.03828458487987518,0.050442054867744446,0.01346889603883028,0.027186155319213867,0.0013448019744828343,0.07506997138261795,0.03352930024266243,0.021118158474564552,0.022165672853589058,0.004077957943081856,0.004478350281715393,0.36789843440055847,0.003674769075587392,1.5676235309847186e-10,7.194781659336513e-08,No,342.297,-5.395599999999993,8,11
OC1C(O)C(O)C(O)C(O)C1O,0.022369900718331337,0.05935415253043175,0.06414801627397537,0.02122998610138893,0.05005829036235809,0.0028092272114008665,0.09355270117521286,0.054933205246925354,0.027205344289541245,0.034537672996520996,0.007891984656453133,0.00798198115080595,0.6288723945617676,0.0002675651921890676,3.8701360909401683e-13,2.6946848308284643e-08,No,180.156,-3.8346000000000005,6,6
Cn2c(=O)n(C)c1ncn(CC(O)CO)c1c2=O,0.04069021716713905,0.018118243664503098,0.047251805663108826,0.011720594018697739,0.011790825054049492,0.0010705981403589249,0.06239950284361839,0.016684764996170998,0.020020555704832077,0.039781562983989716,0.004363421816378832,0.006729618646204472,-1.4225404262542725,0.019983287900686264,5.704135401174426e-05,0.00036027890746481717,Yes,254.24599999999995,-2.2130999999999985,2,5
OCC(NC(=O)C(Cl)Cl)C(O)c1ccc(cc1)N(=O)=O,0.02880847081542015,0.0137711800634861,0.056550994515419006,0.009110317565500736,0.007603404112160206,0.0011936443625018,0.0642174780368805,0.014518083073198795,0.01752421446144581,0.02528894506394863,0.003516565775498748,0.00539011973887682,-2.1027538776397705,0.21386992931365967,0.00010707659384934232,1.6483598301419988e-05,Yes,323.13200000000006,0.909,3,5
CCC(O)(CC)CC,0.006158660631626844,0.013716216199100018,0.024965981021523476,0.004419238306581974,0.006097966805100441,0.00020328271784819663,0.04359189048409462,0.010698121972382069,0.011952727101743221,0.007003831677138805,0.0007963842363096774,0.000920680642593652,-1.1578031778335571,1.831305696279803e-13,0.005670042242854834,6.5387844188080635e-06,Yes,116.204,1.9475,1,1
CC45CCC2C(CCC3CC1SC1CC23C)C4CCC5O,0.025883091613650322,0.07023032009601593,0.06750977784395218,0.026465222239494324,0.06395618617534637,0.003787984838709235,0.10169196128845215,0.06913100183010101,0.030754433944821358,0.04371550306677818,0.011030572466552258,0.010217331349849701,-5.527436256408691,4.914165401714854e-05,0.014009026810526848,1.8278296920470893e-06,Yes,306.51500000000004,4.483900000000005,1,2
Brc1ccccc1Br,0.14724482595920563,0.0029258066788315773,0.2011764496564865,0.022858958691358566,0.0014561122516170144,0.02476123906672001,0.11805333197116852,0.023456616327166557,0.054700616747140884,0.13792067766189575,0.07351508736610413,0.06452327221632004,-3.3691065311431885,2.4940337084444764e-07,0.11181869357824326,2.863556073862128e-05,Yes,235.90599999999998,3.2116000000000007,0,0
Oc1c(Cl)cc(Cl)cc1Cl,0.15301737189292908,0.01009291596710682,0.11397545039653778,0.024081755429506302,0.007583346217870712,0.006747734267264605,0.09677335619926453,0.02356494404375553,0.03881899267435074,0.15233592689037323,0.027509963139891624,0.043099116533994675,-3.6523568630218506,1.3686332067663898e-06,9.975646389648318e-05,7.708582105969697e-10,Yes,197.44799999999998,3.3523999999999994,1,1
CCCN(CCC)c1c(cc(cc1N(=O)=O)S(N)(=O)=O)N(=O)=O,0.026451250538229942,0.006751496344804764,0.04186694324016571,0.005290123634040356,0.003255626419559121,0.0004731389053631574,0.04837018996477127,0.007207590155303478,0.012095296755433083,0.01979735679924488,0.0018280994845554233,0.0032673452515155077,-4.168668270111084,0.01042951364070177,0.0001650797639740631,2.1083347746753134e-05,Yes,346.3650000000001,1.7768000000000002,1,7
C2c1ccccc1N(CCF)C(=O)c3ccccc23 ,0.0799919068813324,0.02766275219619274,0.0677410289645195,0.02198580652475357,0.022386973723769188,0.0029523882549256086,0.08629593253135681,0.029008232057094574,0.030258789658546448,0.0858733281493187,0.011836934834718704,0.017871037125587463,-4.417835712432861,1.9465553123154677e-05,0.002399618038907647,0.018372058868408203,Yes,255.29199999999997,3.2071000000000023,0,1
CC(C)C(=O)C(C)C,0.008375541307032108,0.01744128204882145,0.03150724992156029,0.006010246463119984,0.008351686410605907,0.0003584663791116327,0.05124568194150925,0.013831709511578083,0.014349461533129215,0.009465689770877361,0.001248148619197309,0.0014572031795978546,-2.8294692039489746,6.383003903209783e-09,3.420260327402502e-05,1.7571534227656116e-09,Yes,114.18799999999997,1.8675,0,1
O=C1NC(=O)NC(=O)C1(C(C)C)CC=C(C)C,0.024654578417539597,0.03616495057940483,0.05561351776123047,0.015621247701346874,0.024871332570910454,0.0017136811511591077,0.07922844588756561,0.03178628906607628,0.024329708889126778,0.029457267373800278,0.005260143894702196,0.006194316782057285,-3.0088393688201904,4.783698386745527e-06,0.0016260396223515272,7.865831719300331e-08,Yes,238.28699999999998,1.3510999999999993,2,3
c1c(O)C2C(=O)C3cc(O)ccC3OC2cc1(OC),0.037088543176651,0.06143682822585106,0.07178030908107758,0.026329444721341133,0.05278856307268143,0.003812332870438695,0.10017131268978119,0.05508675053715706,0.032123863697052,0.048826511949300766,0.010872923769056797,0.012026955373585224,-1.5948290824890137,3.079406451433897e-05,1.7950964320334606e-05,4.502698629949009e-06,Yes,262.261,1.5528,2,5
Cn1cnc2n(C)c(=O)n(C)c(=O)c12,0.06536239385604858,0.017650531604886055,0.05003290995955467,0.014033535495400429,0.012432821094989777,0.0013405604986473918,0.064005047082901,0.01676148921251297,0.022040922194719315,0.061000533401966095,0.006054396275430918,0.010063806548714638,-1.6379876136779785,1.8388515172773623e-06,0.00023834143939893693,7.786717048929859e-08,Yes,194.19399999999996,-1.0293,0,3
CC(=O)SC4CC1=CC(=O)CCC1(C)C5CCC2(C)C(CCC23CCC(=O)O3)C45,0.028958113864064217,0.0576111301779747,0.06866683065891266,0.023807736113667488,0.04841945692896843,0.003470510710030794,0.0973346158862114,0.055463068187236786,0.029728518798947334,0.041365548968315125,0.009794766083359718,0.010048815049231052,-4.624475955963135,0.0020896918140351772,0.0001381045440211892,1.1544297194632236e-05,Yes,416.58300000000025,4.852300000000005,0,5
Cc1ccc(O)cc1C,0.07723778486251831,0.024412469938397408,0.05637684091925621,0.019206730648875237,0.019258394837379456,0.0021214745938777924,0.07473599165678024,0.02374696545302868,0.026751194149255753,0.0816497877240181,0.009214331395924091,0.014384566806256771,-1.1859997510910034,0.007062986027449369,0.00015145036741159856,1.992569195863325e-05,Yes,122.16699999999999,2.0090399999999997,1,1
O(c1ccccc1)c2ccccc2,0.15352699160575867,0.02345035783946514,0.07873058319091797,0.028385836631059647,0.02171308733522892,0.004359067417681217,0.09491410106420517,0.02945413999259472,0.03638231381773949,0.16795045137405396,0.0214065033942461,0.03625430166721344,-3.1732122898101807,1.4146069133857964e-06,0.010628411546349525,0.013725701719522476,Yes,170.211,3.478900000000002,0,1
Clc1cc(Cl)c(cc1Cl)c2cc(Cl)c(Cl)cc2Cl ,0.164657324552536,0.009910100139677525,0.12290579825639725,0.025867154821753502,0.007466181647032499,0.007981758564710617,0.10192011296749115,0.024940961971879005,0.04201773926615715,0.1641710102558136,0.0321805402636528,0.049030955880880356,-7.732875347137451,5.063574817147469e-14,0.16230256855487823,5.832234695191119e-09,No,360.88200000000006,7.274000000000001,0,0
NC(=O)c1cccnc1 ,0.09100890159606934,0.022469423711299896,0.07288975268602371,0.020396215841174126,0.01744353026151657,0.0030162225011736155,0.08479784429073334,0.024014964699745178,0.029024528339505196,0.08840792626142502,0.011562432162463665,0.019520817324519157,-0.5855104923248291,0.16609638929367065,1.7518137610750273e-05,0.0010449786204844713,Yes,122.12699999999997,0.18050000000000016,1,2
Sc1ccccc1,0.13709791004657745,0.01595963165163994,0.08298979699611664,0.024134958162903786,0.013190694153308868,0.00432363897562027,0.08984602242708206,0.024927379563450813,0.03477055951952934,0.1455020159482956,0.019852783530950546,0.032621223479509354,-1.8399648666381836,1.0119604942427154e-13,0.8372828364372253,3.3328957215417176e-05,Yes,110.18099999999997,1.9752999999999996,1,1
CNC(=O)Oc1cc(C)cc(C)c1,0.034036748111248016,0.01843397505581379,0.04283502697944641,0.010467001236975193,0.01108744740486145,0.0008786542457528412,0.058619845658540726,0.015100055374205112,0.018741527572274208,0.030882347375154495,0.0032872313167899847,0.005111410282552242,-3.0179872512817383,8.758370881878363e-07,0.010732878930866718,9.044445323524997e-05,Yes,179.219,2.02164,1,2
ClC1CC2C(C1Cl)C3(Cl)C(=C(Cl)C2(Cl)C3(Cl)Cl)Cl,0.032112229615449905,0.027520671486854553,0.09903417527675629,0.02010377123951912,0.019368397071957588,0.006036697421222925,0.09959494322538376,0.045593950897455215,0.027935396879911423,0.03928116708993912,0.012101270258426666,0.012709968723356724,-6.625654697418213,5.04848856053286e-07,2.3616335965925828e-05,0.0018287767888978124,No,409.7819999999999,5.682800000000001,0,0
CSSC,0.0017002075910568237,0.0005111088394187391,0.020267605781555176,0.00025971652939915657,5.7815719628706574e-05,2.4638902687001973e-05,0.01596476137638092,0.0006327902665361762,0.002492346102371812,0.000471883628051728,3.987106538261287e-05,7.927558908704668e-05,-0.4502902030944824,3.862002677292725e-13,5.455365794659883e-07,0.10682844370603561,Yes,94.20400000000001,1.6274,0,2
NC(=O)c1ccccc1,0.08887786418199539,0.02375897206366062,0.07164882123470306,0.020723393186926842,0.018554989248514175,0.003027060767635703,0.08516648411750793,0.02482057549059391,0.029201099649071693,0.08710978925228119,0.011453501880168915,0.019135480746626854,-1.7130520343780518,0.23322367668151855,0.00029284664196893573,0.0019405113998800516,Yes,121.13899999999995,0.7855000000000001,1,1
Clc1ccccc1Br,0.1522449105978012,0.005179823376238346,0.15871836245059967,0.02394155226647854,0.003076530760154128,0.013806002214550972,0.10915762186050415,0.023965204134583473,0.048253048211336136,0.14875249564647675,0.049907002598047256,0.05515667796134949,-3.238025188446045,1.6664531976573471e-09,0.7431483864784241,3.797122644755291e-06,Yes,191.45499999999998,3.1025,0,0
COC(=O)c1ccccc1OC2OC(COC3OCC(O)C(O)C3O)C(O)C(O)C2O,0.029261911287903786,0.03673900291323662,0.05875501036643982,0.016851326450705528,0.027635741978883743,0.001990764867514372,0.0814233347773552,0.03425322100520134,0.024570869281888008,0.036591824144124985,0.0063593387603759766,0.007713014259934425,-0.8469022512435913,0.002006660448387265,2.1745563572039828e-08,7.796704267093446e-06,No,446.40500000000003,-2.884799999999998,6,12
CCCCC(O)CC,0.005262804217636585,0.011907916516065598,0.023181689903140068,0.003770352341234684,0.004865680821239948,0.0001607986050657928,0.04095761477947235,0.009242862462997437,0.011185301467776299,0.005825513508170843,0.0006339991232380271,0.0007313151727430522,-1.451915979385376,7.49096086217002e-18,0.0020593893714249134,3.9627895603189245e-05,Yes,116.20399999999998,1.9475,1,1
CCN2c1nc(C)cc(C)c1NC(=O)c3cccnc23 ,0.07011905312538147,0.025191398337483406,0.05847013369202614,0.019002661108970642,0.01935015618801117,0.0021597996819764376,0.07669055461883545,0.02460373193025589,0.027003193274140358,0.07259748131036758,0.008989591151475906,0.013580922968685627,-3.19124698638916,0.00014230275701265782,0.0027600927278399467,0.0003765057772397995,Yes,268.32,2.817140000000001,1,4
Oc1cc(Cl)cc(Cl)c1,0.1489550918340683,0.011752933263778687,0.10274156183004379,0.02406546100974083,0.009117215871810913,0.005724902730435133,0.09437091648578644,0.023802947252988815,0.037490807473659515,0.1501191258430481,0.024544302374124527,0.039184730499982834,-2.4537839889526367,2.4211345589719713e-05,0.0011281503830105066,9.982107229689063e-08,Yes,163.003,2.699,1,1
Cc1cccc2c1ccc3ccccc32,0.14709195494651794,0.02677282691001892,0.07866615056991577,0.02999032661318779,0.024682946503162384,0.004572040867060423,0.09673313796520233,0.03197333961725235,0.03788378834724426,0.16020658612251282,0.02161836437880993,0.03497327119112015,-5.824155807495117,3.96326136353764e-08,0.013787509873509407,0.01843426004052162,Yes,192.261,4.301420000000003,0,0
CCCCC(CC)CO,0.005208016373217106,0.011657514609396458,0.022933345288038254,0.00369798275642097,0.004726316314190626,0.00015535241982433945,0.0405554324388504,0.009037631563842297,0.011073659174144268,0.005714245140552521,0.0006166409002617002,0.0007125284755602479,-2.8036937713623047,4.946896784706269e-19,0.015920639038085938,0.00013855459110345691,Yes,130.231,2.1951000000000005,1,1
CC(C)N(C(C)C)C(=O)SCC(=CCl)Cl,0.009031180292367935,0.00783893745392561,0.04336560145020485,0.004213142674416304,0.002861256245523691,0.0005040127434767783,0.048769593238830566,0.008792081847786903,0.01181675586849451,0.006913718301802874,0.0011367622064426541,0.0014973169891163707,-3.2340474128723145,0.00045417409273795784,0.0013008553069084883,1.130411692429334e-05,Yes,270.225,4.277400000000004,0,2
Cc1ccccc1,0.07928653806447983,0.023797359317541122,0.053700271993875504,0.018798379227519035,0.018831636756658554,0.0019832849502563477,0.07303555309772491,0.022748028859496117,0.02629009634256363,0.08385548740625381,0.00887173693627119,0.014206115156412125,-1.8033479452133179,3.582712224670104e-07,0.009991750121116638,0.0019550053402781487,Yes,92.14099999999999,1.99502,0,0
Clc1cccc(n1)C(Cl)(Cl)Cl,0.05596809461712837,0.00842850562185049,0.08689486235380173,0.011697744019329548,0.004778990522027016,0.00311172753572464,0.07439275830984116,0.015315081924200058,0.021075960248708725,0.04818866401910782,0.008273604325950146,0.012716677971184254,-4.376258373260498,2.974279489365017e-08,0.5497364401817322,3.3469614209025167e-06,Yes,230.909,3.5617,0,1
C1CCC=CCC1,0.016247237101197243,0.0413607582449913,0.04390694946050644,0.014576365239918232,0.029216419905424118,0.0011930650798603892,0.07488736510276794,0.03637530282139778,0.023261038586497307,0.02387724071741104,0.0042058490216732025,0.004104193300008774,-2.611131429672241,1.0049696896885507e-07,0.27904871106147766,5.6541965022915974e-05,Yes,96.173,2.5067000000000004,0,0
CN(C)C(=S)SSC(=S)N(C)C ,0.009720871224999428,0.005082903429865837,0.045014314353466034,0.003214223776012659,0.0016289273044094443,0.00041481980588287115,0.04505178704857826,0.00618168106302619,0.010383089073002338,0.006160528864711523,0.0009001189609989524,0.00136651995126158,-2.1824421882629395,2.0524764613588653e-12,0.00024287134874612093,1.4037325854587834e-05,Yes,240.44400000000002,2.0608,0,4
COC1=CC(=O)CC(C)C13Oc2c(Cl)c(OC)cc(OC)c2C3=O,0.03869691491127014,0.024666931480169296,0.05533050373196602,0.014893436804413795,0.016912059858441353,0.0016044237418100238,0.07300808280706406,0.02414662577211857,0.024029441177845,0.040359921753406525,0.005911749321967363,0.007931049913167953,-4.000168323516846,0.049124203622341156,4.4482912926469e-05,3.102814662270248e-05,Yes,352.7700000000001,2.8103000000000007,0,6
CCCCCCCCCCO,0.004978989716619253,0.011281408369541168,0.022290045395493507,0.0035602955613285303,0.004479499999433756,0.00014506294974125922,0.039846837520599365,0.008740652352571487,0.010914267972111702,0.005481057334691286,0.0005831089220009744,0.0006678186473436654,-4.3507819175720215,1.4558893287274295e-17,0.048456788063049316,0.0008238392765633762,Yes,158.285,3.119400000000002,1,1
CCC(C)(C)CC,0.006684848107397556,0.01569586805999279,0.02621525153517723,0.005101427435874939,0.0073695434257388115,0.00024514313554391265,0.046300556510686874,0.012425757013261318,0.012942786328494549,0.00804942473769188,0.0009688030695542693,0.001075418316759169,-4.1854939460754395,5.308439852865181e-19,0.18327823281288147,2.0137267711106688e-06,Yes,100.20499999999998,2.832600000000001,0,0
CNC(=O)C(C)SCCSP(=O)(OC)(OC),0.006048757582902908,0.0038125754799693823,0.031680695712566376,0.0018924636533483863,0.0011136449174955487,0.00015780945250298828,0.035108547657728195,0.003987929318100214,0.007003155071288347,0.003629012731835246,0.00039547227788716555,0.000664417864754796,-1.1348367929458618,1.8330951201406265e-09,0.0019800032023340464,8.91506060725078e-05,Yes,287.34299999999996,1.9881999999999997,1,6
Oc1cc(Cl)c(Cl)c(Cl)c1Cl,0.14350832998752594,0.008694850839674473,0.11937633156776428,0.022273290902376175,0.006204570177942514,0.007143969181925058,0.09520650655031204,0.02211787737905979,0.036956317722797394,0.1394774615764618,0.02651127614080906,0.04131915420293808,-3.664337635040283,2.8422819653428633e-11,9.671983036696474e-08,2.0286872767609487e-13,Yes,231.893,4.0058,1,1
CCCC=O,0.0060163456946611404,0.01057165116071701,0.023969223722815514,0.0035583204589784145,0.004046697169542313,0.00015667758998461068,0.04007789120078087,0.007903623394668102,0.011132737621665001,0.005668018478900194,0.0005905409925617278,0.0007473133155144751,-0.7203697562217712,3.4784888858219176e-10,0.05932742729783058,1.410284312441945e-06,Yes,72.107,0.9854,0,1
CC4CC3C2CCC1=CC(=O)C=CC1(C)C2(F)C(O)CC3(C)C4(O)C(=O)COC(C)=O ,0.029751373454928398,0.0584724023938179,0.06748992204666138,0.02341024950146675,0.04878969490528107,0.0032268280629068613,0.09637293964624405,0.052815258502960205,0.029577527195215225,0.04148530587553978,0.009226624853909016,0.00987981352955103,-3.416135311126709,0.0015944609185680747,0.0007330263615585864,1.6750987015257124e-06,Yes,434.5040000000003,2.466500000000001,2,6
CCCC,0.003961856476962566,0.008720270358026028,0.0180366188287735,0.0026919138617813587,0.0030942338053137064,8.653561235405505e-05,0.034428421407938004,0.006587677169591188,0.00954444520175457,0.004218127112835646,0.00038798843161202967,0.00044186998275108635,-2.6830763816833496,1.32856795132214e-26,0.00033920881105586886,4.800641661972804e-09,Yes,58.123999999999995,1.8064,0,0
COc1ccccc1O,0.074808269739151,0.016740260645747185,0.05522000417113304,0.015217727050185204,0.012032357044517994,0.001565471407957375,0.07024621218442917,0.01775366999208927,0.024876365438103676,0.07218511402606964,0.007491351570934057,0.012576224282383919,-0.735321581363678,0.009257699362933636,0.0006991073023527861,4.744090256281197e-05,Yes,124.13899999999997,1.4008,1,2
CC1CC2C3CCC(O)(C(=O)C)C3(C)CC(O)C2(F)C4(C)C=CC(=O)C=C14,0.03324802219867706,0.0706363245844841,0.07152710855007172,0.028349846601486206,0.06412385404109955,0.004144369624555111,0.10408424586057663,0.06511638313531876,0.032707929611206055,0.05017583817243576,0.012020384892821312,0.012202654033899307,-3.555389165878296,5.463036814035149e-06,0.032307520508766174,9.469451356380887e-07,Yes,376.46800000000013,2.923300000000001,2,4
ClC(Cl)C(Cl)(Cl)Cl,0.005982740316540003,0.002134016714990139,0.06364250928163528,0.0019276289967820048,0.0005358224152587354,0.0006939165177755058,0.0420120507478714,0.004275566432625055,0.006550196558237076,0.0031496419105678797,0.0007385239005088806,0.001051640952937305,-2.594348907470703,5.204060471442062e-06,0.042840853333473206,5.695167715202842e-07,Yes,202.29500000000002,3.1603000000000003,0,0
CCOC(=O)c1ccccc1C(=O)OCC,0.030094394460320473,0.015383134596049786,0.04506415128707886,0.009320965968072414,0.008734647184610367,0.0008044978603720665,0.06011199578642845,0.013998228125274181,0.018671853467822075,0.027507590129971504,0.003100905567407608,0.004755137022584677,-3.270843982696533,0.21455803513526917,0.00025111399008892477,2.9487821961993177e-07,Yes,222.23999999999995,2.04,0,4
CC(C)CO,0.0054203225299716,0.012052910402417183,0.02430862933397293,0.0038407063111662865,0.004950435366481543,0.0001734485267661512,0.041698817163705826,0.009397756308317184,0.011264421977102757,0.005877317860722542,0.0006553932907991111,0.0007713355589658022,-0.16280406713485718,3.1580018707988235e-17,0.0013028973480686545,3.818047480308451e-05,Yes,74.12299999999999,0.6347,1,1
CC(C)Cc1ccccc1,0.036528874188661575,0.021690597757697105,0.04447823017835617,0.01291514653712511,0.014658474363386631,0.0010999810183420777,0.06534356623888016,0.019826794043183327,0.02156865783035755,0.0410224013030529,0.004707847256213427,0.006569272838532925,-4.099241733551025,3.1983253823142377e-09,0.36100301146507263,0.0065519437193870544,Yes,134.22199999999998,2.8851000000000013,0,0
ICI,0.0007356671267189085,2.342620291528874e-06,0.16676777601242065,0.00010384748020442203,3.614307786392601e-08,0.03634573146700859,0.02914498746395111,0.0004908426199108362,0.0031178141944110394,0.0001246215106220916,0.0018550606910139322,0.000299237814033404,-2.056593656539917,2.8215765968894215e-16,1.3710504953579061e-10,9.912038062962919e-24,Yes,267.835,1.8139,0,0
CCCC(O)CCC,0.0051685599610209465,0.011593405157327652,0.022762512788176537,0.003665045602247119,0.0046886270865798,0.00015319355588871986,0.04036909341812134,0.008969685062766075,0.011019415222108364,0.005679440218955278,0.0006089949165470898,0.0007045402307994664,-1.2853224277496338,7.63186198053169e-18,0.00237396196462214,9.53802591538988e-05,Yes,116.204,1.9475,1,1
CCCCCOC(=O)C,0.0068075829185545444,0.011601834557950497,0.02660793624818325,0.003998251631855965,0.004669236019253731,0.0001984710688702762,0.04263104498386383,0.008820930495858192,0.011706997640430927,0.00645013153553009,0.0007087491685524583,0.0009125685319304466,-1.5548040866851807,1.6504016903118313e-11,0.0001773834810592234,4.208472546451958e-06,Yes,130.18699999999998,1.7397,0,2
Oc1c(Cl)c(Cl)cc(Cl)c1Cl,0.1489596664905548,0.008952010422945023,0.1200670599937439,0.023070044815540314,0.006485546473413706,0.007269984111189842,0.09647130966186523,0.022691495716571808,0.03808097541332245,0.14589454233646393,0.027754077687859535,0.043253589421510696,-4.333524703979492,1.5812125297998136e-07,1.6447984307887964e-05,9.468881928542672e-11,Yes,231.893,4.0058,1,1
CCCc1ccccc1,0.03988282009959221,0.019681230187416077,0.042963746935129166,0.01243552751839161,0.013125075027346611,0.0010127804707735777,0.06312406808137894,0.017998484894633293,0.021213224157691002,0.04299051687121391,0.004563020076602697,0.006603811401873827,-3.714791774749756,1.225869267207358e-10,0.04256165027618408,0.02528217062354088,Yes,120.19499999999995,2.639100000000001,0,0
FC(F)(Cl)C(F)(F)Cl,0.009870111010968685,0.00605041766539216,0.06039462238550186,0.0038413978181779385,0.002270916011184454,0.0007756034610792994,0.054190825670957565,0.008137433789670467,0.009900208562612534,0.007297086995095015,0.001307015074416995,0.0019695856608450413,-3.2323269844055176,3.4026027116463306e-15,0.03638219088315964,1.0082220569529454e-07,Yes,170.92000000000002,2.6495999999999995,0,0
CC=CC=O,0.010853243991732597,0.012940563261508942,0.0329325869679451,0.0051420447416603565,0.005424297880381346,0.0003165271191392094,0.04832666367292404,0.009744673036038876,0.014043047092854977,0.008908730931580067,0.0010332217207178473,0.0014698718441650271,-0.4813638925552368,1.577346956662621e-14,0.004839382134377956,3.2416332942375448e-06,Yes,70.09100000000001,0.7614000000000001,0,1
CN(C)C(=O)N(C)C ,0.008460125885903835,0.011413446627557278,0.029321443289518356,0.0042546698823571205,0.0045780520886182785,0.00023330553085543215,0.044070810079574585,0.008587222546339035,0.012200022116303444,0.007150394842028618,0.000783552648499608,0.0010894793085753918,-0.9076064229011536,3.1645485917568745e-18,0.0027335667982697487,1.1762985963059691e-07,Yes,116.16399999999999,0.22960000000000003,0,1
Cc1cc(C)c(C)cc1C,0.04410476237535477,0.025491436943411827,0.042841117829084396,0.014479036442935467,0.018123196437954903,0.001218049437738955,0.06305687129497528,0.02068011462688446,0.021522747352719307,0.04694468900561333,0.004959738347679377,0.00717219477519393,-3.4253549575805664,1.5654341041226871e-06,0.0009329937165603042,0.00019577397324610502,Yes,134.22199999999998,2.9202800000000018,0,0
CC(=O)OC3(CCC4C2CCC1=CC(=O)CCC1C2CCC34C)C#C,0.028913935646414757,0.05979504808783531,0.0642857551574707,0.02352706529200077,0.050339508801698685,0.0030454148072749376,0.09523791074752808,0.05375346913933754,0.02960517257452011,0.041330743581056595,0.009096037596464157,0.009473476558923721,-5.261364459991455,7.392797851935029e-05,6.947869405848905e-05,7.941195690364111e-06,Yes,340.4630000000001,4.0633000000000035,0,3
CCOP(=S)(OCC)N2C(=O)c1ccccc1C2=O,0.03619367629289627,0.010788275860249996,0.055209871381521225,0.00849959347397089,0.005961475428193808,0.0010034899460151792,0.0631236732006073,0.012587248347699642,0.017053764313459396,0.02998562715947628,0.0035796870943158865,0.005943826865404844,-4.777141094207764,9.56733581247704e-10,0.02885610982775688,1.3296836414156132e-06,Yes,299.28800000000007,2.5801000000000007,0,5
c1ccccc1NC(=O)c2c(O)cccc2,0.12485229223966599,0.024440832436084747,0.07816413789987564,0.02562657557427883,0.021150533109903336,0.00401352858170867,0.09187169373035431,0.028218572959303856,0.03335263207554817,0.13048794865608215,0.01716739684343338,0.028846625238656998,-2.6847267150878906,0.0005043097771704197,0.008267647586762905,0.0001254444068763405,Yes,213.23600000000002,2.6445,2,2
CCN(CC)C(=S)SCC(Cl)=C,0.008265368640422821,0.0067093390971422195,0.03944976255297661,0.0036116898991167545,0.0023277048021554947,0.00038645186577923596,0.04494617506861687,0.00746132479980588,0.010948666371405125,0.006085782777518034,0.0009126323857344687,0.0012415762757882476,-2.636669635772705,0.0005196259589865804,0.0013530756114050746,0.0001286642363993451,Yes,223.79399999999998,3.0988000000000016,0,2
ClCC,0.003238794393837452,0.0031067568343132734,0.024210432544350624,0.0014168511843308806,0.0007454093429259956,9.660951764089987e-05,0.02971547469496727,0.0034847899805754423,0.006795242894440889,0.002165931975468993,0.0002528816112317145,0.00033601370523683727,-0.810843288898468,1.0217804254317394e-20,0.0007055209134705365,0.06059212237596512,Yes,64.515,1.2451,0,0
CC(=O)Nc1cc(NS(=O)(=O)C(F)(F)F)c(C)cc1C,0.02509106509387493,0.008871720172464848,0.04670101776719093,0.006253588944673538,0.004387799184769392,0.0006694088806398213,0.05297920107841492,0.00924693327397108,0.012919500470161438,0.019614923745393753,0.0021454021334648132,0.0036760824732482433,-4.012853622436523,6.822902651038021e-05,0.0019084311788901687,2.089633426294313e-06,Yes,310.297,2.52334,2,3
O=C(C=CC=Cc2ccc1OCOc1c2)N3CCCCC3,0.038279760628938675,0.032143156975507736,0.05756785348057747,0.017116079106926918,0.023298926651477814,0.0019486015662550926,0.07883881777524948,0.02922748401761055,0.025381706655025482,0.04246295243501663,0.006581972353160381,0.008672607131302357,-4.067867755889893,0.0006059324950911105,0.0019264403963461518,0.0004181621770840138,Yes,285.343,2.997200000000001,0,3
CC/C=C\C,0.0060136886313557625,0.010721443220973015,0.022091660648584366,0.003651960752904415,0.004156091716140509,0.000142548160511069,0.03929062560200691,0.007968395948410034,0.011456201784312725,0.005916439462453127,0.0005894590285606682,0.0007171390461735427,-2.2082126140594482,6.101855667963536e-24,0.006049370858818293,6.1363980421447195e-06,Yes,70.135,1.9725,0,0
CNC(=O)ON=C(CSC)C(C)(C)C ,0.009357883594930172,0.010545507073402405,0.035808317363262177,0.0044957795180380344,0.004321104846894741,0.00035749084781855345,0.04707496985793114,0.009275753051042557,0.012098971754312515,0.007701643276959658,0.0010109685827046633,0.0014034503838047385,-2.852738618850708,9.731029422255233e-06,0.0028716048691421747,1.1308168268442387e-07,Yes,218.32199999999997,2.1075,1,4
O=C2NC(=O)C1(CCCCCCC1)C(=O)N2,0.032643143087625504,0.05443798750638962,0.06697970628738403,0.02359805256128311,0.0449933186173439,0.003191266441717744,0.09587489068508148,0.05128636211156845,0.030278056859970093,0.044844530522823334,0.009561070241034031,0.01028416957706213,-2.665079116821289,1.8896580513683148e-05,0.0012026586337015033,2.3549010563783668e-07,Yes,224.25999999999996,1.0831,2,3
c1(C(C)(C)C)cc(C(C)(C)C)cc(OC(=O)NC)c1,0.025825360789895058,0.024709006771445274,0.04761974886059761,0.012084903195500374,0.015741992741823196,0.0011344201629981399,0.0672072246670723,0.021325718611478806,0.02044137753546238,0.028394030407071114,0.0039392574690282345,0.005232091993093491,-5.733691692352295,1.4899271150170534e-08,0.2349172681570053,1.2136122677475214e-05,Yes,263.381,3.999800000000003,1,2
Oc2cc(O)c1C(=O)CC(Oc1c2)c3ccc(O)c(O)c3,0.12923596799373627,0.03548978641629219,0.08907890319824219,0.0340178944170475,0.03383199870586395,0.00616277102380991,0.10538474470376968,0.04161667451262474,0.0392691045999527,0.14793695509433746,0.024591844528913498,0.036546263843774796,-1.5495333671569824,0.005496591795235872,4.188632738078013e-05,8.231018711057914e-08,Yes,288.255,2.2155000000000005,4,6
O=C(c1ccccc1)c2ccccc2,0.1317516267299652,0.02556110918521881,0.07800368219614029,0.027096141129732132,0.022805044427514076,0.004217041656374931,0.09347459673881531,0.029566148295998573,0.034544438123703,0.1406014859676361,0.018548017367720604,0.030945364385843277,-4.116891384124756,1.7414766261936165e-05,0.045779574662446976,0.0010964882094413042,Yes,182.222,2.917600000000001,0,1
CCCCCCCCCCCCCCCCCCCC,0.005147111602127552,0.012104433961212635,0.022454315796494484,0.0038263991009444,0.004947434179484844,0.00015612402057740837,0.04091886058449745,0.009422888047993183,0.011365152895450592,0.0059057255275547504,0.0006412993534468114,0.0007135409978218377,-7.358961582183838,1.2195942065752604e-20,0.04898488521575928,0.0003693325270432979,No,282.5559999999999,8.048000000000007,0,0
N(Nc1ccccc1)c2ccccc2 ,0.13214723765850067,0.023853329941630363,0.07458227872848511,0.025794915854930878,0.021073799580335617,0.0038152060005813837,0.09045585244894028,0.027761738747358322,0.03339281678199768,0.13992543518543243,0.017406662926077843,0.02941681444644928,-2.8544158935546875,0.000378702359739691,0.0029302865732461214,0.007082665804773569,Yes,184.242,3.1256000000000013,2,2
CCC(CC)CO,0.005169305019080639,0.011358233168721199,0.02281717024743557,0.003606650047004223,0.004570769611746073,0.00015076264389790595,0.04010332375764847,0.008781607262790203,0.010909652337431908,0.005581301171332598,0.000596134748775512,0.0006973057170398533,-1.335622787475586,1.1201759471327059e-18,0.00998732727020979,3.2904164982028306e-05,Yes,102.17699999999999,1.4149,1,1
Oc1ccncc1,0.15169641375541687,0.020628849044442177,0.0789782777428627,0.026238292455673218,0.018634410575032234,0.004013934638351202,0.09192043542861938,0.026690931990742683,0.034754686057567596,0.1629529446363449,0.02003094181418419,0.03470172360539436,0.5591253638267517,0.21150849759578705,8.596479347033892e-06,2.287554889335297e-05,Yes,95.10099999999998,0.7871999999999999,1,2
Cl\C=C/Cl,0.008815149776637554,0.0019777100533246994,0.0664677694439888,0.0020412218291312456,0.0004173006454948336,0.000715789501555264,0.04297750070691109,0.0037901338655501604,0.008393988944590092,0.003406014759093523,0.0008002234972082078,0.0012140711769461632,-1.4896715879440308,4.413569479628451e-23,1.2574350876093376e-06,1.9211618796762565e-17,Yes,96.94400000000002,1.9352,0,0
CC1CCCC1,0.01304359920322895,0.03677253797650337,0.039645228534936905,0.012329955585300922,0.024875415489077568,0.0009092963300645351,0.06946255266666412,0.032399747520685196,0.02082357183098793,0.01985349878668785,0.0033396182116121054,0.003195580095052719,-3.6943278312683105,3.5192285849916516e-06,0.019897937774658203,1.5778452322479097e-08,Yes,84.162,2.1965000000000003,0,0
CC(C)CC(C)O,0.00601692171767354,0.013897711411118507,0.025942407548427582,0.004470665007829666,0.006095366086810827,0.00021582756016869098,0.04451354965567589,0.010959447361528873,0.012143370695412159,0.006862591486424208,0.000810416298918426,0.0009305284474976361,-0.847527801990509,2.1321789957482086e-16,0.10314147919416428,4.14809534277083e-07,Yes,102.17699999999998,1.4133,1,1
O2c1ccc(N)cc1N(C)C(=O)c3cc(C)ccc23 ,0.10196413099765778,0.027428235858678818,0.0708787739276886,0.02469547837972641,0.023192699998617172,0.0034024182241410017,0.08824803680181503,0.029438214376568794,0.03253180906176567,0.10720887035131454,0.014462010003626347,0.022428786382079124,-3.981869697570801,0.04715821519494057,0.00019512619473971426,0.004294326528906822,Yes,254.28900000000002,2.9595200000000013,1,3
CC(C)(C)CO,0.007365003228187561,0.01673145592212677,0.029454458504915237,0.005492492578923702,0.008095058612525463,0.00030540977604687214,0.048854611814022064,0.013342605903744698,0.01327506173402071,0.008585826493799686,0.0010956252226606011,0.0012722518295049667,-0.9514618515968323,6.440310063027255e-09,0.1631784588098526,1.3019737707509194e-05,Yes,88.14999999999999,1.0248,1,1
CC(C)(C)C(=O)C(Oc1ccc(Cl)cc1)n2cncn2,0.05954577028751373,0.021452389657497406,0.06698311865329742,0.017512600868940353,0.015662383288145065,0.002456152345985174,0.07988815009593964,0.024356430396437645,0.026500429958105087,0.06397943943738937,0.009144546464085579,0.013482936657965183,-3.456117630004883,0.3255625069141388,0.004567386116832495,0.0003281187964603305,Yes,293.754,3.1243000000000016,0,4
Cc1cc(no1)C(=O)NNCc2ccccc2,0.055645983666181564,0.021270137280225754,0.05386863276362419,0.014793689362704754,0.014865513890981674,0.0015884641325101256,0.0690586194396019,0.019427379593253136,0.022785041481256485,0.05335291475057602,0.006122636143118143,0.009848595596849918,-2.325058937072754,0.03146979957818985,0.0023213252425193787,0.001084315706975758,Yes,231.25500000000002,1.41762,2,4
CC=C,0.006645165849477053,0.0100377406924963,0.022306200116872787,0.003563541918992996,0.003741492284461856,0.00013869100075680763,0.038794297724962234,0.007260045036673546,0.011629397980868816,0.005931130610406399,0.0005631471867673099,0.0007301897858269513,-0.44993147253990173,4.001328519930318e-24,0.0003791842609643936,7.259608878484869e-07,Yes,42.080999999999996,1.1923000000000001,0,0
Oc1ccc(Cl)cc1Cc2cc(Cl)ccc2O,0.1353549361228943,0.019669033586978912,0.08892781287431717,0.02673349529504776,0.016656775027513504,0.005185967311263084,0.09437649697065353,0.028978247195482254,0.035937029868364334,0.1440260261297226,0.021777335554361343,0.03457052260637283,-3.1111092567443848,0.0007393721607513726,0.14353564381599426,9.348431376565713e-06,Yes,269.127,3.9954000000000023,2,2
CCOC(=O)Nc2cccc(OC(=O)Nc1ccccc1)c2 ,0.06145281344652176,0.018915288150310516,0.06098153442144394,0.01492860447615385,0.01298546139150858,0.0018128677038475871,0.0742168053984642,0.019128186628222466,0.024278532713651657,0.05716734379529953,0.006945600733160973,0.011470246128737926,-3.372270107269287,0.0008577355765737593,0.007164745591580868,0.0010333798127248883,Yes,300.314,3.8659000000000017,2,4
O=C1c2ccccc2C(=O)c3ccccc13,0.16046705842018127,0.031059037894010544,0.09193872660398483,0.03501921147108078,0.029674045741558075,0.006405672524124384,0.10736657679080963,0.03818708285689354,0.041622258722782135,0.17438951134681702,0.027504131197929382,0.04369877278804779,-5.562524795532227,4.71810857050059e-09,0.010398618876934052,7.268710305652348e-06,Yes,208.21599999999998,2.4620000000000006,0,2
CCCCCCC(C)O,0.005366097670048475,0.012300346046686172,0.023690879344940186,0.003907768055796623,0.005085641052573919,0.00017044675769284368,0.041705042123794556,0.009597084484994411,0.011405105702579021,0.006006066221743822,0.0006667810957878828,0.0007635254878550768,-2.4506492614746094,8.120313327778732e-21,0.016624175012111664,6.567593118234072e-07,Yes,130.231,2.3376000000000006,1,1
CC1=C(C(=O)Nc2ccccc2)S(=O)(=O)CCO1,0.04418985918164253,0.01573183760046959,0.06316781044006348,0.012294015847146511,0.009884754195809364,0.0017371905269101262,0.07235202938318253,0.018399178981781006,0.02039583958685398,0.04078155755996704,0.005687807686626911,0.008831746876239777,-1.544742465019226,2.671366382855922e-05,0.05808992311358452,1.5801371773704886e-05,Yes,267.306,1.3016,1,4
CCCCc1ccccc1,0.03319563716650009,0.019213629886507988,0.040980130434036255,0.011341298930346966,0.01231745257973671,0.0008796489564701915,0.06127474829554558,0.017335694283246994,0.020191354677081108,0.03623110055923462,0.003891712287440896,0.005478858947753906,-4.15302848815918,2.799674034270616e-11,0.2192930430173874,0.029514893889427185,Yes,134.22199999999998,3.0292000000000012,0,0
O=C1NC(=O)C(=O)N1 ,0.06218940019607544,0.04575412720441818,0.09188774228096008,0.027455586940050125,0.036717738956213,0.0053751347586512566,0.10683631896972656,0.045586418360471725,0.03475003316998482,0.06436274200677872,0.01392718218266964,0.018675727769732475,-0.6902981400489807,1.9454775568306104e-09,8.800474461168051e-05,1.3059207937260453e-08,Yes,114.05999999999999,-1.6476000000000002,2,3
COP(=S)(OC)Oc1ccc(Sc2ccc(OP(=S)(OC)OC)cc2)cc1,0.03546062856912613,0.004696729127317667,0.05317786708474159,0.005047475453466177,0.0021263568196445704,0.0006152419955469668,0.05238570645451546,0.006622331216931343,0.012831798754632473,0.023563189432024956,0.002304047578945756,0.00453523825854063,-5.3740644454956055,1.7291127297341946e-13,0.4579271376132965,0.002954626688733697,No,466.47900000000016,5.630000000000004,0,9
NS(=O)(=O)c1cc(ccc1Cl)C2(O)NC(=O)c3ccccc23,0.08319488912820816,0.014754272997379303,0.07773811370134354,0.016375252977013588,0.01055068802088499,0.0029544818680733442,0.08083143085241318,0.019956011325120926,0.024422969669103622,0.07619322091341019,0.010646472685039043,0.017831167206168175,-3.726548194885254,0.0955279991030693,0.001379194320179522,0.0003943280316889286,Yes,338.7720000000001,0.9242000000000007,3,4
CC(C)COC(=O)C,0.007994579151272774,0.013476945459842682,0.03016137145459652,0.004752670880407095,0.005789403337985277,0.0002719442709349096,0.04655284062027931,0.010370461270213127,0.012788104824721813,0.007674018852412701,0.0009136547450907528,0.0011861505918204784,-1.0888051986694336,7.500219822986764e-08,1.7195687178173102e-05,3.7288004932634067e-06,Yes,116.15999999999998,1.2055,0,2
CC(C)C(C)(C)C,0.008484793826937675,0.02178473211824894,0.03289322555065155,0.0071999202482402325,0.011609709821641445,0.00044810603139922023,0.0553458072245121,0.017843440175056458,0.015450498089194298,0.011088273487985134,0.0015925128245726228,0.0017164594028145075,-4.270328998565674,1.137243268109089e-18,0.1500370055437088,1.718681346574158e-06,Yes,100.20499999999998,2.6885000000000012,0,0
Clc1ccc(c(Cl)c1Cl)c2c(Cl)cc(Cl)c(Cl)c2Cl ,0.15598809719085693,0.009132598526775837,0.12357266992330551,0.024305962026119232,0.0066874767653644085,0.007904456928372383,0.09952406585216522,0.02374393679201603,0.040069516748189926,0.1537657529115677,0.030330995097756386,0.046399109065532684,-7.717745304107666,1.3757917399184923e-14,0.006292874459177256,1.178011767993814e-11,No,395.3270000000001,7.9274000000000004,0,0
N#Cc1ccccc1C#N,0.13210150599479675,0.022785190492868423,0.08381065726280212,0.025063704699277878,0.0185093954205513,0.0041894251480698586,0.09391431510448456,0.025894323363900185,0.03447719290852547,0.12336844205856323,0.01691679283976555,0.029445769265294075,-4.312075138092041,4.518975060818775e-08,0.25028228759765625,0.008217182010412216,Yes,128.13399999999996,1.4299600000000001,0,2
Cc1cccc(c1)N(=O)=O,0.07488469034433365,0.017020991072058678,0.05822072550654411,0.014799986965954304,0.012178784236311913,0.0017230198718607426,0.07021444290876389,0.017096444964408875,0.022627992555499077,0.06951587647199631,0.0071663330309093,0.012589198537170887,-2.6326632499694824,4.587146577250678e-06,0.005530226975679398,8.046386938076466e-05,Yes,137.138,1.90322,0,2
FC(F)(F)C(Cl)Br ,0.009824046865105629,0.0024133999831974506,0.0937042385339737,0.0033739786595106125,0.0006409883499145508,0.0017922029364854097,0.05834374576807022,0.007359489798545837,0.012049770914018154,0.006349213887006044,0.002432911889627576,0.002533117774873972,-2.2030692100524902,5.184334558872017e-11,0.23707549273967743,3.415749816326752e-08,Yes,197.381,2.5084999999999997,0,0
CNC(=O)ON=C(SC)C(=O)N(C)C,0.010105319321155548,0.007727640215307474,0.03584905341267586,0.00370102864690125,0.002823826391249895,0.0002992580702994019,0.04356272518634796,0.006793672684580088,0.011105530895292759,0.006770722102373838,0.0008142614969983697,0.0012687002308666706,-1.7885503768920898,8.513017513145371e-10,0.0002546956529840827,1.4271123518483364e-06,Yes,219.266,0.10709999999999997,1,5
CCSCCSP(=S)(OC)OC,0.004306972026824951,0.00176265649497509,0.027847012504935265,0.000977388583123684,0.000399139680666849,7.803904009051621e-05,0.02781377173960209,0.002104891696944833,0.0047268616035580635,0.0021072980016469955,0.0001949921133928001,0.00036292464938014746,-3.789246082305908,9.837333943112425e-18,0.027211200445890427,5.861098907189444e-05,Yes,246.35899999999998,2.990000000000001,0,5
CCC(C)C,0.005146613344550133,0.011988393031060696,0.02224312722682953,0.003800263861194253,0.004906890913844109,0.00015303134568966925,0.04063263162970543,0.009321137331426144,0.011315738782286644,0.005890716332942247,0.0006341045955196023,0.0007078436901792884,-3.286137580871582,9.033305390253698e-26,0.005448850803077221,7.784739075589187e-09,Yes,72.151,2.0524,0,0
COP(=O)(OC)OC(=CCl)c1cc(Cl)c(Cl)cc1Cl,0.03763866797089577,0.005218152422457933,0.06800223141908646,0.0065238806419074535,0.0023449701257050037,0.0011855480261147022,0.05949467420578003,0.008671680465340614,0.01579972542822361,0.025560498237609863,0.0035156237427145243,0.00612429017201066,-4.973810195922852,7.632692131664953e-07,0.040418535470962524,4.272070555089158e-07,No,365.96400000000006,5.6015000000000015,0,4
