smiles,avg_confidence,uncertain_predictions,flag,tox_ahr_conf,tox_ar_conf,tox_are_conf,tox_aromatase_conf,tox_ar_lbd_conf,tox_atad5_conf,tox_er_conf,tox_er_lbd_conf,tox_hse_conf,tox_mmp_conf,tox_p53_conf,tox_ppar_gamma_conf,sol_esol_conf,act_prothrombin_conf,act_cannabinoid_receptor_1_conf,act_voltage_gated_conf
OCC3OC(OCC2OC(OC(C#N)c1ccccc1)C(O)C(O)C2O)C(O)C(O)C3O ,0.10075213695791471,15,Uncertain,0.05495284870266903,0.07874217629432656,0.117280013859272,0.03426440432667721,0.059882234781980404,0.004079252947121748,0.164361372590065,0.07195053249597538,0.04900411143898964,0.07070506364107121,0.012629801407456176,0.015061202459037193,0.8478397727012634,0.031266435980796814,1.2821254280481753e-08,1.495487867941847e-05
Cc1occc1C(=O)Nc2ccccc2,0.09823490884994038,16,Uncertain,0.19062575697898865,0.04616011679172505,0.13511312007904042,0.04180714860558499,0.03710035979747761,0.00567579548805941,0.1636173278093338,0.04870300367474545,0.05733673274517037,0.19333118200302124,0.023455144837498554,0.03906923532485962,0.5546211242675781,2.9375392841757275e-05,0.0349406972527504,0.0001724205503705889
CC(C)=CCCC(C)=CC(=O),0.05208403167805909,16,Uncertain,0.021741427481174358,0.03390855714678764,0.06856173276901245,0.012835616245865822,0.015994559973478206,0.0008249986567534506,0.10550311952829361,0.026250557973980793,0.030780691653489956,0.021333785727620014,0.0027456602547315523,0.003511013463139423,0.3486193656921388,2.48245868306185e-13,0.14072021842002858,1.3201862202549819e-05
c1ccc2c(c1)ccc3c2ccc4c5ccccc5ccc43,0.12110691889253548,16,Uncertain,0.4076809585094452,0.055429182946681754,0.19404797255992878,0.07684912532567956,0.05546470358967781,0.014347003772854805,0.22629682719707478,0.07609087973833084,0.09326529502868641,0.4490528106689452,0.07079366594552983,0.11508075147867203,0.0,9.174513593279698e-09,0.040106236934661754,0.0632052794098854
c1ccsc1,0.11845507474899925,15,Uncertain,0.2108294814825058,0.016344832256436237,0.1595260351896286,0.03126147761940945,0.010828918777406216,0.005988407414406427,0.15227185189723957,0.031942125409841426,0.057437147945165634,0.1991564780473708,0.02581672929227341,0.04331914335489262,0.9087846040725708,0.0003776489465961985,0.024878164753317833,0.016518149524927028
c2ccc1scnc1c2 ,0.12373938473465385,16,Uncertain,0.3350171148777008,0.028977036476135254,0.19249852001667023,0.05341607332229603,0.02446479909121979,0.010854684747755416,0.1940690129995346,0.05131010711193085,0.07819025218486786,0.3493094742298126,0.0520477257668972,0.08606675267219543,0.5149823188781738,0.0018673178274184465,0.0006411629728971802,0.006117802578955778
Clc1cc(Cl)c(c(Cl)c1)c2c(Cl)cccc2Cl,0.13326568125656713,16,Uncertain,0.3244774043560028,0.021542321890592353,0.2300494760274886,0.05173584818840016,0.01661209575831879,0.014365136623382346,0.19993364810943604,0.050263576209545024,0.08235876262187936,0.3282209634780884,0.060409728437662014,0.09297159314155556,0.0,3.4861002973229915e-14,0.6593103408813477,4.381340179548943e-09
CC12CCC3C(CCc4cc(O)ccc34)C2CCC1O,0.07877780001317794,16,Uncertain,0.09838775545358636,0.11630013585090615,0.14246806502342224,0.05956176668405522,0.10898254811763763,0.008602357469499,0.20429909229278564,0.11569006741046906,0.06815038621425618,0.14408469200134255,0.029548678547143825,0.032538481056690216,0.13125848770141602,1.2189863127787248e-06,0.0003751202602869652,0.00019594714103732258
ClC4=C(Cl)C5(Cl)C3C1CC(C2OC12)C3C4(Cl)C5(Cl)Cl,0.06670115147637992,16,Uncertain,0.07470294833183277,0.08448784798383702,0.19921840727329243,0.05301665887236584,0.06836641579866398,0.014630826190114021,0.220220148563385,0.1213255003094672,0.06474867463111855,0.10150468349456776,0.03176952153444279,0.032025445252656826,0.0,1.2268258160474943e-06,1.1697404261212796e-05,0.001188421156257169
COc5cc4OCC3Oc2c1CC(Oc1ccc2C(=O)C3c4cc5OC)C(C)=C ,0.05899068466080725,16,Uncertain,0.10202465951442696,0.0668242797255516,0.12138313800096501,0.03972916305065144,0.05149358883500077,0.0047245933674273655,0.16329042613506295,0.06208043172955502,0.055228766053915024,0.11275512725114822,0.017241688445210457,0.02310781367123116,0.12337818145751955,2.5807161364355125e-05,0.00012128881644457579,0.000442001357441546
O=C1CCCN1,0.10263484258521442,15,Uncertain,0.04186277464032162,0.0857168361544608,0.10299096256494522,0.03256645053625096,0.062174268066882976,0.0032318239100276314,0.1590975821018218,0.07515320181846596,0.04912867769598961,0.055326223373412975,0.010267218574881443,0.01095217466354359,0.9527455180883407,0.0009429287747477755,4.8743874003776e-07,3.5296059763822996e-07
Clc1ccc2ccccc2c1,0.14837831066022125,15,Uncertain,0.3449365496635436,0.038281045854091644,0.19030189514160134,0.060906533151865005,0.03417622670531262,0.011992182582616806,0.20481638610363007,0.06065652519464482,0.08287607878446557,0.3697032630443572,0.05654150992631901,0.09142172336578358,0.0,7.4021655471767644e-09,0.8266408443450928,0.0008021992980502546
CCCC=C,0.04628698480077551,16,Uncertain,0.01209792774170615,0.023158948868512996,0.04615494608879078,0.007774195168167242,0.00923428777605284,0.0003211734001523636,0.08172670751810063,0.017430584877729416,0.023512810468673595,0.012382024899124988,0.0012941494351251803,0.0015439476119354367,0.45051031112670903,0.0,0.05344526842236497,4.473409262573114e-06
CCC1(C(=O)NCNC1=O)c2ccccc2,0.09038586508941068,16,Uncertain,0.10600312054157235,0.07781457155942895,0.1321638971567154,0.04590560868382443,0.06416738778352715,0.006026417016983032,0.18012696504592873,0.07594908773899056,0.06072183698415745,0.12812116742134083,0.021357560530304798,0.027465350925922172,0.5170139312744141,0.00300782872363925,0.000297334830975049,3.177521284669638e-05
CCCCCCCCCCCCCC,0.01847833641249958,16,Uncertain,0.009991666302084812,0.02330111339688301,0.04376476630568504,0.007346546743065008,0.009372102096676826,0.00029137515230104327,0.08019198477268197,0.01807333156466484,0.022270336747169384,0.011362964287400246,0.0012097571743652225,0.0013500165659934282,0.0,0.0,0.06701712310314156,0.00011029838788090274
CC(C)Cl,0.06123225406336124,15,Uncertain,0.00994122028350819,0.013313139788806438,0.06082399562001217,0.005714774131774791,0.004487012512981781,0.0004381469916552305,0.07928232848644234,0.014099004678427951,0.019122157245874405,0.008652399294078239,0.0011965048033744097,0.0014733176212755605,0.7460500955581665,0.0,0.00744713470339764,0.007674833294004202
CCC(C)CO,0.06817149957496432,15,Uncertain,0.010700002312660217,0.023814519867300765,0.04763037711381901,0.007578694261610397,0.009738179855048545,0.00033321150112874953,0.08257269859313965,0.01852545142173756,0.022393936291337013,0.011640029028058052,0.0012823890428990126,0.0014999652048571788,0.8485834956169128,0.0,0.0043711550533770405,7.988803554326296e-05
N#Cc1ccccc1,0.1327844736498625,16,Uncertain,0.2657596170902252,0.04582424089312542,0.1575794219970702,0.050491634756326564,0.03863684460520744,0.007892451249063015,0.18428371846675862,0.05284591391682625,0.06827951967716195,0.2640036940574646,0.03415316715836525,0.05889388918876637,0.40879526138305666,1.0837887742809471e-07,0.4667588174343108,0.020353278145194054
CCOP(=S)(OCC)Oc1cc(C)nc(n1)C(C)C,0.09139535235865509,15,Uncertain,0.03413892164826382,0.015577285550534614,0.07355374097824074,0.009262789972126373,0.006964365951716789,0.0007197847007771596,0.09239683300256718,0.015466450713574775,0.022770555689930805,0.02679905854165543,0.002637146273627766,0.004284638911485561,0.17841119766235347,3.946722060277352e-09,0.9793394207954406,3.4433994642313337e-06
CCCCCCCCCC(C)O,0.03386490583341121,16,Uncertain,0.010807381011545547,0.02505422383546818,0.04745922982692696,0.00796193815767765,0.01042630523443222,0.00034722927375685497,0.08400259166955937,0.01957845315337181,0.02306356094777584,0.012234743684530147,0.0013664511498061582,0.0015508359065278254,0.19892644882202148,0.0,0.09904030710458744,1.8793556591845118e-05
Clc1ccc(c(Cl)c1)c2c(Cl)ccc(Cl)c2Cl ,0.15351072247579575,15,Uncertain,0.329557865858078,0.02170117385685444,0.23330141603946686,0.052492111921310425,0.016759036108851433,0.014833468943834194,0.20230935513973214,0.05093123391270615,0.08344202488660801,0.3336578905582428,0.062118347734212764,0.09551395475864399,0.0,1.3200551762793111e-13,0.9595536589622498,2.0931809174840055e-08
O=c2[nH]c1CCCc1c(=O)n2C3CCCCC3,0.06424886758878509,16,Uncertain,0.09246078878641117,0.07953003048896778,0.1211365908384322,0.044632017612457164,0.06639847904443741,0.005296700168401003,0.17342537641525257,0.07880070060491562,0.05830772221088398,0.12183444947004296,0.020207930356264003,0.024052076041698456,0.1397058486938476,5.494963062346869e-08,0.001854503178037592,0.00033861256088119074
CCOP(=S)(OCC)SCSCC,0.02991543184198226,16,Uncertain,0.009159485809504764,0.004465698264539242,0.055079974234104045,0.0023511648178099476,0.001103018526918964,0.00017284593195654452,0.05941803008317936,0.005133164580911176,0.01058030780404795,0.0050550042651591465,0.00047139709931776075,0.0008249101811087511,0.24949712753295894,4.440892098500626e-16,0.07528739422559716,4.738611460197717e-05
CCOc1ccc(NC(=O)C)cc1,0.06860902177917333,16,Uncertain,0.07212407886981964,0.03360269218683243,0.092199645936489,0.021508073434233554,0.02034332975745201,0.0018557007424532257,0.12474101781845082,0.0309289339929818,0.04063064977526665,0.06807934492826462,0.007602167781442404,0.011621618643403053,0.5675567626953126,4.914382500942338e-08,0.00014550484775099903,0.004804777912795433
CCN(CC)c1c(cc(c(N)c1N(=O)=O)C(F)(F)F)N(=O)=O,0.0436584391000735,16,Uncertain,0.06894970685243595,0.027029654011130222,0.10106929391622543,0.018197791650891193,0.015872923657297977,0.0018652294529599711,0.12249410897493362,0.025971679016947635,0.03401206061244,0.06163647025823582,0.006772897671908029,0.011190732941031456,0.203282642364502,5.582301128015388e-07,9.68559252214618e-05,9.242006490239874e-05
CCCCCCCO,0.04625018305123368,16,Uncertain,0.009581286460161209,0.021251024678349384,0.04346487298607815,0.006687288172543049,0.008230659179389366,0.0002656607248353593,0.07751144468784321,0.01638362742960442,0.021118149161338806,0.010304316878318565,0.0010692201321943484,0.0012410965282467767,0.4537490367889404,0.0,0.06840277463197697,0.0007424703799188137
Cn1c(=O)n(C)c2nc[nH]c2c1=O,0.09994297529446917,15,Uncertain,0.18354637920856454,0.036986250430345424,0.12222638726234414,0.03582937270402897,0.028555409982800373,0.004165945574641228,0.14856421947479237,0.04011372476816155,0.05301045626401901,0.17992091178894043,0.019565127789974213,0.032954566180706024,0.7126727342605591,1.8391134290141053e-05,0.0009567686938679598,9.591934713171213e-07
CCCCC1(CC)C(=O)NC(=O)NC1=O,0.06354390273303928,16,Uncertain,0.04382451251149155,0.06318074464797963,0.10058172792196263,0.02696341462433316,0.04158168286085118,0.0026337364688514553,0.14709138870239236,0.05554451420903206,0.04480087012052525,0.05171811580657937,0.008609233424067386,0.01009342260658741,0.4185149192810058,2.123013246091432e-06,0.0015618962934239589,1.4123629910045565e-07
ClC(Cl)=C(c1ccc(Cl)cc1)c2ccc(Cl)cc2,0.10709035966367944,16,Uncertain,0.22344155609607674,0.025344429537653812,0.19827061891555786,0.0410708151757716,0.017785442993044853,0.01025034114718415,0.1834716796875,0.04517471790313721,0.06530489772558201,0.20841707289218903,0.03596322610974301,0.055937323719262966,0.0,2.0343671192080137e-09,0.6030133366584778,2.9402332302197465e-07
CCCCCCCC(=O)OC,0.03716788550912714,16,Uncertain,0.012422507628798374,0.02194787934422482,0.04945364221930504,0.00742406491190184,0.0086638182401656,0.0003384576120878391,0.08166434615850438,0.016633909195661434,0.02242729440331437,0.011939452961087227,0.0012699024518949553,0.0015987406950441763,0.3046637058258056,2.564726209186574e-12,0.054237276315688976,1.1701799849106465e-06
CCc1ccc(CC)cc1,0.04177193229756986,16,Uncertain,0.05494824796915043,0.038187697529792564,0.07046373933553685,0.019887374714016803,0.023183487355708965,0.0013111471198498093,0.10944613069295883,0.03061014972627163,0.03603986650705315,0.056699559092521556,0.005792264360934385,0.008028426207602024,0.04316577911376951,4.834528226638213e-06,0.1549466848373412,0.015635527670383453
CCOP(=S)(OCC)SCSC(C)(C)C,0.04086470411764433,16,Uncertain,0.011395907029509433,0.006833044812083244,0.061836231499910244,0.0034860968589781605,0.0020150199998170137,0.00027475878596294745,0.06909124553203583,0.0076081533916293465,0.012983568012714164,0.007222943473607191,0.000759239774197229,0.0012403976870699607,0.23767695426940916,1.1657341758564144e-14,0.23139624297618866,1.54617791849887e-05
COC(=O)Nc1cccc(OC(=O)Nc2cccc(C)c2)c1,0.0624216934691503,16,Uncertain,0.11846452951431263,0.03841254487633705,0.11655358970165242,0.028869222849607357,0.025999074801802635,0.003355114022269845,0.142670676112175,0.036831751465797424,0.04671446979045857,0.10704245418310165,0.01261921226978302,0.021009156480431446,0.2836349487304688,7.310890941880643e-05,0.013131092302501202,0.0033661494962869964
ClC(=C)Cl,0.06702578140613727,15,Uncertain,0.02938755601644505,0.006847216747700946,0.1553584188222884,0.007185993250459433,0.0018895919201894484,0.002344739157706388,0.10923747718334176,0.012610431760549434,0.02381925657391537,0.014154846780002006,0.003326809499412553,0.00498225027695276,0.700790548324585,4.356293104024189e-12,0.00047695019748061895,4.159828108640795e-07
Cc1cccc2c1Cc3ccccc32,0.08283741869163468,16,Uncertain,0.25270015001296975,0.061150357127189636,0.14980846643447854,0.05888384208083142,0.056035682559013145,0.008764473721385002,0.18913327157497406,0.06770634651184082,0.07196050882339455,0.280449777841568,0.038480322808027156,0.06010306626558304,0.0,7.931377865588729e-08,0.003220542799681425,0.02700181119143963
CCCCC=O,0.06303078078731376,15,Uncertain,0.011987767182290443,0.022274600341915973,0.04848821461200703,0.007430098019540199,0.008716322481632233,0.00033150272793125435,0.0818086266517638,0.016815535724163055,0.02270125411450863,0.011747850105166435,0.0012522361939771853,0.001549443113617377,0.7009346008300781,7.064349105689871e-13,0.07245169579982735,2.744697894740966e-06
N(c1ccccc1)c2ccccc2,0.11083676186578931,16,Uncertain,0.30122631788253784,0.04883328825235356,0.15621431171894062,0.05721684917807557,0.04526585713028897,0.008752590045332798,0.19020991027355183,0.060038011521101,0.07264284789562225,0.3295629322528838,0.04230191558599461,0.07111185044050194,0.3585809230804443,7.643580829608254e-06,0.019966451451182143,0.01145648956298817
CN(C)C(=O)SCCCCOc1ccccc1,0.06622286997803704,16,Uncertain,0.043902188539505005,0.025676550343632587,0.08431153744459141,0.015131996013224014,0.013276664540171623,0.0013232858618720256,0.1116427108645438,0.024991093203425407,0.03307498991489399,0.04024618491530396,0.004731685388833173,0.00695419730618585,0.5236785888671875,8.032318874029443e-06,0.05620114877820004,0.07441506534814823
CCCOP(=S)(OCCC)SCC(=O)N1CCCCC1C,0.038962650607510425,16,Uncertain,0.017984025180339813,0.017015572637319343,0.07111297547817219,0.007712939754128345,0.006907539442181365,0.0005981624708509825,0.09289967268705357,0.01703888550400723,0.02108786068856705,0.015178138390183449,0.0018651128048076115,0.0026007790584116064,0.13795156478881831,1.508188063326088e-08,0.2134415954351424,7.5703183028963394e-06
CCCCCCCI,0.026525432625203328,16,Uncertain,0.011410137638449558,0.004769143648445606,0.1022554039955138,0.005568015389144421,0.0011416125344112515,0.0012482526944950223,0.09295596927404404,0.01391629222780455,0.02556076832115639,0.009886251762509235,0.003200599690899253,0.002298461040481814,0.10731477737426753,0.0,0.028633266687392966,0.014247969724237808
c1c(Cl)cccc1c2ccccc2,0.14658553602737562,15,Uncertain,0.3275980055332184,0.03926120325922955,0.17978698015213002,0.05850479006767262,0.03497055172920216,0.010827030055224784,0.19863447546958923,0.0590909644961356,0.07915234565734863,0.3520871698856354,0.0511769913136958,0.08360953629016854,0.14939661026000972,9.235771258886416e-09,0.7199681401252745,0.001303772907704004
OCCCC=C,0.08872847495699696,15,Uncertain,0.012601495720445999,0.024174418300390244,0.0508243404328822,0.008097985759377369,0.009826082736253627,0.00037807298940595313,0.08511210978031136,0.01843319833278645,0.02371610514819622,0.01265215966850497,0.0013962117955087505,0.0017173829255624495,0.9070938229560852,7.255307465925398e-13,0.25683194398880005,0.006800268776714802
O=C2NC(=O)C1(CCC1)C(=O)N2,0.1029890284746702,16,Uncertain,0.08971901237964619,0.12531381845474243,0.1606309860944748,0.05937173590064038,0.11131028085947015,0.00997267011553038,0.21432091295719147,0.12037985771894444,0.06886379420757283,0.11893338710069634,0.027756216004490852,0.03112201951444138,0.5100783348083496,5.036560833104886e-05,9.510757195130282e-07,1.1279448131062964e-07
CC(C)C1CCC(C)CC1O ,0.07343681305015826,16,Uncertain,0.02589541673660256,0.0696268081665038,0.08151136338710785,0.02358793094754197,0.046191297471523174,0.0018127178773281738,0.13733217120170582,0.06038137897849083,0.04028857871890057,0.037858638912439235,0.006395849399268627,0.006390300579368957,0.5432220935821533,4.868971892335594e-11,0.09449444711208344,1.5682823928386824e-08
CC(C)OC=O,0.07923159761394946,15,Uncertain,0.01649542525410641,0.02391492761671543,0.06282087415456761,0.008831988088786602,0.009780709631741047,0.0005362826632333562,0.09204991906881321,0.018614133819937595,0.02484980598092057,0.01440757419913996,0.0017177208792418242,0.002338582882657647,0.9899365186691285,1.8418599978531347e-13,0.001411086181178578,1.2732838783335865e-08
CCCCCC(C)O,0.057569212420143435,16,Uncertain,0.01069479715079058,0.024376964196562545,0.04734305664896965,0.007743340916931629,0.010046102106570975,0.00033776895725157186,0.08311533182859421,0.019004832953214645,0.022684566676616558,0.011902329511940368,0.0013174150371924043,0.0015152961714192115,0.6630136489868164,0.0,0.018011607229709625,3.403497146337031e-07
CC(=O)Nc1ccc(Br)cc1,0.09249421336684266,16,Uncertain,0.14863497018814087,0.01715225353837002,0.19756823778152466,0.03291941061615944,0.009612473659217247,0.008915886282920837,0.17593905329704285,0.03998439013957955,0.06824396550655365,0.13631875813007344,0.03231094405055035,0.03835957497358322,0.4638550281524658,1.2937871929352696e-07,0.016639959067106247,0.09345237910747517
c1ccccc1n2ncc(N)c(Br)c2(=O),0.17667922547720982,15,Uncertain,0.3474474251270294,0.024018229916691558,0.23885664343833923,0.05809558182954777,0.018671456724405178,0.017552284523844608,0.2153990864753722,0.0574272945523262,0.09008271247148503,0.3619730472564696,0.07766037434339523,0.10595612972974755,0.4732078552246094,0.740083634853363,0.00038373938878055736,5.211177995079197e-05
COC(=O)C1=C(C)NC(=C(C1c2ccccc2N(=O)=O)C(=O)OC)C ,0.05810079073058311,16,Uncertain,0.07607819139957417,0.042772889137267955,0.10904209315776825,0.02563052810728539,0.02760258875787236,0.0027141564060001455,0.1411338299512862,0.03930029645562161,0.04382002726197243,0.07234288007020939,0.009558147750794777,0.01422666385769844,0.31827292442321775,2.1180262592679355e-06,0.0067944321781395756,0.00032088474836200476
c2c(C)cc1nc(C)ccc1c2 ,0.08472889504665482,16,Uncertain,0.17895585298538197,0.04947836697101582,0.11810541152954102,0.04165352135896683,0.03983310982584942,0.004759925417601951,0.15512177348136902,0.04896883666515339,0.057385720312595145,0.18578457832336426,0.021223071962594764,0.0335896834731102,0.3916075706481934,3.0930912089388585e-06,0.028023835271596798,0.0011679694289340459
CCCCCCC#C,0.05339668555461423,16,Uncertain,0.013998698443174251,0.025963895022869,0.05083575099706639,0.00895238947123278,0.010905586183071025,0.000413024885347002,0.08740997314453125,0.019688758999109157,0.025186138227581756,0.014433419331908226,0.0016044966178013764,0.0019169626757502556,0.12470903396606448,5.007105841059456e-14,0.46832701563835144,1.8252699192089494e-06
CCC1(C(=O)NC(=O)NC1=O)C2=CCCCC2 ,0.07632758040296288,16,Uncertain,0.06248304620385159,0.09511536359786976,0.12460163980722416,0.04185102880001057,0.07486145198345184,0.0051558976992963634,0.17920748889446236,0.08712920546531655,0.05677283555269241,0.08107826858758915,0.01601598598062981,0.01782243140041817,0.3780609130859375,0.00018527513020671904,0.000900423910934367,3.034751472341668e-08
c1ccc2c(c1)ccc3c4ccccc4ccc23,0.11616402913871493,16,Uncertain,0.393787145614624,0.05449998006224621,0.188645839691162,0.07410459220409382,0.05404626578092564,0.01347443088889122,0.22138074040412903,0.0738149806857108,0.09046651422977436,0.4333750307559966,0.06643721461296082,0.10858188569545746,0.0,7.906451493511213e-09,0.027512069791555405,0.05849776789546002
CCC(C)n1c(=O)[nH]c(C)c(Br)c1=O ,0.073668653376918,16,Uncertain,0.09621061384677876,0.019839558750391006,0.14808480441570282,0.026734672486781963,0.01111302152276017,0.005084966775029787,0.15023665130138375,0.03764885291457165,0.05387053266167641,0.09731453657150257,0.019231561571359634,0.022398170083761215,0.4523972511291504,2.109009619744029e-05,0.03851152956485737,6.40338782886829e-07
Clc1cccc(c1Cl)c2c(Cl)c(Cl)cc(Cl)c2Cl ,0.11074070361378116,16,Uncertain,0.3177622258663175,0.02034134231507756,0.23703746497631062,0.05035598576068856,0.015368618071079254,0.015075521543622017,0.19939613342285134,0.04924853518605221,0.08075265586376179,0.3183338344097135,0.060204140841960796,0.09291644394397724,0.0,4.516387264175137e-13,0.3150583505630492,5.055585283741948e-09
Cc1ccccc1O,0.11397073357911713,15,Uncertain,0.19690050184726704,0.04839428514242161,0.12456053495407104,0.0435844026505946,0.040316276252269634,0.0053446367383002125,0.15990467369556416,0.050472892820835,0.05835994333028782,0.20987731218338002,0.024074895307421573,0.039130810648202785,0.8130444526672364,0.00533175840973843,0.0039810556918381534,0.00025330492644559666
CC(C)CCC(C)(C)C,0.04204579071938491,16,Uncertain,0.014412949793040641,0.03515373542904843,0.0567725971341132,0.0114894462749362,0.01720542274415482,0.0006059214356354259,0.09860257059335698,0.02820255607366562,0.027527300640940555,0.01790209859609604,0.0022991716396062456,0.002520972630009055,0.0,0.0,0.35991358757019043,0.0001243209553649649
Cc1ccc(C)c2ccccc12,0.06617500066140981,16,Uncertain,0.1825895607471466,0.051922962069511414,0.11788945645093896,0.043038878589868435,0.042747966945171245,0.0049937195144591495,0.15610714256763436,0.05089574307203282,0.05728499963879585,0.1918017417192458,0.02200298197567463,0.03494128584861744,0.07956695556640625,1.496276013313036e-06,0.019677773118018993,0.0033373464830217525
Cc1cc2c3ccccc3ccc2c4ccccc14,0.0979368380488849,16,Uncertain,0.3188445568084717,0.0542890429496764,0.16536545753479004,0.0638081207871436,0.05100705474615075,0.01020113192498684,0.20085127651691415,0.06678629666566838,0.07969800382852543,0.34703904390335083,0.048634715378284454,0.07870800793170918,0.0,5.2130257444105155e-08,0.0316164195537566,0.05014022812247265
CCCC(=O)C,0.07496807793497731,15,Uncertain,0.013385840691625961,0.023849833756685257,0.05050031468272198,0.008157980628311634,0.009713849052786827,0.0003760789986697599,0.08444714546203602,0.017983073368668445,0.02378195896744717,0.01312925759702921,0.0014187012566252433,0.0017684382619336247,0.8850407242774964,0.0,0.06592897325754166,7.076700057950802e-06
Clc1cc(Cl)c(Cl)c(c1Cl)c2c(Cl)c(Cl)cc(Cl)c2Cl ,0.09264700825435519,16,Uncertain,0.3141343593597412,0.0171748585999012,0.25366875529289246,0.04827667772769917,0.012457676231861003,0.016265666112303623,0.19915254414081562,0.04676263779401757,0.08082807064056374,0.3084981143474578,0.06226641312241543,0.09479407221078862,0.0,9.980904991380157e-14,0.028072286397218593,9.190725958063695e-11
CCCOC(=O)CC,0.07080091581102275,15,Uncertain,0.012961351312696823,0.021688997745513805,0.05047132447361935,0.007458428852260002,0.008531569503247627,0.00034951962879836707,0.08192475885152795,0.016360701993107574,0.022498147562145965,0.012082216329872608,0.001285641803405957,0.0016572097083551451,0.7314483642578125,0.16368263959884644,0.0004137812939005725,6.125355778152652e-11
CC34CC(O)C1(F)C(CCC2=CC(=O)C=CC12C)C3CC(O)C4(O)C(=O)CO,0.09638359401594973,16,Uncertain,0.06487464904785134,0.13638697564601876,0.14397194981575,0.05441976338624943,0.12190354615449905,0.008073113858699577,0.20620842278003682,0.12561318278312683,0.06382868438959122,0.09597124159336079,0.022912435233592765,0.02364774979650963,0.4721696853637696,0.0005525780725291751,0.0016019247705115758,1.6015630990295904e-06
Nc1ccc(O)cc1,0.14924725384626866,15,Uncertain,0.3056138157844541,0.047154419124126434,0.16340784728527058,0.057128604501485825,0.043300531804561615,0.009109113365411647,0.19158776104450226,0.059308040887117164,0.07296009361743916,0.3295789957046509,0.043338771909475216,0.0731855183839798,0.9861815109848976,0.006084864959120639,2.113521446744926e-07,1.596083166077733e-05
O=C(Cn1ccnc1N(=O)=O)NCc2ccccc2,0.09507365003519216,16,Uncertain,0.12330965697765339,0.03953065350651741,0.11922787129878976,0.029975030571222194,0.027929458767175563,0.003636646084487438,0.14477615058422078,0.03844621405005444,0.045876458287238964,0.11760648339986801,0.013708858750760444,0.022883467376232036,0.5909090518951416,0.1931067258119582,0.0075140041299164295,0.0027416690718381487
OC4=C(C1CCC(CC1)c2ccc(Cl)cc2)C(=O)c3ccccc3C4=O,0.09464289780301616,16,Uncertain,0.1750226765871048,0.07777674496173836,0.16878028213977803,0.062314823269844055,0.07021529972553242,0.010910423472523578,0.20869205892086018,0.09101724624633778,0.07545876502990723,0.21188068389892556,0.03972908854484536,0.05187949910759926,0.011894702911376953,2.2562500134881702e-07,0.25827664136886574,0.0004372030380179748
CCNc1nc(Cl)nc(n1)N(CC)CC,0.03583700900253825,16,Uncertain,0.05178903415799141,0.023458659648895153,0.08340165764093377,0.016280071809887775,0.012478590942919254,0.0013095029862596475,0.11137024313211441,0.024724496528506168,0.03597946837544441,0.04938918724656105,0.005608330480754153,0.00787850096821785,0.14957094192504883,5.629831267839336e-09,0.00013566852430813015,1.7784042938728817e-05
NC(=O)c1cnccn1,0.13121574412083412,15,Uncertain,0.18349918723106384,0.0422927550971508,0.14719942212104775,0.039537567645311245,0.03248298540711403,0.005892798770218977,0.16774101555347443,0.04592306166887283,0.057047341018914954,0.17596469819545746,0.022743061184883007,0.038930557668208965,0.9817921042442321,0.15759108960628498,1.387543943565106e-05,0.0008003850816747926
CCC(Br)(CC)C(=O)NC(N)=O,0.06923362804484148,16,Uncertain,0.03243325278162945,0.014956637285649554,0.1421753168106078,0.014023192226886638,0.00589904375374295,0.0031662301626056433,0.13384929299354542,0.027515795081853756,0.0379054769873618,0.027875512838363647,0.007465405389666446,0.007974790409207233,0.5990157127380371,0.000197663001017645,0.0532829463481902,1.7799090983317e-06
Clc1ccccc1c2ccccc2Cl ,0.11968731756943962,16,Uncertain,0.3267815113067626,0.03265952318906784,0.19360272586345662,0.05651105195283879,0.02783488295972336,0.011824115179479011,0.199058175086975,0.056519992649555206,0.08039888739585854,0.34637242555618286,0.0541703887283802,0.08658307790756226,0.01495218276977539,1.4432088857319059e-10,0.4276578426361084,7.029778498690575e-05
O=C2CN(N=Cc1ccc(o1)N(=O)=O)C(=O)N2 ,0.0959901487796116,16,Uncertain,0.1316024661064148,0.05268527194857575,0.1489127278327942,0.03826162591576565,0.03963533416390397,0.005904394667595625,0.17204578220844258,0.0535072423517704,0.05384948849678017,0.12732435762882222,0.019234811887145042,0.0299551859498024,0.6594160556793213,0.0008119192789307617,0.0026915862690656267,4.13008865507436e-06
Clc2ccc(Oc1ccc(cc1)N(=O)=O)c(Cl)c2,0.09569274234956987,16,Uncertain,0.2827320396900176,0.02879396826028824,0.1849879026412964,0.04591527581214905,0.02298745699226845,0.00903578009456385,0.18524083495140053,0.04610303044319142,0.06832742691040017,0.28088220953941345,0.03976462408900261,0.06759542226791382,0.018824100494384766,1.0571680832072161e-05,0.2498372346162796,4.5999109715921804e-05
CC1(C)C2CCC1(C)C(=O)C2,0.09727855158188924,16,Uncertain,0.06486062705516804,0.170117288827896,0.14628295600414254,0.06449104845523823,0.16477975249290466,0.00974519643932581,0.2203225940465926,0.1589292287826538,0.06923477351665475,0.10929047316312779,0.028516406193375365,0.02670213021337975,0.04601564407348635,0.014657208696007618,0.26251134276390053,1.5458637392384844e-07
O=C1NC(=O)NC(=O)C1(CC=C)c1ccccc1,0.09357485250166059,16,Uncertain,0.127605840563774,0.08260399103164662,0.1519213616847992,0.052055247128009574,0.06915563344955444,0.008060425519943237,0.19501812756061543,0.08225826174020756,0.06628993153572083,0.14790457487106323,0.026435788720845954,0.035206519067287445,0.45092034339904785,0.00032469601137563586,0.0013261194108054042,0.00011077833187300712
CCCCC(=O)OCC,0.055073854939407994,16,Uncertain,0.012574250809848198,0.02169579081237305,0.04969438537955284,0.007388222496956365,0.008525253273546585,0.00033973960671562775,0.08153147995471943,0.01641274057328701,0.022381922230124363,0.011929293163120636,0.001265446189790853,0.0016093598678708076,0.643204140663147,0.00030870293267060145,0.002320950850844161,2.2596036153288424e-10
CC(C)CCOC(=O)C,0.06205502870434583,15,Uncertain,0.015194637700915226,0.026509393006562965,0.0582289844751358,0.009235178120434173,0.011314912699162849,0.0005059672403148197,0.09148793667554844,0.02040106803178776,0.025138499215245247,0.014826518483459838,0.0017419543582946062,0.002226459328084962,0.7156537532806396,1.1489509343931559e-10,0.00040890037780616506,6.296161245700205e-06
O=C1N(COC(=O)CCCCC)C(=O)C(N1)(c2ccccc2)c3ccccc3,0.06366703634355407,16,Uncertain,0.0999247133731842,0.05633464455604542,0.12457639724016178,0.036127369850873836,0.041435569524765015,0.004450492560863384,0.16474471986293782,0.05592598021030415,0.05472266301512696,0.11015251278877236,0.016214594244956748,0.02261326089501381,0.213976526260376,0.00020984598086204453,0.017248257994651572,1.5033137970021926e-05
Clc1cccc(c1)c2cc(Cl)ccc2Cl ,0.13497351612905634,16,Uncertain,0.3345080316066742,0.02703077346086502,0.21229243278503396,0.055334076285362244,0.022048871964216232,0.013183102011680603,0.20225387811660767,0.05408721789717663,0.08334171026945103,0.34632870554924,0.05895531177520741,0.09222514927387215,0.0,1.986666386954994e-11,0.6579809188842773,6.078165370126953e-06
CCCBr,0.059570301847270364,16,Uncertain,0.010024677030741946,0.0029817039612679563,0.12005321681499481,0.004308156203478353,0.0005936152883804224,0.0015795243671161696,0.08855826407670964,0.011177369393408187,0.02202700637280941,0.007347335573285818,0.0029083983972667538,0.002132267225533613,0.663660717010498,1.1102230246251565e-16,0.010256338864564785,0.005516238976269849
CCCC1COC(Cn2cncn2)(O1)c3ccc(Cl)cc3Cl,0.08911214713371005,16,Uncertain,0.10945232212543476,0.04348263889551163,0.132242813706398,0.035409532487392426,0.03192511945962906,0.0049163768999278545,0.16038618981838226,0.05276961624622345,0.05436147004365921,0.12272336333990075,0.01870770566165436,0.02543727122247197,0.3323338985443115,4.828587407246232e-05,0.2826331853866576,0.01896456442773342
COP(=S)(OC)SCC(=O)N(C)C=O,0.04889321053646058,16,Uncertain,0.016247250139713176,0.0068489122204482555,0.07118788361549355,0.003790591610595362,0.0019913134165108204,0.0003349523758513495,0.07314402610063542,0.007148034870624431,0.014097675681113975,0.008472165092825779,0.0008637650753370307,0.0016339494613929473,0.3866138935089112,1.1819825118664085e-09,0.18991695344448078,7.874526586348907e-10
Cc1ncnc2nccnc12,0.12665737932834412,15,Uncertain,0.2590932846069336,0.043130721896886826,0.1456853449344634,0.048539739102124946,0.03729898855090141,0.006815876346081384,0.17332994937896717,0.051220033317804226,0.06508891284465779,0.2714467644691466,0.03275594115257263,0.0550481341779232,0.8294689893722534,2.8050297260051593e-05,0.007448394317179807,0.00011894448834937066
NC(=S)N,0.08740627039698573,15,Uncertain,0.03871588036417961,0.015719428658485413,0.13755849003791798,0.011962230317294376,0.005969757679849752,0.002367521170526632,0.12449042499065377,0.01985960453748703,0.031069353222846763,0.023337069898843543,0.004444292746484169,0.007008345797657745,0.9757480382919311,0.0002492765488567583,5.972156547073837e-09,6.061166004656116e-07
Cc1ccc(C)cc1,0.07157248754740517,16,Uncertain,0.10535384714603424,0.04857996478676785,0.08715403079986561,0.029914340004324802,0.034868594259023555,0.0025689355097709976,0.12551777064800262,0.03947080671787262,0.043895237147807964,0.10729966312646866,0.010730387642979622,0.016430160030722618,0.45545015335083006,6.293261321843602e-06,0.037100862711668015,0.0008187536150215946
CCc1ccccc1CC,0.04582278160488605,16,Uncertain,0.06261707842350006,0.03722824528813362,0.07614693790674198,0.021366620436310546,0.023424845188856014,0.001507652923464553,0.11631844192743301,0.03225952386856057,0.03865227848291375,0.06632383167743683,0.006913351360708364,0.009647817350924015,0.11727123260498051,2.5619929147069342e-06,0.11675535887479782,0.0067287273705004536
ClC(Cl)(Cl)C(Cl)(Cl)Cl,0.03554062727303339,16,Uncertain,0.014010263606905826,0.004112491849809774,0.1416058987379074,0.004215009044855833,0.0010671904310584068,0.001744245528243371,0.08961573243141163,0.008962662890553363,0.013481809757649788,0.007665013894438633,0.0018141129985449478,0.0025914397556333624,0.2774168968200683,0.00026083976263180375,8.469384192721918e-05,1.7350168945995392e-06
CC(C)C(C(=O)OC(C#N)c1cccc(Oc2ccccc2)c1)c3ccc(OC(F)F)cc3,0.05369247774069655,16,Uncertain,0.11188773065805424,0.0461108162999152,0.12461131066083897,0.03288897871971119,0.033222291618585365,0.004151616245507972,0.15530243515968323,0.04607995972037304,0.05034407228231419,0.11436915397644043,0.015260541811585426,0.023513132706284412,0.0,0.0035413929726928473,0.09716767072677601,0.0006285402923822403
CCCN(=O)=O,0.07450816226369589,15,Uncertain,0.016950070858001598,0.018494924530386814,0.05588070303201664,0.00731227546930302,0.0073271458968520164,0.00040256298962038084,0.08095798641443241,0.014113925397395977,0.021090129390358814,0.014042475260794052,0.0013826751383020364,0.0020428048446774483,0.8832975149154663,5.764277943853813e-13,0.06883540004491806,2.0360324537449515e-09
CC(C)C1CCC(C)CC1=O,0.0653977250981718,16,Uncertain,0.029470875859260448,0.07177107781171777,0.08503714203834523,0.025273531675338634,0.04826654866337765,0.002025519497692363,0.14074249565601338,0.06164601445198037,0.04206205531954765,0.041507568210363166,0.007081398740410805,0.0072294119745491825,0.34556574821472164,4.7137258540885796e-09,0.138684183359146,2.5384558455243678e-08
CCN2c1cc(Cl)ccc1NC(=O)c3cccnc23 ,0.09421953989931348,16,Uncertain,0.20365411043167103,0.04421469196677197,0.15439844131469727,0.04723353311419476,0.035677719861269,0.0073305233381687485,0.18006156384944894,0.05592917278409004,0.06693180650472641,0.21404780447483063,0.031195849180221447,0.04735695570707321,0.15396642684936523,0.00017132637731265277,0.2628882825374602,0.0024544300977139555
O=N(=O)c1c(Cl)c(Cl)ccc1,0.0841864039426187,16,Uncertain,0.22733183205127694,0.02135592885315396,0.17848271131515503,0.03507421538233735,0.015106338076293357,0.007230635266751051,0.166713148355484,0.03597600758075703,0.057229183614254,0.209837645292282,0.02875133045017697,0.0502360239624976,0.24530673027038574,2.2037508529137995e-07,0.0683501809835434,3.3125246545750997e-07
CCCC(C)C1(CC=C)C(=O)NC(=S)NC1=O ,0.05390243255320106,16,Uncertain,0.044307172298431174,0.05679228901863076,0.10765177756547917,0.02660011313855637,0.03597603365778923,0.002914444077759759,0.14921601116657235,0.054160986095666774,0.04535370692610741,0.05068083852529526,0.008973075076937564,0.01051776297390461,0.26613759994506836,0.00019761173462029546,0.002958094934001454,1.4037163964530919e-06
c1ccc2c(c1)c3cccc4cccc2c34,0.12977080408393885,16,Uncertain,0.3974021077156066,0.05493076890707005,0.18989711999893177,0.07492963224649418,0.05451240763068177,0.013738148845732212,0.22249461710453022,0.07453908026218403,0.09117848426103581,0.4362634420394895,0.06751958280801762,0.11007218062877644,0.0,9.91452475673782e-10,0.2694542407989502,0.019401051104068645
CCCOC(C)C,0.06370342256413998,15,Uncertain,0.010030719451606163,0.021640948951244243,0.04518706724047661,0.006864271592348814,0.008499531075358169,0.00028493488207437245,0.07858749479055405,0.016704391688108444,0.021212032064795383,0.010594790801405796,0.001114645041525253,0.0013197938678786159,0.7933564424514771,1.1102230246251565e-16,0.0013618846423921749,0.0024958124849944197
Cc1cc(C)c2ccccc2c1,0.06562578611514018,16,Uncertain,0.18325316905975342,0.0512876734137534,0.11913534998893716,0.04326770082116116,0.04222644120454777,0.005019991658627765,0.15802548825740803,0.05119974911212921,0.05835229903459538,0.19435080885887146,0.022440506145357975,0.03539578616619099,0.04320726394653318,8.960769264376722e-07,0.036396123468875774,0.0064533306285737835
CCC(=C(CC)c1ccc(O)cc1)c2ccc(O)cc2 ,0.09133336115100968,16,Uncertain,0.13988769054412842,0.044743429869413154,0.1200236827135086,0.036924704909324646,0.03394925966858864,0.004184346646070369,0.1574430763721466,0.047450844198465236,0.05602950230240822,0.1501150131225586,0.018771776929497608,0.028141366317868233,0.21974935531616213,0.402642399072647,0.0012117864098397657,6.554402352776378e-05
c1(C#N)c(Cl)c(C#N)c(Cl)c(Cl)c(Cl)1,0.07731890037490657,16,Uncertain,0.2657306492328644,0.021769624203443416,0.22427211701869965,0.04358481988310803,0.015144374221563228,0.012203212827443966,0.1888151615858078,0.043448831886052974,0.07160072028636921,0.2374201864004134,0.04311294853687275,0.06997320055961598,0.0,1.8233322407468222e-07,2.6376710593467578e-05,3.124328573633761e-10
Clc1ccc(Cl)c(c1)c2ccc(Cl)c(Cl)c2,0.1569018235304389,15,Uncertain,0.33748412132263184,0.024240132421255,0.2270822674036026,0.05475020781159401,0.019243080168962368,0.01457412540912617,0.2049351930618286,0.05320757254958142,0.08468175679445256,0.3454311788082123,0.06260811537504174,0.09684012085199334,0.0,2.032929380391124e-12,0.9853507280349731,5.764717343481607e-07
C1OC1c2ccccc2 ,0.1225286155398275,16,Uncertain,0.15520595014095306,0.07686635851860035,0.14221279323101044,0.05394643172621716,0.06934733688831318,0.007828795351088047,0.18824198842048645,0.07989291101694096,0.06542487442493417,0.19007453322410583,0.029950065538287052,0.040938600897789,0.5671067237854004,3.6867975339305303e-10,0.0011569474590942264,0.29226353764533974
CC(C)c1ccccc1,0.0627569779482264,16,Uncertain,0.09333208948373783,0.04788051918148983,0.09994303435087204,0.031029079109430202,0.034544847905635834,0.0029942658729850136,0.14228440821170807,0.045307226479053386,0.047973420470952766,0.10557931661605824,0.012742805294692405,0.01804089918732643,0.2523057937622071,2.639091833955831e-09,0.06268355250358582,0.007470386102795601
CC12CCC3C(CCC4=CC(=O)CCC34C)C2CCC1C(=O)CO,0.07312387403794665,16,Uncertain,0.05198204144835461,0.12283798307180405,0.12426168471574783,0.04603714123368263,0.10411785542964924,0.005738924257457145,0.18880797922611214,0.11055251210927963,0.0579576902091502,0.07802040129899956,0.01735628582537163,0.0174540914595126,0.0,0.24328790605068207,0.0015675690956411525,1.919175701914355e-06
c2(Cl)c(Cl)c(Cl)c1nccnc1c2(Cl) ,0.08972969767186648,16,Uncertain,0.31857582926750183,0.021341769024729618,0.22846917808055855,0.0495016984641552,0.01644613593816735,0.014011046849190967,0.19641318917274464,0.04824645072221745,0.07740657776594162,0.3181464076042174,0.05680229887366284,0.09007075428962696,0.0,3.842004492327078e-11,0.00024382642004616706,2.386830733058787e-10
C1OC(O)C(O)C(O)C1O,0.10455039894537814,15,Uncertain,0.04008006677031495,0.10466218739748001,0.12035468965768803,0.03680453449487675,0.0831911414861678,0.004552817437797563,0.17606294155120839,0.09582633525133122,0.0504847913980484,0.05936860293149937,0.012832490727305412,0.01325873564928759,0.875079870223999,0.0002471619518471524,4.4767767271025605e-10,1.5749520798635785e-08
ClCCl,0.06506677625462044,15,Uncertain,0.005504135973751434,0.0016429547686127588,0.075067900121212,0.0010798713192341491,0.0002245542564196512,0.00023318560852203518,0.04995568096637726,0.002685617422685027,0.007604363374411949,0.0017401386285199605,0.0002685520448719725,0.00044719755533140226,0.8942322373390198,9.45213574077286e-10,0.0003477653954178095,3.42643543262966e-05
CCc1cccc2ccccc12,0.0652392584889076,16,Uncertain,0.17644938826560963,0.0461699552834034,0.12227787822484959,0.041444066911935806,0.03723784536123265,0.004819159861654043,0.16180653870105743,0.04967810958623875,0.05944569408893585,0.19059517979621876,0.02277519553899765,0.035360459238290565,0.0,1.5739406933334976e-07,0.05559441074728966,0.04017409682273865
COC=O,0.06949866973800528,15,Uncertain,0.014576705172657745,0.013989415951072948,0.05281364917755116,0.005372949875891209,0.0045468867756426334,0.00027052205405175833,0.07319995760917664,0.010114256292581447,0.0195078793913126,0.009283559396862762,0.0008728447137400508,0.001411072677001246,0.8975897073745728,1.3211653993039363e-14,0.00841316021978844,1.6149126167874783e-05
Oc1ccccc1N(=O)=O,0.11285331940844678,15,Uncertain,0.2330004721879958,0.03315347433090199,0.1504187285900116,0.03853006660938263,0.026281990110873954,0.005776687059551366,0.16668701171875,0.04017959162592877,0.05570637807250023,0.2243809401988982,0.025570226833224186,0.04690323024988163,0.7584734439849854,3.732391996891238e-05,0.0005494166980496429,4.128344244236359e-06
Cc1c[nH]c(=O)[nH]c1=O ,0.11194513880216157,15,Uncertain,0.21571707725524902,0.042302723973989376,0.13656111061573017,0.043084435164928436,0.034817729145288356,0.005763583816587814,0.16290810704231262,0.04766596481204022,0.05894690752029397,0.22293464839458466,0.026139060035347828,0.04376769810914982,0.7453859806060791,1.7652177120908163e-05,0.003873479785397649,0.0012360623804852366
CC(C)C,0.04193841022534312,16,Uncertain,0.009892361238598824,0.022628627717494854,0.042670946568250656,0.007159676868468412,0.009079656563699245,0.0002749902196228504,0.07865819334983826,0.017486751079559215,0.02193588577210903,0.011165631003677845,0.001163035398349055,0.0013067323016001664,0.43681759834289546,0.0,0.010774464346468449,1.283485762115788e-08
OCC1OC(C(O)C1O)n2cnc3c(O)ncnc23,0.11808956242807139,15,Uncertain,0.12640343606471993,0.06363680958747864,0.14347180724143982,0.045301925390958564,0.05352892726659764,0.006379099562763946,0.182246133685112,0.07012978941202164,0.06122763454914082,0.15213359892368294,0.024488823488354572,0.03314884006977081,0.8344756126403808,0.09284280985593785,1.0103641301384414e-07,1.7650074369157664e-05
Oc1c(I)cc(C#N)cc1I,0.15691715232231573,16,Uncertain,0.3262314796447754,0.002622468862682359,0.452585071325302,0.03690935298800457,0.0010177938966080546,0.0609404295682906,0.24869509041309334,0.035809826105833054,0.11608883738517761,0.25876638293266274,0.19746118783950806,0.14352329075336434,0.28422155380249026,0.3367118835449219,0.009089759550988563,2.854334901769562e-08
Oc1ccc(Cl)cc1C(=O)Nc2ccc(cc2Cl)N(=O)=O,0.0813716930711478,16,Uncertain,0.24111780524253845,0.031840965151786804,0.17713057994842518,0.043227668851614,0.024587592110037804,0.00818896200507857,0.17953664064407338,0.04568805173039414,0.06374314427375782,0.23260188102722157,0.033058587461709754,0.056011561304330826,0.16317415237426758,9.536329162074253e-05,0.0019416199065743767,2.5138149339909432e-06
CCCCC,0.02931380632603371,16,Uncertain,0.008381711319088825,0.018627652898430824,0.03764571622014046,0.005782817490398773,0.006814988795667776,0.00019450289255473763,0.07121611386537541,0.014147858135402203,0.01976155862212181,0.009050533175468445,0.0008590709185225531,0.0009749207529238246,0.27370438575744616,0.0,0.0018590532708911978,1.7102106397715033e-08
c1ccccc1O,0.14668347664219247,15,Uncertain,0.2901312410831449,0.04527273401618004,0.15297481417655945,0.05360012874007225,0.04111605882644642,0.00803082063794125,0.18412689864635456,0.05609669908881176,0.06966129690408696,0.31567612290382385,0.03902652487158764,0.0665682554244994,0.9599578350782394,0.06422421336174,0.0004205886798444025,5.139383574714884e-05
Nc3ccc2cc1ccccc1cc2c3 ,0.10938420315505927,16,Uncertain,0.3764842450618744,0.05388054251670815,0.1849178373813628,0.07127492129802704,0.052716825157403835,0.01271349564194657,0.21660631895065297,0.07159513980150223,0.08732412010431279,0.4117770791053772,0.06188874319195736,0.10147687792778004,0.0,0.004420467186718957,0.0011429679580031715,0.04192766919732083
Cn1cnc2n(C)c(=O)[nH]c(=O)c12 ,0.09200448187882551,16,Uncertain,0.17207935452461243,0.036815304309129604,0.11724645644426346,0.03409828990697861,0.027811830863356368,0.0038186016026884317,0.1434360295534134,0.038504891097545624,0.050828732550143974,0.16613584756851174,0.017640508711338043,0.029758034273982048,0.6309280633926392,4.1722701098478865e-06,0.0029617759864776216,3.817006017925451e-06
c1ccc2cnccc2c1,0.13174754831510418,16,Uncertain,0.34791380167007446,0.04779957979917515,0.1705477237701416,0.06258690357208241,0.045437220484018215,0.010297085158526786,0.20140494406223275,0.06283122301101685,0.07938551902770974,0.378485769033432,0.05147690325975396,0.08678042888641335,0.5475847721099855,4.7099520088522695e-06,0.00046032210229884907,0.014963867142796405
COP(=S)(OC)SCC(=O)N(C(C)C)c1ccc(Cl)cc1,0.07975527924466495,15,Uncertain,0.04261813685297955,0.01224844716489304,0.09556110948324203,0.009517393074929603,0.0052010249346493564,0.0010596222709864378,0.10173945128917683,0.015074972063302772,0.025041120126843452,0.030153978615999222,0.003438682062551157,0.005853736773133167,0.021131706237792924,2.4626658046145167e-08,0.9073980450630188,4.701727448264137e-05
CCCCCCc1ccccc1,0.07267604832625679,16,Uncertain,0.04953465238213517,0.03623431548476197,0.075117066502571,0.0193021297454834,0.0217142291367054,0.0013633754570036016,0.11574745923280705,0.031958647072315216,0.037062112241983414,0.054759033024310955,0.005926522426307201,0.00801379419863224,0.02114171981811519,4.8009374253865644e-12,0.620177686214447,0.06476403027772903
Clc1ccccc1c2ccccc2,0.15983411455559504,15,Uncertain,0.3251044154167174,0.039708778262138145,0.17817269265651703,0.05842409282922745,0.03546161949634541,0.010724109597504028,0.19790048897266377,0.059287309646606445,0.0786735638976096,0.35081779956817627,0.05069311335682858,0.08282094448804844,0.15252618789672856,3.4976692653287955e-09,0.9357348680496216,0.0012958452571182333
CCCC(=C)C,0.04716586944234671,16,Uncertain,0.013798826374113449,0.026253560557961353,0.049903322011232154,0.008994744159281254,0.011144504882395156,0.0004029961710330099,0.08693262189626683,0.019936453551054,0.02521487697958935,0.014440773986279853,0.0015937765128910542,0.0018901816802098237,0.38668050765991213,0.0,0.1074521169066428,1.4647748685092665e-05
CC(C)C(C)C(C)C,0.03647540034220774,16,Uncertain,0.013537521474063174,0.033857081085443386,0.05610188469290722,0.010971278883516566,0.016026504337787628,0.0005712193669750176,0.09753792732954025,0.027181118726730236,0.02717120200395584,0.01675274595618237,0.0021491406951098524,0.0023413801100103937,0.14550046920776372,0.0,0.133906528353691,4.032516471852432e-07
Clc1cc(Cl)c(Cl)c(Cl)c1Cl,0.07934335279883005,16,Uncertain,0.2659569978713988,0.01376350037753582,0.25092369318008423,0.04015054553747155,0.00912833958864201,0.014824540354311355,0.18521688878536224,0.040029652416705974,0.07106541097164143,0.25009289383888245,0.050663717091083416,0.07767491787672043,0.0,0.0,2.546891437305021e-06,3.6637359812630166e-15
Oc1cccc(c1)N(=O)=O,0.11408775831108064,15,Uncertain,0.233626127243042,0.033040251582860836,0.15145446360111214,0.038577936589717754,0.02614038810133923,0.005811828188598045,0.1672089397907256,0.040166035294532554,0.05595200136303902,0.22427058219909657,0.0256815068423748,0.047067850828170554,0.7761045932769776,0.0002209689409935489,7.840002217562869e-05,2.259112534375163e-06
CCCCCCCCC=C,0.02264998008286046,16,Uncertain,0.01164546050131321,0.025038067251443752,0.04733702912926663,0.00818357802927483,0.010337433777749427,0.0003510483657007679,0.08431001007556904,0.019271863624453434,0.023824810981750377,0.012786186300217994,0.001402641530148574,0.0016098147025329634,0.0,0.0,0.11600171029567696,0.00030002676066942513
CC(=O)OCC(COC(=O)C)OC(=O)C,0.07761024500118686,15,Uncertain,0.020746180787682422,0.028433861210942157,0.0724566802382468,0.010655113495886215,0.012483145110309013,0.0007555811898781739,0.1005115583539008,0.021642031148075946,0.02720899134874344,0.017704062163829803,0.002217747736722231,0.0031913958955556154,0.9236672699451447,6.032257078913972e-05,8.029735099057689e-09,2.9970793548272923e-05
CCCCc1c(C)nc(nc1O)N(C)C ,0.055253613460730655,16,Uncertain,0.051346149295568355,0.03362470865249623,0.07588617503643025,0.018362160772084968,0.019545240327715763,0.0012959125451742493,0.11156008392572403,0.028982212767004745,0.03572726622223843,0.051904503256082424,0.00551397819071997,0.007753610145300627,0.44057979583740237,6.190727930288631e-08,0.0019742187578229986,1.7377326457790332e-06
CC1(C)C(C=C(Cl)Cl)C1C(=O)OC(C#N)c2ccc(F)c(Oc3ccccc3)c2,0.10988575551891691,16,Uncertain,0.12406555563211441,0.04937800392508496,0.15153545141220082,0.03882988169789303,0.0365728996694088,0.0065293628722428165,0.17507964372634877,0.056926872581243404,0.05629708990454663,0.12900185585021962,0.02137785218656063,0.030674435198307037,0.0,0.40646734833717346,0.46997952461242654,0.00545631069689978
c1ccncc1,0.13497057488898453,15,Uncertain,0.26778700947761513,0.041287820786237606,0.14058853685855865,0.04773377254605282,0.03649735450744618,0.0065706889145076275,0.17249664664268483,0.05007650703191735,0.06398428976535775,0.2900290489196776,0.0328211486339568,0.056971676647663005,0.9476240456104279,0.0003960673348045729,1.8465350876795128e-05,0.004646119195967802
CCCCCCCBr,0.026479549561918156,16,Uncertain,0.010624914430081844,0.008896375074982643,0.07604330033063877,0.00606539100408543,0.0025806983467190348,0.0007597322110085569,0.08727961778640736,0.015225132927298435,0.023083526641130447,0.009793230332433955,0.0020850689616054296,0.0018661910435183726,0.1058159828186035,0.0,0.04575773701071717,0.027795894071459548
Cc1ccncc1C,0.10103519498456984,15,Uncertain,0.13617172837257385,0.04713234677910805,0.10364872217178345,0.03475444018840779,0.036010533571243175,0.003537978045642154,0.1408410668373108,0.04391096532344796,0.04964827373623837,0.14316771924495675,0.0153628159314394,0.0239084381610154,0.8339882731437683,3.921283860108815e-05,0.00192434899508942,0.0025162564124912024
CC34CC(O)C1(F)C(CCC2=CC(=O)CCC12C)C3CCC4(O)C(=O)CO ,0.08781767723201303,16,Uncertain,0.05842522531747796,0.13300910592079163,0.135739043354988,0.051072657108306774,0.11738779395818699,0.007100249640643375,0.19938918948173523,0.12146250903606404,0.061077360063791164,0.08810856193304062,0.020586712285876163,0.020910162478685157,0.3865528583526612,0.0041780294850467525,8.226734644267708e-05,1.1099484709120588e-06
CCSCc1ccccc1OC(=O)NC ,0.05450132500871562,16,Uncertain,0.053171344101428764,0.024599557742476352,0.08742748200893402,0.015723325312137604,0.013043249957263359,0.0014546008314936243,0.11083157360553741,0.023961326107382552,0.03302835300564755,0.04585339874029137,0.005214193370193243,0.008078970946371444,0.4072157382965088,6.663057661171479e-09,0.028473159298300632,0.013944920152425544
CCOC(=O)CC(=O)OCC,0.09403102174784578,15,Uncertain,0.016537055373191833,0.022464863955974357,0.059980906546115764,0.008282617665827163,0.009059413336217403,0.0004734948743133627,0.08806218951940514,0.017036430537700653,0.02381545305252064,0.013997492380440235,0.0015614675357935592,0.0021904949098824344,0.858660352230072,0.38237249851226807,1.6175345081137493e-06,1.301736496372996e-12
CC1=CCC(CC1)C(C)=C,0.08308258201565112,16,Uncertain,0.03791803494095802,0.08195175975561142,0.0952792763710022,0.030521141365170368,0.05776918679475784,0.0027463992591946207,0.15312226116657235,0.06943696737289418,0.04763369262218464,0.05142933875322342,0.009089707396924385,0.009604324586689361,0.26122536659240725,7.229450371681878e-10,0.4215880036354064,5.850914476468461e-06
C1Cc2ccccc2C1,0.07413602652571182,16,Uncertain,0.13595549762248982,0.07677949965000141,0.12493368238210656,0.05028971657156944,0.06699087470769882,0.006239847745746152,0.17615917325019814,0.0752536579966544,0.062467042356729396,0.16750672459602334,0.025108525529503822,0.032975900918245205,0.1001984596252441,1.008479966202458e-10,6.707117427140474e-05,0.08525075018405903
CC(C)(C)c1ccc(O)cc1,0.07793717312615618,16,Uncertain,0.11715959012508381,0.05747427046298981,0.12413474172353745,0.04026224836707104,0.045668620616197364,0.004911891184747219,0.16587699949741364,0.05893115699291218,0.05621492117643334,0.14026907086372353,0.01971461810171604,0.0274688247591256,0.362210464477539,0.002672371454536804,0.02398165315389622,4.332706157583743e-05
O=C2NC(=O)C1(CC1)C(=O)N2 ,0.11321890559740867,16,Uncertain,0.10545285791158654,0.14072702825069416,0.181386336684227,0.06902696192264535,0.12963511049747456,0.013437077403068431,0.23314258456230164,0.13709449768066406,0.07580653578042984,0.139079451560974,0.035302549600600974,0.03978115692734696,0.5115834712982178,4.6580840717069805e-05,2.390205793290079e-07,4.961701094430282e-08
Clc1cccc(I)c1,0.13020167839179964,16,Uncertain,0.32298070192337014,0.0038504500407724462,0.39592111110687234,0.03874655067920685,0.0017553981160743914,0.039785288274287955,0.22758713364601124,0.03736585006117821,0.10600925236940384,0.2862026989459989,0.15043418109416962,0.12787143886089325,0.23400921821594234,1.4392709246635604e-11,0.11070752143859841,5.948162140612112e-08
Brc1cccc2ccccc12,0.12263031957434278,16,Uncertain,0.360573410987854,0.020998038351535575,0.266345590353012,0.06162986904382706,0.015544135123491176,0.022886347025632747,0.2290683537721634,0.06094659864902474,0.10125467181205738,0.3749162554740906,0.09747839719057083,0.12011170387268055,0.11217870712280276,9.480235263481518e-09,0.11283178627490975,0.0053212386555967495
CC/C=C/C,0.04974373748166267,16,Uncertain,0.012027377262711414,0.02144288644194603,0.04418332129716862,0.00730392150580883,0.008312183432281017,0.000285096321022027,0.07858125120401382,0.015936791896819957,0.02291240356862545,0.011832878924906254,0.0011789180571212254,0.0014342780923469745,0.5583574771881105,0.0,0.012098741717636363,1.2272796084289439e-05
Cc1cccc(C)n1,0.10315462313387053,15,Uncertain,0.11076188087463357,0.044697776436805614,0.09193883091211297,0.0295803751796484,0.032001037150621414,0.0026731109246610485,0.12814337015151955,0.03852795064449299,0.04438629373908043,0.11184287816286076,0.011272186413407215,0.01757066138088703,0.9830864951014519,7.4287591189659e-08,0.003979316912591346,1.1731869562936481e-05
ClC=C(Cl)Cl,0.052786643721276456,16,Uncertain,0.021876975893974193,0.0037115325685590506,0.16465035080909718,0.004593491554260254,0.0008175349212250493,0.002238517627120018,0.0941157117486,0.008046209812164196,0.017270907759666443,0.008362160995602608,0.002205887110903748,0.0034049150999634348,0.5132822990417479,0.0,9.804597539186943e-06,0.0
Nc1cccc2ccccc12,0.1271808285822771,16,Uncertain,0.33858779072761513,0.051456429064273834,0.17039801180362701,0.06411713361740101,0.049032431095838436,0.010641158558428176,0.20285315811634064,0.06563064455986023,0.07963021099567402,0.3685415685176848,0.051313821226358414,0.08538026362657536,0.3487857818603516,0.10732350498437881,0.00044156159856334476,0.04075978696346283
Cc1cccc(C)c1,0.07707399802673073,16,Uncertain,0.11184512078762043,0.048602811992168427,0.09174189716577519,0.031429506838321575,0.035663288086652645,0.002823248505592235,0.13104164600372303,0.041417520493268745,0.045998331159353256,0.116917423903942,0.011991919949650653,0.018287381157279015,0.478146743774414,3.163737346767448e-06,0.06542231142520905,0.0018516534473745905
Oc2ncc1nccnc1n2,0.1689299111350805,15,Uncertain,0.37825009226799,0.0416623130440712,0.18690302968025196,0.06203936785459496,0.0391644462943076,0.01107171457260836,0.20519591867923714,0.059488117694854625,0.08063875883817662,0.402230143547058,0.05632907152175903,0.09681169688701619,0.7573302984237671,0.3257457315921781,6.161259989312384e-06,1.1716003427864052e-05
CO,0.061513985798066405,15,Uncertain,0.005025106482207553,0.007302759215235599,0.02718381769955136,0.0021887272596358143,0.001754252822138147,5.467159644467756e-05,0.047103770077228435,0.0050684502348301574,0.011931024491786846,0.0034383630845693514,0.00023019973014004602,0.00033046538010217397,0.8712604284286499,0.0,0.0013489382108672343,2.7980556751572294e-06
CCC1(CCC(C)C)C(=O)NC(=O)NC1=O,0.061448046985782,16,Uncertain,0.04311468079686165,0.06542710959911335,0.10191603749990463,0.027580933645367622,0.043498381972312816,0.0027426821179685756,0.1490798443555832,0.0576123371720314,0.0451783388853072,0.05193864926695824,0.008844907395541557,0.010261312127113231,0.372777271270752,3.9513236060884083e-07,0.0031957244500515625,1.4608528431381274e-07
CCC(=O)C,0.076581027926295,15,Uncertain,0.014214752241968998,0.02395806275308121,0.05194771289825417,0.008349646814167389,0.00976729765534401,0.0003959634923376143,0.08532460033893585,0.017962884157896042,0.02417084202170361,0.013518286868929752,0.001467194641008751,0.0018677039770408355,0.9634117782115936,0.0,0.008930462412536033,9.258335921913385e-06
Fc1c[nH]c(=O)[nH]c1=O ,0.1352268165665385,16,Uncertain,0.323688507080078,0.037906788289546745,0.17723406851291634,0.05324029549956322,0.03382662311196316,0.009207520633935817,0.19017183780670166,0.05290864035487164,0.07100787758827198,0.33956241607665993,0.04455548897385575,0.0782073438167572,0.6936394691467285,5.070096564807614e-10,0.058240652084350364,0.0002315355814062059
Nc1ncnc2n(ccc12)C3OC(CO)C(O)C3O ,0.11065670148404555,15,Uncertain,0.1227070316672324,0.06597951799631097,0.14085146784782399,0.04532523825764645,0.05546179041266441,0.006292434409260639,0.18143565952777863,0.07096447050571442,0.060800280421972164,0.14780429005622864,0.023822544142603763,0.032045841217041016,0.7883560419082641,0.0284019373357296,1.7396027729432717e-08,0.0002586606424299642
Oc1cccc(O)c1,0.14878354241149933,15,Uncertain,0.31236082315444946,0.04484967887401581,0.16489060223102558,0.056549932807683834,0.041159525513648765,0.009086955338716396,0.19107742607593514,0.05805632844567277,0.07301344722509384,0.3376012444496155,0.043996326625347026,0.07502758502960205,0.9458179295063018,0.02704394795000542,4.502890988078434e-06,4.2246588805028296e-07
CCCCCCO,0.05532890873582792,16,Uncertain,0.009389660321176052,0.020594313740730175,0.04289165884256363,0.006470905616879352,0.00787298660725344,0.00025368033675454704,0.07639138400554635,0.01583622582256783,0.020755236968397983,0.0099755898118018,0.0010216740192844354,0.0011942756827919565,0.623413872718811,0.0,0.04871209338307381,0.0004889818956144154
CCCCCCl,0.03413146309685533,16,Uncertain,0.008667340502142795,0.013092129491269366,0.04855378717184056,0.005072250962257163,0.0042481753043830395,0.0002757785259746015,0.07242090255022038,0.012395656667649635,0.018391793593764194,0.007801693864166626,0.0009086010977623626,0.0010867860401048146,0.2926805019378662,0.0,0.047133248299360164,0.013374763540923373
C=CC=C,0.08101204008727236,15,Uncertain,0.0256256815046072,0.034191589802503364,0.07040340453386296,0.013372167013585345,0.015774309635162242,0.0008564903982913874,0.10791206359863281,0.02523924969136704,0.032845906913280376,0.02281432971358277,0.0028024918865412474,0.003834465518593566,0.7638843297958374,1.0785161652648867e-10,0.15562592446804047,0.021010236814618
CCCOC(=O)C,0.07291337601818448,15,Uncertain,0.014344185590744019,0.022172480821609386,0.054429519921541214,0.00780690601095535,0.008760620839893818,0.0003983818460253641,0.08463022112846363,0.01668768562376477,0.023190950974822044,0.012782915495336056,0.0013839624589307986,0.0018594792345537625,0.9181509494781495,9.060595971277507e-07,9.001515536510851e-06,5.849291028425796e-06
Oc2ccc1CCCCc1c2 ,0.08586957424099417,16,Uncertain,0.13262371718883503,0.07230512052774418,0.12803016602993,0.04888958856463421,0.062069732695817836,0.006132250651716964,0.1769927442073822,0.0737045183777808,0.0626208409667014,0.16332125663757324,0.024879872798919567,0.03250882029533375,0.38758482933044436,2.3373980084784307e-08,3.1107010727282614e-05,0.002218599198385962
NC(=O)CCl ,0.07464889643006858,15,Uncertain,0.01823086477816105,0.01304917037487019,0.08396884799003601,0.006902650464326032,0.004444024525582568,0.0007676113746127866,0.08928744494914997,0.013434983789920807,0.021600453183054813,0.01153236161917437,0.0017036310164255664,0.002573582576587574,0.9134385883808136,0.013442788273095974,5.273702299746219e-06,6.588298617771216e-08
COP(=S)(OC)Oc1cc(Cl)c(I)cc1Cl,0.08823122199417005,15,Uncertain,0.09188297390937805,0.003460356965661049,0.19529756903648354,0.010823056101799011,0.0012147101806475602,0.003707627533003577,0.12652093172073364,0.013249086216091999,0.03599135950207699,0.05816425010561943,0.012527802027761825,0.017029738053679355,0.0,6.920797268605838e-12,0.8417394161224365,9.067442442756146e-05
Cc1ccc(Cl)cc1,0.14035768152179295,15,Uncertain,0.17974011600017537,0.03235084936022736,0.13539464771747578,0.037610307335853355,0.023802798241376766,0.00544781470671285,0.1543399840593338,0.042903702706098445,0.05809936299920082,0.18175694346427895,0.02325950749218464,0.03604433313012123,0.3618048667907715,1.826149675920874e-09,0.9730303287506104,0.0001373397681163624
CSc1nnc(c(=O)n1N)C(C)(C)C,0.07370114454720342,16,Uncertain,0.07550908625125885,0.02836940437555302,0.10448496788740136,0.02109611965715885,0.017107123509049416,0.002403154270723351,0.12489732354879357,0.03062819130718697,0.03803778067231156,0.07008453458547581,0.00876466929912556,0.013254037126898655,0.393867301940918,0.2504785358905792,1.7370406567351893e-05,0.0002187120262532316
Cc1ccc(OP(=O)(Oc2cccc(C)c2)Oc3ccccc3C)cc1,0.05812759137406821,16,Uncertain,0.14877215027809143,0.027858437970280647,0.11436940729618061,0.02664949372410763,0.019101163372397423,0.003164152381941565,0.13498905301094044,0.030578445643186347,0.04219613596796978,0.1307002007961272,0.013431440107524173,0.02377195470035065,0.16315927505493166,0.0005832920433022082,0.04989161714911461,0.0008252424886450171
CCCCCC=O,0.05484041815763585,16,Uncertain,0.01187351346015919,0.022906886413693428,0.04850050061941136,0.007589617744087951,0.009077698923647404,0.00033856023219402953,0.08253344893455505,0.017396789044141547,0.02290326915681362,0.01194618921726942,0.001287622144445555,0.001567383180372417,0.5134994506835937,4.551914400963142e-13,0.12601737678050984,8.383986823901068e-06
CCCCOC(=O)c1ccc(N)cc1,0.08502454820957146,16,Uncertain,0.07813501358032215,0.03593738377094258,0.10002777725458145,0.02384950965642918,0.02269596606492985,0.0022840905003248535,0.1337292194366454,0.03478744626045216,0.043188657611608394,0.07790300250053406,0.009198242798447609,0.013783303089439758,0.36466927528381343,0.4199691414833068,0.00021999864838995187,1.4743412975803949e-05
O2c1cc(C)ccc1N(C)C(=O)c3cc(N)cnc23 ,0.08874791191410614,16,Uncertain,0.2056768536567688,0.05398684367537476,0.1430002748966216,0.049261413514613994,0.04557930305600155,0.006837432738393434,0.17660871148109414,0.05844382196664799,0.06504643708467484,0.21590329706668843,0.029165759682655223,0.04533516615629185,0.25887360572814944,0.06102908030152321,0.0007553784525952123,0.00446321116760362
CC(C)=CCC/C(C)=C\CO,0.06370655953579459,16,Uncertain,0.017250329256057628,0.03128305450081825,0.060209400951862224,0.011066460981964954,0.014282007701694854,0.0006150966510175548,0.09757011383771874,0.024022553116083034,0.028032468631863372,0.01773575134575356,0.00216346140950896,0.002667877823114173,0.48654479980468746,1.4988010832439613e-13,0.22500105202198017,0.0008605245384385452
Clc1ccc(cc1)c2ccccc2Cl ,0.1237438472513836,16,Uncertain,0.3364388346672058,0.032515622675418854,0.19883349537849426,0.05777076259255398,0.027785506099462398,0.012389385141432174,0.2026134431362152,0.057335712015628815,0.0824279636144638,0.356623113155365,0.056889988481998444,0.09067320823669422,0.0051975250244140625,1.9111789928416556e-10,0.46233320236206055,7.379324961220846e-05
O=C1N(COC(=O)CCCCCCC)C(=O)C(N1)(c2ccccc2)c3ccccc3,0.057736313005079754,16,Uncertain,0.08661445975303639,0.05358872190117825,0.11701221019029595,0.032808635383844154,0.03800933435559262,0.00376915489323415,0.15787991881370544,0.05238620564341545,0.051797281950712204,0.09589041024446476,0.013826415874063747,0.018993616104125755,0.15078449249267578,4.358212754596025e-05,0.050349213182925956,2.7355170459486544e-05
CCN(=O)=O,0.09335287154525343,15,Uncertain,0.018543016165494808,0.017325473949313053,0.057419195771217235,0.0071401456370947525,0.0067842137068510056,0.0004088559362569466,0.07976513355970383,0.013079676777124405,0.020597781985998043,0.01431257463991642,0.001364395720884204,0.002141397213563212,0.9944763813167811,1.9487655933403403e-10,0.26028770208358765,6.539180308351433e-11
CCN(CC(C)=C)c1c(cc(cc1N(=O)=O)C(F)(F)F)N(=O)=O,0.03156791600246106,16,Uncertain,0.06220526620745637,0.028707031160593033,0.0990685001015662,0.018024811521172412,0.016654931008815543,0.0018080758163704358,0.12210088223218896,0.02667923830449581,0.03384844958782185,0.055903784930706024,0.006339553277939447,0.010260343551635631,0.018032741546630815,5.972341909910028e-08,0.005192016717046388,0.0002609703515189521
Clc1ccc(Cl)c(Cl)c1Cl,0.0809821247530926,16,Uncertain,0.27555912733078003,0.015699265524744765,0.2394895702600478,0.04230226948857296,0.010780976153910049,0.014102661982178577,0.18733035027980804,0.042215727269649395,0.07301408052444436,0.26491472125053406,0.05114372074604023,0.07879588007926941,0.0,1.1102230246251565e-16,0.0003656451590358101,4.660716257376407e-13
CCCC(C)(COC(N)=O)COC(N)=O ,0.07772911602444062,16,Uncertain,0.02444309927523125,0.03326041996479023,0.08180855214595784,0.01313061360269785,0.01602368429303158,0.0010916364844888449,0.11238368600606896,0.026822734624147415,0.03002261184155941,0.02257915027439583,0.0031416069250551626,0.004331066273152828,0.6128487110137939,0.2617213129997251,5.6952721934067085e-05,1.794501969243356e-08
CC(=O)C3CCC4C2CC=C1CC(O)CCC1(C)C2CCC34C ,0.06609834657951402,16,Uncertain,0.050778526812791824,0.13073760271072377,0.12376252561807621,0.04803543910384156,0.11358069628477074,0.005930931307375431,0.19197912514209736,0.11859322339296341,0.05919174104928959,0.080217845737934,0.018200749531388172,0.017692627385258564,0.05245838165283201,0.00011856872879434377,0.04629177972674359,3.7810873436683323e-06
CI,0.068065498821088,15,Uncertain,0.0008291209232992314,2.949448116851272e-06,0.25058406591415405,9.919968579197302e-05,3.2576334518807926e-08,0.029116027057170757,0.0408119037747382,0.0005178220453672111,0.004026309587061405,0.00011475658538984135,0.0013361071469262242,0.0002333054726475492,0.7613763809204102,0.0,0.0,0.0
CC1CC(C)C(=O)C(C1)C(O)CC2CC(=O)NC(=O)C2 ,0.0970013180578149,16,Uncertain,0.041889458894729614,0.08811504393815983,0.10566136240959156,0.033363569527864456,0.06547257304191578,0.0034343914594500147,0.16131150722503662,0.077158622443676,0.0487326718866824,0.057089824229478836,0.010829617269336955,0.011572342365980037,0.6755879163742066,0.17170369625091542,9.60682300501503e-05,2.4233779640780995e-06
O=C1N(COC(=O)CCCCCC)C(=O)C(N1)(c2ccccc2)c3ccccc3,0.06027932372483056,16,Uncertain,0.09281440079212178,0.05489770323038101,0.12060854583978642,0.03437158092856396,0.03962723910808563,0.004083991982042567,0.1611606627702712,0.05406699329614617,0.05319001898169495,0.10254231095314026,0.014932251535356045,0.020663149654865154,0.18129091262817387,9.307696745963767e-05,0.03010585159063317,2.04893385671312e-05
CC1=CC(=O)CC(C)(C)C1 ,0.09171086362386793,16,Uncertain,0.046362072229385154,0.09299682825803735,0.10401772707700718,0.03611930087208737,0.07119042426347721,0.003594272071495652,0.16296811401844025,0.08041281998157501,0.05110841989517201,0.06343583017587662,0.011864150874316581,0.012495312839746364,0.4815582275390625,0.00229337834753085,0.24695605039596535,8.8914271145768e-07
O=C1NC(=O)NC(=O)C1(CC)C(C)CC,0.06812131714996428,16,Uncertain,0.04627622291445721,0.0669669359922408,0.10479392856359482,0.02880183234810818,0.04522643610835064,0.0029449048452078186,0.151862233877182,0.05925047770142544,0.04633901640772797,0.05534805729985215,0.009488079696893581,0.011082378216087818,0.4581295013427734,1.53711844177451e-05,0.003415690967813023,6.9332957153278585e-09
CCCCC(=O)CCCC,0.04678570274693179,16,Uncertain,0.012037665583193191,0.024422189220785984,0.04835502803325642,0.008059135638177173,0.010040136985480563,0.0003563818172549471,0.08392544835805882,0.018700646236538776,0.023440856486558803,0.012723711319267639,0.0013920838246122003,0.0016444545472039662,0.33701562881469727,2.673461452218362e-10,0.16645780205726624,7.476121055560725e-08
CCC1(CCC(=O)NC1=O)c2ccccc2 ,0.08524191268952555,16,Uncertain,0.10448510944843281,0.08227204531431176,0.1325383335351944,0.04734497517347325,0.06886471062898625,0.0062692961655556045,0.18248535692691803,0.07991998642683018,0.061381198465824016,0.12918721139431,0.022108448669314162,0.027893591672181972,0.416140079498291,0.001151442644186207,0.0013349972432478152,0.0004938198253512383
CCC(C)CC,0.03078095707196926,16,Uncertain,0.010196734219789394,0.023554321378469356,0.04391956329345703,0.00745585374534119,0.009584433399140835,0.00029572346829798146,0.08042192459106445,0.01826127991080284,0.022388700395822414,0.011594780720770248,0.0012338830856606364,0.0013815871207042418,0.24981479644775373,0.0,0.012391709722578415,2.1651855419690946e-08
CCOc1ccc(cc1)C(C)(C)COCc3cccc(Oc2ccccc2)c3,0.10514066737716794,15,Uncertain,0.1164647713303566,0.04526614397764195,0.11186959594488144,0.033341724425554164,0.03362295776605595,0.003592142602428572,0.14918974041938782,0.04556019976735104,0.050771955400705227,0.12631545960903157,0.015335471369326004,0.02296827733516682,0.1124670028686523,2.755402420007158e-05,0.025850871577858814,0.7896068096160888
Cc1ccccc1n3c(C)nc2ccccc2c3=O,0.08753485753738907,16,Uncertain,0.2337501347064972,0.04819880798459042,0.1376061886548996,0.04835966229438782,0.041389767080545425,0.006486378610134014,0.1707983911037444,0.053442656993865745,0.06391424685716618,0.24653530120849598,0.029845880344509967,0.04889461398124684,0.25422830581665035,5.876643626834266e-06,0.017070598900318035,3.0909417546354234e-05
ClCC#N,0.09089722968426053,15,Uncertain,0.01892631873488415,0.009669821709394455,0.08296619355678536,0.005951425991952419,0.0029283594340083763,0.0006978053133933626,0.08331069350242604,0.010645783506333828,0.02073482610285282,0.01037995796650637,0.0015113353729248047,0.0023288538213818155,0.955955970287323,0.2482449859380722,0.0001033394000842236,4.3098449253875515e-09
CCOP(=S)(CC)Oc1cc(Cl)c(Cl)cc1Cl,0.09140634973543896,15,Uncertain,0.07189454883337021,0.010599228553473838,0.12047191709280003,0.013457885943352954,0.005111311562359222,0.001954791136085765,0.11466878652572621,0.01810719072818745,0.032517895102500805,0.05714111402630795,0.007116248365491629,0.011829352006315963,0.0,3.8925640488685076e-11,0.9972280859947203,0.0004032398574054241
CC12CCC(=O)C=C1CCC3C2CCC4(C)C3CCC4(O)C#C ,0.07684153499810971,16,Uncertain,0.06870274245738983,0.1597643494606018,0.14601248502731323,0.06283964961767174,0.15150754153728485,0.009454323910176643,0.2172086387872696,0.14824065566062916,0.0689089223742484,0.10935749858617783,0.027560848742723354,0.02681877091526985,0.0,0.03283126279711723,0.000255998078500852,8.720173809706466e-07
c1ccnnc1,0.13553147229769913,15,Uncertain,0.2788340747356415,0.037568360567092784,0.14541573822498322,0.04664676263928402,0.032792773097753414,0.006586384493857622,0.1720184087753296,0.04753176122903824,0.06363313645124424,0.2971600592136382,0.03350839391350735,0.05910535156726815,0.928759503364563,0.017379544675349967,5.693308935406094e-07,0.0015627344837412238
Clc1cc(Cl)c(Cl)c(Cl)c1,0.08150668026165284,16,Uncertain,0.27772071957588174,0.015631429851055034,0.23914113640785195,0.04245073720812775,0.010785568505525367,0.013904804363846557,0.18680517375469197,0.04192747175693501,0.07337311655282963,0.2662464380264282,0.051179222762584575,0.07896598428487756,0.0,8.881784197001252e-16,0.005975081119686254,1.6122880808211448e-11
C1C(O)CCC2(C)CC3CCC4(C)C5(C)CC6OCC(C)CC6OC5CC4C3C=C21,0.07419415782092209,16,Uncertain,0.053023044019937404,0.14666712284088124,0.1298214942216872,0.05337710306048382,0.13390947878360737,0.0069680106826125465,0.20197562873363484,0.13595275580883026,0.062392450869083405,0.0883117839694022,0.02128816395998001,0.01991596631705761,0.0834248542785645,0.00010434948490001261,0.04997280240058877,1.515703502263932e-06
Nc1ccccc1O,0.14601034410160157,15,Uncertain,0.3061027228832244,0.04764868319034554,0.16245590150356282,0.05745441839098919,0.043959103524684795,0.009128647856414207,0.19140565395355225,0.059704702347517014,0.07284068316221215,0.3312571346759796,0.043498095124959835,0.07346486300230015,0.9124513387680053,0.023750413209199794,1.796406081666646e-06,0.0010413476265965782
CCCCCCCCC(=O)OCC,0.038893928835463956,16,Uncertain,0.012101138941943645,0.023127861320972443,0.04916922003030755,0.007712067570537218,0.009313544258475193,0.0003497133438939981,0.08295547962188721,0.01770261488854885,0.022854620590806007,0.012258284725248814,0.0013304956955834113,0.0016201293328775845,0.22351636886596682,7.092679776832256e-09,0.15829125046730042,6.46203943688306e-08
COCC(=O)N(C(C)C(=O)OC)c1c(C)cccc1C ,0.05443240280374076,16,Uncertain,0.041175466030835994,0.03317207470536221,0.07695115357637405,0.015833836048841365,0.01787993125617504,0.00118360004853435,0.10883926600217797,0.02676713094115235,0.0325760655105114,0.03801363334059704,0.00424242252483964,0.006216142792254575,0.46529197692871094,0.0024794996716082096,0.00020325715013302936,9.298833174398169e-05
CNC(=O)Oc1ccccc1OC(C)C,0.06367309946482853,16,Uncertain,0.06312604993581761,0.03279853984713543,0.09107063710689545,0.01997241936624039,0.019311610609292762,0.0017442330718040466,0.1225321516394614,0.02997472323477257,0.03841090947389603,0.05941694602370262,0.006783678662031778,0.010306756012141594,0.5191220760345459,2.818223654443841e-09,0.004165895748883375,3.296185241197236e-05
CCC(C)Cl,0.056491832263418355,16,Uncertain,0.010267769917845615,0.015720142051577346,0.057390697300434,0.006278588902205229,0.0056321038864551864,0.00042289763223357646,0.08098982274532296,0.015578494407236354,0.020135888829827198,0.00970331672579039,0.0012656959006561719,0.0015305473934857927,0.6386417150497437,0.0,0.029118381440639385,0.011193254031240829
Oc1ccc2ccccc2c1,0.12977169462610608,16,Uncertain,0.35586217045783974,0.05014415830373764,0.17696547508239746,0.06576933711767174,0.04813244566321362,0.011254167184233554,0.20731128752231576,0.06636342406272877,0.08229326456785202,0.38902217149734475,0.055228903889655956,0.09207475930452336,0.45943365097045896,0.012560286559164413,0.00305461068637658,0.0008770011481827877
CC(C)Oc1cc(c(Cl)cc1Cl)n2nc(oc2=O)C(C)(C)C,0.047623058540239016,16,Uncertain,0.11532486230134964,0.034729860723018646,0.131917804479599,0.03219896554946877,0.024248812347650417,0.0043511600233614445,0.15492473542690255,0.04397444054484356,0.0530160553753376,0.12378452718257904,0.01758136972784985,0.025225291028618813,0.0,4.093254028703086e-05,0.0005939651746301733,5.615421832771972e-05
CCCCC#C,0.0811214499687618,16,Uncertain,0.015100706368684547,0.025670604780316242,0.05172669142484665,0.009091468527912983,0.010728276334702747,0.0004254455852785721,0.0876917541027068,0.019231388345360645,0.025580592453479545,0.01490383967757225,0.0016397587023674332,0.0020112828351556145,0.3981135845184326,2.5668023262426232e-11,0.636027693748474,1.120692303402393e-07
CCCCCCCC#C,0.04625001753875194,16,Uncertain,0.013633930124342442,0.02601911313831795,0.05047675594687462,0.008891355246305355,0.010941194370388763,0.0004076324694324285,0.08723015338182438,0.01980689726769924,0.025032997131347656,0.014257848262786754,0.00158897170331318,0.0018820195691660047,0.029307556152343706,2.55351295663786e-14,0.4505184292793274,5.426576535683125e-06
Cc1ccccc1Cl,0.12809862129989513,16,Uncertain,0.1867455393075942,0.03590138629078865,0.13700933754444122,0.03976869583129883,0.02740415371954441,0.0059287515468894325,0.158514305949211,0.04619459807872761,0.05823185294866562,0.19333557784557343,0.02472824789583683,0.0390077270567416,0.44673700332641597,2.9840290238780653e-08,0.6499974131584167,7.332045788643882e-05
CC(C)OC(C)C,0.07053777545843325,15,Uncertain,0.011214944534003624,0.024579592049121857,0.0493723303079604,0.00791694875806559,0.010253127664327621,0.00036029604962084516,0.084074467420578,0.01921786181628704,0.022721918299793975,0.01217854768037785,0.0013670503394678235,0.0016057960456236087,0.8825822472572327,0.0,0.0008126564789562307,0.0003466226335148148
Nc1ccc(cc1)S(=O)(=O)c2ccc(N)cc2,0.08573183104341514,16,Uncertain,0.21158249676227558,0.020025005564093368,0.13742239773273457,0.028813419863581546,0.014630999416112789,0.004208912141621002,0.1447359025478362,0.028796497732400783,0.0451081357896328,0.1894218325614928,0.019961362704634555,0.037859443575143814,0.4234830856323242,0.05840002745389916,7.780204214213882e-06,0.007251997012645006
CNN,0.06515183407330677,15,Uncertain,0.007723541930317768,0.01301874965429295,0.037590689957141765,0.004018002655357011,0.0040142396464941665,0.00013948578271083534,0.06324446946382523,0.009410659782588371,0.016172660514712223,0.006093563977628835,0.0005261956248432398,0.0007232604548333965,0.8768425941467285,0.0,0.002911227522417792,4.0590162342368785e-09
CC#C,0.0768088097735842,15,Uncertain,0.021499229595065006,0.022272635251283646,0.054300691932439804,0.009083285927772411,0.008692387491464615,0.0004294076352380216,0.08580605685710896,0.015539516694843547,0.027151845395565033,0.016437567770481,0.0016113495221360408,0.0023254023399204016,0.9262838542461396,1.887379141862766e-15,0.03750557452440262,2.1511934846785152e-06
CCOP(=S)(OCC)ON=C(C#N)c1ccccc1,0.05977845688580658,16,Uncertain,0.055675938725471386,0.01612367108464241,0.09981957823038101,0.011927043087780365,0.007535422686487436,0.0012940465239805743,0.11193021386861801,0.017658494412899017,0.027839621528983005,0.040231842547654995,0.004353611730039009,0.0077532450668511554,0.0,1.7746163427645456e-09,0.5542923808097838,2.019809471676126e-05
CCNP(=S)(OC)OC(=CC(=O)OC(C)C)C,0.04215414029741347,16,Uncertain,0.01685383915901184,0.012616677209734806,0.06675209105014801,0.005968525540083647,0.004498944617807754,0.00043182799709018393,0.08300626277923584,0.011933325789868832,0.018600158393383026,0.012015662156045437,0.001303351018577814,0.002078225137665757,0.3576147079467773,3.301692252932753e-12,0.08079264312982537,2.8300581877971354e-09
C=CC=O,0.08451137086762572,15,Uncertain,0.028067888692021148,0.029461005702614562,0.07937742769718159,0.012319959700107352,0.012933675199746975,0.0009404351585543536,0.10818924754857995,0.02232263982295979,0.031299225986003765,0.021808449178933986,0.002738384762778767,0.004133775830268749,0.9837086260318756,3.030093580491666e-07,0.013674642890691646,0.0012062466703354202
O=c1[nH]cnc2nc[nH]c12 ,0.14795883098577167,15,Uncertain,0.3678721785545348,0.040776599198579566,0.18232564628124215,0.0600730963051318,0.03820599243044842,0.010432087816298008,0.20062239468097687,0.05784551799297322,0.07817500829696644,0.39120006561279275,0.053319454193115234,0.092237427830696,0.787216305732727,0.00014295890287030488,0.0018339855596422039,0.005062576383352169
Oc2ccc1ncccc1c2 ,0.18521650381826466,16,Uncertain,0.3616978526115415,0.04797270521521557,0.17926369607448556,0.06497841328382481,0.04587704315781582,0.011223153211176173,0.20674550533294656,0.06476571410894383,0.08197010308504105,0.3933279812335968,0.055666685104370006,0.09344484657049157,0.6988710880279541,0.6570146679878234,0.00010903413931373507,0.0005355719476938248
Fc1ccccc1,0.12002660254336463,16,Uncertain,0.2776689231395719,0.04207465425133705,0.15081703662872303,0.05009004473686196,0.037207845598459244,0.007451565004884975,0.17906774580478657,0.05270106345415104,0.06668912619352341,0.298513799905777,0.03600200265645981,0.061940785497426765,0.6542214632034302,5.5410664945299e-10,0.0012569455429910503,0.004722638521343359
CCCCl,0.05425018142013861,16,Uncertain,0.007689315825700649,0.00950479134917237,0.04914049431681622,0.0039796181954442345,0.00272664544172585,0.0002443547709843896,0.0669305771589278,0.009803556837141403,0.016168612986803055,0.006145204417407402,0.0007210755720733486,0.0009040816803461693,0.692027473449707,0.0,0.0016391697572544217,0.0003779309627134353
CCOC(=O)C,0.0738134159739075,15,Uncertain,0.01457015238702275,0.02058708295226075,0.054006610065698624,0.007368925027549156,0.007900143973529228,0.0003714942722580217,0.08232591301202763,0.015313819050788768,0.02256718836724736,0.012232007458806038,0.0012825015000997864,0.001786731998436042,0.9406925499439239,3.7150061871216167e-07,4.6989407564979047e-07,8.694178177393042e-06
CCCC(C)(C)C,0.054993418872618535,16,Uncertain,0.013365922495722549,0.03147529810667016,0.05248862504959095,0.010227171704172977,0.014774484559893608,0.0004937548656015478,0.09274625033140182,0.024945663288235553,0.025905949994921573,0.01614060252904881,0.0019463085336609565,0.0021574958227573715,0.1011477470397949,4.3298697960381105e-15,0.49140024185180664,0.0006791857886128128
Cc1cc(C)c(C)c(C)c1C,0.05675621484271493,16,Uncertain,0.08255270868539799,0.051243718713521846,0.08354222774505604,0.028156651183962822,0.036092981696128845,0.0023089242167769752,0.12409903109073617,0.04091782122850396,0.04212196543812741,0.08799725770950295,0.009345606900751369,0.013335865922272205,0.30574197769165035,6.435136015170428e-07,0.00018841518613044173,0.000453640561318025
CC12CCC(CC1)C(C)(C)O2 ,0.11211665865818247,16,Uncertain,0.04436194151639916,0.12359132617712021,0.11595672369003285,0.04387424141168583,0.10624796897172917,0.005047169979661592,0.1832803636789322,0.11317281424999215,0.05523555725812901,0.07277872413396824,0.015990519896149635,0.015186063013970852,0.52407808303833,0.01706908084452141,0.3579959571361542,3.534143200312201e-09
CCCCOC(=O)CCCCCCCCC(=O)OCCCC,0.03273176826235963,16,Uncertain,0.013378717005252838,0.025226976722478756,0.053381625562906154,0.008540579117834346,0.010536057874560245,0.0004258973058312021,0.08760669082403183,0.01943349093198765,0.024053333327173965,0.013568446040153392,0.0015484460163860403,0.0019043255597351871,0.20007362365722658,0.00010823447519214824,0.06392183899879444,8.778209270587922e-09
Clc1ccc(cc1)c2ccc(Cl)cc2 ,0.13059987581496119,16,Uncertain,0.34625184535980225,0.032363828271627426,0.20405781269073486,0.05902202799916256,0.02773045189678658,0.012958245351910369,0.206147938966751,0.058111872524023056,0.08447974175214756,0.366866797208786,0.0596632845699786,0.09484431892633416,0.0,3.805541437529314e-10,0.5370368957519531,6.295138882705942e-05
Cc1cccnc1C,0.1054336304654668,15,Uncertain,0.13386540114879597,0.04699645936489105,0.10306607186794281,0.03430138900876045,0.03570687398314465,0.0034863289911297723,0.14003147184848785,0.04355810582637776,0.04914080351591099,0.1400892585515976,0.014999851584434398,0.0234009027481078,0.917953622341156,1.921263447002275e-06,0.0002414383052381508,9.818709804676473e-05
CC(=C)C1CC=C(C)C(=O)C1,0.08277281204224202,16,Uncertain,0.04836334288120259,0.09175959974527337,0.10935073345899582,0.03629847988486279,0.06832920759916306,0.003835416166111827,0.16632618010044076,0.0783465728163718,0.05246852338314034,0.06335554271936394,0.011965809389948845,0.013072638772428036,0.4354525566101074,1.5078130672918633e-06,0.14543299376964558,5.887565748707857e-06
CCOP(=S)(OCC)SCSc1ccc(Cl)cc1,0.07956869773367799,15,Uncertain,0.04070903733372677,0.007945407181978226,0.093411885201931,0.007434999104589224,0.00309360190294683,0.0008751120185478412,0.09195713698863983,0.011401474475860374,0.021571150049567223,0.02681908756494522,0.0028707184828815624,0.005107032600790151,0.11426668167114262,1.2859943110399286e-09,0.8348273038864136,0.010808533988893032
COc1cc(cc(OC)c1O)C6C2C(COC2=O)C(OC4OC3COC(C)OC3C(O)C4O)c7cc5OCOc5cc67,0.08162687565825866,16,Uncertain,0.08005646616220463,0.07815457880496957,0.12359674274921395,0.039937078952789196,0.0618511326611042,0.004918578080832847,0.1693841814994812,0.07309172302484501,0.054392240941524395,0.09682990610599496,0.01658254675567139,0.020532358437776344,0.48479557037353516,0.0018944330513476215,4.586393970384961e-06,7.886536877776962e-06
c1cc2cccc3c4cccc5cccc(c(c1)c23)c54,0.14841708898197892,16,Uncertain,0.4084573984146118,0.055563751608133205,0.19402095675468445,0.07701256871223439,0.055516451597213634,0.014406762085855007,0.22614899277687062,0.07621161639690377,0.09329993277788162,0.44853389263153054,0.07087580114603043,0.11515382677316666,0.0,3.5435576695164173e-10,0.5316216945648192,0.007849777117371448
Cc1ccc(cc1N(=O)=O)N(=O)=O,0.07003987067629389,16,Uncertain,0.15296308696269978,0.02901818975806225,0.12573522329330444,0.027210144326090813,0.020031282678246387,0.003474895376711973,0.141174554824829,0.030512398108839767,0.04292275384068478,0.13399532437324524,0.01391132455319155,0.025721829384565242,0.37346286773681636,3.848847882181872e-06,0.0004664081789086394,3.379857662366703e-05
c1c(Br)ccc2ccccc12 ,0.11888782754214332,16,Uncertain,0.37332233786582947,0.021282117813825607,0.2736396491527556,0.063632532954216,0.015842003747820854,0.02424430288374424,0.23389714956283558,0.062245693057775386,0.10430850833654404,0.3878280818462372,0.10324045270681381,0.12671601772308339,0.03873357772827146,3.058833542013417e-08,0.06888336688280106,0.004389417823403963
CNC(=O)Oc1cccc(N=CN(C)C)c1,0.0574609110149747,16,Uncertain,0.0672638714313506,0.03150268271565415,0.09406130760908116,0.019809404388069995,0.018085762858390808,0.0017806460382415734,0.12343075871467579,0.028691597282886394,0.039005275815725216,0.059546079486608394,0.0067708445712924,0.010628871619701163,0.4000327110290527,2.129917575643958e-09,0.018497301265597232,0.00026745928335003555
COc2cnc1ncncc1n2,0.10496632615977425,16,Uncertain,0.2178649604320526,0.03370814025402058,0.13707882165908802,0.03867633640766144,0.026312753558158763,0.004866326227784046,0.161982700228691,0.041094884276389965,0.06008266285061825,0.21505975723266602,0.02456381730735302,0.041802484542131424,0.6738512277603149,0.001032771891914197,0.0005333039443937704,0.0009502699831499539
Cc3ccnc4N(C1CC1)c2ncccc2C(=O)Nc34 ,0.08651015497207475,16,Uncertain,0.19472208619117715,0.068546362221241,0.15163104236125946,0.056774187833070644,0.061395518481731415,0.008557196706533432,0.19156773388385762,0.07473944127559662,0.06965325027704217,0.22348639369010925,0.034498050808906444,0.049463234841823356,0.19653844833374023,3.0566130590159446e-05,0.0011340691708028316,0.00142489734571416
CCOP(=S)(OCC)Oc1nc(Cl)n(n1)C(C)C,0.02515249031686511,16,Uncertain,0.036159560084342846,0.01207402441650618,0.08343929797410965,0.00871111825108517,0.005119087174534576,0.0008064305875450373,0.09478253871202458,0.014162523671984562,0.02295527793467045,0.027056073769927025,0.0028566219843924046,0.0047273836098610245,0.0,8.621013591891824e-08,0.08958975225687016,6.843185218485814e-08
CC(=C)C=C,0.06528978145579453,16,Uncertain,0.025489991530776024,0.037871550768613815,0.071288801729679,0.014598472043871769,0.018533697351813205,0.0009556839941068374,0.11055655032396294,0.028456514701247215,0.033530570566654205,0.02454387955367565,0.0031673491466790438,0.004134639631956816,0.6441758632659912,0.0,0.027278441935777553,5.449674790725112e-05
CC(C)=CCCC(O)(C)C=C,0.06962412124009573,16,Uncertain,0.020742420107126236,0.041253652423620224,0.07116557657718636,0.014546555466949829,0.021263591945171245,0.0009891291847452521,0.11223491281270981,0.03247108310461044,0.03177400678396225,0.023350777104496845,0.003233209252357372,0.003898197552189231,0.6673079490661621,2.013678113144124e-11,0.06974638253450383,8.495905603922438e-06
COP(=S)(OC)Oc1ccc(SC)c(C)c1,0.06759427557326847,16,Uncertain,0.042387425899505615,0.008747492916882038,0.08045349270105362,0.0071583157405256115,0.0034687956795096397,0.0006894687539895639,0.08451876044273354,0.010355721227824577,0.01986597105860699,0.025963637977838405,0.002377973170951009,0.004503932315856218,0.08957242965698242,6.970950483520255e-10,0.6927477121353149,0.008697278797626384
OC1CCCCC1,0.09912983368093395,15,Uncertain,0.02916249819099903,0.08263847976922978,0.0885649099946022,0.02790173888206482,0.058889999985694774,0.002357084769755602,0.14918848872184742,0.07433266937732674,0.04439490288495995,0.04483918473124504,0.00809516292065382,0.0078118424862622104,0.8811921238899231,5.456129656522535e-06,0.0867023840546608,4.12106061276063e-07
O=C1NC(=O)NC(=O)C1(C)CC=C,0.09553160772759944,16,Uncertain,0.07050344347953774,0.092941053211689,0.13680773973464966,0.04295845702290524,0.07198210805654526,0.005997684318572172,0.1844809353351592,0.08449130505323399,0.05798967182636261,0.0848487764596938,0.01713641732931115,0.020394125953316578,0.6466325283050537,4.1034196328837425e-05,0.011296338401734829,4.10495749747497e-06
CC34CCC1C(CCC2CC(O)CCC12C)C3CCC4=O,0.07549346358114509,16,Uncertain,0.05394789576530434,0.14932794868946053,0.13058939576148987,0.054517891258001216,0.13753117620944955,0.00719938240945317,0.20363186299800862,0.13900314271450043,0.06304132193326939,0.0908086746931076,0.022011928260326163,0.02051633782684803,0.07774648666381834,0.0021761581301688038,0.0558447390794754,1.074905640052748e-06
OCC(O)C(O)C(O)C(O)CO ,0.07602202573963457,15,Uncertain,0.014819910749793053,0.03203918412327755,0.06795377284288395,0.010349395684897789,0.01484654564410437,0.0007008911925368011,0.10089187324047078,0.025351397693156974,0.025653451681136974,0.015557008795439975,0.002084301318973192,0.0026694322004914284,0.8792016983032227,0.024233216419816017,2.9541402568611375e-07,3.652992575098324e-08
Cc1ccc(cc1)c2ccccc2,0.08900521397156416,16,Uncertain,0.24906198680400837,0.05070963129401196,0.14079637825489044,0.052013326436281204,0.04469983652234055,0.007095669396221638,0.17816047370433796,0.05716821178793896,0.06812909245491017,0.2701804041862488,0.03336366266012181,0.054201457649469154,0.19412469863891602,1.0964032526317169e-07,0.009510301053524017,0.014868183061480411
CCNc1nc(Cl)nc(NC(C)C)n1,0.04934866199932552,16,Uncertain,0.06365009397268284,0.026384789496660233,0.09460975229740143,0.019570764154195563,0.015056377276778221,0.0018257292686030269,0.12161511927843083,0.028911339119076618,0.03971245512366284,0.062096357345581055,0.007571620400995016,0.01068621315062035,0.29786796569824214,3.7237890637698e-07,9.596364179742523e-06,1.0046663192042615e-05
NC(=S)Nc1ccccc1,0.08915861492714602,16,Uncertain,0.15276964008808114,0.03305846080183983,0.15015622973442055,0.03340246900916077,0.02250649593770504,0.0057183923199771725,0.16213586926460266,0.040709808468818554,0.05280720070004463,0.13664878904819477,0.019419236108660587,0.03198374435305584,0.5408833503723144,0.0013476088643074036,0.0016079627675934516,0.04138258099555958
CCCC(=O)CCC,0.07175558209615046,16,Uncertain,0.012036239728331344,0.023185115307569393,0.04730955511331536,0.007718873675912619,0.009357744827866443,0.0003321047988720238,0.08189346641302098,0.017583640292286762,0.022952768951654434,0.012309174053370842,0.001310095307417214,0.001574916997924447,0.5592905044555664,3.836446921923198e-06,0.35123124718666054,2.9981716664906344e-08
CC(=O)C(C)(C)C,0.08175344664979438,15,Uncertain,0.023299114778637775,0.048189807683229446,0.07979263365268696,0.017126811668276565,0.026640065014362224,0.0013433977728708468,0.12202920764684655,0.038914352655410545,0.034179605543613434,0.027460608631372452,0.00417887419462204,0.004951997194438951,0.7516049861907959,6.570299859731676e-13,0.128337800502777,5.8832661125052255e-06
Oc1ccc(Cl)cc1,0.13295838826377343,15,Uncertain,0.30991092324256875,0.031231865286826976,0.18778185546398163,0.05256357416510582,0.0261263195425272,0.010535833425819763,0.19224229454994202,0.05272432416677464,0.07601983100175835,0.3252915143966675,0.04844463989138603,0.0788874626159668,0.723649263381958,0.0010624662972985588,0.010854138992726803,7.90579906606581e-06
O=C1CCCCC1,0.08950163860185958,15,Uncertain,0.03567468002438545,0.08535318076610565,0.09384066611528374,0.030694821849465148,0.061602696776389965,0.002734309062361606,0.15383793413639058,0.07527757436037064,0.04732315987348534,0.051074687391519435,0.009260838851332553,0.00929811131209124,0.7725191116333008,2.807660712278448e-05,0.0034867289941755697,1.9639875972643495e-05
Cc1cccc(N)c1,0.15056935425818657,14,Uncertain,0.1740691065788268,0.048627007752656826,0.11602607369422901,0.04043057560920704,0.039280734956264385,0.004605086054652818,0.15278199315071106,0.048009246587753185,0.05521031841635704,0.18278950452804565,0.020359523594379425,0.03270672261714924,0.7253514289855957,0.7567055821418762,0.00013632734771817923,0.012020436115562805
ClC(Cl)(Cl)C#N,0.04954635403190221,16,Uncertain,0.02801857702434063,0.008169832639395969,0.15183603763580322,0.00795050710439682,0.0026838008780032396,0.0024795634672043487,0.11138952523469925,0.014163092710077652,0.021695608273148426,0.01675719767808903,0.003570743603631854,0.005337240174412616,0.41811103820800777,0.0005631900858134031,1.570957829244435e-05,2.151187006305122e-10
CNc2cnn(c1cccc(c1)C(F)(F)F)c(=O)c2Cl,0.0668700823027627,16,Uncertain,0.14669224619865395,0.033693209290504456,0.1389099657535552,0.03294520080089558,0.024394631385803223,0.004717846866696962,0.15746015310287453,0.04075442999601364,0.051947418600320816,0.14555206894874562,0.018780859187245147,0.030482884496450424,0.15739660263061528,3.404045969546132e-07,0.08609577268362045,9.768649761099368e-05
CCCCCCCCC(=O)C,0.03897444257686393,16,Uncertain,0.012374739162623771,0.025336256250738987,0.049720894545316585,0.008387551642954238,0.010559992864727752,0.0003817147808148347,0.08572982251644123,0.0194871388375758,0.02397862635552883,0.013198460452258365,0.0014704343629999839,0.0017343813087790094,0.2240713596343994,0.0,0.14711833000183105,4.137851283303462e-05
CCN(CC)c1nc(Cl)nc(NC(C)C)n1,0.036600582614137935,16,Uncertain,0.0506693236529826,0.025995489209890144,0.0861576497554778,0.017313152551651,0.01418898720294215,0.0014489843742919728,0.11556074023246765,0.027237672358751186,0.03696333989500977,0.050165381282567756,0.006009414326399454,0.008243841119110362,0.1456188201904297,4.560237520934152e-09,3.241180093027651e-05,4.109313067601761e-06
CCOC(=O)c1ccc(N)cc1,0.08786024428394504,16,Uncertain,0.10524450987577416,0.0367492251098156,0.1106780469417572,0.027518190443515556,0.024512711912393348,0.0029296872671692453,0.14153876900672901,0.03672070801258076,0.04697500541806221,0.10148707032203663,0.01194570306688536,0.018843496218323597,0.5280768871307374,0.2125166654586792,7.894460395618808e-06,1.9337898265803233e-05
Clc1ccc(Cl)c(Cl)c1,0.11446397888369975,16,Uncertain,0.2916087806224822,0.018379319459199794,0.22624340653419484,0.04549231380224217,0.013297144323587418,0.013112538494169601,0.18972037732601166,0.044847674667835236,0.07606685161590554,0.28777578473091125,0.05223994329571724,0.08102103322744358,0.0,4.718447854656915e-14,0.4916184842586516,9.78079661706488e-09
Cc3nnc4CN=C(c1ccccc1Cl)c2cc(Cl)ccc2n34,0.11934138037953335,16,Uncertain,0.2515907287597656,0.0455472208559512,0.17215120792388894,0.05512240156531323,0.038827739655971416,0.010024663060903438,0.19122597575187683,0.06234652176499356,0.07332025468349435,0.26800450682640053,0.041696395725011826,0.0635789781808852,0.024834537506103538,3.97519848149841e-08,0.6109280586242676,0.00026285543572135417
Oc1ccccc1O,0.15010897588708966,15,Uncertain,0.3200177848339081,0.04583270475268364,0.16716212034225464,0.05823364481329896,0.04251598194241524,0.009462036192417034,0.1939629465341568,0.05962814763188362,0.07450702041387536,0.3477388322353362,0.04603651911020257,0.07821881771087635,0.9472851157188416,0.011097412556409836,4.358428850537166e-05,9.451163691664988e-07
CCN2c1ncccc1N(C)C(=O)c3cccnc23 ,0.08095441409823244,16,Uncertain,0.15437608957290638,0.04855333641171444,0.12565411627292622,0.03991539776325226,0.03798528388142586,0.004822547081857809,0.1613611578941344,0.05070040374994256,0.0572204515337944,0.16081352531909943,0.020713437348604202,0.03146151825785615,0.3920147895812989,0.0005329892737789832,0.00701679941266764,0.0021287822164594017
CSC,0.06744989454100497,15,Uncertain,0.0034899290185419485,0.0019256777595727526,0.03540876880288124,0.0009304292616434395,0.000290832482278236,6.025788752594963e-05,0.03646264970302582,0.002230467274785042,0.0069921063259241745,0.0014454922638832413,0.00012864914606325328,0.0002089739427899584,0.8891210913658142,0.0,2.2624648408964276e-05,0.10048036277294137
Cc1ccccc1Br,0.10784474349914026,16,Uncertain,0.215380236506462,0.014520722441375256,0.24358609318733193,0.042700495570898056,0.008646469563245551,0.01730823516845703,0.19507540762424458,0.0488232485949992,0.08160099387168884,0.21737736463546742,0.0631546452641486,0.06774525344371785,0.46457452774047847,1.7424326870241202e-05,0.04465176910161961,0.0003530089452395968
CCOC(=O)N,0.08191705141756664,15,Uncertain,0.019850220531225204,0.02190077118575562,0.06742960959672917,0.008800004608929046,0.008843416348099598,0.0005843507824464522,0.0929301306605338,0.016994645819067844,0.024782946333289035,0.01549150515347697,0.001792614348232635,0.0026618363335727535,0.9608132421970368,0.0677836388349532,1.3889870388084091e-05,7.732992024500618e-11
CC(=O)OC3(CCC4C2C=C(C)C1=CC(=O)CCC1(C)C2CCC34C)C(C)=O ,0.05863867469971629,16,Uncertain,0.05526653677225102,0.11152542382478703,0.12414268404245354,0.04377595707774162,0.09130581468343724,0.005427598487585561,0.18363873660564423,0.0985439121723174,0.05685190111398675,0.07659213989973057,0.016249494627118,0.017299579456448444,0.04924144744873049,0.0028564247768372297,0.0054872301407158375,1.3914065675635356e-05
CC(C)C(O)C(C)C,0.06283859159022702,16,Uncertain,0.013815210200845973,0.03365500643849362,0.05859970673918724,0.010900095105171204,0.015890054404735343,0.0006025525508448482,0.09852220863103855,0.02697523869574059,0.02692597359418858,0.016591746360063442,0.0021531214006244026,0.0024250426795332514,0.6982915878295899,4.518607710224387e-14,6.988204404478893e-05,3.87694853998255e-08
c1ccc2ccccc2c1,0.10945311980235115,16,Uncertain,0.33771276473999023,0.05067329108715035,0.16683344542980183,0.063288353383541,0.04829533025622357,0.01026583556085825,0.20127047598361958,0.06471865624189355,0.07932237535715103,0.3701106309890746,0.05041280388832081,0.08422730118036259,0.19674415588378902,4.130484843045679e-09,0.002697957446798571,0.02467653527855862
CCNc1ccccc1,0.07908283436671663,16,Uncertain,0.0979616567492484,0.03600019961595524,0.09376940876245476,0.0261748544871806,0.024366013705730438,0.0022976817563176155,0.13160443305969216,0.03520045056939125,0.04504783824086178,0.10126161575317383,0.010660325177013763,0.01625564321875561,0.6135479211807251,1.5088662541629105e-09,0.026325421407818572,0.004851884674280771
O=C1NC(=O)C(N1)(c2ccccc2)c3ccccc3,0.11498477168463497,16,Uncertain,0.23444460332393646,0.08143034577369679,0.17964518070220936,0.06987842172384262,0.07714557647705056,0.012955893762409576,0.2187466323375702,0.09175246208906163,0.08044872432947137,0.2732797861099242,0.04783583804964997,0.0688205137848854,0.3608849048614502,2.3114623104447674e-08,0.041014861315488815,0.0014725791988894343
Cc1c2ccccc2c(C)c3ccc4ccccc4c13,0.08273072219604019,16,Uncertain,0.26906949281692505,0.05431991443037976,0.14902737736701965,0.05675833299756039,0.04922708123922337,0.008255495689809211,0.18576334416866302,0.061869461089372635,0.07154388725757577,0.29036208987236023,0.03818105533719063,0.06150895357131936,0.0,5.851110174148744e-08,0.01616220548748959,0.011642805300652759
CCOP(=S)(OCC)SC(CCl)N1C(=O)c2ccccc2C1=O,0.06785378781611576,16,Uncertain,0.04981986433267582,0.017718635499477164,0.10533886402845383,0.012778736650943645,0.008510232903063186,0.0015786944422869764,0.11548631638288476,0.02097855880856503,0.028707867488265038,0.03850513696670521,0.004888298921286949,0.007909552194177993,0.0,1.3082154737276142e-06,0.6734379529953002,5.852282924934116e-07
COc1ccc(cc1)C(c2ccc(OC)cc2)C(Cl)(Cl)Cl,0.03862550398334855,16,Uncertain,0.08435326814651478,0.027415379881858826,0.1135118305683136,0.021806145086884388,0.01633094623684883,0.0028686714358625576,0.12977519631385803,0.030687326565384754,0.03868171200156201,0.07501613348722436,0.009655140340328217,0.014857202768325806,0.0516690254211426,7.339664443861693e-05,0.0012321938993408166,7.449493568856269e-05
Fc1cccc(F)c1C(=O)NC(=O)Nc2cc(Cl)c(F)c(Cl)c2F ,0.06869373122419634,16,Uncertain,0.21773238480091084,0.03412652760744084,0.17528733611106861,0.04256942123174656,0.02607470564544201,0.008064898662269004,0.17870277166366555,0.047422781586647034,0.06290271878242482,0.21001435816287983,0.03093517944216717,0.05165296792983998,0.0,2.3202335341920843e-07,0.013613245449960232,1.7048732559032942e-07
O=C1N(COC(=O)CCCC)C(=O)C(N1)(c2ccccc2)c3ccccc3,0.06778279701859438,16,Uncertain,0.10804671794176102,0.057843971997499355,0.12885117530822743,0.03806161507964123,0.04339374601840962,0.0048685274086891495,0.1685519963502884,0.05790870636701584,0.05637739226222016,0.11878325045108784,0.017679881304502376,0.024865677580237167,0.24888801574707042,0.0012585229706018053,0.0091319940984248,1.3561411833507009e-05
CN(C)C(=O)Nc1ccc(Cl)cc1,0.06645113483579129,16,Uncertain,0.10580168664455403,0.029495516791939624,0.12379069626331318,0.026518214493989833,0.01848301850259304,0.003355802735313551,0.1440778374671936,0.034910131245851406,0.048643890768289344,0.09810443967580784,0.012836321257054806,0.01992611400783062,0.3627453804016112,1.0670387240452328e-08,0.022691667079925426,0.011837429367005825
OC(Cn1cncn1)(c2ccc(F)cc2)c3ccccc3F,0.09704047510695082,16,Uncertain,0.2063075304031372,0.05277759209275246,0.14869067072868336,0.0486287623643874,0.045525070279836655,0.00742014031857241,0.17686381936073303,0.05851985141634941,0.06159173324704159,0.22721719741821278,0.03029559925198544,0.04857315123081196,0.4248156547546388,0.00021830470359396337,0.009005540050565974,0.006196984089910762
CC(=O)OCC(=O)C3(O)C(CC4C2CCC1=CC(=O)C=CC1(C)C2(F)C(O)CC34C)OC(C)=O ,0.07978541622434808,16,Uncertain,0.05674646794795979,0.1039799079298972,0.131037876009941,0.04192297905683495,0.0824664458632468,0.0055927191860971615,0.18418075144290924,0.09260651469230641,0.05594901740550984,0.07472218573093403,0.015844970941543357,0.017660079523921013,0.4132088661193848,0.00038694290560659095,0.0002536583051550023,7.276528322108788e-06
CCCCBr,0.04691480881447197,16,Uncertain,0.01038643904030323,0.004631508141755947,0.10047467052936543,0.004987858235836029,0.0010729602072385713,0.001185650355182366,0.08828677237033844,0.012687765061855205,0.022614156827330367,0.008305784314870834,0.002577980048954376,0.002038627862930187,0.4577213764190674,0.0,0.02267526276409615,0.010990128852427006
Brc1cc(Br)c(Br)cc1Br,0.14424598616758993,16,Uncertain,0.3034522235393524,0.002324905013665446,0.528679370880127,0.0438542440533638,0.0009254977921954177,0.128254234790802,0.2701658308506012,0.04466266930103302,0.1339355707168578,0.2590894103050232,0.26827359199523926,0.18318788707256295,0.0,2.0074635358469095e-06,0.14112710952758778,1.225379492098e-06
CC(C)CC(=O)C,0.07565678965506215,15,Uncertain,0.014869035221636184,0.02841927297413338,0.05568958073854435,0.00973836425691843,0.012517145834862964,0.000500996015034616,0.09199834614992142,0.02186308242380597,0.025868667289614566,0.015520881861448177,0.0018273860914631568,0.0022202746476978064,0.7415497064590454,2.3314683517128287e-15,0.18791954219341256,6.352323453029385e-06
CCSC(=O)N(CC)C1CCCCC1 ,0.06671336936790331,16,Uncertain,0.02030574344098557,0.03257473558187485,0.073272444307804,0.012990957126021163,0.016002671793103218,0.0009963297052307807,0.10870590806007385,0.030337026342749374,0.02977597527205944,0.021847013384103553,0.0032023172825573765,0.0037125395610928535,0.279294490814209,2.8960988856852055e-05,0.4343389868736266,2.7809352104668505e-05
COc1ccc(Cl)cc1,0.09061969291658195,16,Uncertain,0.14856494963169076,0.023941149935126194,0.12510891258716583,0.02833769842982281,0.01576380617916584,0.003566770115867146,0.14127343893051136,0.0323246344923972,0.051587436348199844,0.13824914395809162,0.01630898006260384,0.026308048516511806,0.49078712463378904,1.0666077088217207e-07,0.20721721649169922,0.0005756696918978177
CC1(C)C(C=C(Br)Br)C1C(=O)OC(C#N)c2cccc(Oc3ccccc3)c2,0.12267428525956336,15,Uncertain,0.1200132444500922,0.039286501705646404,0.1758962869644164,0.03847505897283543,0.026501523330807575,0.00915939826518275,0.18204891681671143,0.05813937261700619,0.0598096027970314,0.12466073036193837,0.02674540318548657,0.03332456573843945,0.0,0.32272544503211953,0.7304856777191162,0.015516836196184047
CCC(C)C1(CC=C)C(=O)NC(=O)NC1=O,0.06865375366749087,16,Uncertain,0.04857371747493744,0.0693669244647026,0.10862904787063576,0.030033191666007042,0.04718094691634156,0.0032015612814574324,0.15540212392807007,0.06093093007802963,0.0476306676864624,0.05732789263129223,0.009996019303798565,0.011851667426526435,0.44547247886657715,2.8285423468332738e-05,0.0028344960883257553,1.0757322144172576e-07
COP(=S)(OC)Oc1ccc(N(=O)=O)c(C)c1,0.04252908661392193,16,Uncertain,0.06375633180141438,0.01219522301107645,0.0948837175965308,0.01026696991175402,0.00567974243313063,0.0010868818499145672,0.10044021159410454,0.013782792724668758,0.024096250534057617,0.04269121214747418,0.003904120298102387,0.007696693763136753,0.08772821426391597,1.0913792092281938e-10,0.21172066032886505,0.0005363634554668151
Ic1cccc2ccccc12,0.12886824668980032,16,Uncertain,0.3652569353580474,0.010814984329044819,0.32126328349113464,0.05199502035975445,0.006518070586025604,0.02883630059659481,0.23334549367427826,0.05088340863585461,0.10496830195188522,0.35698142647743225,0.12498766183853138,0.12877631187438965,0.15566492080688477,1.5339951531245788e-10,0.12140332907438256,0.00019649782916530967
OCC(O)C(O)C(O)C(O)CO,0.07602202573963457,15,Uncertain,0.014819910749793053,0.03203918412327755,0.06795377284288395,0.010349395684897789,0.01484654564410437,0.0007008911925368011,0.10089187324047078,0.025351397693156974,0.025653451681136974,0.015557008795439975,0.002084301318973192,0.0026694322004914284,0.8792016983032227,0.024233216419816017,2.9541402568611375e-07,3.652992575098324e-08
CCS,0.06768229937479184,15,Uncertain,0.0062722088769078255,0.007231051102280617,0.04363599047064781,0.0029924288392065845,0.0018514188705012202,0.00017016628407873213,0.05852865800261475,0.0073696570470928036,0.013659827411174552,0.004564550705253967,0.0004920297069473945,0.0006460582371800028,0.9300519347190856,0.0,0.0004739261930808425,0.004976883530616649
ClCC(Cl)Cl,0.05634981597295328,15,Uncertain,0.007895042188465373,0.004122619982808828,0.08789415657520283,0.00282932212576259,0.0009051790693773709,0.0006045746267772101,0.06801331788301457,0.006743010599166044,0.012155747972428577,0.003951563034206629,0.0007708846242165945,0.0010775866685434066,0.7037349224090577,7.581782119814306e-05,0.00010329949873266742,0.000720010488293954
CN(C)C(=O)Oc1cc(C)nn1c2ccccc2,0.07946494469387207,16,Uncertain,0.11762797832489003,0.03776290640234936,0.11124096065759637,0.029081953689455764,0.02588031068444241,0.0031464716885237776,0.14160913228988636,0.03738306090235699,0.04769510403275479,0.11260119825601556,0.012840420939028152,0.02071036957204342,0.4741116046905518,1.6977562466991003e-08,0.09855847805738438,0.0011891479371114455
NC(=O)c1ccccc1O,0.1202946587153064,15,Uncertain,0.19943153858184803,0.046954307705163845,0.15226058661937703,0.044398847967386246,0.03762618079781521,0.006829840596765169,0.1765669882297516,0.05162787437438965,0.06161842495202996,0.19773143529891957,0.026613734662532806,0.04464367032051075,0.7980427265167236,0.08031492680311203,3.428144918871112e-05,1.9174569388269447e-05
Cc1ccccc1N(=O)=O,0.0837189277467359,16,Uncertain,0.1581568121910094,0.03484250232577324,0.12020796537399281,0.0310178492218256,0.02546504512429215,0.003779043210670241,0.14396949112415303,0.035748034715652355,0.046347834169864655,0.14917121827602386,0.015668591484427452,0.027647890150547028,0.5439070224761963,2.822054193529766e-05,0.0028161124791947767,0.0007292110822162412
O=C1NC(=O)NC(=O)C1(C(C)C)C(C)C,0.06908950821577012,16,Uncertain,0.05096444860100735,0.07649999111890782,0.11524270474910714,0.033204786479473,0.05433801934123017,0.0038032482843846083,0.16355276107788086,0.06881759315729141,0.04991726577281941,0.06318159401416756,0.011686894111335167,0.013470429927110561,0.39990081787109377,2.7242994526943676e-09,0.0008515738300045594,3.9220915404314383e-10
CCc1ccccc1C,0.0592413617777054,16,Uncertain,0.08778455853462197,0.042448628693819046,0.08682657778263081,0.026771511882543453,0.029218101873993763,0.002213250147178547,0.12706886231899261,0.037639182060956844,0.043371491134166607,0.09324155002832402,0.009851825423538574,0.014360670000314602,0.31944198608398433,3.549338316588546e-06,0.02145027182996262,0.006169771309942007
CCCCCCCCl,0.020557026328970024,16,Uncertain,0.009207241237163433,0.01561731845140435,0.04833242297172535,0.0057574789971112095,0.005418440792709367,0.0002961916325148195,0.07556535303592682,0.014107036404311546,0.019625693559646606,0.008852606639266014,0.001024753088131436,0.001201677368953824,0.03603429794311519,0.0,0.07089258730411518,0.016979321837425232
O=C1NC(=O)NC(=O)C1(CC)CC,0.07947844973968407,16,Uncertain,0.05419357493519783,0.0720125064253806,0.112328141927719,0.032247159630059974,0.050757542252540366,0.003548806067556032,0.1593029350042342,0.06437858939170815,0.04934001341462124,0.06391789019107796,0.011289666406810173,0.013354525901377201,0.5829721450805664,0.0005933861248194061,0.0014183017192408442,1.1362035756690148e-08
C(Cc1ccccc1)c2ccccc2,0.07994052318624362,16,Uncertain,0.1629122346639632,0.054236844182014354,0.11757922172546376,0.04228709265589703,0.04469540715217579,0.004944222979247348,0.157810240983963,0.05305974557995785,0.0560828261077404,0.1799662709236144,0.021314522251486556,0.032972872257232555,0.20049057006835935,1.7424488305550767e-06,0.007668324280530214,0.1430262327194214
ClC(Cl)C(Cl)Cl,0.05309982801547328,16,Uncertain,0.009923727251589187,0.00464670732617356,0.11206582933664322,0.0035863497760145746,0.0011150967329740524,0.0010862925555555902,0.07894582301378239,0.008400389924645424,0.013241230510175228,0.005143927875906229,0.0011899778619407497,0.0016484991647301994,0.5827109336853027,0.00012221054930705577,0.025764856487512366,5.3961953199177515e-06
CCN2c1cc(OC)cc(C)c1NC(=O)c3cccnc23 ,0.06267702496479605,16,Uncertain,0.12839418649673462,0.04462190717458725,0.1122041568160056,0.03376350551843643,0.032625332474708446,0.003610942978411802,0.14695389568805683,0.04372347518801678,0.05132139101624478,0.12827220559120156,0.015382907353341357,0.023542936891317146,0.23161168098449714,0.0008628039504400276,0.003966709598898777,0.001974361715838202
Cc1ccc2c(ccc3ccccc32)c1,0.09242658139246533,16,Uncertain,0.29072248935699463,0.053347520530223846,0.15663687884807587,0.059562817215919384,0.048868894577026145,0.008980404585599788,0.1931491643190384,0.06355918198823918,0.07598814368247986,0.3163889944553374,0.04262438416480996,0.0686374306678772,0.0,9.820506363666937e-08,0.045823629945516364,0.05453526973724365
CCCCOC(=O)c1ccccc1C(=O)OCCCC ,0.036542045968616946,16,Uncertain,0.044051285833120235,0.030896630138158576,0.08141107857227325,0.01648363471031178,0.016779573634266853,0.001279940945096203,0.11465301364660263,0.027396781370043644,0.034743692725896835,0.042678501456975826,0.004900512285530345,0.007028351072221772,0.15350980758666988,0.004304650239646435,0.004554470535367616,8.107456892503251e-07
COc1c(O)c(Cl)c(Cl)c(Cl)c1Cl ,0.06936302433367422,16,Uncertain,0.1737365424633026,0.016504649072885402,0.17221558094024636,0.029732730239629634,0.01033921819180239,0.006293705198913813,0.15322493016719796,0.03251136839389801,0.05567703768610943,0.1564972549676894,0.0240115225315094,0.037884391844272614,0.24117889404296888,1.9173956644635837e-08,5.444211410576827e-07,3.2640556923979602e-12
CCN(CC)C(=O)C(=CCOP(=O)(OC)OC)Cl,0.055775903819484454,16,Uncertain,0.016371313482522853,0.011213493533432373,0.06892041116952874,0.005583438090980053,0.003782071406021603,0.0004548190045170486,0.08164376765489556,0.011163126677274593,0.01802990585565556,0.01097010262310505,0.001259739976376184,0.001998096937313565,0.5378844261169433,4.7512137825833634e-05,0.12309222668409336,9.761265573615674e-09
CC34CCC1C(=CCc2cc(O)ccc12)C3CCC4=O,0.07876882376103814,16,Uncertain,0.12154576182365395,0.12317148596048344,0.15610447525978077,0.06765840947628021,0.11873281002044656,0.010818745009601005,0.21632947027683236,0.12295597046613682,0.07424896955490101,0.17068815231323242,0.0361015684902668,0.04112644866108883,0.0,0.00011641134187811986,0.0006348934839478515,6.760803807992488e-05
CCOC(=O)c1ccccc1S(=O)(=O)NN(C=O)c2nc(Cl)cc(OC)n2,0.07128060057430041,16,Uncertain,0.08556298166513443,0.017719538882374652,0.10752656310796715,0.016558622941374557,0.009584305807948001,0.0019071081187576056,0.11778129637241364,0.02083403244614601,0.033803623169660346,0.06601557880640019,0.007217691745609045,0.01266281772404898,0.21818141937255864,0.422441691160202,0.0026834711898118258,8.866678399499506e-06
COc1ccc(cc1)N(=O)=O,0.0758629842189747,16,Uncertain,0.13376876711845376,0.026674794033169635,0.11296485364437103,0.02453203499317158,0.017563944682478794,0.00264229648746539,0.13379132747650146,0.02813958004117001,0.04286200180649735,0.11702479422092416,0.011688445694744365,0.020924551412462966,0.5359452247619629,3.897602073266171e-05,0.004976102616637834,0.0002700524928511694
CCCCCCCl,0.0262852771942561,16,Uncertain,0.008971879258751758,0.014480772428214439,0.04842717200517643,0.005453177262097375,0.004881959408521652,0.00028726435266424044,0.0742020085453986,0.013346590101718792,0.01908714883029461,0.008385979570448177,0.0009732591570353888,0.0011510222684592009,0.14602556228637698,0.0,0.059551641345024,0.015338998287915961
Clc1cc(c(Cl)c(Cl)c1Cl)c2cc(Cl)c(Cl)c(Cl)c2Cl,0.08847596060677729,16,Uncertain,0.3029667139053345,0.016603952273726352,0.25466811656951904,0.04664551094174385,0.011794107034802437,0.01631176471710205,0.1976328343153,0.04568262398242939,0.07863418757915475,0.293616384267807,0.05991581454873085,0.0911097303032874,0.0,7.771561172376096e-16,3.362926872796379e-05,7.701617121824711e-13
OCC1OC(CO)(OC2OC(COC3OC(CO)C(O)C(O)C3O)C(O)C(O)C2O)C(O)C1O,0.1008233065403665,15,Uncertain,0.03462412953376759,0.08248429745435704,0.10514333844184864,0.029045663774013408,0.06019030511379242,0.0030440588016061865,0.1558263897895812,0.07283927500247944,0.04402291402220715,0.047587618231773154,0.00908134039491404,0.0098411301150918,0.9547142565250397,0.004728042520582565,1.2559353557151098e-10,1.4479921617294167e-07
CCCCCCCCCCCCCCCCCCCCCCCCCC,0.022534840292791958,16,Uncertain,0.010460893623530754,0.02471204102039315,0.04553660005331017,0.007822933606803417,0.010188261978328228,0.00032409996492777093,0.08273720741271962,0.019275158643722423,0.02298186719417561,0.012060177512466796,0.0013236199738455579,0.001470384537242242,0.0,0.0,0.11984997987747181,0.0018142192857337758
CCN2c1ccccc1N(C)C(=O)c3cccnc23 ,0.07367866086970018,16,Uncertain,0.1533300280570984,0.0496823750436306,0.12501874566078186,0.04026552289724339,0.038978200405835994,0.004847342148422973,0.16181260347366322,0.0514390766620636,0.05746118724346161,0.16028422117233254,0.0207175351679324,0.03133584186434746,0.2641696453094482,0.00013351705274544656,0.01732531748712063,0.0020574142690745756
CC(Cl)Cl,0.07053327788526079,15,Uncertain,0.009444318711757549,0.006415652111172565,0.07896285504102696,0.003834253642707952,0.001656660228036233,0.000547512259799765,0.07445503026247025,0.009172942489385605,0.015271898359060176,0.005831045564263948,0.00099188182502985,0.0013289889320730053,0.7464277744293213,1.7763568394002505e-15,0.0017628753557800136,0.17242875695228554
Nc1ccc(cc1)S(N)(=O)=O,0.07537962481470853,15,Uncertain,0.10971859097480763,0.01035660970956076,0.10995147377252557,0.013177895918488391,0.005570382811128982,0.0017452148022130132,0.10766576975584019,0.01436263509094704,0.02639203891158104,0.07590675354003895,0.006871144287287967,0.014340676367282756,0.7064703464508056,0.0015582399209960185,8.293957876048808e-08,0.0019861417822537586
CCCN(CCC)c1c(cc(cc1N(=O)=O)C(C)C)N(=O)=O,0.026625273655866893,16,Uncertain,0.05028618499636639,0.027811674401164055,0.08200535178184498,0.016138777136802562,0.015422334894537815,0.001270650653168448,0.11178954690694798,0.024977635592222214,0.0325418822467326,0.047629956156015174,0.005063761491328367,0.007582371588796155,0.0,5.43130363439559e-06,0.00343188620172441,4.6933142584748566e-05
ClC1C(Cl)C(Cl)C(Cl)C(Cl)C1Cl,0.06972670000962108,16,Uncertain,0.0342988185584544,0.03633524104952801,0.1572786420583724,0.022831156849861034,0.020987488329410442,0.005778450518846401,0.15671569108963002,0.05934390053153016,0.03897377476096142,0.03813217952847481,0.010604197159409412,0.011602753773331642,0.4835726737976074,3.89421650481836e-08,1.499600216448016e-06,0.03917069360613823
CCOP(=S)(NC(C)C)Oc1ccccc1C(=O)OC(C)C,0.03540493266394415,16,Uncertain,0.04008585214614857,0.018370864912867435,0.08401776850223541,0.011577653698622958,0.008838354609906562,0.0010080375941470265,0.104552961885929,0.019095588475465552,0.027051977813243755,0.03361384943127621,0.0036608397495000444,0.005826855078339355,0.14127521514892583,1.4424681182845234e-07,0.06750278919935215,1.7013033470902883e-07
Clc1cccc(Cl)c1Cl,0.09348771321956909,16,Uncertain,0.2771744728088378,0.018759837374091037,0.21997921168804158,0.043943915516137966,0.013473874889313953,0.012648425064980762,0.18598957359790802,0.04428378865122784,0.0725710093975066,0.2732127904891968,0.04854321479797363,0.07605060935020436,0.15675191879272465,3.097522238704187e-14,0.05242076888680436,2.081251837537934e-10
ClC(Cl)(Cl)Cl,0.04190996675627422,16,Uncertain,0.013745294883847237,0.0023756390437481567,0.15152610838413216,0.0029010791331528507,0.0005052744527346276,0.0013151343446223818,0.08377771824598301,0.005966945551335812,0.011537655256688373,0.006092028226703405,0.001369607518426963,0.002150396117940434,0.38723354339599614,4.5006167681549414e-08,6.272636528592557e-05,2.721736223065818e-07
O=N(=O)c1cc(Cl)c(Cl)cc1,0.08170178732381177,16,Uncertain,0.2356951981782912,0.021151803433895,0.18508611619472504,0.03617327660322178,0.014983631670475006,0.007672179024666437,0.1707783192396164,0.03669837862253178,0.05948155000805844,0.21721763908863057,0.030719446018338203,0.05307624489068985,0.13682355880737307,6.041543088031176e-08,0.10167090594768524,2.8903735938001773e-07
OC1CCCCCCC1,0.10132662779902113,15,Uncertain,0.028204239904880413,0.08025607466697682,0.08606741577386834,0.026992755010723957,0.05635516718029965,0.0022020922042428337,0.146622896194458,0.07200238108634938,0.0437406487762928,0.04333289712667465,0.007686741650104412,0.00738392025232304,0.7794335365295411,3.7776887893414823e-06,0.24094057083129883,9.299075145463576e-07
CC1(O)CCC2C3CCC4=CC(=O)CCC4(C)C3CCC21C,0.07861073971373281,16,Uncertain,0.0624091662466526,0.1614764928817748,0.14067138731479645,0.06100161373615265,0.15363077819347382,0.008783672004938015,0.2141110748052596,0.15004101395606984,0.06720856577157963,0.10319536179304123,0.026055876165628433,0.02465325780212857,0.07943096160888674,0.003402853850275167,0.0016988595016299568,8.997874374472303e-07
CCOc1ccc(NC(N)=O)cc1,0.07365519521372327,16,Uncertain,0.08723207563161839,0.0353713072836398,0.10600525885820378,0.02423132024705399,0.02223917096853245,0.0024903661105779573,0.13502512872219086,0.03351577743887901,0.04333139955997456,0.07981787621974945,0.009497026912868023,0.015070008113980182,0.5827237129211426,0.0011161447037010275,0.000242944952333235,0.0005736047751270235
C/C1CCC(\C)CC1,0.050707609701136996,16,Uncertain,0.026518112048506626,0.07358307391405106,0.07965707033872604,0.024828692898154148,0.050016589462757,0.0018378348322584115,0.13889187574386574,0.0644662156701088,0.04158037155866623,0.04013315215706825,0.006753112655133009,0.00650658458471276,0.22875990867614737,6.2802573665976524e-06,0.027782879769801982,6.508679151195906e-10
c1cnc2c(c1)ccc3ncccc23,0.12644032913298126,16,Uncertain,0.38178932666778564,0.049488257616758236,0.18384823203086842,0.06856820732355096,0.04809854179620743,0.0121185416355728,0.21278420090675343,0.06766691803932179,0.08562496304512024,0.4162348806858063,0.06071531027555466,0.10115593671798706,0.32087001800537107,1.2882227565569337e-05,0.009138827212154754,0.004930221941321977
COC(C)(C)C,0.10301552712804236,15,Uncertain,0.013565670698881038,0.027559127658605354,0.05493123084306695,0.009067105129361042,0.012367727234959602,0.00046435644617304206,0.08932279050350178,0.021518273279070854,0.02386299706995476,0.014328778721392044,0.0016802658792584024,0.0020538480021058403,0.9895767048001289,9.658940314238862e-14,0.38791990280151367,2.965498060802929e-05
COc1ccc(C=CC)cc1,0.05648032590844863,16,Uncertain,0.08074377477169015,0.03331325203180302,0.08766824752092361,0.0221987273544072,0.02058044821023941,0.0017817559419197604,0.12171992659568776,0.030199613422155158,0.04122386872768402,0.0756009891629218,0.007891563698649406,0.012159389443695434,0.28168463706970215,7.172892502183004e-09,0.040617141872644424,0.04630187153816223
CCCCCCCCCCCCCCCCO,0.023151713199695126,16,Uncertain,0.010325973853468784,0.023870417848229408,0.045655205845832825,0.007553929928689973,0.009702985174953827,0.00031520627089764996,0.08180123567581155,0.018580880016088375,0.022518681362271198,0.011619310826063045,0.0012655275641008101,0.001431181444786378,0.0,0.0,0.13229960203170754,0.0034872733522206545
O=c1cc[nH]c(=O)[nH]1 ,0.14522411499302867,15,Uncertain,0.3068587779998778,0.03807123750448216,0.16564534604549397,0.05091717466711976,0.033615361899137386,0.00822465308010556,0.18374544382095315,0.05092329531908024,0.06844600290060043,0.32121148705482483,0.04007272422313679,0.07056095451116562,0.9191493928432465,9.432829983779811e-07,0.06393071264028538,0.002212332095950842
Nc1ncnc2nc[nH]c12 ,0.15147030256465718,15,Uncertain,0.3647205531597135,0.04268164187669743,0.18184632062911976,0.06109437718987465,0.04004591703414895,0.010608261451125034,0.2015973925590514,0.059144653379917034,0.07854942977428414,0.3865548372268677,0.053362727165221946,0.09157012403011322,0.8361037254333497,0.01453281845897425,5.8321013796103216e-08,0.001112003345042356
Clc1cc(Cl)c(cc1Cl)c2cccc(Cl)c2Cl ,0.12605784379036344,16,Uncertain,0.326164186000824,0.02216503582894802,0.23224352300167084,0.05238531529903401,0.017129799351096042,0.014869942329823749,0.20194801688194264,0.051133137196302414,0.08246780186891545,0.3297488689422605,0.06119878217577923,0.09455598145723343,0.0,1.0133005545753804e-12,0.5309150218963622,8.841460896746867e-08
COc1ccc(cc1)C(O)(C2CC2)c3cncnc3 ,0.09498716737207352,16,Uncertain,0.13137471675872803,0.05777927115559556,0.12804345786571503,0.04140356183052063,0.04694359749555577,0.005237416829913855,0.16626706719398476,0.05901621282100655,0.056067388504743354,0.15127232670783974,0.020933272317051776,0.0301363542675972,0.40248641967773435,0.18606510758399963,0.00010484802623977885,0.036663658916950226
c1ccc2c(c1)c3cccc4c3c2cc5ccccc54,0.12798421210099942,16,Uncertain,0.408687949180603,0.05582178011536576,0.19447484612464905,0.07728401571512222,0.055781103670596965,0.014475940726697445,0.22684229910373677,0.0765511766076088,0.09365945309400536,0.4491470456123352,0.07123160362243641,0.11544970422983158,0.0,2.3399304716065217e-09,0.18043123185634602,0.02790924161672581
O=C(Nc1ccccc1)Nc2ccccc2,0.09840635652772099,16,Uncertain,0.20816963911056496,0.0464387871325016,0.14424715936183918,0.04430074617266644,0.037994008511304855,0.0064309206791222095,0.17253987491130818,0.05058692023158062,0.06060918420553196,0.2091568410396576,0.02644701115787018,0.04478630423545815,0.4093990802764893,3.080891474382952e-05,0.10959325730800618,0.0037711611948906265
CCC1(C(=O)NC(=O)NC1=O)c2ccccc2 ,0.09338112675925453,16,Uncertain,0.12765048444271077,0.0798276737332344,0.14837147295475006,0.051049206405877956,0.066930390894413,0.007662483956664801,0.191973716020584,0.08044306188821782,0.06536729633808114,0.14907246828079224,0.026084449142217636,0.03452573716640461,0.4614107608795166,0.00017056820797733963,0.0035501897800711557,8.068056558840908e-06
Clc1ccc(cc1)c2cccc(Cl)c2Cl ,0.14167091622529232,15,Uncertain,0.33350521326065063,0.028285406529903412,0.2113550454378128,0.0558144710958004,0.023291165009140746,0.013372881338000187,0.2027844935655594,0.05511130020022381,0.08246910572052002,0.3476389944553374,0.05870131775736798,0.0926765576004982,0.0,5.476630260403681e-11,0.7617216110229492,7.096556146279909e-06
CC(C)c1ccc(NC(=O)N(C)C)cc1,0.04589222824681829,16,Uncertain,0.05994252860546101,0.039272766560315975,0.09207239001989365,0.021925274282693752,0.023701315745711216,0.001946096308529155,0.1273350417613982,0.03455006331205357,0.04009347781538963,0.05934577062726021,0.007275163196027168,0.010451563633978145,0.19066286087036133,1.5705444722513562e-09,0.02556186169385899,0.00013947594561614096
CCN(CC)C(=O)CSc1ccc(Cl)nn1,0.061852984374127035,16,Uncertain,0.06104970723390557,0.020621486008167156,0.10467738658189762,0.01736324653029442,0.01085339207202185,0.001980382716283202,0.1209365501999854,0.025687115266919025,0.038028690963983425,0.05481578782200802,0.007216728758066782,0.010542981326580048,0.40503931045532227,0.0009386180317959569,0.10790711641311646,0.0019892496056853615
CCC(C)(C)CO,0.07394380922075663,15,Uncertain,0.013817722909152397,0.03128427267074585,0.05595721676945675,0.010201872326433548,0.014656078070402034,0.000533789221663028,0.09424371272325505,0.024785678833722957,0.025679390877485164,0.01594553329050541,0.0019656463991849504,0.0022752261720595524,0.7196779012680053,1.3419709787854117e-11,0.1720527559518814,2.4150034732883796e-05
CCCOC(=O)CCC,0.05791698306592548,16,Uncertain,0.012687313370406628,0.022048352286219375,0.0501413233578204,0.007509928662329801,0.008725049905478843,0.0003496319986877605,0.08224567025899876,0.0167099218815564,0.02255861461162556,0.012116060592234024,0.0012960891472173497,0.001644550939090439,0.6285484313964844,0.05778433382511117,0.0023064566776156425,1.439310892692447e-10
Cc1c(cc(cc1N(=O)=O)N(=O)=O)N(=O)=O,0.065329298093534,16,Uncertain,0.15024559199810017,0.025903524830937164,0.12898303568363179,0.02513756789267063,0.01731613092124462,0.0033171549439430237,0.13941380381584156,0.02776235155761242,0.040847815573215374,0.12645763158798196,0.013009901158511639,0.02481396496295918,0.3219444751739502,6.211071763573273e-07,0.00010412881238153204,1.1069476386182941e-05
CC(C)OP(=S)(OC(C)C)SCCNS(=O)(=O)c1ccccc1,0.047161640830799635,16,Uncertain,0.03105022385716416,0.009203090332448371,0.07975276559591282,0.006759687792509572,0.0036385541316119596,0.000636848562862613,0.08763761818408966,0.011197872459888347,0.018724795430898555,0.021645227447152027,0.002142447978258022,0.0038028263952581964,0.2489913463592528,3.453853869572754e-10,0.22938518226146676,1.7766158634913154e-05
C1CCCCCC1,0.05787681661892651,16,Uncertain,0.02508851699531056,0.07242574542760838,0.07784587144851685,0.024035481736063846,0.04829145222902276,0.0017355261370537445,0.1379602998495102,0.06438799202442158,0.04152423143386841,0.0384407341480254,0.006412353832274564,0.006062000989913829,0.3191133975982666,1.1873071770196475e-07,0.06270301342010476,2.329902144992957e-06
CCCOC=O,0.07881650567668777,15,Uncertain,0.013955838978290447,0.01973890885710705,0.0545356385409832,0.007107310462743044,0.007388864643871562,0.0003704232221933834,0.08262149989604939,0.014984731562435627,0.02227741479873635,0.011643506586551555,0.0012509598163885638,0.00172592420130957,0.8889212012290955,0.00038123389822419806,0.1341601312160492,5.029169756198826e-07
CC(C)c1ccccc1C,0.05270296924473757,16,Uncertain,0.0801912173628806,0.047356143593788036,0.09172908216714837,0.02826263941824425,0.033025674521922954,0.002493729582056403,0.13384172320365906,0.04247521236538876,0.04483510926365841,0.08958416432142235,0.010464020073413849,0.01457908097654581,0.1937644004821777,9.749361140620749e-08,0.02674904093146324,0.003896172158419975
Nc1cccc(Cl)c1,0.12083243470042351,16,Uncertain,0.2828932404518125,0.03242792934179295,0.17623263597488403,0.05001252517104138,0.026746511459350364,0.009528248570859432,0.1848384290933608,0.05152095109224297,0.07159838080406178,0.2942364811897278,0.04245558381080616,0.0691298097372054,0.629066562652588,0.002686023013666161,0.009032443165779003,0.0009131996775976203
CC(C)CC(C)C,0.03557216160297678,16,Uncertain,0.011668172664940246,0.027850449085235374,0.0490446351468562,0.008933532051741966,0.012193021364509948,0.0004006147792096071,0.08779461681842804,0.021939733996987232,0.024477429687976837,0.013809507712721825,0.001599248033016809,0.001768701127730199,0.10432872772216795,0.0,0.20320282876491547,0.0001433666911907494
o1c2ccccc2c3ccccc13,0.11170359698626264,16,Uncertain,0.37240341305732727,0.05028756707906723,0.1807875782251358,0.06795928627252557,0.04879974201321602,0.01185548771172762,0.2110896110534668,0.06785456836223602,0.08468975871801354,0.40765076875686646,0.058975014835595974,0.09801838546991337,0.11841897964477544,0.0002847165160345666,0.0016773327952249728,0.0065053412690757595
CCOC2Oc1ccc(OS(C)(=O)=O)cc1C2(C)C,0.04943439066387323,16,Uncertain,0.05457682907581318,0.023607557639479637,0.09619570523500443,0.015715554356575012,0.013010862283408642,0.0016864573117344461,0.11585798114538182,0.025500793009996414,0.030681464821100235,0.048210687935352214,0.005844042636453994,0.008977962657809146,0.3109380722045898,5.391263039200567e-05,0.0028280802071094513,0.03726428747177124
CN(C)C(=O)Nc1cccc(c1)C(F)(F)F,0.05330828840320324,16,Uncertain,0.06552072614431381,0.03542650490999222,0.10661703348159779,0.021203456446528435,0.021481184288859145,0.0023402997758238397,0.13223487138748158,0.032679200172424205,0.03788381442427624,0.06110298633575417,0.007653473876416572,0.012052428908645996,0.23570713996887194,3.723210628692186e-11,0.06928272545337655,0.011746768839657196
c3ccc2nc1ccccc1cc2c3,0.10880324345329051,16,Uncertain,0.37864139676094033,0.05191146954894066,0.1829703003168106,0.0700107216835022,0.050701938569545635,0.012345306575298198,0.21457910537719727,0.06983709335327137,0.08661355823278416,0.4152042865753174,0.061218053102493175,0.10108567029237736,0.034643459320068404,1.6636889768051333e-06,0.003220929531380423,0.007866942323744186
CC12CC(=O)C3C(CCC4=CC(=O)CCC34C)C2CCC1(O)C(=O)CO,0.08317811454389519,16,Uncertain,0.05919881165027596,0.1313716173171996,0.13443994522094727,0.0508143976330756,0.11485058814287186,0.006966278888285049,0.19815503060817696,0.11902441084384896,0.06125360727310181,0.08780398964881875,0.020329775288700946,0.02074947953224182,0.2641250610351563,0.06170442700386036,6.214027234818786e-05,2.7234341359871905e-07
OCC1OC(O)C(O)C(O)C1O,0.09656619081304864,15,Uncertain,0.03421898931264855,0.08342410624027241,0.10625219345092762,0.02919122204184521,0.06074092909693696,0.0031063403002915546,0.157188981771469,0.074093997478485,0.044411826878785976,0.04731461033225037,0.009152645245194435,0.009856458753347175,0.8768674373626709,0.009239202365278976,6.475975311559523e-11,1.1231361440877663e-07
Cc1cccc(O)c1,0.1142722237887937,15,Uncertain,0.18347403407096863,0.046766240149736404,0.11960168927907944,0.04103942587971676,0.03798450157046296,0.004791715648025163,0.15482141077518463,0.047905050218105205,0.056476153433322795,0.193586766719818,0.021628571674227604,0.0350196249783038,0.8365143895149231,0.047444794327020645,0.001219151890836545,8.206049096770585e-05
CC2Cc1ccccc1N2NC(=O)c3ccc(Cl)c(c3)S(N)(=O)=O ,0.09202540777041571,16,Uncertain,0.11690834909677505,0.026306478306651004,0.12810376286506642,0.02493218332529057,0.017090778797864803,0.003621185664087423,0.1402905136346816,0.032085683196782955,0.040837112814188004,0.10279411822557438,0.01303198467940081,0.021717159077525028,0.11091508865356448,0.6054454445838928,0.06959117949008942,0.018735501915216446
CCC(C)C(=O)OC2CC(C)C=C3C=CC(C)C(CCC1CC(O)CC(=O)O1)C23 ,0.06024902222143944,16,Uncertain,0.03603149950504303,0.07700245082378376,0.09674753248691537,0.028500914573669434,0.053646638989448436,0.0026557689998297773,0.1504697799682616,0.0662756711244582,0.044966571033000835,0.04808126762509335,0.008614148013293632,0.009243593551218399,0.2993498325347901,0.004450918175279983,0.037947721779346355,4.6359598826484216e-08
O=N(=O)c1ccc(cc1)N(=O)=O,0.08191032469186998,16,Uncertain,0.19698037207126595,0.027158651500940212,0.14632314443588235,0.030636779963969962,0.019586868584156036,0.004506073426455148,0.15563933551311482,0.032040338963269965,0.04796548560261715,0.17409665882587422,0.018811162561178207,0.036010172218084224,0.41939868927001955,2.0943798517691903e-07,0.0014059517998248339,5.300895281834528e-06
CCC1(C(=O)NC(=O)NC1=O)C2=CCC3CCC2C3,0.06833339732451102,16,Uncertain,0.06684891134500504,0.11155129224061966,0.13386978209018696,0.048212114721536636,0.09328971058130264,0.006484227254986652,0.19235995411872864,0.10337721556425084,0.06100741773843765,0.09170592576265324,0.019650200381875038,0.021144917234778404,0.14230966567993164,3.832141010207124e-05,0.0014845472760498524,1.5379173134988378e-07
CCCCCCCCCC(=O)OCC,0.03618868525418717,16,Uncertain,0.012021792121231445,0.023351769894361385,0.049062274396419414,0.007760455831885227,0.009438924491405376,0.00035091751487914546,0.08315592259168625,0.017906440421938785,0.022923672571778186,0.012304916977882163,0.0013400105526669703,0.001620436436496564,0.1551291465759277,1.973755381357023e-09,0.18265211582183816,1.658928425740669e-07
CN(C)C(=O)Nc1ccccc1,0.07609960324417561,16,Uncertain,0.09203775972127903,0.03647344186902035,0.10588880628347375,0.02539149485528458,0.02345385029911984,0.002613802207633853,0.13727621734142303,0.03505180776119221,0.044603750109672435,0.08707385510206223,0.010153222829103359,0.016102727502584346,0.5382405757904053,1.3636801687866296e-09,0.06182056665420521,0.0014117722166702151
CCCOCC,0.06415898010345691,15,Uncertain,0.008395868353545555,0.01715918071568001,0.0392448790371418,0.0053430055268107735,0.006080229766666778,0.0001908846024889499,0.06972667574882496,0.012971965596079826,0.018700143322348373,0.008321204222738632,0.0007820732425898314,0.0009486866183577858,0.8372569680213928,0.0,0.000946901855058746,0.0004750150255857788
CC(C)O,0.06943980575603252,15,Uncertain,0.010351457633077987,0.022139882668852806,0.04683813452720642,0.007062654942273983,0.008843550458550453,0.00030522074666794463,0.07997506111860264,0.017144156619906425,0.021513797342777252,0.010874629952013382,0.0011653422843663774,0.0013986550038680434,0.8788231015205383,0.0,0.004601247143000253,1.3481804561621402e-10
Cc1ccc2ccccc2c1,0.08067720845429946,16,Uncertain,0.24058085680007923,0.05120938643813122,0.1381959468126296,0.05116245150566101,0.04474664106965065,0.006845138035714626,0.17579932510852803,0.0566728115081786,0.06714358925819375,0.2592739760875702,0.03191165626049042,0.05152861028909683,0.08154983520507808,1.7655563055996026e-07,0.017735609784722217,0.016479324549436347
ClC(Br)Br,0.0666839903389425,16,Uncertain,0.008752431720495224,0.0003131392295472324,0.2568955719470978,0.0017464590491725884,2.657881486811675e-05,0.010271915234625228,0.089715376496315,0.004508157726377249,0.013919000513851643,0.0028618089854716144,0.003847885411232599,0.0024691747967151567,0.670256519317627,1.8064580217469484e-05,0.0013417421141638242,1.9485302260591197e-08
CCC(C(CC)c1ccc(O)cc1)c2ccc(O)cc2,0.06328110199001447,16,Uncertain,0.11479872465133656,0.04716980084776856,0.11155591905117024,0.0343688279390334,0.03526962548494317,0.0036808415316044174,0.150947704911232,0.04762917011976242,0.05195184424519517,0.127910777926445,0.015967572107911,0.023137008771300205,0.22324466705322255,0.019465470686554798,0.0053663537837563835,3.3322728995699435e-05
CCOC(=O)CC(SP(=S)(OC)OC)C(=O)OCC,0.040163952672555674,16,Uncertain,0.014489240013062843,0.009656927548348793,0.0640687271952628,0.004593305755406618,0.0030803598929195486,0.00033436363446515127,0.07585434615612019,0.009315387345850357,0.01603042334318161,0.009316266514360794,0.0009704846888779484,0.0016056873137130223,0.4135631561279296,0.0012714132899418473,0.018473153933882602,7.567058091240142e-12
ClCc1ccccc1,0.07752385094733122,16,Uncertain,0.11218546330928802,0.027850082144140975,0.11251045763492584,0.025118447840213554,0.018116623163223156,0.003274685237556585,0.13041482865810383,0.032142966985702404,0.041830137372016796,0.10167735815048196,0.012206659652292617,0.01946624182164658,0.46097083091735835,1.859060176911953e-07,0.12126132100820541,0.02135532535612583
C/C=C/C=O,0.07598021334660152,15,Uncertain,0.021706487983464973,0.025881126523017772,0.0658651739358902,0.010284089483320602,0.01084859576076258,0.0006330542382784188,0.09665332734584797,0.01948934607207764,0.028086094185709842,0.017817461863160022,0.0020664434414355837,0.0029397436883300543,0.9037272214889527,3.1530333899354446e-14,0.009678764268755802,6.4832665884750895e-06
CON(C)C(=O)Nc1ccc(Br)c(Cl)c1,0.10165355632343553,16,Uncertain,0.10129425674676884,0.015067091211676376,0.166005179286003,0.02306954003870476,0.007605288177728653,0.005076771602034347,0.15037445724010456,0.030191700905561447,0.0527786687016486,0.08542928099632263,0.01712094247341145,0.022187959402799606,0.3739344120025635,0.0017550309421493493,0.5679947137832642,0.006571607664227375
Cc1c2ccccc2c(C)c3ccccc13,0.07299240046236469,16,Uncertain,0.23354381322860696,0.05337151885032643,0.13618455827236153,0.05106050521135319,0.04681216552853584,0.006837842054664978,0.17359092831611622,0.05737929046154022,0.06529611349105824,0.2498759627342224,0.031014472246170044,0.049944326281547435,0.0,1.0744628298198222e-07,0.006032049190253019,0.006934754084795602
CCCCCC(=O)OC,0.048145569081428446,16,Uncertain,0.012753369286656158,0.0210526194423436,0.04985777288675297,0.00721962982788682,0.00817807763814915,0.0003324323915876448,0.08077067136764515,0.015830734744668007,0.022124687209725158,0.011730298399925232,0.001229260116815345,0.001593086402863153,0.5354566097259521,2.1944335237833457e-11,0.0021997597068548203,9.613308549205613e-08
CN(C)C(=O)Nc1ccc(c(Cl)c1)n2nc(oc2=O)C(C)(C)C,0.050097616247785394,16,Uncertain,0.11038735508918762,0.03759056702256203,0.12704557180404663,0.03102884814143181,0.02585318498313416,0.003952195402234571,0.15297642350196816,0.04258003085851658,0.05111264809966076,0.11296132951974858,0.01536362338811137,0.02293558232486237,0.06681804656982426,3.20012986776419e-06,0.0009105927310881778,4.266039832145907e-05
CC(=O)Nc1ccc(F)cc1,0.09166559626910001,16,Uncertain,0.13751423358917214,0.03876475617289543,0.12486074119806279,0.032735805958509445,0.027667099609971046,0.003938074689358362,0.15302689373493183,0.04104600101709366,0.052434742450714,0.13334979116916634,0.01622972451150395,0.02640002593398083,0.5693889141082764,1.3505572660221787e-08,0.0015881875297053538,0.10770453512668599
CCc1cccc(CC)c1N(COC)C(=O)CCl ,0.050434551118814765,16,Uncertain,0.03400777280330636,0.025078432634472847,0.07222635298967361,0.012799009680747764,0.01227977406233538,0.0009486463968642056,0.0997616797685622,0.02199556492269017,0.029090385884046444,0.0299630258232354,0.0034118201583621666,0.0048269531689584255,0.181950855255127,0.2739293873310088,0.004560875706374645,0.00012228131527081132
C1CCC=CC1,0.10298718327634182,16,Uncertain,0.03392253071069695,0.08456846326589584,0.08958956599235524,0.03010428324341763,0.06031300500035275,0.0025161292869595453,0.15183205902576447,0.07424244284629822,0.047410305589437374,0.049507640302181244,0.008800668641924747,0.008633432909846195,0.5042170524597168,2.0650384158216184e-07,0.5019211769104004,0.0002159697323803611
CC12CC(O)C3C(CCC4=CC(=O)CCC34C)C2CCC1(O)C(=O)CO,0.08501302766136293,16,Uncertain,0.05550805479288101,0.12840192019939423,0.13093794882297494,0.04879828169941902,0.11135989427566517,0.006490751169621833,0.19478414952754963,0.11656980961561203,0.05966244265437115,0.08344177901744843,0.01911816745996464,0.019351551309227832,0.3688991069793701,0.016754750162363052,0.0001294290559599176,4.0583998384136066e-07
c1cncnc1,0.13284991292695014,15,Uncertain,0.279150128364563,0.03727895766496636,0.14500990509986855,0.04639303684234597,0.032600704580545425,0.006525159347802401,0.17141668498516083,0.04720555618405342,0.0634203553199768,0.2975838482379912,0.03335525095462777,0.058963455259799846,0.8916121125221252,0.013578885234892146,1.573297936374729e-06,0.0015029929345472537
Clc1ccc(cc1)N(=O)=O,0.09947184441452248,16,Uncertain,0.23253899812698364,0.024729980155825615,0.16847975552082062,0.036446232348680385,0.018164126202463993,0.006565076299011596,0.16831305623054504,0.03724093735218037,0.05792632699012734,0.217252716422081,0.027872798964381218,0.04918958991765965,0.3589030265808104,1.1731925297908674e-07,0.1879209280014038,5.844200131832622e-06
CCC(=O)OC,0.07297995611351168,15,Uncertain,0.013551286421716213,0.01848606765270222,0.05005391687154759,0.006590721663087606,0.006838807836174854,0.0003040822921319686,0.07741822302341461,0.013566710986196773,0.021172260865569004,0.011007518507540226,0.00109642173629243,0.0015355744399130344,0.9460525155067444,1.005039280244091e-06,4.17578075939673e-06,9.193116490280318e-09
Clc1ccccc1N(=O)=O,0.10351076423858671,16,Uncertain,0.2227889448404312,0.025437811389565357,0.1614992171525954,0.03545299544930436,0.018725477159023174,0.006182818673550972,0.16394712030887604,0.036767732352018245,0.055470839142799155,0.20898006856441476,0.02592351473867882,0.04630408436059941,0.4361484527587891,1.1273059641325744e-07,0.21253809332847584,4.9448676691099536e-06
CCCCN(C)C(=O)Nc1ccc(Cl)c(Cl)c1,0.04273916672278369,16,Uncertain,0.07553206384181954,0.025794126093387604,0.11305096745491017,0.021851155906915554,0.01487715821713198,0.0025853088591245577,0.133723422884941,0.031620915979146846,0.04390495270490635,0.07223357260227203,0.009713102132081763,0.014089386910200008,0.09540338516235347,7.246240496527889e-09,0.023353397846221813,0.006093743722885847
CN1CC(O)N(C1=O)c2nnc(s2)C(C)(C)C,0.07710930221219589,16,Uncertain,0.0652199536561966,0.05467776209115982,0.11915143579244603,0.031072501093148963,0.03807415813207615,0.0038684578612445675,0.1544104367494582,0.05573595315217961,0.04793126508593537,0.07485362887382496,0.012500027194618957,0.015857230871915817,0.5586679458618165,0.0004410659021232277,0.001284732366911956,2.280710077684489e-06
O=N(=O)c1ccccc1,0.09906462669499688,16,Uncertain,0.2129308134317398,0.03216030076146126,0.14161674678325642,0.035469692200422176,0.02481810189783562,0.005037856753915437,0.16005854308605183,0.03756936267018296,0.052370306104421616,0.2023816406726836,0.022052928805351146,0.040721334517001995,0.6006422996520996,3.7202462976893e-07,0.01713164709508397,7.208066381281242e-05
Ic1ccccc1,0.1490601892670589,16,Uncertain,0.31561118364334106,0.004008737858384848,0.383535772562027,0.038681235164403804,0.0018049920909105621,0.03889597952365864,0.22863292694091775,0.03833484649658203,0.10629048198461521,0.2840224504470824,0.15360724925994862,0.12276900559663761,0.4974141597747803,3.2434943619819023e-11,0.17135004699230183,3.959904915973311e-06
CC2Nc1cc(Cl)c(cc1C(=O)N2c3ccccc3C)S(N)(=O)=O ,0.06581208726274768,16,Uncertain,0.12277665734291054,0.02676442265510537,0.12531620264053345,0.025758007541298755,0.01773974113166321,0.0035982211120425545,0.13939611613750436,0.03255799040198315,0.04154341295361497,0.10883587598800637,0.013486254028975853,0.022329756990075,0.18081102371215818,0.16607943177223206,0.02140059508383263,0.004599686712026374
COc1ccccc1OCC(O)COC(N)=O,0.09282594944818345,15,Uncertain,0.05254094302654255,0.03220300003886223,0.08892104774713494,0.01773935742676236,0.018089830875396617,0.0015424293233079478,0.1177946850657462,0.027991430833935627,0.03534174710512161,0.047329936176538356,0.005484146997332351,0.008476619608700164,0.7755148410797119,0.2560878098011016,1.2206170140416361e-05,0.0001451598946005106
CCCCOCN(C(=O)CCl)c1c(CC)cccc1CC ,0.028520101286994663,16,Uncertain,0.02947121113538742,0.02605069987475861,0.06919802725315083,0.012440662831068039,0.012657664716243633,0.0008711037808095679,0.09919157624244679,0.022566718980669753,0.028738064691424148,0.02739454060792923,0.0031611905433236442,0.00429759407415975,0.0966662406921387,0.00034817284904420376,0.02243390306830395,0.0008342492510563515
Oc1cccc(Cl)c1Cl,0.12197223508483646,16,Uncertain,0.3019590079784392,0.025453120470046775,0.20541004836559273,0.04980064183473576,0.020120933651924022,0.01198048423975695,0.1916707307100296,0.05001449957489956,0.0752292275428772,0.3096857666969298,0.050532974302768596,0.08121559023857094,0.5764976978302002,0.0004122835816814385,0.00157265760935843,9.672957190787201e-08
CCCC(=O)OC,0.06407902475461137,15,Uncertain,0.01306578516960144,0.019231151789426804,0.04952675104141224,0.006737235467880853,0.007223774679005035,0.0003077081055380404,0.07822965830564477,0.014246196486055851,0.02137593552470196,0.011149758473038562,0.0011257545556871973,0.001528042252175399,0.8014488577842712,6.523172828565293e-07,6.712064350722358e-05,1.347855249633767e-08
CCC(=O)Nc1ccc(Cl)c(Cl)c1,0.06537303314617013,16,Uncertain,0.1173233464360236,0.025963393971323745,0.13592128455638885,0.028202222660183796,0.016406718641519435,0.004137162584811449,0.14852941036224365,0.036174308508634345,0.05176042765378941,0.11221195012330998,0.0159644167870282,0.023967491462826618,0.1986042976379394,0.00034409883664920926,0.1302112638950348,0.00024673622101545334
Nc3nc(N)c2nc(c1ccccc1)c(N)nc2n3,0.12844682900044263,16,Uncertain,0.35633760690689087,0.048293936997652054,0.1817036122083664,0.06433208286762215,0.045598376542329566,0.011322468519210815,0.20612144470214844,0.06413812190294266,0.08064903318881977,0.37915366888046265,0.05448736622929562,0.09134163707494725,0.46123013496398924,0.009824987500905769,6.058460400026888e-08,0.0006147249368949614
CCCCCC(=O)OCC,0.04728201848019348,16,Uncertain,0.012440132908522972,0.022210361436009407,0.0496213398873806,0.007512091193347947,0.008804776705801376,0.00034470175160083993,0.08211857825517643,0.016871338710188755,0.02256680466234684,0.012064306065439956,0.0012912676902485654,0.0016188407316801712,0.5107426166534423,1.52750249071687e-06,0.00830361060798157,9.214371488042161e-10
OCC(O)C2OC1OC(OC1C2O)C(Cl)(Cl)Cl ,0.08164626524790028,15,Uncertain,0.02930733561515797,0.04319820553064335,0.11755978316068638,0.019593814387917408,0.02513228729367245,0.002898353850468771,0.14206588268280018,0.04771074652671803,0.03509180247783661,0.03318212181329716,0.006802725140005239,0.007848319597542175,0.7841743707656861,0.01159406080841996,0.00016255599621217698,1.7878319340525195e-05
CN(C=Nc1ccc(C)cc1C)C=Nc2ccc(C)cc2C,0.045805328188195826,16,Uncertain,0.0942218154668808,0.04548734426498402,0.09535922110080697,0.02819385938346375,0.03109348379075516,0.0026233866810797535,0.13112711906433105,0.03875128924846638,0.04415313899517037,0.09230465441942204,0.010300016030669212,0.015722373500466236,0.06918992996215823,1.2392209782774444e-06,0.025169402360916027,0.009186977520584949
COc1nc(NC(C)C)nc(NC(C)C)n1,0.0538016235673916,16,Uncertain,0.04338402673602104,0.030325062572955974,0.07443290203809716,0.016074076294898765,0.01663452945649624,0.0011062439298256121,0.10783752053976037,0.026178859174251445,0.033443573862314224,0.04241885989904404,0.004617188591509946,0.006488000508397818,0.4578629016876221,6.893976944866154e-08,2.2094571249908768e-05,6.827605147918803e-08
CCCCCCC=C,0.023310980323185397,16,Uncertain,0.011802954599261173,0.02469336986541737,0.04724859446287144,0.0081260660663246,0.010125504806637653,0.00034718160168256684,0.08394031226634957,0.01891263760626305,0.02382090687751759,0.012751097790896782,0.0013862744672221705,0.0016061802161856376,0.030893039703369096,0.0,0.09724328666925419,7.827817171346396e-05
Cc1ccc(N)cc1,0.14777430152746543,14,Uncertain,0.17705880105495442,0.048829708248376846,0.1173800155520438,0.0409039482474326,0.03948022425174702,0.004708465654402749,0.15379300713539124,0.04829153046011925,0.055739983916282654,0.18498426675796498,0.020779786631464847,0.033385246992111206,0.7077692031860352,0.720535159111023,2.983240301546175e-05,0.010719644837081432
Nc1nccs1 ,0.12769442394002783,15,Uncertain,0.24339152872562397,0.017813866958022007,0.18328514695167542,0.035416699945926555,0.012082387693226226,0.007694954052567371,0.16532590985298135,0.03479044511914242,0.062022458761930355,0.22041523456573486,0.03171588107943524,0.053834471851587185,0.9725839793682098,0.0006483788602054119,1.0135731827176642e-06,0.0020884256809947654
c1ccccc1(OC(=O)NC),0.08148039930890619,16,Uncertain,0.10676266998052575,0.0342438369989394,0.11017920821905114,0.026022076606750377,0.02235117182135582,0.0027988406363873564,0.13856790959835041,0.03390147164463975,0.0453866608440876,0.09779208153486241,0.01110494602471579,0.018390290439128765,0.6087547302246095,2.1773119840418076e-07,0.044175587594509014,0.0032546890433875486
CCCC(O)CC,0.06644277652248995,15,Uncertain,0.01038301084190596,0.02320079132914543,0.045772355049848445,0.007339220959692971,0.00939674861729145,0.00030889813206136374,0.08083246648311604,0.0179531518369912,0.022033654153347015,0.011368019506335147,0.001221124199219048,0.0014189979992805801,0.8304013133049011,0.0,0.0013578708749264479,9.680107177700847e-05
c3ccc2c(O)c1ccccc1cc2c3 ,0.11156491680576432,16,Uncertain,0.37743690609931946,0.052569430321455,0.18425965309143066,0.07049769908189762,0.051405880600214005,0.012538332492113002,0.21540667116641976,0.07063867151737202,0.08684267848730076,0.413652867078781,0.06159345805644978,0.10143140703439701,0.07202463150024419,0.00018377140804659575,0.013850136660039425,0.0007064742967486382
Cc1ccc2cc3ccccc3cc2c1,0.09080056141821742,16,Uncertain,0.2940691411495209,0.05362271890044201,0.15803687274456024,0.060227170586586,0.049241289496421814,0.009138658642768749,0.19454170763492584,0.0641184076666832,0.07674213498830784,0.3202797472476958,0.04347342252731323,0.06989096850156784,0.0,1.2013943262445537e-07,0.0215666014701128,0.037860020995139965
Cc1cccc(C)c1C,0.07237674598174798,16,Uncertain,0.10961224883794785,0.050788838416337745,0.09425623714923836,0.03235529735684384,0.03764780610799778,0.0030039744451642036,0.13431502878665924,0.04373462125658978,0.04673713445663441,0.11655484884977341,0.012534672394394764,0.01868295297026623,0.4558254241943359,1.0296632808604045e-06,0.0010411655530332409,0.0009366552694699548
CNC(=O)Oc1ccc(N(C)C)c(C)c1,0.05399208114577394,16,Uncertain,0.06134963035583485,0.03271182999014843,0.08567842096090295,0.019101858139037975,0.018797473981976398,0.0015547387301919624,0.1168863996863364,0.028169797733425983,0.03709586337208737,0.055320672690868156,0.006018663756549247,0.009235116653144249,0.38684282302856443,7.161003168221214e-08,0.004982691258191951,0.0001272463850909844
CCCCCCCC(C)O,0.04261764928170341,16,Uncertain,0.010762206278741249,0.024781126528978237,0.047412723302840964,0.007873771712183841,0.010272534564137348,0.00034341379068780764,0.08364659547805786,0.01934698224067677,0.022911217063665168,0.012100680731236824,0.0013466216623782001,0.0015365215949714184,0.38549270629882804,0.0,0.05405141785740841,3.86940246244194e-06
CN(C(=O)NC(C)(C)c1ccccc1)c2ccccc2,0.07480866687419616,16,Uncertain,0.11673191189765919,0.050415147095918655,0.119977667927742,0.03541874140501022,0.03778639435768116,0.0042389458976686,0.15646977722644806,0.0493568256497382,0.05196542292833317,0.12478047609329224,0.016300559043884166,0.024560973048210033,0.34802470207214353,3.066177305299789e-05,0.0364074371755122,0.024473026394844055
CCCC(=O)CC,0.05929406967947555,16,Uncertain,0.012339381501078606,0.023036224767565616,0.047646552324295044,0.007743834517895953,0.009279066696763039,0.00033518878626614956,0.08188590407371521,0.017406314611434826,0.02303021028637875,0.012394763529300579,0.0013161536771804094,0.0015997334849088274,0.6924339771270752,1.0552385631967809e-09,0.018257752060889976,5.637162203697699e-08
Oc1c(Br)cc(C#N)cc1Br ,0.1438538759657944,16,Uncertain,0.32627105712890625,0.009186021983623394,0.38845333456993103,0.05161932483315457,0.005019516684114822,0.04048211872577656,0.24288684129714966,0.05042338743805885,0.11113062500953663,0.29309380054473855,0.13149036467075337,0.13089454174041737,0.300533390045166,0.21864236891269684,0.001532162888906785,3.1589797799824737e-06
Clc1ccc(cc1Cl)c2ccccc2 ,0.13532534077785624,16,Uncertain,0.3314383625984192,0.03377685323357582,0.196767196059227,0.05757145211100556,0.028990151360630767,0.012315849773585574,0.2019127458333968,0.05763152614235856,0.08090925216674805,0.3511321544647217,0.05538862943649281,0.08905135840177514,0.0,1.1569165625502364e-09,0.6682556867599487,6.423294689739123e-05
CN(C(=O)COc1nc2ccccc2s1)c3ccccc3,0.09908879941394833,16,Uncertain,0.16336305439472176,0.03718697652220715,0.13823908567428578,0.03674621507525444,0.02750789001584042,0.005146837327629217,0.16138206422328938,0.044132862240075954,0.05706357210874535,0.16164156794548024,0.021076222881674544,0.0339720994234084,0.3369588851928711,0.32992297410964966,0.000446812278823816,0.030633671209216007
Oc1cccc2ncccc12 ,0.15870569320104544,16,Uncertain,0.3564401268959043,0.04798125848174084,0.17670977115631104,0.06423506885766983,0.0457831472158432,0.010966373607516178,0.2048080563545226,0.06425726413726796,0.0809255763888358,0.3874664306640624,0.05428655073046684,0.09125075489282597,0.6669027090072632,0.2863204777240752,0.0005718143656847641,0.00038571073673665524
CC1=C(SCCO1)C(=O)Nc2ccccc2,0.0906246891464888,16,Uncertain,0.09460534900426865,0.047659628093242645,0.12819288671016682,0.032476890832185634,0.03332192450761784,0.00448986142873764,0.15788564085960377,0.05052685737609863,0.05034121870994557,0.09666668623685815,0.014650889672338852,0.020977409556507953,0.6629580497741699,3.8091351598268375e-05,0.052338182926177756,0.00286545930430282
CCOc2ccc1nc(sc1c2)S(N)(=O)=O ,0.06095019433455485,16,Uncertain,0.08836907893419266,0.011163178831338771,0.10516531020402897,0.013100182637572177,0.005735598504543193,0.0015628363471478224,0.10750699043273926,0.015447947196662426,0.028772499412298203,0.06463179737329483,0.006350688636302837,0.011890668421983608,0.4474850177764893,0.06414654850959756,4.7926983825163916e-05,0.0038268391508607946
Oc1c(Cl)c(Cl)c(Cl)c(Cl)c1Cl,0.08883581753697009,16,Uncertain,0.2759864330291748,0.01529730577021815,0.2476416677236556,0.04208891838788975,0.010519060306251049,0.014811852946877369,0.18783967196941354,0.04197878763079643,0.07182436436414696,0.2630855441093445,0.052069608122110145,0.080759696662426,0.11747016906738283,1.439737218333903e-12,5.003931713432053e-10,1.5543122344752192e-15
ClCBr,0.06750446730195761,15,Uncertain,0.005830557085573562,0.00031577964546136705,0.17103415727615334,0.001009982661344,2.4058566850726493e-05,0.002291694749146589,0.06525409966707219,0.0027721712831405565,0.010197222232818604,0.0016696123639120541,0.0012585428776218377,0.0010141347302121684,0.817386794090271,1.864520093874944e-09,1.2474828508857172e-05,1.929087147800601e-07
CCC1(CC)C(=O)NC(=O)N(C)C1=O ,0.07708547526633658,16,Uncertain,0.046353422105312236,0.06344705075025536,0.09990742802619923,0.02734171599149704,0.042378295212983974,0.002620238112285622,0.1456904262304306,0.054880112409591564,0.044695232063531765,0.05309456959366776,0.008683267049491405,0.010353511199355014,0.5267099380493164,0.10708403587341297,0.00012831184722017497,4.974683420755355e-08
CC(=O)OCC(=O)C3CCC4C2CCC1=CC(=O)CCC1(C)C2CCC34C ,0.06377092581644764,16,Uncertain,0.050111785531044006,0.10827387124300003,0.12176781147718418,0.041173331439494976,0.08656185120344162,0.005039623472839372,0.18083177506923653,0.09600110352039315,0.05496513471007336,0.07037369161844242,0.014931692741811164,0.01573609560728062,0.05765399932861326,0.11661234498023976,0.00029696366982523426,3.737450242624618e-06
NC(=O)NCc1ccccc1 ,0.09651636870112261,16,Uncertain,0.10008598864078522,0.04588782787322976,0.11492944508790959,0.02988041378557682,0.03147027641534805,0.003493337659165152,0.14645491540431954,0.04187869280576695,0.04706836864352215,0.09622926265001275,0.012178651988506206,0.019285375252365955,0.6735645294189453,0.17879749834537506,0.0015175837324932218,0.0015397315146400414
CN(C)C(=O)Nc1ccc(C)c(Cl)c1,0.05687495928595178,16,Uncertain,0.08669198304414738,0.03275476023554802,0.10862630605697621,0.024388369172811397,0.020122360438108444,0.002727563725784421,0.1334332078695296,0.033963695168494956,0.04377128183841705,0.08032610267400742,0.010001128539443016,0.015337242744863033,0.3069980621337891,9.615234830562258e-07,0.006549540441483148,0.004306782968342193
CON(C)C(=O)Nc1ccc(Cl)c(Cl)c1,0.10336280279589113,15,Uncertain,0.09655645489692677,0.023228472098708042,0.12737876176834106,0.022662309929728397,0.013395608402788639,0.003115179017186054,0.1373765766620636,0.029925275593996048,0.04520522803068161,0.08349847048521042,0.011208236217498557,0.017720535397529602,0.3250432968139648,4.655530210584402e-05,0.715968668460846,0.001475215656682849
OC1CCCCCC1,0.09983820215991193,15,Uncertain,0.028619583696126827,0.08129015564918496,0.08715172111988057,0.027386784553527832,0.057450849562883155,0.002268608193844446,0.14774030447006226,0.07301308959722497,0.04402571544051159,0.043985724449157604,0.00786284077912558,0.007568185683339834,0.8239529132843018,5.4233632909017615e-06,0.1650886833667754,6.513493531201675e-07
CS(=O)(=O)c1ccc(cc1)C(O)C(CO)NC(=O)C(Cl)Cl ,0.07546023525781027,16,Uncertain,0.03811774402856816,0.015501375310122745,0.09476169943809498,0.010751095600425975,0.007032543420791626,0.0012967452639711663,0.1018044427037238,0.017674941569566616,0.02447924017906178,0.029031239449977764,0.0036656209267673656,0.0059164464473724365,0.6256320953369141,0.23091174662113179,2.898007915064227e-05,0.0007578077493234359
CCCC(C)C1(CC)C(=O)NC(=S)NC1=O ,0.05260003060216072,16,Uncertain,0.04209238290786743,0.05425122752785683,0.10402422398328781,0.025381097570061573,0.033986385911703,0.0026790315750986338,0.1456453502178192,0.05236675962805737,0.04406309872865655,0.048655591905117035,0.008487223647534847,0.009802524000406154,0.26679515838623036,0.00012827612226828933,0.0032420314382759496,1.260843305317394e-07
CC(=O)Nc1nnc(s1)S(N)(=O)=O ,0.06552193499649689,15,Uncertain,0.05717628449201584,0.007930063642561436,0.09731016308069218,0.008362986147403606,0.003336793975904362,0.0010178060038014136,0.09155181795358636,0.010436364449560642,0.021062048152089008,0.03433062881231297,0.003347220830619224,0.006741187535226234,0.7052854061126709,0.00043907496728923245,4.2483671336412954e-07,2.2688951503369026e-05
Oc1ccc(cc1)N(=O)=O,0.11347988820247673,15,Uncertain,0.24142578244209278,0.033345162868499645,0.15533547103405,0.03971793130040158,0.026590628549456374,0.006105315405875444,0.17058499157428741,0.041109349578619,0.05749918892979622,0.23305428028106678,0.027147427201271057,0.049565620720386394,0.7338418960571289,0.0002885777794290334,6.398924597306177e-05,2.5982712941186037e-06
ClC1=C(Cl)C2(Cl)C3C4CC(C=C4)C3C1(Cl)C2(Cl)Cl,0.06609034713778775,16,Uncertain,0.07667853683233261,0.07997171580791462,0.20046597719192505,0.05230743810534455,0.06345245242118824,0.014694010838866234,0.2188655138015746,0.11683317273855198,0.06484098732471466,0.10150828957557656,0.03160766512155522,0.03221451491117455,0.0,8.108621841529384e-06,6.97323921485804e-05,0.003927438519894966
C1CCOC1,0.12995831649926592,15,Uncertain,0.02422470226883877,0.06389711052179314,0.07891861349344242,0.02130538411438465,0.040500707924366,0.001581514603458234,0.13241252303123463,0.05629809573292721,0.03853296115994442,0.03388658165931702,0.005489759147167206,0.005524896550923364,0.9480596005916595,5.4811932770348903e-11,0.6287003755569458,2.3757704070703767e-07
Nc1ccccc1N(=O)=O,0.1078799199749482,15,Uncertain,0.2245403379201888,0.03415580838918675,0.147051140666008,0.03811144456267335,0.026947399601340183,0.0056153880432248116,0.16492050886154164,0.04021798074245442,0.05474271997809399,0.21512126922607422,0.024440174922346958,0.04458918794989586,0.701909065246582,0.0031281670089809976,0.00025241376715701147,0.00033571271342225373
Clc1cccc(c1Cl)c2cccc(Cl)c2Cl,0.14274742389834072,15,Uncertain,0.3226489126682279,0.025131920352578052,0.21782988309860218,0.0531271956861018,0.01998681202530861,0.013728335499763378,0.19983796775341023,0.052577316761016846,0.0807376131415366,0.3313373327255248,0.05782103911042202,0.09075422585010517,0.0,1.1915024522579643e-11,0.8184393644332886,8.632556500742794e-07
CCCCC1C(=O)N(N(C1=O)c2ccccc2)c3ccccc3 ,0.06778677477454939,16,Uncertain,0.13288483023643483,0.058644205331802146,0.13024072349071503,0.04280230030417442,0.0470643676817416,0.005469187628477812,0.17252494394779205,0.061341457068920024,0.05993353947997082,0.15143139660358418,0.02186688780784596,0.030793135985731968,0.12130384445190412,3.466087582637556e-05,0.041277315467596054,0.006975600030272977
Cc1c(cccc1N(=O)=O)N(=O)=O,0.07667041077559696,16,Uncertain,0.15592230856418599,0.029141662642359623,0.12667159736156464,0.0276437159627676,0.02026568166911602,0.00358411227352895,0.14217205345630646,0.030998416244983562,0.04326063394546498,0.13797506690025318,0.014374185353517421,0.026632385328412056,0.46754608154296884,3.733898211066844e-06,0.0004324526526031658,0.00010248461330775172
CC(=O)C1CCC2C3CCC4=CC(=O)CCC4(C)C3CCC12C,0.06447428511583546,16,Uncertain,0.05551287904381741,0.13370229303836823,0.1281423568725586,0.05048955604434002,0.11731455475091923,0.006491782143712044,0.19596992433071114,0.12111302465200424,0.061084069311618805,0.08580730855464924,0.019682439044117817,0.01941588893532742,0.0,0.0008251292165367685,0.03603412955999363,3.2263546927424613e-06
CCN(CC)c1nc(Cl)nc(n1)N(CC)CC,0.025256795039805477,16,Uncertain,0.04277383908629395,0.02345478907227505,0.07748451828956604,0.014822497963905223,0.012064340524375439,0.0010954778408629462,0.10723689943551995,0.023807430639863014,0.0340222492814064,0.04147171974182118,0.004674154799431451,0.006395682226866373,0.014428806304931596,4.342171067150957e-11,0.00037197914207343086,4.33624427387258e-06
ClC(Cl)C(Cl)(Cl)SN2C(=O)C1CC=CCC1C2=O ,0.05954302134687161,16,Uncertain,0.0396270714700222,0.03675449267029762,0.14499585330486275,0.02151377685368061,0.020516134798526653,0.0047003463841973625,0.15191203355789185,0.047076739370822795,0.03721488267183304,0.03895958885550477,0.009205703623592854,0.010949463583528773,0.33732347488403325,0.05108264088630665,0.00016279412375297397,0.0006933445110915981
c1(Br)c(Br)cc(Br)cc1,0.16997519371920966,16,Uncertain,0.3255358338356018,0.0029428976122287676,0.4987905621528623,0.04700386896729458,0.0012594680301843963,0.10112155228853226,0.26830369234085083,0.04641460999846436,0.13613760471343983,0.287796527147293,0.2543860971927643,0.18181203305721283,0.0017598152160644975,7.445825644936122e-07,0.56633061170578,7.180666216299869e-06
OC3N=C(c1ccccc1)c2cc(Cl)ccc2NC3=O ,0.09875881059269875,16,Uncertain,0.22828981280326843,0.06149891763925541,0.17978303134441354,0.061828844249248394,0.05510200932621945,0.01159946434199799,0.207935869693756,0.07787998020648934,0.07759850472211816,0.2558974623680115,0.044487737119197845,0.06450065970420815,0.2229022979736328,0.011148611083626636,0.017537375912070163,0.0021503909956661627
O=C1NC(=O)NC(=O)C1(C(C)CCC)CC=C,0.0621523447181608,16,Uncertain,0.044376440346241,0.06525122374296177,0.10321424156427383,0.02771371416747559,0.04307149350643136,0.0027923951856789753,0.1497613936662674,0.05690954625606515,0.04559516906738281,0.05229361727833737,0.008858341723680385,0.010464719496667163,0.3788642883300781,1.9142029486829415e-05,0.005251518916338571,2.7021320647691027e-07
c1(O)c(C)ccc(C(C)C)c1,0.06858219057742751,16,Uncertain,0.08817388862371445,0.04907618463039376,0.09583966434001923,0.029934849590062984,0.03472059965133656,0.0027860014233738184,0.13574792444705963,0.043717365711927414,0.04567743092775345,0.09617922455072403,0.011426366865634807,0.01620890386402596,0.3868786811828613,1.2039531611662824e-06,0.06039239466190316,0.0005543648148885749
C1SC(=S)NC1(=O),0.09748291346900892,15,Uncertain,0.06546292454004277,0.03581400215625763,0.17339193820953358,0.027569562196731345,0.020689766854047553,0.0068061561323702335,0.16736099123954762,0.05192265659570683,0.04690970480442036,0.05726331099867821,0.013907510787248611,0.01790102571248997,0.8746726036071777,5.036594666307792e-05,2.725822128013533e-07,3.82314101443626e-06
Oc1ccc(c(O)c1)c3oc2cc(O)cc(O)c2c(=O)c3O ,0.1528107935885959,15,Uncertain,0.38977035880088806,0.04800058901309956,0.1962306946516036,0.06935290992259957,0.04655548930168141,0.013049584813416004,0.21662011742591836,0.06822974234819401,0.08669254183769226,0.4226306080818176,0.06423542648553837,0.10709798336029042,0.7102468967437744,0.006257274188101181,2.4608339117548894e-06,1.960900775088703e-08
ClC1(C(=O)C2(Cl)C3(Cl)C14Cl)C5(Cl)C2(Cl)C3(Cl)C(Cl)(Cl)C45Cl,0.06407523765110307,16,Uncertain,0.08330409228801716,0.06018177047371864,0.21504370868206024,0.04822900891304005,0.047175269573926815,0.015709079802036174,0.213157519698143,0.10427701473236084,0.06033967435359944,0.10956190526485443,0.03300539031624783,0.0352102294564246,0.0,3.5375853713048855e-06,4.217777131998446e-06,1.3835007166562718e-06
CCN(CC)C(=S)SSC(=S)N(CC)CC,0.034608387431484186,16,Uncertain,0.01568133197724797,0.011991010978817829,0.07170574367046334,0.006378668826073408,0.004029527772217767,0.0005785539397038519,0.08514119684696175,0.013064578175544628,0.02059059031307675,0.011639974080026039,0.0015435039531438433,0.0021220112685114145,0.2770256042480469,0.00013185043644625694,0.03210673481225956,3.317605205666041e-06
C1CCCCC1,0.05787681644430355,16,Uncertain,0.02508851699531056,0.07242574542760838,0.07784587144851685,0.024035481736063846,0.048291463404893764,0.0017355261370537445,0.1379602998495102,0.06438799202442158,0.04152423143386841,0.03844072297215462,0.006412353832274564,0.006061998195946217,0.3191133975982666,1.1873071770196475e-07,0.06270301342010476,2.329902144992957e-06
ClC1=C(Cl)C(Cl)(C(=C1Cl)Cl)C2(Cl)C(=C(Cl)C(=C2Cl)Cl)Cl,0.05768860624783649,16,Uncertain,0.09042245894670475,0.03183201700448979,0.24891310930252064,0.03745808824896801,0.019039485603570827,0.016774123534560204,0.20118084549903859,0.0685250535607338,0.05829901620745637,0.0845486968755722,0.02861541323363781,0.03324725851416577,0.0,0.004150039982050546,4.291001459932886e-06,7.802450454619247e-06
CN(C)C=Nc1ccc(Cl)cc1C,0.056241055298558086,16,Uncertain,0.08881319314241398,0.030518041923642047,0.1045447215437888,0.02413414791226376,0.01878856122493744,0.0025397411081937715,0.13084271550178517,0.032985027879476436,0.0444037839770316,0.0841369554400444,0.01011875830590725,0.015227575786411651,0.20491552352905285,1.442934549622521e-09,0.05922169983386982,0.04866643622517586
CC34CCc1c(ccc2cc(O)ccc12)C3CCC4=O,0.08514282474061466,16,Uncertain,0.17287564277648926,0.09886570274829865,0.1661538928747176,0.06980829685926415,0.09585633873939503,0.011707838624715805,0.21836857497692097,0.10745330899953842,0.07880697399377823,0.22576919198036183,0.04346893727779377,0.05455883592367161,0.0,0.013308222405612358,0.004922692663967609,0.0003607450053093597
CCCCCCCCO,0.038932698681674004,16,Uncertain,0.009733005426823982,0.02177610620856285,0.04391589015722264,0.006860550493001827,0.00851998385041941,0.0002753685985226184,0.07839348167181004,0.01682232692837704,0.02140476368367661,0.010567438788712025,0.0011077248491345726,0.0012787783052772284,0.3217875480651855,0.0,0.07945281267166115,0.0010273992083965622
CCSCC,0.05786534900307737,15,Uncertain,0.006750176660716423,0.008738170377910026,0.042386818677186744,0.003403244074434042,0.002434203866869211,0.00017073679191526026,0.06055361032485962,0.008324693888425827,0.014527762308716552,0.0053303586319087826,0.0005466276197694242,0.0007128466386348009,0.751868200302124,0.0,0.0007997871725820005,0.0192983467131852
ClCCCl,0.060821742851658124,15,Uncertain,0.005969393998384365,0.003801807528361567,0.06447917222976685,0.002194400643929839,0.000759124755859153,0.0002986669715028256,0.05738552659749985,0.0054373531602321945,0.011197505518793949,0.0030168110970405504,0.0004669742193071924,0.0006583380163646124,0.7910522222518921,8.792577864369377e-05,2.1700623619835824e-05,0.026320962235331424
CCC(C)(C)Cl,0.06465417535582665,16,Uncertain,0.01380321756005276,0.023636598140001186,0.06663431972265244,0.009239329956471809,0.010293470695614815,0.0006960316677575573,0.0947834402322768,0.022504851222038158,0.023852981626987346,0.014465048909187206,0.002070601563900598,0.002461032010614761,0.5820410251617432,0.0,0.15655435621738423,0.011430501006543636
ClCCBr,0.0645425296049836,15,Uncertain,0.0069441418163478374,0.001021878095343598,0.15329864621162403,0.0020858447533099733,0.0001274724054383114,0.001980783650651352,0.0729360580444336,0.005513165146112442,0.01411749329417944,0.0029640940483658396,0.001647298689931631,0.001353101572021842,0.767622447013855,5.4494416872330476e-06,5.908214006922208e-06,0.001056691282428801
Nc1ccc(cc1)N(=O)=O,0.10629991823561788,16,Uncertain,0.2298397421836852,0.03443857654929161,0.15059855580329884,0.03898005187511444,0.02727605774998665,0.005842439364641794,0.16785334050655365,0.04095035046339024,0.05603673681616783,0.22027289867401123,0.025474481284618156,0.04628323018550862,0.6372031688690185,0.0194885917007922,4.7605928557459265e-05,0.00021286381524976417
OCC1OC(OC2C(O)C(O)C(O)OC2CO)C(O)C(O)C1O,0.09856722107042579,15,Uncertain,0.03513674437999725,0.08571252971887577,0.10743626207113266,0.030085835605859645,0.06326173245906819,0.0032388519030064344,0.15905526280403115,0.07628045231103875,0.04505854472517956,0.04898611083626736,0.00956753734499205,0.010250778868794441,0.9001917958259582,0.0028129429556428276,5.515232714969898e-10,1.547654449041147e-07
CCN2c1ncccc1N(CC)C(=O)c3cccnc23 ,0.07259197228268012,16,Uncertain,0.1325627863407134,0.04623553529381741,0.11818304657936074,0.03618621453642845,0.03476494550704945,0.004081116523593553,0.15522186458110798,0.04772778600454319,0.054346606135368236,0.1394062638282776,0.017675770446658023,0.026275323703884967,0.325167179107666,0.0011193141108377658,0.021441034972667583,0.0010767688509075724
Clc1ccccc1,0.14260804104609978,16,Uncertain,0.2758181393146514,0.029736598953604587,0.1722179800271988,0.047598738223314174,0.02404755726456642,0.008994321338832156,0.1810067445039748,0.049055345356464164,0.07044188678264596,0.28897300362586953,0.04073829948902119,0.0662926360964774,0.5330104827880859,2.2619361939035798e-10,0.49376070499420166,3.6217752494849265e-05
CCCCCCCC=C,0.022059046808863003,16,Uncertain,0.011715195141732582,0.024884292855858803,0.04729770869016636,0.008157969452440628,0.010242704302072414,0.0003493247495498508,0.08414550870656956,0.019111368805169948,0.023823073133826256,0.012770577333867439,0.0013953432207925998,0.001608197926543653,0.0,0.0,0.10727835446596146,0.00016513015725649893
Brc1ccc(I)cc1,0.21064082231805745,15,Uncertain,0.36489051580429055,0.0015569871757178388,0.5191947817802428,0.04181286692619324,0.0005780957289970301,0.10644187033176422,0.27720481157302834,0.03888909518718697,0.14943611621856678,0.31296437978744507,0.3379462659358978,0.20562365651130654,0.23154559135437025,5.851616968755025e-10,0.7821674346923828,6.874963673908496e-07
CCC(C)(O)CC,0.08353412915614676,15,Uncertain,0.013336592353880405,0.03028205595910538,0.05399478226900101,0.00981602631509304,0.013996657915413158,0.0004942819359712303,0.09227407723665215,0.023849982768296973,0.025183934718370438,0.015453203581273445,0.001857035094872006,0.002141491975635179,0.9463196277618409,1.5543122344752192e-15,0.10754631459712982,2.0158115177082436e-09
CCCCCc1ccccc1,0.0819090752579952,16,Uncertain,0.056672167032956966,0.0372810997068882,0.07825704663991917,0.02080920338630665,0.023051105439662822,0.0015360889956353985,0.11891114711761464,0.03323003277182557,0.0385727398097514,0.06231605261564244,0.006725990679114946,0.00926199834793795,0.08978233337402342,1.3755774297408152e-11,0.6691885590553284,0.0649496391415596
NC(=O)NC1NC(=O)NC1=O ,0.11043982584946616,15,Uncertain,0.07342955470085144,0.07837220281362522,0.148565113544464,0.0380902774631976,0.05615338683128335,0.006011414807289839,0.1823759377002716,0.07072634249925602,0.054892316460609436,0.07532744109630585,0.015131228603422642,0.020146025344729424,0.9476398468017578,8.891111792763695e-05,8.663196058478206e-05,5.81845881697518e-07
OCC(O)COC(=O)c1ccccc1Nc2ccnc3cc(Cl)ccc23,0.08987926239497021,16,Uncertain,0.158757284283638,0.038297828286886215,0.1432405561208724,0.03761072829365719,0.02856752090156056,0.005363886710256227,0.1682633012533188,0.046902474015951046,0.05917447805404663,0.16305771470069885,0.02219182066619385,0.03476199507713296,0.2987486839294433,0.20166540145874023,0.017544172704219818,0.01392035186290741
ClC(Cl)C(c1ccc(Cl)cc1)c2ccc(Cl)cc2,0.08116149584944657,16,Uncertain,0.15697939693927765,0.028860040009021648,0.16713184118270863,0.03563306853175163,0.019937261939048545,0.0075286636129020534,0.16612926125526417,0.04470156505703915,0.055897098034620174,0.15275612473487843,0.0252395812422036,0.03761009499430634,0.0,3.04501838854776e-07,0.4001776874065398,1.9441497443040134e-06
CC(=O)OC3CCC4C2CCC1=CC(=O)CCC1(C)C2CCC34C ,0.05939357987130048,16,Uncertain,0.05329916626214981,0.1208883672952652,0.12485024333000183,0.04591819643974304,0.10198909789323796,0.005742308683693409,0.1883997470140456,0.108756624162197,0.058082807809114456,0.07868936657905556,0.017352135851979256,0.017660647630691417,0.026230144500732466,0.0009577240562066436,0.0014752353308722377,5.465101821755525e-06
Clc1cccc2ccccc12,0.13435897171447314,16,Uncertain,0.3395484387874602,0.03873594105243683,0.18715259432792664,0.060410939157009014,0.03461699187755585,0.011742905713617802,0.2028769701719284,0.060613151639699825,0.08168575167655945,0.36543336510658264,0.05520409718155861,0.089447222650051,0.019566059112548828,1.6893312304588903e-09,0.6018394231796265,0.0008696941076775655
CCN2c1ccccc1N(C)C(=O)c3ccccc23 ,0.0670227023511415,16,Uncertain,0.15228383243083943,0.0508628413081168,0.12437735497951496,0.04062593355774857,0.04001855105161656,0.00487310392782081,0.16227681934833527,0.0521998293697834,0.05770842730998982,0.1597543954849242,0.020722245797514804,0.0312093123793602,0.13426237106323247,3.279610609752126e-05,0.039155952632427216,0.0019994708709417663
CCCCC(C)O,0.0659720055590756,15,Uncertain,0.010623079724609852,0.024002134799957164,0.047161344438791164,0.007623554207384364,0.009839930571615585,0.00033148314105335697,0.08255786448717095,0.018685953691601642,0.02247888222336758,0.011725272983312607,0.0012900143628937766,0.0014929297612980008,0.809384024143219,0.0,0.00835545640438784,1.64004546832075e-07
CCCC1CCCC1,0.030173355503771863,16,Uncertain,0.019555671140551345,0.051242265850305446,0.06505793333053578,0.01686423271894444,0.029721057042479404,0.0010010881815103456,0.11637665331363656,0.0432693250477314,0.034109190106391796,0.027171570807695167,0.003903111210092791,0.003930434118956216,0.0,6.002975894148221e-13,0.07056069374084462,1.0461450074217282e-05
CCOC(=O)c1cncn1C(C)c2ccccc2,0.07179671641679297,16,Uncertain,0.09769218415021874,0.042318180203437805,0.10588617622852325,0.028689252212643623,0.029156114906072617,0.0029746536165473625,0.13969087600707997,0.04009054601192463,0.04593392089009285,0.09954696893691994,0.011918142437934764,0.018060261383652576,0.48202290534973147,0.0020480486564338207,0.002333584940060751,0.00038564673741336986
Oc1ccc(Cl)c(Cl)c1,0.12019254349007752,16,Uncertain,0.3058350682258606,0.025106551125645638,0.20862182974815358,0.05013642832636822,0.019803661853075027,0.012193216942250618,0.1931481659412384,0.04998979717493035,0.07632682472467422,0.3124014139175414,0.05160669609904278,0.08255835622549035,0.5314582347869873,4.4422835344448686e-05,0.0038498216308652244,2.0628377228604222e-07
CC1(C)C(C=C(Cl)Cl)C1C(=O)OC(C#N)c2cccc(Oc3ccccc3)c2,0.1355618753586895,15,Uncertain,0.118393175303936,0.05022328346967675,0.14866404235363007,0.03823641315102555,0.03697150573134422,0.00633573904633522,0.17373283207416523,0.056962348520755546,0.05557108297944058,0.12348598986864079,0.0204946119338274,0.02918647602200497,0.0,0.7968150973320006,0.505534291267395,0.00838311668485403
c2ccc1ocnc1c2,0.13544891969373785,16,Uncertain,0.35190528631210327,0.043273694813251384,0.17317794263362885,0.059919942170381435,0.04060526192188263,0.009947982616722362,0.19816882908344258,0.058970578014850616,0.07763154804706562,0.3787311613559722,0.050594057887792365,0.08673188090324402,0.6153233289718628,0.018048737198114173,4.6858122004778124e-06,0.004147797357290761
CCCCCO,0.06481979282925743,15,Uncertain,0.009140080772340187,0.019749833270907402,0.04213937744498242,0.0061932201497255646,0.007420080713927635,0.00023854231403663828,0.074922114610672,0.015134465880692005,0.02028093487024296,0.0095534548163414,0.0009615490562282503,0.0011345816310494028,0.7991264343261719,0.0,0.030841849744319805,0.000280165666481369
CCN(CC)c1ccccc1,0.056653613491511635,16,Uncertain,0.06555975228548039,0.03335808217525482,0.08235894888639439,0.020878741517663002,0.02052275836467743,0.0015915781259535633,0.12078440189361561,0.03127172216773022,0.03981100022792805,0.06843054294586182,0.007216176483780035,0.010408866219222435,0.3832079887390136,3.266020787151547e-11,0.018036289140581974,0.0030209666583685957
Fc1cccc(F)c1,0.1144771815385304,16,Uncertain,0.288705438375473,0.039384711533784755,0.16052845120429982,0.05006157234311104,0.03449175879359245,0.007927638478577026,0.18158841133117654,0.05187214910984017,0.06741420924663544,0.30487191677093506,0.03799242526292801,0.065853051841259,0.5345301628112793,9.28812582401406e-12,0.004667728673666605,0.001745278830640018
ClCCC#N ,0.07372570503117129,15,Uncertain,0.015934644266963005,0.013949648477136978,0.07046506553888321,0.006796449888497369,0.004713057540357002,0.0005847152206114314,0.08507896959781636,0.013548841699957848,0.021974258124828228,0.011118872091174015,0.001505160704254993,0.0021065182518211767,0.8621379733085632,0.06935977190732945,0.00033732029260125085,1.3587944991400036e-08
CC(C)(C)Cc1ccccc1,0.09730910974168491,15,Uncertain,0.07370844483375538,0.05001911520957936,0.09514638036489476,0.02868584357202042,0.0354897305369376,0.00265060388483096,0.1385679394006728,0.04593905806541443,0.04505285993218422,0.08641538023948658,0.010806715115904808,0.014688126742839813,0.12003870010375972,1.413036585518057e-07,0.8010134100914001,0.008723306469619163
O=C1NC(=O)NC(=O)C1(CC)c1ccccc1,0.09338112971283857,16,Uncertain,0.12765048444271077,0.0798276737332344,0.14837147295475006,0.05104921385645855,0.066930390894413,0.007662483956664801,0.191973716020584,0.08044307678937901,0.06536729633808114,0.14907249808311462,0.026084449142217636,0.03452573716640461,0.4614107608795166,0.00017056820797733963,0.00355018489062775,8.068049282883294e-06
Clc1ccccc1I,0.15349849277410743,16,Uncertain,0.3110944926738738,0.004092882853001245,0.38576772809028625,0.0380098558962344,0.0018820203840731464,0.03758130967617024,0.223525732755661,0.037452444434165844,0.10130554437637318,0.27965351939201333,0.14063701033592224,0.1218597963452338,0.34836254119873034,3.054556607651193e-11,0.4247509241104126,8.183302213637944e-08
c2ccc1[nH]nnc1c2,0.13564285209172333,16,Uncertain,0.3623676300048828,0.04381255805492401,0.17841364443302143,0.06170425936579704,0.041089817881583945,0.01054045185446717,0.20309090614318837,0.06019730493426323,0.079501412808895,0.38734129071235635,0.05332491919398297,0.09070441871881485,0.5907993793487549,8.767609688220546e-05,1.881130810943432e-05,0.007291152607649454
CNC(=O)Oc1cccc2CC(C)(C)Oc12,0.10843028322467627,16,Uncertain,0.08301645517349243,0.052413027733564155,0.11185970157384861,0.03099193051457405,0.03675542026758183,0.0033945185132323585,0.14981845021247864,0.048833128064870834,0.04838248714804638,0.08735624700784683,0.01233831699937582,0.017225662246346363,0.40710649490356443,1.4162648085402907e-06,0.6452553272247314,0.00013594774645753205
Cc1cccc(C)c1O,0.09471980721118586,16,Uncertain,0.14665399491786935,0.04998975619673718,0.10799241811037064,0.03743883967399575,0.03916281834244717,0.003977158572524564,0.14536593854427315,0.0468182899057864,0.051766831427812354,0.15462155640125264,0.017113521695137024,0.02666286192834355,0.6828972339630127,0.00014751906564924866,0.004572534002363571,0.0003356426313984029
CC(C)C(C)O,0.0805850110850922,15,Uncertain,0.013209105469286442,0.03172061219811417,0.057414397597312816,0.01023942045867443,0.014575823210179806,0.0005554303643291458,0.09602569788694382,0.025339704006910213,0.026094358414411434,0.015495713800191768,0.0019725689198819563,0.0022511386778204523,0.9606618314981461,0.0,0.03380420804023743,1.6681903503013018e-07
c1ccccc1C(O)c2ccccc2,0.09752965100196884,16,Uncertain,0.19185771048069,0.057359471917152405,0.13634175062179565,0.0482206717133522,0.049570899456739426,0.006668522488325834,0.17258895933628082,0.05941103398799885,0.06085690855979897,0.211946040391922,0.027571430429816246,0.0434911474585532,0.4896825313568115,0.0024331107269971453,0.00035207008477300406,0.002122157020494231
CCCCCCCCCC(=O)OC,0.03253502272374907,16,Uncertain,0.01219845376908757,0.02258961647748936,0.04917669296264637,0.00756896287202824,0.009016820229589828,0.0003426928597035639,0.08228860050439823,0.01721348613500584,0.022639181464910396,0.012086431495845207,0.0012988238595426083,0.0016026668017730117,0.1448840141296387,5.431211036466266e-13,0.13764820992946625,5.7100883168459404e-06
COP(=S)(OC)Oc1ccc(cc1Cl)N(=O)=O,0.038255644304069206,16,Uncertain,0.0799715667963028,0.010211425833403953,0.11436928063631036,0.011253095231950172,0.0048079583793878555,0.0014775447780266404,0.10945390909910202,0.01414948049932696,0.02702672965824604,0.05350563675165154,0.005362369120121002,0.010659651830792427,0.0,7.838907301049858e-11,0.1696598380804062,0.00018182209169026464
CC(C)CBr,0.05777264964708582,16,Uncertain,0.012633493170141952,0.005714464467018843,0.11676409095525742,0.006423466373234765,0.001467160414904245,0.0017864392139016472,0.09970750659704197,0.01625153049826622,0.025884574279189,0.010731736198067554,0.003714467864483373,0.002880241023376362,0.5671032905578614,0.0,0.046870693564414756,0.00642923917621363
CCI,0.07107454249317863,15,Uncertain,0.010655254125594982,0.00026624934980634674,0.2425108104944228,0.002647779183462151,2.5067425667657517e-05,0.009610713459551223,0.10402610152959824,0.006973459385335445,0.027092447504401207,0.00589437922462821,0.010883483104407565,0.003914985805749782,0.7126783132553101,0.0,3.561691073628026e-06,1.007435184874339e-05
CN(C)C(=O)Oc1nc(nc(C)c1C)N(C)C,0.05547307097519188,16,Uncertain,0.052329007536172756,0.0325169339776038,0.08059272170066822,0.01757245510816563,0.01812143437564362,0.0013577784411608063,0.1115572452545166,0.027035489678382763,0.03464136272668816,0.04742518812417984,0.005123761482536571,0.00770105654373765,0.44760603904724117,9.342514539767421e-10,0.003987168427556642,1.4922445643605897e-06
CCCCCCBr,0.03284159148533938,16,Uncertain,0.010567438788712025,0.007608638145029434,0.08123870193958282,0.005787780042737611,0.0020909260492769643,0.0008429565350523971,0.08748318254947662,0.014562691561877616,0.022977350279688835,0.009412049315869808,0.0021917931735514484,0.0019035454606636248,0.22274188995361333,0.0,0.03600871190428723,0.020047808066010364
CCCC(C)C,0.026836942215698566,16,Uncertain,0.010167374275624641,0.023560669273138046,0.043950259685516246,0.007457560859620349,0.00957459583878495,0.00029646826442319973,0.08049553632736206,0.018280012533068657,0.02240118198096741,0.011579333804547565,0.0012347926385699592,0.0013804816408081733,0.18693304061889648,0.0,0.012079004198312648,7.635115366610989e-07
Cc1c(F)c(F)c(COC(=O)C2C(C=C(Cl)C(F)(F)F)C2(C)C)c(F)c1F,0.047463690924018816,16,Uncertain,0.08085817843675602,0.047348227351903804,0.12908136844635,0.030009927228093036,0.03296384215354897,0.004230201244354248,0.15509375929832436,0.04921149089932442,0.04566087573766697,0.08536983281373955,0.013270333409309165,0.018831128254532814,0.0,0.0006864196620880447,0.06677468121051777,2.878863779187668e-05
CCc1cccc(C)c1N(C(C)COC)C(=O)CCl ,0.04061508964878147,16,Uncertain,0.035179466009140015,0.02739533968269825,0.07478946447372414,0.013827841728925594,0.013859806582331546,0.0010683581931516528,0.103584423661232,0.02417277731001355,0.030257875099777953,0.03224870190024365,0.003767795395105966,0.00526536116376497,0.278719425201416,0.0006073007243684314,0.0014143879525362335,0.003683109302073606
ON=Cc1ccc(o1)N(=O)=O ,0.09030842304087508,15,Uncertain,0.14316841959953297,0.028413046151399612,0.1353788822889328,0.02611267566680897,0.0184969250112772,0.00362987583503116,0.14537757635116555,0.030051253736019023,0.043547600507736206,0.11504396051168442,0.013203431852161773,0.02469116076827038,0.7177098035812378,1.3834755009156652e-05,9.084042540052906e-05,5.48161233382416e-06
CC(C)C(Nc1ccc(cc1Cl)C(F)(F)F)C(=O)OC(C#N)c2cccc(Oc3ccccc3)c2,0.05482052329170974,16,Uncertain,0.11439866572618484,0.04337660223245621,0.131107896566391,0.03307313099503495,0.03122081421315659,0.004520543850958236,0.1578896939754486,0.04602105915546395,0.05053567886352517,0.11768215149641015,0.01619884930551041,0.02494305744767178,0.0,0.0064101442694664,0.09729193896055222,0.002458145609125384
Nc1nc[nH]n1,0.13166671649358677,15,Uncertain,0.28368788957595825,0.0359247662127018,0.1563309282064438,0.04610407352447499,0.030651312321424373,0.00704897381365277,0.17366287112236023,0.046088598668575176,0.06300826370716084,0.2876950204372406,0.03399798646569241,0.06079862266778935,0.8813562870025635,0.00020992623467464,1.4330092668046746e-11,0.00010194392234552652
BrC(Br)Br,0.07043365392931797,15,Uncertain,0.005234316457062849,0.00011912883201148361,0.2900755405426023,0.0010311553487554193,6.405144176824251e-06,0.023991769179701805,0.08058521151542664,0.003209935501217842,0.010271081700920948,0.0014003482647240162,0.0037782052531838417,0.0016844650963320218,0.7055255651474,3.6061717878510535e-07,2.4974198822746985e-05,6.957001641438865e-11
COP(=O)(OC)C(O)C(Cl)(Cl)Cl,0.07092124283893997,15,Uncertain,0.012087794952094444,0.005512156523764022,0.08018726855516423,0.0035214321687816463,0.001530883600935229,0.00047436062595795914,0.0723346173763274,0.007362035568803438,0.012616080231964366,0.006862546317279228,0.0009131078259088099,0.0015253151068461701,0.8559417963027954,0.009825826622545608,0.06404464691877365,1.6725097751191242e-08
CCOP(=S)(OCC)SCn1c(=O)oc2cc(Cl)ccc12,0.08795102634192623,15,Uncertain,0.06964960694313038,0.012863735668360965,0.10917810350656498,0.012674780562520027,0.006287695374339819,0.0015745448181404553,0.11262521147727955,0.017633473500609176,0.029573842883110046,0.052675552666187175,0.00579978199675657,0.010213267058133968,0.0,4.629543127521174e-06,0.9661113023757935,0.00035089309676539227
OCc1ccccc1,0.10257578290875233,15,Uncertain,0.11141908168792725,0.041080567985772976,0.1000668853521346,0.029212033376097568,0.02945069596171357,0.002838389715179801,0.13524769246578194,0.038550782948732154,0.045589249581098445,0.11316454410552956,0.012186573818325774,0.019271280616521835,0.7789520263671875,0.00027091416995961293,0.0003435244725550346,0.1835682839155196
O=c2c(C3CCCc4ccccc43)c(O)c1ccccc1o2 ,0.09030936650186201,16,Uncertain,0.23867852985858895,0.06582026183605183,0.1615932434797286,0.06260672211647023,0.06160125136375416,0.009981578215956577,0.20158062875270844,0.07736728340387344,0.07583738863468159,0.2800825834274292,0.043366689234972,0.06339019536972046,0.07351074218749998,5.72222305095238e-08,0.028422877192497253,0.0011098317336289965
Oc1ccc(Br)cc1,0.18219399810232054,16,Uncertain,0.3432350754737854,0.013814837671816238,0.3070943057537078,0.05541514977812756,0.008986925706267246,0.02745339088141896,0.22972752153873444,0.054322533309459575,0.10349330306053162,0.3447147607803345,0.10970180481672276,0.12256661057472218,0.6944725513458252,0.4911869168281554,0.00880981422960736,0.00010846788791241124
CC(C)Br,0.06932180933290502,16,Uncertain,0.01683029904961575,0.003332166699692607,0.19356410205364216,0.0074715749360619865,0.000748906924854853,0.005035430192947166,0.12107677757740021,0.0184310134500264,0.032679274678230175,0.01340261474251736,0.008664929307997227,0.0054573905654250465,0.659907341003418,0.0,0.0007104151882230125,0.021836712956428417
CC(C)CC(C)(C)C,0.06056931527910124,16,Uncertain,0.014426329173147567,0.03478022664785385,0.056202854961156845,0.01138621848076582,0.017018662765622028,0.0005932961939834058,0.09784983843564976,0.027840472757816204,0.02733289450407017,0.017863444983958976,0.0022705355659126125,0.002497193869203218,0.03307638168334959,2.9458657735403904e-12,0.625641644001007,0.00032905043917696997
O=N(=O)c1cc(cc(c1)N(=O)=O)N(=O)=O,0.06901474936422054,16,Uncertain,0.1764802783727646,0.02410965971648682,0.14233240485191345,0.026544775813817756,0.01645827293395985,0.003825691994279623,0.14745810627937295,0.027804862707853206,0.04330507665872563,0.14722144603729237,0.01538806129246939,0.030285354703664558,0.3029005050659179,2.3627908518619734e-08,0.0001207282257382758,7.415453637804603e-07
CN2C(=O)CN=C(c1ccccc1)c3cc(ccc23)N(=O)=O,0.08215458557615414,16,Uncertain,0.18426556885242462,0.05445992574095715,0.14975540339946747,0.04700613021850575,0.0452004000544548,0.006975616328418255,0.18173244595527638,0.05924398452043522,0.0629718080163002,0.19231610000133503,0.027503494173288234,0.04256152361631382,0.21768960952758776,8.71383017511107e-05,0.0409245379269122,0.0017796825850382447
CCC,0.049086747220923835,16,Uncertain,0.0068193357437847935,0.014393169432878383,0.03178234398365021,0.004383928608149179,0.0046982113271949455,0.0001227975735673681,0.06225204840302456,0.010679130442440399,0.017234493046998756,0.006933900993317255,0.0005789385177193962,0.0006688280845992267,0.6246630191802979,0.0,0.0001778034056769684,6.791482043411179e-09
Nc1cc(nc(N)n1=O)N2CCCCC2 ,0.10148115402562316,16,Uncertain,0.1345457136631012,0.057108789682388195,0.13144391775131226,0.04328348860144604,0.04750602319836594,0.005467569921165594,0.17262552678585041,0.06307337433099736,0.058986201882362144,0.16113141179084756,0.02318507246673096,0.031798694282770046,0.6663861751556397,0.007072612177580373,1.3226272130850703e-05,0.020070666447281837
Nc2cccc3nc1ccccc1cc23 ,0.11955880826353667,16,Uncertain,0.3768835067749021,0.05246150866150845,0.184848353266716,0.07029484957456578,0.05115128308534622,0.012543234042823204,0.21508309245109536,0.07027619332075097,0.08647182583808877,0.4112348258495331,0.0613444559276104,0.10102932900190342,0.15190439224243169,0.057703733444213756,0.000436068105045595,0.009274280630051979
c1ccc2cc3c4cccc5cccc(c3cc2c1)c45,0.1259732846253897,16,Uncertain,0.4161731004714966,0.056160494685173035,0.1972817927598952,0.07863911241292942,0.056386202573776245,0.014908934012055175,0.229313626885414,0.07758351415395714,0.09508741647005081,0.45782119035720825,0.07353399693965901,0.11897531896829605,0.0,2.368348406278642e-09,0.125394806265831,0.018313044682145008
OC(c1ccc(Cl)cc1)(c2ccc(Cl)cc2)C(Cl)(Cl)Cl,0.05837159655857242,16,Uncertain,0.14221671223640442,0.02588551118969895,0.17439034581184376,0.03260467946529377,0.01726543903350819,0.007545942906290182,0.16638654470443726,0.042125869542360195,0.051962703466415405,0.1388060301542282,0.023389875888824352,0.03509393706917763,0.008348941802978516,0.0030507228802888475,0.06465743482112885,0.00021485396428022607
C1Cc2cccc3cccc1c23,0.09350943723061622,16,Uncertain,0.24165046215057362,0.07322042435407616,0.15679989755153634,0.06529052555561066,0.06919539719820023,0.010314670391380565,0.20088537037372578,0.08052583783864964,0.07621221989393223,0.2808356285095214,0.04320007190108277,0.06311551481485356,0.0,5.508284939281793e-10,0.0015039830468593918,0.13340099155902863
CCOP(=S)(OCC)SC(CCl)N2C(=O)c1ccccc1C2=O,0.06785378781611576,16,Uncertain,0.04981986433267582,0.017718635499477164,0.10533886402845383,0.012778736650943645,0.008510232903063186,0.0015786944422869764,0.11548631638288476,0.02097855880856503,0.028707867488265038,0.03850513696670521,0.004888298921286949,0.007909552194177993,0.0,1.3082154737276142e-06,0.6734379529953002,5.852282924934116e-07
Brc1ccc(Br)cc1,0.20355732118287526,15,Uncertain,0.3632599711418152,0.004009098280221224,0.46765434741973855,0.05251492932438839,0.0018998818704858422,0.07703980803489685,0.2689726650714874,0.049506038427352794,0.14141906797885884,0.3361024260520934,0.246055245399475,0.186406448483467,0.24158248901367185,1.1150994794206781e-07,0.820427656173706,6.695474439766258e-05
Cn2c(=O)on(c1ccc(Cl)c(Cl)c1)c2=O,0.0924060508031171,16,Uncertain,0.2577149271965026,0.02878725528717041,0.17256177961826324,0.043827518820762634,0.02246987447142601,0.008069802075624355,0.17546497285366036,0.045220229774713405,0.06626834720373143,0.2571209669113158,0.03583333268761624,0.05918740481138218,0.2053943634033203,1.0535553656154661e-06,0.10057466477155685,3.1940746225700423e-07
Oc1ccc(cc1)c2ccccc2,0.12769033717922856,16,Uncertain,0.34463241696357727,0.04963301867246617,0.17226992547512043,0.0638236179947852,0.047307826578616985,0.010645752772688755,0.20367634296417214,0.0648435652256012,0.08033546060323704,0.377520591020584,0.05231012776494015,0.08744937181472756,0.48239107131958003,0.00275482889264822,0.00216072704643,0.0012907497584817573
CC1=C(CCCO1)C(=O)Nc2ccccc2 ,0.09236057525699824,16,Uncertain,0.10018491744995095,0.06254703551530816,0.12403121590614297,0.03861153870820977,0.04819510877132405,0.004701162222772837,0.16652284562587716,0.06105799227952935,0.055151037871837616,0.11346904933452606,0.017021454870700836,0.023204576224088558,0.54542555809021,3.098866363870911e-05,0.11494801193475723,0.0026667106430976473
CCOC=C,0.07414153989153507,15,Uncertain,0.013129954226315022,0.019536999985575565,0.049088865518569835,0.0067873806692657634,0.007213588338345178,0.00030262416112214474,0.07870934158563603,0.014235314913094044,0.021928738802671432,0.01111434958875157,0.0011050653411074363,0.0015060711884870015,0.9400702714920044,3.814211169128612e-10,0.021491523832082637,4.4548240111907944e-05
CCC#C,0.09813127511097994,15,Uncertain,0.017052264884114154,0.02380390837788582,0.05152679234743096,0.008917164988815562,0.009645857848227024,0.0004078272613695644,0.08562012016773224,0.017277980223297962,0.025779912248253822,0.015145707875489967,0.0015867489855736494,0.0020594047382471725,0.8523966670036316,4.440892098500626e-15,0.45887935161590554,6.932096994205494e-07
COc1ncnc2nccnc12 ,0.1085105309439768,15,Uncertain,0.21207445859909035,0.03325144946575165,0.133653461933136,0.03758525475859642,0.02584206499159325,0.004629664123058208,0.15883542597293843,0.04010653868317604,0.058495763689279445,0.20882049202919006,0.023368887603282817,0.03994862362742424,0.7492108821868897,1.346957651549019e-05,0.010061237961053848,0.00027081990265276357
CCCCC(C)(O)CC,0.0663253316520368,15,Uncertain,0.01267571747302998,0.02909931167960156,0.05223267525434483,0.009375197812914848,0.013122305274009594,0.0004552736936601631,0.09038233011960983,0.022882742807268985,0.024727838113904,0.01469223666936137,0.0017355188028885804,0.001983770402148255,0.7246035814285279,1.1102230246251565e-16,0.06323675066232681,5.623899212992001e-08
Clc1ccc(Cl)cc1,0.15452064448982067,15,Uncertain,0.29623743891716003,0.021483687683939823,0.20744116604328133,0.04723868519067764,0.016219839453697205,0.01153428666293621,0.18908382952213276,0.04662806540727604,0.07671956717967976,0.2992452085018158,0.050049878656863944,0.07815121114253976,0.268159532546997,3.9479530755670567e-13,0.8641375303268433,3.8460089513137063e-07
O=C1N(COC(=O)C)C(=O)C(N1)(c2ccccc2)c3ccccc3,0.08543461188583015,16,Uncertain,0.14443081617355347,0.06420817971229542,0.14713191986083984,0.04639318957924843,0.051798101514577755,0.006886233109980822,0.18408548831939675,0.06620946526527405,0.06318707764148701,0.15661337971687295,0.024459591135382652,0.03560185804963101,0.3748054504394531,0.0005835924530399605,0.0003819179255514227,0.00017752927669789642
CSCS(=O)CC(CO)NC(=O)C=Cc1c(C)[nH]c(=O)[nH]c1=O,0.06527609934273632,16,Uncertain,0.04800472408533074,0.021589646115898975,0.0973321720957756,0.014224312268197425,0.010746232233941444,0.0015804254217072211,0.11317764967679955,0.023025522008538246,0.030985571444034354,0.03963109105825424,0.004937605001032241,0.007738407235592604,0.620158863067627,0.00042166316416103466,0.006294474005699047,0.00456923060119141
Cc1c[nH]c2ccccc12 ,0.09995677933324593,16,Uncertain,0.24061423540115334,0.050530649721622356,0.1387185901403426,0.05069487914443005,0.04419858381152142,0.006858771201223024,0.17447085678577423,0.056109361350536235,0.06597633659839619,0.25857338309288025,0.031736813485622406,0.05163172632455826,0.4019313812255859,1.0115086297446396e-06,0.010524804703891166,0.016737084835767635
COc2ncc1nccnc1n2,0.10439927071447519,16,Uncertain,0.21517930924892426,0.03376135230064381,0.1362030804157256,0.038362320512532966,0.0262550190091132,0.004809074569493421,0.16143052279949177,0.040944356471300014,0.05976299196481705,0.21204015612602223,0.024158695712685363,0.04110323637723923,0.6743628025054932,0.0004384327912702046,0.0014801779761910439,9.680265065981075e-05
CNC(=O)Oc1ccccc1C2OCCO2,0.10399328512753991,16,Uncertain,0.07685649394989003,0.048509612679481395,0.10982384532690037,0.028382489457726368,0.03309736773371674,0.0030691740103063747,0.14621812105178822,0.04598252847790696,0.04622635245323181,0.07980468869209278,0.011017440818249957,0.015558460727334023,0.5764861583709717,6.39637054433706e-09,0.4423660039901731,0.0004938179044984281
C1N(C(=O)NCC(C)C)C(=O)NC1,0.08833428294173298,16,Uncertain,0.03263271227478981,0.051752395927906036,0.08986766636371601,0.020509598776698,0.03036072850227345,0.0017960721161216497,0.131948560476303,0.04346323013305664,0.03841034695506085,0.035880565643310436,0.005615834146738052,0.006827111821621545,0.6408677577972413,1.3097213923174422e-05,0.28340253233909607,3.165798716509016e-07
CC#N,0.07063528125013124,15,Uncertain,0.020237235352396743,0.01901855319738377,0.05404756963253021,0.007791013922542223,0.006952932104468235,0.00037371934740804136,0.0814981311559676,0.01320522092282761,0.024922627955675014,0.014172632247209438,0.0013440233888103448,0.0020523557905105516,0.8844880342483521,4.107236772910028e-11,5.6901146308518946e-05,3.549548637238331e-06
CCOC(=O)NCCOc2ccc(Oc1ccccc1)cc2,0.10289876262249881,16,Uncertain,0.10165395587682724,0.03548765555024136,0.10790108889341343,0.026802398264408,0.023687271401286014,0.0027478744741528116,0.14044244587421395,0.03631724417209625,0.04689902439713456,0.10060495883226384,0.011614552699029446,0.018203331157565006,0.42720098495483394,0.529607355594635,0.0032503954134880386,0.03395966440439224
CC(=O)N(S(=O)c1ccc(N)cc1)c2onc(C)c2C ,0.09285505864771712,16,Uncertain,0.1267453283071518,0.028746886178851017,0.12396346777677514,0.026918891817331203,0.018787922337651253,0.0035522656980899736,0.14147977530956257,0.033242080360651016,0.044970154762267955,0.1126827299594878,0.013593053445219772,0.022608272731303947,0.5784066200256348,0.20939123630523682,7.42601969250245e-06,0.0005848273285663508
ClCC(Cl)(Cl)Cl,0.054557390034506104,16,Uncertain,0.010422081686556228,0.0038515974301843725,0.10817843675613403,0.0032540771644562483,0.0009168276446870349,0.0009224652894771479,0.07535259425640106,0.007231325842440017,0.012204410508275032,0.0052196839824317776,0.001099659944884368,0.0015868442133067928,0.6394140005111695,6.427834887290373e-05,0.003154886420815961,4.5070552005199715e-05
CCCCO,0.07351656798509784,15,Uncertain,0.008807133883237839,0.018663890659809,0.04113468155264843,0.00583244254812576,0.006846254225820192,0.00021944781474303454,0.07296922802925099,0.014233938418328651,0.01965135894715775,0.0090046552941202,0.0008851264137773596,0.0010578613728283726,0.965493667125702,0.0,0.011044065468013176,0.0004213360080027595
CC1CCCCC1NC(=O)Nc2ccccc2,0.10537522072086172,16,Uncertain,0.0820835530757904,0.061985794454813004,0.11659973114728917,0.0354231521487236,0.04691031575202942,0.004061556886881368,0.16200858354568481,0.06065076217055321,0.05207594484090805,0.0979587286710738,0.014851515181362629,0.01936635933816422,0.34689431190490727,3.0465034797089174e-05,0.5844473838806152,0.0006553735001944005
Clc1cc(Cl)cc(Cl)c1,0.09709871633970144,16,Uncertain,0.2822543084621427,0.01764511317014683,0.2223505824804306,0.04373008385300625,0.012606955133378395,0.01237273309379805,0.1853933185338974,0.04298679903149605,0.07401750236749638,0.274789422750473,0.04920011758804321,0.07654705643653859,0.0,1.212363542890671e-13,0.259685456752777,1.1781477127215112e-08
O=Cc1ccco1,0.12138624520157455,15,Uncertain,0.16889837384223916,0.03687676787376404,0.13028717041015625,0.03396122530102719,0.027156926691532024,0.004406949505209812,0.1513959616422652,0.03900656849145878,0.0514909103512764,0.15592037141323078,0.017990263178944366,0.03160904720425606,0.9651869058609008,0.12382487207651116,0.0004921723157166324,0.003675437066704035
CC(C)CCO,0.07046544738077493,15,Uncertain,0.010672916658222564,0.023782385513186455,0.047760192304849625,0.007580998819321172,0.0097182746976614,0.0003342810668981455,0.08262567222118355,0.018536552786826976,0.02238878421485424,0.011616776697337627,0.00128355249762524,0.0014990958152337752,0.840738570690155,0.0,0.04861750826239586,0.00029159584664717464
O=Cc2ccc1OCOc1c2 ,0.08623215503539527,16,Uncertain,0.14125612378120422,0.051961030811071174,0.12961295247077942,0.03845527023077,0.03967926278710365,0.004991914611309545,0.15903840959072102,0.05052623525261857,0.053968939930200355,0.13644754886627175,0.018424224108457343,0.02881432883441437,0.5242532253265381,0.0006417518598026417,0.00040298735257215945,0.0012402747524902225
CC(=C)C,0.06551366424914695,15,Uncertain,0.016425615176558384,0.026822809129953162,0.052713364362716564,0.009709138423204422,0.011497586965560802,0.0004538954235612236,0.0891958251595496,0.020032152533530967,0.026751557365059853,0.016055231913924217,0.0017581986030561492,0.0021904886234549448,0.761423134803772,0.0,0.013186587020754814,3.0424816941376776e-06
O=Cc1ccccc1,0.11521558630269046,16,Uncertain,0.18637031316757202,0.04357764497399319,0.13314029574394226,0.039716426283121,0.034150894731282966,0.005252682603895553,0.16186362504959106,0.04583196714520443,0.056831151247024425,0.1814422458410262,0.021822402253746764,0.03708689659833897,0.5998000144958496,8.939800864027347e-06,0.28570395708084106,0.010849923826753982
CC(=C)C(=C)C,0.0605689115023437,16,Uncertain,0.027534812688827404,0.044279467314481624,0.07754317671060562,0.017014825716614612,0.0231858268380164,0.0012354976497590542,0.11894709616899479,0.033980317413806804,0.035933293402194755,0.028315912932157405,0.003958851099014171,0.004997956100851186,0.5329985618591309,0.0,0.01917222701013077,4.761132913699839e-06
CCOC(=O)CCN(SN(C)C(=O)Oc1cccc2CC(C)(C)Oc21)C(C)C,0.057535084925348125,16,Uncertain,0.041979532688856014,0.03641468286514282,0.09285948425531376,0.018451375886797794,0.020458661019801982,0.0017665419727561638,0.12457705289125443,0.033757761120796204,0.0361187607049942,0.04158097133040417,0.00577185209840525,0.007879274897277244,0.4110836982727051,0.00012203737423988059,0.0465467870235442,0.0011928844032808028
O2c1ccccc1N(C)C(=O)c3cccnc23 ,0.09841838927241028,16,Uncertain,0.24350367486476876,0.05314252525567997,0.15636971592903115,0.05433892831206322,0.046819508075714,0.008265262469649204,0.18868787586688973,0.062165305018424766,0.07051792740821816,0.2604536116123197,0.03641352429986,0.05763714760541905,0.3127751350402832,5.9898942708969116e-05,0.018178086727857368,0.005366100929677375
C1c2ccccc2c3ccccc13,0.10352918529597349,16,Uncertain,0.31073373556137085,0.06343495100736596,0.16919469833374023,0.06849723309278477,0.06137169897556305,0.011639758944511414,0.2069742828607558,0.07554335892200459,0.08041107654571522,0.3477695882320404,0.051750533282756805,0.08183854818344094,0.0,2.6644413342324924e-09,0.0010161784011869512,0.12629131972789764
CC1CCCCC1,0.05344313910476677,16,Uncertain,0.02594216540455796,0.07338415831327416,0.07908251881599415,0.024569729343056568,0.04953975602984417,0.0018064873293042183,0.1387868970632552,0.06474056094884861,0.041629549115896225,0.039523635059595,0.006640444975346216,0.006343068089336046,0.26941714286804197,4.8182478167291265e-06,0.033679232001304626,6.207079650266678e-08
NC(=N)NS(=O)(=O)c1ccc(N)cc1 ,0.07814197945289714,15,Uncertain,0.10375531762838364,0.015103077515959629,0.12061147391796101,0.016424404457211383,0.008306793868541607,0.002270225202664622,0.12254290282726277,0.019337482750415802,0.03205430880188942,0.07586628198623635,0.008173060603439808,0.015723831951617973,0.7008338451385498,0.009258925914764404,5.856586085428717e-06,3.882095370499883e-06
COC(=O)c1ccc(O)cc1,0.08888153490361211,16,Uncertain,0.13384214043617237,0.03528038039803505,0.12112097442150094,0.029983352869748958,0.02428724616765965,0.003475762438029051,0.14739710092544533,0.03691241890192021,0.05011356994509675,0.12427233159542084,0.014479359611868747,0.024101598188280948,0.6733420848846435,0.0034275841899216175,3.4056643926305696e-05,3.459684012341313e-05
CC1CCCO1,0.10348686296147758,15,Uncertain,0.025100238621234783,0.0654909312725066,0.07971522957086563,0.02205296978354443,0.042285434901714214,0.0016524011734871946,0.13350899517536163,0.05717259272932995,0.03890073671936978,0.035331834107637405,0.0057738530449568115,0.005832112859934346,0.9733717381954193,0.000680576718878001,0.16892015933990456,3.169496665123006e-09
CC3C2CCC1(C)C=CC(=O)C(=C1C2OC3=O)C,0.08120241034303027,16,Uncertain,0.0694688782095908,0.13161271810531594,0.13859087228775024,0.05474137142300606,0.11658130586147297,0.0076637365855275474,0.20178782939910878,0.11977626383304585,0.06471224874258041,0.09933840483427037,0.02271694876253605,0.023641183972358593,0.1308709144592285,0.115541972219944,0.002174719003960379,1.919778878800571e-05
OCC2OC(Oc1ccccc1CO)C(O)C(O)C2O,0.10018410105985279,15,Uncertain,0.06220282986760117,0.06578799337148655,0.10956323146820057,0.03189433366060235,0.049093298614025005,0.0034667407162486397,0.1537857949733734,0.06078292801976204,0.047189459204673545,0.07598395645618417,0.011913093738257774,0.01500581484287955,0.8914324402809143,0.024542829021811374,3.466257680884155e-08,0.00030083805904723704
CCCI,0.06111263744660386,16,Uncertain,0.011156400665640831,0.000850053213070967,0.19002467393875122,0.0036078025586901985,0.00011500384425744414,0.0042468272149561725,0.10029622912406921,0.009286080487072357,0.026921551674604416,0.007428975310176611,0.006795009598135837,0.0032148933969438076,0.5988634586334228,0.0,0.014864504337310569,0.00013073514855932444
CCNc1nc(NC(C)C)nc(SC)n1,0.046891771807861415,16,Uncertain,0.04085717350244522,0.02035853452980496,0.0740453451871872,0.012741791084408649,0.010000382550060638,0.0009686884004621588,0.09774285554885864,0.01999593898653984,0.029419871047138946,0.0354587621986866,0.00383760710246861,0.005589170381426811,0.3992111206054688,2.0489043890847825e-05,9.237443009624258e-06,1.1381313925085124e-05
CCCO,0.06822878593884517,15,Uncertain,0.008338212035596149,0.017250893637537845,0.039703063666820415,0.005356670357286819,0.0061129736714063965,0.0001950167934410274,0.07028067111968983,0.01307151187211264,0.018803566694259644,0.008279809728264809,0.000787166936788597,0.0009567217784931525,0.9006534695625306,0.0,0.0009947104845196009,0.0008761166827752076
CC(=O)C1(O)CCC2C3CCC4=CC(=O)CCC4(C)C3CCC21C,0.07252568041859174,16,Uncertain,0.0600663423538208,0.14265325665473916,0.13574640452861786,0.05464803427457798,0.1289798766374588,0.007557601667940617,0.20393872261047363,0.13051581382751465,0.0635908916592598,0.09361527860164642,0.02233934961259365,0.02205805480480183,0.08775815963745115,0.0028596597258000456,0.004081726539880037,1.7135608914031764e-06
CCCC(C)O,0.07514192398573052,15,Uncertain,0.01049712859094143,0.02340954914689064,0.04673563316464424,0.00743001326918602,0.00951529387384642,0.0003203286614733569,0.08158881962299336,0.0181773379445076,0.022151485085487144,0.011446787044405826,0.001245487481355556,0.0014540007105096064,0.9590372830629349,0.0,0.009261479601264,1.5651124840587727e-07
OC(C(=O)c1ccccc1)c2ccccc2,0.10077490296389433,16,Uncertain,0.17199191451072682,0.05402961745858181,0.1373385041952132,0.04422012344002724,0.04451721534132935,0.006195310968905576,0.17037206888198841,0.055648073554039,0.05861353129148483,0.18367603421211243,0.024290621280669944,0.03857256099581696,0.418445634841919,0.192697912454605,0.008866536431014427,0.0029227875638752066
Cc1ccc(O)c(C)c1,0.09418795895608117,15,Uncertain,0.14072149991989114,0.04898248612880696,0.10536722093820561,0.03615940734744061,0.03780616447329521,0.00372510659508396,0.1425381451845168,0.0453239381313324,0.050769004970788845,0.14736367762088753,0.01606380008161057,0.02500019036233425,0.703646969795227,0.0016209129244088016,0.0018105333438142024,0.00010828547965502366
Clc1cccc(c1)N(=O)=O,0.09955254653358604,16,Uncertain,0.22495263814926136,0.024624813348054775,0.16412670910358418,0.03544054552912701,0.017984772101044655,0.006246943958103546,0.16488072276115395,0.03643378987908363,0.05629122257232655,0.20920751988887787,0.02634277008473862,0.0467398539185524,0.37837042808532717,1.2926132342272467e-07,0.20119184255599953,6.043340817996068e-06
Cc2c(N)c(=O)n(c1ccccc1)n2C,0.0994072480743852,16,Uncertain,0.201544851064682,0.043724309653043636,0.12893109023571003,0.04198937118053425,0.03580385819077481,0.005243495572358148,0.16055354475975014,0.04771179333329201,0.05838732048869122,0.20888693630695343,0.02412053197622277,0.039667628705501445,0.588458776473999,0.00017113712965510786,0.005259767174720653,6.155694427434355e-05
Clc1ccc(c(Cl)c1)c2cc(Cl)ccc2Cl ,0.1538652368536442,15,Uncertain,0.3356814682483672,0.023636642843484768,0.22583813965320576,0.05412685126066197,0.01868460327386845,0.01423446461558342,0.20345941185951222,0.05237970873713482,0.08453253656625737,0.3426872193813324,0.06188833341002464,0.09544981271028496,0.0,1.426192497433476e-12,0.9492440223693848,5.747277782575111e-07
ClC(=C(Cl)C(=C(Cl)Cl)Cl)Cl,0.026641264435529464,16,Uncertain,0.02951505035161961,0.004897860344499239,0.1873476207256316,0.006720498204231151,0.0012629599077625953,0.0034990692511199795,0.10943908244371403,0.011166461743414402,0.021421067416667827,0.013233555480837822,0.0036814899649469934,0.005468261893838644,0.028606986999511697,1.1102230246251565e-16,2.662406757281133e-07,0.0
CCNc1nc(NC(C)(C)C)nc(SC)n1,0.047967831969617625,16,Uncertain,0.04270152375102043,0.023494061082601436,0.07870535552501656,0.014341510832309612,0.012186734937131405,0.0011627567000686012,0.10395736992359161,0.02314319275319565,0.031098507344722637,0.03900160640478123,0.00448174076154817,0.00639436300843943,0.3865299701690674,0.00010846044460777193,0.00011270379764027894,6.545407813973725e-05
CCC(C)CCO,0.06317664380676427,15,Uncertain,0.010575591586530209,0.02359907142817963,0.047020863741636165,0.007510156836360582,0.009614480659365654,0.00032459819340135976,0.08203052729368199,0.018359003588557243,0.022300368174910434,0.011545403860509174,0.0012638774933292352,0.001469173701480031,0.7362555503845215,0.0,0.03881124034523964,0.00014639362052548677
Cc2ncc1nccnc1n2,0.12311390053696405,15,Uncertain,0.24866291880607605,0.04211581125855446,0.14276602864265442,0.046610355377197155,0.035683635622262844,0.006389134097844251,0.17028610408306122,0.04936418309807755,0.06386412680149056,0.25650036334991433,0.03049688600003697,0.05133809521794297,0.824341356754303,1.170930227090139e-05,0.001373500912450254,1.8199267287855037e-05
CC23Cc1cnoc1C=C2CCC4C3CCC5(C)C4CCC5(O)C#C,0.0794731255861051,16,Uncertain,0.09936665743589401,0.1376281976699828,0.1561155319213866,0.06719199568033196,0.1329001486301422,0.010815036483108775,0.21982023119926442,0.13551557064056374,0.07288978248834599,0.14810307323932637,0.034240659326314815,0.0364650823175906,0.0,0.020228000357746967,0.0002638848382048309,2.6157149477512576e-05
CCCCI,0.04535428498056708,16,Uncertain,0.011423831805586815,0.001704135094769188,0.159413844347,0.004347494803369045,0.0002905480796470128,0.002622223924845346,0.09762215614318837,0.010982105508446582,0.02661377191543557,0.008427917957305797,0.005112765356898197,0.0028434167616068207,0.3818143367767334,0.0,0.011515322141349205,0.0009346890728919588
Brc1ccc2ccccc2c1,0.11888782241986914,16,Uncertain,0.37332233786582947,0.02128210850059975,0.2736396193504331,0.063632532954216,0.015842003747820854,0.02424430288374424,0.23389714956283558,0.062245693057775386,0.10430848598480225,0.3878280818462372,0.10324043035507202,0.12671601772308339,0.03873357772827146,3.058833542013417e-08,0.06888336688280106,0.004389419686049223
CC1OC(CC(O)C1O)OC2C(O)CC(OC2C)OC8C(O)CC(OC7CCC3(C)C(CCC4C3CC(O)C5(C)C(CCC45O)C6=CC(=O)OC6)C7)OC8C ,0.09839744496157843,16,Uncertain,0.04891854524612416,0.12333158403635025,0.12521331012248982,0.04532570019364335,0.10543416440486897,0.005736485123634227,0.1889532059431076,0.11356015503406525,0.056943021714687236,0.07585979998111725,0.017109451815485843,0.016929903998970763,0.6494193553924561,0.0001059537535184063,0.0015184235526247702,5.9072110758506824e-08
FC(F)(F)c1ccccc1,0.09419444407342163,16,Uncertain,0.10495250672101963,0.04013548418879498,0.1271275132894516,0.028913935646414646,0.028771040961146244,0.003975186962634214,0.15106306970119454,0.040888186544179805,0.04368678107857704,0.10663362592458725,0.013480743393301853,0.022091293707489745,0.28597078323364256,1.3130652121162711e-10,0.4880155026912688,0.021405450999736564
CCCCCCOC(=O)c1ccccc1C(=O)OCCCCCC,0.027544815806305606,16,Uncertain,0.0350591018795966,0.030123502016067394,0.07457303255796421,0.014750252477824577,0.015705207362771034,0.001040747738443204,0.10932391136884678,0.026178687810897827,0.032645586878061184,0.03504524379968643,0.004014082718640455,0.005513354204594978,0.01792497634887691,1.9726273876585765e-06,0.03881441429257382,2.9788186566293007e-06
c1ccc2c(c1)sc3ccccc23,0.10795860947400786,16,Uncertain,0.36434412002563454,0.03889745846390724,0.19358138740062703,0.06407192349433877,0.03576524928212166,0.012679141014814155,0.2083044946193694,0.06288442015647877,0.08560462296009064,0.3980938792228699,0.061681795865297206,0.09986150264739979,0.06552572250366206,0.004011964891105779,0.001438698498531954,0.030591370537876972
Clc1ccc(c(Cl)c1)c2ccc(Cl)c(Cl)c2Cl ,0.10127344928107035,16,Uncertain,0.32466208934783913,0.021800315007567406,0.23316796123981454,0.05194347724318504,0.016764283180236816,0.014888188801705837,0.2017509341239928,0.05072592943906784,0.08217503130435944,0.32746168971061707,0.06094135716557503,0.09409831464290597,0.0,8.517631044924201e-13,0.13999560475349426,1.2535912752298373e-08
Clc1ccc(c(Cl)c1Cl)c2ccc(Cl)c(Cl)c2Cl ,0.09176228034968384,16,Uncertain,0.3163894414901731,0.020046200603246578,0.24053016304969776,0.05010675266385056,0.015007817186414973,0.015499637462198623,0.20052993297576904,0.04920201376080502,0.08064936846494664,0.3154570758342742,0.06056259945034981,0.09325581043958664,0.0,1.637578961322106e-13,0.010959671810269245,4.0319536598332206e-10
CC(=O)CC(c1ccccc1)c3c(O)c2ccccc2oc3=O ,0.08462954404885745,16,Uncertain,0.1865774542093276,0.05187488347291935,0.14166980981826782,0.04630482941865921,0.04305439442396164,0.0064486307092009865,0.17583866417407978,0.057079020887613185,0.06298908591270436,0.20336271822452545,0.02733173780143261,0.04253268241882324,0.2955616474151611,0.00016763074381742626,0.013202644884586223,7.687026663916185e-05
c1ccccc1C(O)C(O)c2ccccc2,0.09808495334182217,16,Uncertain,0.14014355838298775,0.055492255836725235,0.12552855908870675,0.04052945598959923,0.04490506276488304,0.005149947479367145,0.16211450099945057,0.054676342755555996,0.054532501846551784,0.15455123782157876,0.020149173215031624,0.030877793207764626,0.617311668395996,0.05960841104388215,0.00010776452836580575,0.003681020112708211
COC(=O)c1ccccc1C(=O)OC,0.05702035116791529,16,Uncertain,0.07584479451179504,0.029453270137310028,0.09648939222097375,0.019647156819700973,0.01700947619974602,0.0018139902967958532,0.12233102321624745,0.026999030262231827,0.038563065230846405,0.06393522769212723,0.006974997464567423,0.011511658318340556,0.4007786750793457,1.9173012333340012e-07,0.0008566785836592317,0.00011699092283379287
CCCCCCCC(=O)OCC,0.04038038065308555,16,Uncertain,0.012194372713565826,0.022869296371936576,0.04929427430033684,0.007655989844352007,0.009169351309537777,0.0003483142936602235,0.08272220194339741,0.017467718571424373,0.022774292156100162,0.012204086408018955,0.0013194814091548324,0.001619771122932434,0.30330142974853513,3.154378802605606e-08,0.10314545780420303,2.090842521340619e-08
CCSSCC,0.05540609146955825,15,Uncertain,0.00688411621376861,0.005691098980605602,0.049027759581804164,0.0027080951258540154,0.001396128092892357,0.00018211532733403146,0.05829088017344464,0.006537442561239004,0.012790312059223652,0.004560062196105608,0.0004918823833576225,0.0006985787767915808,0.7149968385696411,0.0,0.00041148479795083404,0.021830668672919162
CCOCCOCC,0.0729198696422665,15,Uncertain,0.008720899932086357,0.017106128856539615,0.04169929027557362,0.005347257945686357,0.006053828168660402,0.00020609219791356548,0.070756696164608,0.012926728464663029,0.01855216361582257,0.008255844935774803,0.0007931530708445989,0.0009992001578209564,0.9456033408641815,3.0158098240917752e-12,0.02967519871890545,2.209090416727122e-05
Clc1cc(Cl)c(Cl)cc1Cl,0.09271613180125149,16,Uncertain,0.2891555726528168,0.016221191734075435,0.24317602813243866,0.044349778443574794,0.011380842886865028,0.014580812305212021,0.19071784615516663,0.04353278875350941,0.07580222189426422,0.2803730368614197,0.05451803281903256,0.08391018211841583,0.0,7.216449660063518e-15,0.1357397735118866,5.513391965195069e-10
Nc1ccc(cc1)c2ccc(N)cc2,0.13551100817355735,16,Uncertain,0.3408855199813843,0.05179237574338902,0.17428360879421223,0.06489320099353779,0.04934783652424801,0.010974972508847602,0.20535430312156655,0.06644777953624725,0.0806208848953246,0.370822250843048,0.05256742984056462,0.08710890263319004,0.41968498229980455,0.1587778776884078,1.4096511222305708e-05,0.03460010886192322
CCCCCC=C,0.028736864256825284,16,Uncertain,0.011916748248040565,0.024450019001960643,0.04718552529811837,0.008085227571427822,0.009976772591471561,0.0003444458125158034,0.08367719501256943,0.018660100176930428,0.0238181222230196,0.012726074084639438,0.0013747010380027458,0.00160358881112177,0.14014978408813472,0.0,0.07579154521226883,2.9978938982822e-05
CCCCc1c(C)nc(NCC)[nH]c1=O,0.05194130500585719,16,Uncertain,0.049689359962940216,0.03354793041944504,0.07447333633899678,0.018149111419916042,0.019496681168675423,0.00126037572044857,0.11080267280340184,0.028990982100367435,0.03540852293372143,0.05118694156408299,0.005433117039501556,0.007538161706179158,0.3886234283447265,1.7349496284069232e-09,0.006449102424085029,1.1154412277392112e-05
O=C1NC(=O)NC(=O)C1(CC)C(C)CCC,0.06134092321754651,16,Uncertain,0.042162369936704636,0.06288672983646382,0.099465511739254,0.026512224227190018,0.04115765169262875,0.002559974091127404,0.1462121158838272,0.05519740656018235,0.04431256279349316,0.050304021686315425,0.008371934294700623,0.009749988093972206,0.3865672588348389,1.054596395988483e-05,0.005984453950077184,2.1896008561839153e-08
Nc1ccccc1Cl,0.12544776533359245,16,Uncertain,0.2922616600990293,0.03380937501788117,0.17918676137924183,0.05206746608018864,0.02838980220258225,0.010083334520458953,0.18854032456874836,0.05366385355591763,0.07315718382596959,0.3082561492919922,0.04502648860216141,0.07331614196300495,0.6635218143463135,0.004941112827509642,0.00044783586054097935,0.0004949411959386252
COc1cccc(Cl)c1,0.10227762580716152,16,Uncertain,0.14298158884048462,0.023789500817656406,0.1213831678032874,0.027459913864731567,0.015573239885270374,0.0033762550447136164,0.13795237243175507,0.031540051102638245,0.04990696534514416,0.13250906765460957,0.015326324850320816,0.02486237697303284,0.5074515342712402,2.523927378206281e-07,0.40180492401123047,0.0005244776257311567
CCCCN(CC)C(=O)SCCC,0.04597762849229571,16,Uncertain,0.012394364923238643,0.01774660125374783,0.05441342666745186,0.0069058421067892395,0.006608266849070565,0.0003918650618287556,0.08179375529289246,0.015498403459787147,0.021497059613466152,0.011314203962683567,0.0013153266627340399,0.0016646260628475629,0.308216142654419,3.1991109761264624e-09,0.19588080048561074,1.3676210528501542e-06
CCCCOC=O,0.07002349826164461,15,Uncertain,0.013576674275100231,0.020704397931694762,0.053867142647504807,0.007331345230340847,0.007909056730568409,0.0003752490738405667,0.08342748135328282,0.015803925693035015,0.022567922249436156,0.01189328357577324,0.0012929991353302084,0.0017301228363065801,0.7594464778900146,2.0470892536650354e-07,0.12044882029294957,8.685622105986113e-07
CC12CC(O)C3C(CCC4=CC(=O)C=CC34C)C2CCC1(O)C(=O)CO,0.08479820788532202,16,Uncertain,0.06182810664176941,0.1319018006324768,0.13801607489585854,0.05212796479463555,0.11594270914793003,0.007338094525038974,0.20115409791469563,0.12058650702238083,0.062422432005405426,0.0911947563290596,0.021292261779308208,0.02185726910829544,0.32776679992675783,0.002016715006902814,0.0013233242789282285,2.4121557089529233e-06
BrC(Cl)Cl,0.06482275251591052,16,Uncertain,0.011877453885972389,0.0006217536865732454,0.23321712017059326,0.002508228411898017,7.461573113687336e-05,0.005657831206917652,0.09524879604577996,0.005800435319542774,0.0165959671139716,0.004575338680297025,0.0037781456485389553,0.0030712352599947534,0.5983775138854981,8.708052519068588e-06,0.055750757455825806,1.3969950884984428e-07
CC34CC(=O)C1C(CCC2=CC(=O)CCC12C)C3CCC4(=O) ,0.08325252169794187,16,Uncertain,0.06907520443201065,0.15937353670597054,0.14540618658065774,0.0626181811094284,0.15079429745674122,0.009353824891149776,0.2161584496498108,0.1469445824623108,0.06888852268457402,0.10858044028282166,0.02723502181470383,0.026635015383362548,0.13349351882934557,0.007173493970185407,0.0003097319277002297,3.389862968106172e-07
c1ccc(cc1)c2ccc(cc2)c3ccccc3,0.10639280971207407,16,Uncertain,0.3540855050086974,0.05168510973453522,0.1733739972114562,0.06635212153196324,0.0498955063521862,0.01113414578139782,0.20743288099765755,0.06731807440519322,0.08266288787126541,0.389530748128891,0.054910704493522644,0.09115508198738076,0.07798013687133776,6.353146009274724e-09,0.002103654434904345,0.022664394229650386
Oc1ccc(C=O)cc1,0.11349569686608439,15,Uncertain,0.21442693471908558,0.04370127245783806,0.1467769742012024,0.04384130984544743,0.03527097776532162,0.006329469848423974,0.17158682644367196,0.0489523410797118,0.06156570464372624,0.2107887864112854,0.026750223711133003,0.04544991627335537,0.7572064876556397,0.002338194055482634,0.0008344314410350107,0.00011129930499009788
CBr,0.06693850516647987,15,Uncertain,0.0016568953869864345,5.885430800844915e-05,0.14247871935367584,0.0002564752358009681,1.7047151459337329e-06,0.0024095193948595606,0.039926592260599025,0.0009619006304999456,0.004867196083068848,0.000296515179798007,0.0004386937362139687,0.00022841589816380292,0.8774345993995667,8.373937099293016e-10,1.0658141036401503e-14,2.438861335107845e-10
Cc1cc(ccc1NS(=O)(=O)C(F)(F)F)S(=O)(=O)c2ccccc2,0.03649724102078827,16,Uncertain,0.08806774765253056,0.011887867003679164,0.11019863188266743,0.013523993082344421,0.006345546804368385,0.0017817068146539494,0.11077807843685139,0.016264641657471657,0.026768149808049202,0.06704175472259521,0.006657243240624555,0.012878688052296638,0.09638175964355467,0.00029815791640419587,0.015039414167403953,4.2475447116885334e-05
CC(=O)CC(c1ccc(Cl)cc1)c2c(O)c3ccccc3oc2=O,0.0862007529964102,16,Uncertain,0.19326847791671742,0.045510582625865825,0.15127232670783974,0.045955222100019455,0.03679915890097596,0.00703598279505957,0.17778420448303223,0.05550183728337277,0.06468303501605976,0.20724156498908974,0.029406409710645565,0.04531373828649521,0.20069561004638692,0.0005533762741831705,0.11811182647943474,7.86943273851648e-05
CCc1ccc2ccccc2c1,0.06486982143020187,16,Uncertain,0.1754196137189864,0.04614417627453804,0.1220853328704834,0.041366465389728435,0.03702019527554501,0.00477125123143185,0.1617775708436966,0.04952884465455998,0.059783797711133846,0.18892545998096466,0.022607525810599216,0.034951962530612835,0.0,1.1563329849195725e-07,0.03166044130921364,0.06187438964843739
Nc1c(C)c[nH]c(=O)n1 ,0.13143377100968498,15,Uncertain,0.2157832384109496,0.04389015212655056,0.1367630213499068,0.04396216943860043,0.03630332276225079,0.005893779452890047,0.16437618434429158,0.04887450113892544,0.059559617191553005,0.22352325916290283,0.026547299697994964,0.04408329352736462,0.7794738292694092,0.2736402750015259,7.155583716667024e-07,0.00026567772147234603
Clc2c(Cl)c(Cl)c(c1ccccc1)c(Cl)c2Cl ,0.08636632416420097,16,Uncertain,0.299638569355011,0.02247742936015118,0.22072817385196686,0.04890780895948399,0.017238054424524196,0.013562966138124355,0.19405972957611084,0.04898691922426224,0.07581347227096535,0.3013266623020172,0.053427301347255596,0.08399581164121617,0.0,5.226929999935237e-12,0.0016982881352304302,3.566913431285457e-11
c1c(NC(=O)c2ccccc2(I))cccc1,0.12470214987442876,16,Uncertain,0.2585506737232208,0.01700969412922837,0.24221782386302937,0.044185608625411765,0.010721104219555855,0.01589924097061135,0.20158101618289936,0.04763056710362423,0.07991238683462143,0.24852998554706562,0.06292315572500218,0.07556873559951782,0.27917871475219724,7.773209654260427e-05,0.41101402044296265,0.00023393817536976336
Cc3cc2nc1c(=O)[nH]c(=O)nc1n(CC(O)C(O)C(O)CO)c2cc3C,0.11050912491591582,16,Uncertain,0.10441380739212014,0.04410630092024803,0.1170816272497176,0.0314214825630188,0.03159497305750836,0.0035817690659314394,0.15011918544769276,0.044788014143705146,0.0496382974088192,0.11050499975681305,0.014177162200212368,0.021166497841477172,0.4673756599426271,0.5766398310661316,0.00016484790830872953,0.001371542690321803
Fc1ccccc1Br,0.12698440821115523,16,Uncertain,0.3174578547477722,0.01306877564638842,0.2949840128421781,0.05098921060562123,0.00833643041551102,0.024601317942142376,0.21967066824436177,0.051131829619407654,0.09605904668569565,0.3177640438079834,0.09719975292682637,0.11015272885560978,0.41761064529418945,2.6374173955900915e-08,0.012480921112000831,0.0002432662586213663
Oc1ccc(Cl)cc1Cl,0.12016715233450244,16,Uncertain,0.3127848207950592,0.024502404034137615,0.21159449219703663,0.0508384183049202,0.019382691010832565,0.01239504013210524,0.19459056854248047,0.050119541585445404,0.07802209258079518,0.32019439339637734,0.05359300225973118,0.08517229557037342,0.5072118759155273,7.152035686885938e-05,0.0022011674009262405,1.132694222860664e-07
CC1(C)C(C=C(Cl)Cl)C1C(=O)OCc2cccc(Oc3ccccc3)c2,0.125727558217477,15,Uncertain,0.1167069748044014,0.04778843373060215,0.14244242012500763,0.03690800443291664,0.035076286643743404,0.005811112932860851,0.1687738448381424,0.05480650812387455,0.05428733304142941,0.12258214503526677,0.01956425979733456,0.027761243283748627,0.0,0.3539292514324188,0.7200632095336914,0.10513990372419335
CN2C(=C(O)c1ccccc1S2(=O)=O)C(=O)Nc3ccccn3 ,0.07998178409034146,16,Uncertain,0.15454243123531342,0.030259791761636623,0.14180798828601815,0.030952902510762215,0.021328553557395824,0.004780109040439018,0.15526996552944183,0.03757849708199501,0.047402188181877025,0.14038698375225056,0.018051866441964992,0.03079697862267483,0.4606021404266357,0.004811314865946548,0.001036601490341016,0.00010023266077041626
O=C1N(COC(=O)CC)C(=O)C(N1)(c2ccccc2)c3ccccc3,0.07759488478504856,16,Uncertain,0.128459632396698,0.061327550560235755,0.13864320516586304,0.042752645909786224,0.048076894134282955,0.00593031058087945,0.17717276513576496,0.06253792345523823,0.06026133149862278,0.14034709334373463,0.021421017125248798,0.030678553506731765,0.3122108936309814,0.010240562260150798,0.0014417975908144198,1.5980265743564814e-05
C1CCCC1,0.05787681388330857,16,Uncertain,0.02508851699531056,0.07242574542760838,0.07784587144851685,0.024035481736063846,0.04829145222902276,0.0017355261370537445,0.1379602700471878,0.06438799202442158,0.04152423143386841,0.03844072297215462,0.006412353832274564,0.006061998195946217,0.3191133975982666,1.1873094507564019e-07,0.06270301342010476,2.329904191356036e-06
Cc1ccccc1N,0.11130889740816191,15,Uncertain,0.1911844164133072,0.04990459978580464,0.12269594520330418,0.04347935318946816,0.04153517633676518,0.005269221030175575,0.1593720018863678,0.05097329244017601,0.05786668136715878,0.2039058804512024,0.023435544222593196,0.03780153766274441,0.7331805944442749,0.05227227509021737,0.0004453330184331916,0.007620505988597759
c1(OC)ccc(CC=C)cc1,0.0644727597213204,16,Uncertain,0.07212525606155384,0.03598644584417343,0.08425918221473683,0.021744340658187755,0.02216847613453865,0.0017052552429958068,0.11892788857221603,0.030836306512355804,0.039546847343444824,0.06850195676088322,0.007188523653894552,0.01091080531477917,0.31617631912231436,0.00032887698034744783,0.0052356282249091946,0.19592204689979542
CN(C)C(=O)Nc1cccc(OC(=O)NC(C)(C)C)c1 ,0.05966373002902314,16,Uncertain,0.06064234301447857,0.03732889890670754,0.09949654340743996,0.021542474627494812,0.022361017763614655,0.002105476101860404,0.1310194581747054,0.0340244024991988,0.03991301730275143,0.05824548006057717,0.007416978478431591,0.011001708917319553,0.39640464782714846,1.744773392431398e-08,0.0329606868326664,0.00015652910224162042
CC(C)C=C,0.05757448498117122,16,Uncertain,0.015404786914587021,0.03154292330145825,0.056867599487304576,0.010795895941555389,0.01434311270713795,0.0005636757123284042,0.09635830670595158,0.024430034682154655,0.02770339325070381,0.016962192952632793,0.002073881682008394,0.0024260953068732105,0.5534920215606689,0.0,0.06822314113378525,4.698359589383472e-06
Oc1ccccn1,0.15404919638908715,15,Uncertain,0.29899531602859475,0.04171441867947556,0.15700702369213104,0.05231169983744621,0.037487149238586426,0.00800956692546595,0.18329130113124836,0.0534544140100478,0.06908865272998799,0.3207056522369385,0.039450056850909965,0.06830304861068726,0.9805795758962631,0.15435075759887673,2.3465223421226256e-05,1.5043535313452594e-05
CC,0.05988928840904167,15,Uncertain,0.004714667331427225,0.008799757808446773,0.02308128587901581,0.0025959950871764503,0.0022951955907045685,5.126319229020737e-05,0.048260025680065044,0.006191712804138549,0.013351104222237953,0.004205044824630022,0.000274031946901232,0.00032887415727600455,0.8440531730651856,0.0,2.6480398446437903e-05,2.5567248318481006e-09
Clc1ccccc1Cl,0.1386288050688538,16,Uncertain,0.2823331356048584,0.023457255214452633,0.19921588897705056,0.04652046412229516,0.017882127314805762,0.011159167625010014,0.18563632667064667,0.047265876084566005,0.07281047850847244,0.2872779071331024,0.04633447155356396,0.07384148985147454,0.32075796127319334,2.735256465768998e-12,0.6035679578781128,3.732873210537946e-07
Sc2nc1ccccc1s2 ,0.16785931727998601,15,Uncertain,0.32385048270225525,0.025017455220222362,0.20611417293548584,0.05066072568297375,0.02002543956041325,0.011803071945905574,0.1945696473121642,0.048891395330428966,0.07706426829099644,0.3290562629699706,0.05256318300962437,0.0854889526963234,0.2984835147857666,2.51820786445478e-12,0.9621545672416686,5.9367930589360185e-06
Clc1c(Cl)c(Cl)c(c(Cl)c1Cl)c2c(Cl)c(Cl)c(Cl)c(Cl)c2Cl ,0.08524594945966202,16,Uncertain,0.287907838821411,0.014521691016852856,0.2610621154308318,0.043507128953933605,0.009948610328137764,0.01643601246178139,0.19294175505638123,0.04284755140542984,0.07546310871839523,0.274505615234375,0.05751002952456463,0.08728363364934921,0.0,2.220446049250313e-16,1.0075314804680602e-07,5.551115123125783e-16
COc2c1occc1cc3ccc(=O)oc23 ,0.10085218682336282,16,Uncertain,0.2562932074069977,0.03804807737469662,0.1509115993976592,0.045938335359096416,0.03165611997246742,0.0064400844275950275,0.17625601589679696,0.04813808947801579,0.06696277111768723,0.2616768479347228,0.032222524285316356,0.05434448644518841,0.2868426322937012,9.969344318960793e-06,0.1576414555311202,0.00025277290842484756
CC(=O)N,0.07387100275409483,15,Uncertain,0.020992500707507022,0.025187835097312816,0.06667415797710396,0.009756329469382652,0.010523940436542034,0.0006152609130366526,0.09464365988969803,0.01862942241132237,0.026582021266222,0.016646301373839156,0.001919238711707183,0.0028437876608221613,0.8862845063209533,4.107825191113079e-15,0.00028279790421936735,0.0003542839258442454
Cc1cccc2ccccc12,0.08469360455997128,16,Uncertain,0.24502258002758026,0.05153405666351296,0.13929975032806374,0.051766056567430385,0.04545219987630844,0.007044205907732248,0.17645733058452606,0.05727344751358021,0.06698959320783604,0.2647013664245603,0.03267213329672802,0.05306560173630703,0.1383153915405273,1.3202590309902007e-07,0.013312898576259613,0.012190928682684787
CCN(CC)C(=O)C(C)Oc1cccc2ccccc12 ,0.052958837060998507,16,Uncertain,0.08100315183401097,0.03845600783824921,0.10110152512788761,0.025660190731287003,0.02511799708008755,0.00246551539748896,0.1381041407585144,0.0378756783902644,0.045541126281023026,0.08411766588687875,0.010175340808928013,0.014901533722877391,0.19969511032104492,3.0438832254731096e-06,0.042324744164943584,0.0007986207492648445
CC(O)C(C)(C)C,0.09726399829280576,15,Uncertain,0.017502371221780555,0.043515529483556636,0.0696696788072586,0.014377444051206001,0.0231858268380164,0.0009683731477706514,0.1123875305056572,0.035577472299337165,0.03064679354429245,0.022046439349651226,0.0032207882031798363,0.0036197206936775528,0.8236785411834717,4.440892098500626e-16,0.3558221459388732,5.317417162586935e-06
CCCC(=O)OCC,0.06754858104391223,15,Uncertain,0.012627689167856948,0.02079716883599736,0.04927431419491757,0.007141639012843148,0.008046400733291992,0.00032509441371064707,0.08018665015697457,0.01563183031976223,0.022005876526236423,0.011621613986789958,0.0012104179477318011,0.0015671276487410069,0.7497296333312988,0.0999273732304572,0.0006844671443103634,5.16756637480853e-11
CC2=CC(=O)c1ccccc1C2=O ,0.09693737084510581,16,Uncertain,0.18816925585269917,0.0759553462266922,0.1595853716135024,0.05968037247657765,0.06755509227514256,0.009455145336687454,0.20035895705223083,0.08036620169878006,0.07282017171382904,0.2099512666463852,0.035171687602996826,0.04974398761987675,0.14855470657348635,2.0640411548811244e-06,0.1931159198284148,0.000512386963236966
c1ccc2c(c1)ccc3ccccc32,0.10914759400300028,16,Uncertain,0.37268149852752686,0.05307030677795399,0.18042872846126534,0.06998129934072483,0.05188827961683262,0.012208557687699573,0.21384453773498524,0.07037033885717381,0.08622953295707703,0.4095464050769806,0.0601099357008934,0.09906429797410965,0.0,6.258384477320078e-09,0.015157875604927429,0.05177990347146977
Cc1ccnc(C)c1,0.10072261582921688,15,Uncertain,0.11291479319334019,0.04536496475338925,0.09259536117315281,0.030252790078520553,0.03274893760681141,0.002743954537436255,0.12924154102802254,0.03924046829342842,0.04503411054611195,0.11512536555528641,0.011668421328067557,0.01810023561120022,0.9299554944038391,1.6536365592401125e-06,0.006363209802657255,0.00021055171964678987
CCCCCCCCCO,0.03310868166081481,16,Uncertain,0.009856107644736545,0.022205376997589954,0.04427998885512341,0.0070023806765674435,0.00875872466713179,0.0002833898761307463,0.07910604774951924,0.01718165725469578,0.02163681574165821,0.010782725177705177,0.0011395219480617724,0.0013097451301290475,0.216218376159668,0.0,0.08864584565162636,0.0013322030426934361
BrCBr,0.0634485838932535,15,Uncertain,0.0027615311555564404,8.746031380724162e-05,0.204036146402359,0.000518902437761426,3.529733248797129e-06,0.00814204290509224,0.05668306350707997,0.001831756322644651,0.006823744624853023,0.0006225467077456415,0.0013146299170330167,0.0006221064832060419,0.7317298650741577,6.358710447074145e-09,1.0331643984784478e-08,1.7156387421835007e-11
CC1CC2C3CCC4=CC(=O)C=CC4(C)C3(F)C(O)CC2(C)C1(O)C(=O)CO,0.08390875776932197,16,Uncertain,0.062408678233623394,0.131247118115425,0.13863679766654957,0.05214343965053536,0.1155574694275856,0.007380311377346405,0.20114608108997345,0.12020844966173161,0.06233046948909737,0.09199578315019596,0.021408502012491226,0.022058306261896976,0.30309462547302235,0.0059824599884450436,0.006940022576600202,1.6101346318464493e-06
Cc1ccc2cc(C)ccc2c1,0.06493368425806513,16,Uncertain,0.17902150750160195,0.05166034772992123,0.11788049340248097,0.042812656611204036,0.04198513552546501,0.004881033208220975,0.1568376123905182,0.05071734637021996,0.05839194357395161,0.18821851909160603,0.021740863099694252,0.03403826430439938,0.0,1.792506054698606e-06,0.08186452090740204,0.008886911906301753
CCSC(=O)N(CC(C)C)CC(C)C,0.034899935584123916,16,Uncertain,0.013923904858529346,0.02084321528673161,0.059639718383550644,0.008163926191627757,0.008323329500854015,0.0005091446219012141,0.08852239698171604,0.018439713865518348,0.02340191602706898,0.013284943066537158,0.0016662366688250385,0.0020678131841121994,0.19287080764770503,3.305881364212837e-06,0.10673834383487701,2.5334506403851265e-07
O=N(=O)OCC(CON(=O)=O)ON(=O)=O ,0.06591317222249914,16,Uncertain,0.037931036204099655,0.018169878050684818,0.09238339960575104,0.010040766559541225,0.007982819341122993,0.0010249490151179597,0.10257074236869801,0.015611023642122634,0.02380809187889077,0.026067392900586017,0.0028255360666662455,0.005170383490622044,0.6036742210388184,4.4135811094747623e-07,0.10735007375478745,2.843659752116423e-10
Nc1cccc(c1)N(=O)=O,0.1069823961714973,16,Uncertain,0.22271806001663197,0.03410512953996636,0.14698567986488342,0.03790493682026863,0.02680644765496243,0.005573586095124372,0.16467794775962818,0.04005060717463482,0.05461468547582615,0.21237392723560322,0.024162270128726848,0.044055838137864956,0.6818315029144287,0.015596015378832817,5.760233761975542e-05,0.00020410220895417108
CCCCCl,0.043261994262502323,16,Uncertain,0.008271100930869357,0.011462612077593803,0.04881681129336335,0.004601857624948025,0.0035369691904634237,0.000262592890067026,0.070138119161129,0.011254295706748851,0.017472242936491744,0.007084104698151239,0.0008289992110801503,0.0010089358547702432,0.482545280456543,0.0,0.01971611753106095,0.005191868636757024
ClC(Cl)(Cl)C(NC=O)N1C=CN(C=C1)C(NC=O)C(Cl)(Cl)Cl ,0.06716873773991831,16,Uncertain,0.03233451023697842,0.024265483021736034,0.12853060662746418,0.014480291865766048,0.011271828785538562,0.002680284669622557,0.12990976870059956,0.0291660614311694,0.030553601682186016,0.026574868708848842,0.005288069136440643,0.007147203199565411,0.4200893402099608,0.20713338255882263,0.005274496041238197,6.962755705330892e-09
Cn2cc(c1ccccc1)c(=O)c(c2)c3cccc(c3)C(F)(F)F,0.078815267326425,16,Uncertain,0.18393541872501362,0.043700892478227615,0.1399998664855956,0.04085852205753315,0.035113703459501155,0.005716157145798206,0.1682717502117156,0.04874223843216885,0.057738564908504375,0.1900322139263152,0.023844588547945023,0.03918711468577385,0.06374883651733398,1.349949485529578e-08,0.2195005565881728,0.0006538395537062369
Nc3cc2c1ccccc1ccc2c4ccccc34 ,0.11273645890287293,16,Uncertain,0.38613003492355347,0.054599579423666,0.18775494396686543,0.07314921170473077,0.053821075707674026,0.013267184607684612,0.219554603099823,0.07317692786455143,0.08910245448350895,0.4225330054759978,0.06461875140666962,0.10559166967868805,0.0,0.00025475930306118055,0.004444438498467207,0.05578470230102517
CC12CCC3C(CCc4cc(O)ccc34)C2CCC1=O,0.07505617945181478,16,Uncertain,0.10692480951547623,0.11960362643003464,0.14738215506076802,0.06275130808353424,0.11332380771636963,0.009424519725143798,0.20873115956783284,0.11872670799493779,0.07044719159603097,0.15376670658588398,0.0319899283349514,0.03562025353312481,0.02154054641723635,1.0938344530586619e-05,0.000475691253086441,0.00017952107009477913
CCN2c1ccccc1N(C)C(=S)c3cccnc23 ,0.07027872670878416,16,Uncertain,0.15200017392635345,0.04443409293889977,0.1288798451423644,0.03891226649284363,0.03383775800466515,0.005005307495594025,0.16097208857536294,0.049424540251493454,0.05720491707324982,0.1564786583185196,0.020883824676275253,0.031352199614048004,0.19443664550781248,8.59041465446353e-05,0.029491832479834446,0.02105957269668557
CC1CO1,0.09246272719357822,15,Uncertain,0.02476803585886944,0.061271246522665024,0.07963111251592614,0.020759997889399417,0.03861056640744198,0.0015588814858346067,0.13002261519432057,0.05275832489132881,0.03743052855133999,0.03319917991757382,0.005337235517799854,0.005578639917075634,0.9275269687175751,0.026417348533868568,0.034532953053712845,1.2251977210553378e-10
O=C3CN=C(c1ccccc1)c2cc(ccc2N3)N(=O)=O,0.09010654080135504,16,Uncertain,0.21551775932312,0.05690043419599522,0.16234612464904785,0.052737481892108806,0.0493202805519104,0.008564651943743229,0.19264984130859364,0.0642217993736266,0.0677470788359642,0.22792381048202504,0.033823784440755844,0.05300559476017941,0.23436326980590816,1.4731930605194066e-05,0.019086580723523983,0.0034814286045730114
CCNC(=S)NCC,0.06579145293249511,15,Uncertain,0.013935157097875961,0.017132706940173992,0.057262979447841644,0.007046572398394235,0.006274803075939417,0.0004218268149998039,0.08291351795196522,0.01497425977140665,0.02214091643691063,0.011771731078624614,0.0013687307946381733,0.001806399435736239,0.7795336008071899,0.0005396077176553771,0.03554043546318997,1.6873797914485067e-09
Oc1cc(Cl)cc(Cl)c1Cl,0.1075618803771367,16,Uncertain,0.3019828498363494,0.020193351432680973,0.22612997889518716,0.047577790915966034,0.015115089714527019,0.013311707414686569,0.19245269894599903,0.04674314334988583,0.07660569995641697,0.30010631680488586,0.0537942312657832,0.08450785279273976,0.34209971427917485,1.5625425930920755e-06,0.00036809174343943596,6.143872077757351e-09
CCCCC(=O)OC,0.056784576493007756,16,Uncertain,0.012948303483426349,0.02036754973232735,0.049970023334026226,0.007050732150673755,0.007814005948603042,0.0003255755582357578,0.07995516806840874,0.015225500799715408,0.021866671741008648,0.011542098596691974,0.0011942717246710144,0.0015794234350321457,0.6782710552215576,2.137666488266632e-09,0.00044280660222284496,3.5353856731035194e-08
Nc1ccccc1,0.14617629761637535,15,Uncertain,0.2733795642852782,0.04749042168259621,0.14749403297901142,0.0526340790092944,0.042833361774683,0.007652278058230766,0.181131213903427,0.05620245262980461,0.06773311644792535,0.2960626184940338,0.03626788407564163,0.06134984642267216,0.8439681053161621,0.196428820490837,1.5511224773945287e-05,0.02817745506763436
Cc1cccc2c(C)cccc12,0.0676667284529457,16,Uncertain,0.18470412492752064,0.05214462801814057,0.11920715868473042,0.04356712847948063,0.04307759925723065,0.0051055969670413814,0.15747980773448944,0.05149712041020382,0.05794101208448399,0.19490946829319,0.02253284864127625,0.03570622205734242,0.09008426666259761,1.4609013305744156e-06,0.021119523793458828,0.0035896883346140385
NS(=O)(=O)c2cc1c(NCNS1(=O)=O)cc2Cl ,0.053040712000438306,16,Uncertain,0.0788932591676712,0.008361204527318367,0.11360815167427063,0.01072282250970602,0.004004798363894224,0.0016046909149736166,0.10274536162614822,0.013111338950693607,0.023101987317204364,0.05204408988356579,0.005475401878356823,0.010745019651949406,0.413374662399292,0.00027652291464597134,0.009375113062560447,0.0012069671647622071
C1=Cc2cccc3cccc1c23,0.12427001150680786,16,Uncertain,0.3493529260158539,0.06729135662317254,0.18843519687652577,0.07783090323209763,0.06672758609056462,0.014518715441226848,0.22474443912506104,0.08396431803703297,0.09004618972539902,0.38859522342681885,0.06408067047595956,0.09967663139104843,0.0,1.1000175215158947e-09,0.04270383343100537,0.2303521931171416
CCCCCOC(=O)CC,0.04821173518423416,16,Uncertain,0.012619996443390846,0.022694822400808223,0.05020999163389195,0.007691204547881969,0.009084475226700195,0.0003576202143448226,0.08301369845867135,0.017268622294068225,0.02283095195889462,0.012320169247686752,0.0013331517111510038,0.0016676082741468035,0.5237066745758056,3.3829485346359434e-06,0.006585392169654147,8.421154884530324e-10
CCNc1nc(NC(C)C)nc(OC)n1,0.0542173755931521,16,Uncertain,0.04388920962810494,0.02765420824289322,0.07133597880601883,0.015039671212434547,0.014787496998906025,0.0009819089900702238,0.10343159735202778,0.023699384182691352,0.03233511745929696,0.04129451140761364,0.004233745392411836,0.006101958453655243,0.48263134956359866,1.3557016131926503e-07,6.144931830931455e-05,2.86912239744197e-07
c1ccc2c(c1)cc3ccc4cccc5ccc2c3c45,0.13776861802393206,16,Uncertain,0.4203201234340668,0.05619048327207565,0.19880157709121704,0.07927454262971856,0.05662341043353081,0.01513211615383625,0.23058204352855682,0.07805649936199177,0.09578032046556462,0.463155835866928,0.074796862900257,0.1210116073489188,0.0,7.558788039929709e-10,0.3077786564826964,0.0067938086576757595
CCBr,0.06866717648645126,15,Uncertain,0.009165269322693237,0.0014073190977795802,0.1570684015750884,0.003272295929491409,0.00021131786343164816,0.0024209879338740192,0.08712980151176442,0.008707376196980365,0.02069755084812641,0.005669273901730554,0.003373886691406147,0.002163816010579356,0.7959077596664429,1.1102230246251565e-16,9.899886208586395e-05,0.001380768371745833
CCC#CCC,0.10372262669629628,15,Uncertain,0.012911047786474228,0.021438566967844852,0.044354848563671,0.007498413790017144,0.008379562757909187,0.00029148158500902355,0.07831107825040795,0.015723787248134613,0.023144273087382206,0.01229681447148323,0.0012249154970047638,0.0015026084147391483,0.5729781150817871,1.412203687323199e-13,0.859491765499115,1.4748139619769063e-05
CC1OC(CC(O)C1O)OC2C(O)CC(OC2C)OC8C(O)CC(OC7CCC3(C)C(CCC4C3CCC5(C)C(CCC45O)C6=CC(=O)OC6)C7)OC8C ,0.09397348329618864,16,Uncertain,0.04857948049902905,0.12278055399656285,0.12426016479730606,0.04506809264421463,0.10477220267057397,0.005651601590216049,0.18821409344673135,0.11300253868103016,0.05676012113690365,0.07541772723197915,0.016943324357270972,0.016733277589082607,0.5813064098358154,0.00025945776724245473,0.0038266279734670006,5.8521592904980935e-08
CCC(=C)C,0.05565897196789525,16,Uncertain,0.014755000360309967,0.026858948171138652,0.05124494433403004,0.0093844924122094,0.011508712545037159,0.000430027546826639,0.08833392709493615,0.02030682563781716,0.025918779894709365,0.015154999680817016,0.0016864652279764414,0.0020236088894306503,0.6007238864898682,0.0,0.02221110463142384,1.828569793360657e-06
Oc1cccc2cccnc12 ,0.14125328268764853,16,Uncertain,0.355485200881958,0.04793747514486302,0.17624865472316742,0.0640444979071616,0.04572555795311917,0.01090715266764164,0.2044464647769928,0.06411891430616357,0.0807201862335204,0.3865546882152556,0.0540127232670784,0.09084391593933105,0.6269248485565185,0.04483034461736657,0.007051736582070367,0.00020016123016819432
C1CCc2ccccc2C1,0.07078286718215164,16,Uncertain,0.11490827053785324,0.076084665954113,0.11892760545015324,0.04655425250530243,0.06452342122793175,0.005450952798128017,0.1716313660144806,0.07384026795625676,0.059872522950172424,0.14462797343730927,0.021793767809867748,0.027692597359418758,0.12092905044555669,5.1659565514228234e-11,5.374420652515255e-05,0.08563541620969761
Oc1ccc(cc1)C2(OC(=O)c3ccccc23)c4ccc(O)cc4 ,0.12072188204977573,16,Uncertain,0.3198479115962982,0.06827162951231003,0.19131138920783974,0.07490566372871377,0.0667695701122284,0.014468863606452831,0.22329546511173237,0.0849425196647644,0.0866287350654602,0.36332961916923523,0.06080951914191235,0.0932546705007552,0.197990608215332,7.478497082047397e-06,0.08569805324077606,1.8416425518807955e-05
Brc1cc(Br)cc(Br)c1,0.1732237881163456,16,Uncertain,0.3400977551937102,0.0030191102996468544,0.5085421204566956,0.04906221479177464,0.0013060792116448283,0.10715232044458378,0.27446532249450684,0.04763292521238316,0.14112523198127747,0.2986486554145812,0.2701276838779447,0.1919226050376892,0.0,2.135000386260799e-06,0.5384699702262878,6.4802184169820976e-06
COP(=S)(OC)Oc1cc(Cl)c(Cl)cc1Cl,0.06849373035059683,16,Uncertain,0.08617076277732838,0.008153224363922962,0.13303959369659424,0.011893458664417156,0.003708197269588598,0.001995914848521241,0.1144014224410056,0.014815161004662403,0.03018607199192036,0.05851760506629944,0.0069664944894609615,0.012976090423762576,0.0,3.4230396295242826e-12,0.6130037903785706,7.189819007180631e-05
Cc1cc(=O)[nH]c(=S)[nH]1,0.13710863246146224,15,Uncertain,0.18753838539123524,0.03206849470734585,0.13651254773139943,0.03646673262119282,0.02384650893509377,0.005204244051128626,0.15298707783222176,0.04044707864522923,0.05542459338903416,0.18435069918632496,0.02226247265934944,0.036669641733169445,0.7497173547744751,3.917198682756862e-06,0.529333770275116,0.0009046002523972474
COc1cc(CC=C)ccc1O,0.06807054375640281,16,Uncertain,0.08410310745239236,0.036590825766325,0.09105265140533436,0.023923402652144432,0.023420605808496364,0.002029396127909422,0.12481208145618417,0.032806817442178615,0.04200958460569382,0.08044296503066994,0.008645024150609748,0.01328662410378445,0.511777114868164,0.01037077885121096,0.003390163416042813,0.0004675569653044276
O=C1NC(=O)NC(=O)C1(C(C)C)CC=C,0.075395811747062,16,Uncertain,0.05482921376824357,0.07670924067497242,0.11758738756179798,0.033978328108787426,0.054548408836126216,0.003963694442063348,0.16482780873775482,0.06818000972270966,0.05090143159031857,0.06537540256977081,0.012005194090306648,0.01423202548176039,0.48803739547729497,5.5734133638907224e-05,0.001101648434996605,6.432244958887168e-08
c1cc2ccc3cccc4ccc(c1)c2c34,0.14318552121515563,16,Uncertain,0.4122244715690613,0.05542455986142136,0.19544488191604603,0.07746415585279465,0.05558404326438904,0.014553761109709629,0.2273614704608916,0.07647528499364842,0.0939466804265976,0.45411020517349243,0.07197076082229603,0.11702420562505722,0.0,2.5074109455403004e-10,0.4367937445640564,0.002590113552287221
CCOC(C)OCC,0.07809420184509237,15,Uncertain,0.009639231488108635,0.019167084246873856,0.044590514153242,0.006049541290849447,0.00715008657425642,0.00025036447914295046,0.07487138360738743,0.014590974897146225,0.019712300971150176,0.009369593113660812,0.0009439405403097734,0.0011857171775772057,0.9636058628559112,4.530958719328737e-09,0.07807832211256016,0.000302307482342945
CC1(C)CON(Cc2ccccc2Cl)C1=O,0.13530065188533616,15,Uncertain,0.1094202622771262,0.06664935499429703,0.14180919528007496,0.04466664418578137,0.05404405668377865,0.006755821406841167,0.1793527752161026,0.0734419673681258,0.05964532867074002,0.13199314475059498,0.022924816235899814,0.029635440558195003,0.3604591846466063,0.8509026169776917,0.025963895022869,0.0071459258906542145
CCCCOCCO,0.06751258052941583,15,Uncertain,0.009364507161080837,0.0193463247269392,0.044250112026929855,0.006071518175303825,0.007202389650046825,0.00024985030177038237,0.07528045028448105,0.014781178906559833,0.019880494102835655,0.009296831674873829,0.0009470827644689761,0.0011653029359876,0.841697347164154,8.196776590807531e-13,0.028915701434016228,0.001752197160385438
Clc1c(Cl)c(Cl)c(N(=O)=O)c(Cl)c1Cl,0.06493411749773928,16,Uncertain,0.22085310518741597,0.014203391037881152,0.21414165198802937,0.0322146639227866,0.00909542664885521,0.009428336285054573,0.167253315448761,0.03268655762076356,0.05759381130337704,0.19469089806079865,0.03249130398035038,0.05429326370358456,0.0,1.4226619882151681e-11,1.5476190640129062e-07,3.752553823233029e-14
CC12CCC(O)CC1CCC3C2CCC4(C)C3CCC4=O,0.07549345816783264,16,Uncertain,0.05394788458943356,0.14932791888713814,0.13058939576148987,0.054517891258001216,0.13753117620944955,0.00719938240945317,0.20363186299800862,0.13900314271450043,0.0630413070321082,0.0908086746931076,0.022011928260326163,0.02051633782684803,0.07774648666381834,0.002176157198846229,0.055844709277153015,1.074905640052748e-06
FC(F)(F)c1cccc(c1)N2CC(CCl)C(Cl)C2=O,0.05586040276939449,16,Uncertain,0.0719129890203476,0.04704743996262539,0.13343898952007283,0.029370730742812046,0.03210706636309624,0.0045342170633374534,0.15739955008029916,0.05150865018367756,0.04517274722456921,0.07621116191148736,0.013071876950562,0.017696943134069443,0.11166877746582027,3.3679272746667266e-05,0.011218599043786415,0.0913730263710022
c1ccc2ncccc2c1,0.12831447988460232,16,Uncertain,0.34369775652885415,0.04827580228447903,0.16916459798812866,0.06243722513318062,0.04581891372799862,0.010231583379209042,0.200606808066368,0.06300403922796238,0.07894785702228546,0.37452197074890115,0.050821781158447155,0.08556435257196415,0.506569766998291,1.541750316391699e-05,0.0006106140208429478,0.01274319179356076
COC(=O)c1cc(O)c(O)c(O)c1 ,0.10260393994416374,15,Uncertain,0.16366107761859883,0.03679061681032181,0.1353030651807784,0.03482040390372265,0.026797493919729964,0.004491016734391451,0.15853099524974823,0.04108767583966244,0.05524970591068257,0.15530896186828602,0.019092794507741817,0.03189683333039284,0.7780570030212403,0.0005736234015784047,1.7591726191312773e-06,1.26371251241153e-08
OC(Cn1cncn1)(Cn2cncn2)c3ccc(F)cc3F ,0.09936042155095481,16,Uncertain,0.16730187833309162,0.04798317700624455,0.13654325902462006,0.04091757908463456,0.03876489773392655,0.005711957346647756,0.16325503587722756,0.051145993173122406,0.05506415292620637,0.17878033220767964,0.022843461483716854,0.03657350689172745,0.6377151012420654,0.0054660155437885605,0.0006541263428515576,0.0010462705977259956
Clc2ccc1oc(=O)[nH]c1c2,0.11605522070358343,16,Uncertain,0.3582337200641632,0.03298423811793316,0.2025642991065978,0.05811974033713341,0.028771119192242622,0.01211649738252163,0.20428885519504536,0.05599064379930485,0.08176914602518082,0.37415552139282227,0.057603109627962,0.09527525305747986,0.27180476188659664,3.693492180900648e-05,0.023092439398169406,7.72517523728311e-05
Clc1ccc(c(Cl)c1)c2c(Cl)c(Cl)c(Cl)c(Cl)c2Cl,0.08872106656261902,16,Uncertain,0.3065720498561858,0.017930487170815357,0.24527938663959503,0.047670070081949234,0.01305962260812521,0.015457999892532825,0.19711405038833596,0.04666168987750996,0.07888585329055786,0.3010715842247008,0.05905855447053898,0.09041751921176899,0.0,2.5757174171303632e-14,0.00035819728509522974,4.167222122930525e-12
O=C1NC(=O)C(=O)C(=O)N1 ,0.12100639068321567,15,Uncertain,0.1296824663877486,0.09350652992725361,0.18665885925292958,0.056907080113887565,0.07630833983421326,0.011307516135275253,0.21661432087421395,0.09393361955881097,0.0708961933851242,0.13586221635341644,0.029598556458950043,0.03958763182163216,0.7950951099395752,1.3514833696604e-10,0.00014380922948475927,1.5237868744577554e-09
ClCCCCl,0.07747446724441906,16,Uncertain,0.007921845652163029,0.007149270735680946,0.061885584145784156,0.003600233932957053,0.0018352415645493947,0.00034106813836842775,0.06840133666992176,0.008830633945763,0.015303771942853817,0.00531659135594964,0.0007619541720486067,0.0009945478523150086,0.5201649188995361,1.7431690535474331e-09,0.1662531942129134,0.37083128094673135
Fc1cccc(Br)c1,0.1285247183870213,16,Uncertain,0.3188793659210204,0.012833925895392784,0.29628345370292664,0.05059472471475601,0.008094132877886184,0.024507783353328594,0.21938827633857716,0.050236690789461025,0.09646802395582177,0.31462824344635,0.09666834771633137,0.10933585464954354,0.38312625885009755,7.845896377034478e-09,0.0748208612203598,0.0005295429145916186
Clc1ccc(Br)cc1,0.14406398539728782,16,Uncertain,0.32837697863578774,0.009476749226450809,0.3371424674987792,0.0498087778687476,0.00556098762899615,0.03003089129924763,0.22602990269660939,0.0480460487306118,0.10443216562271096,0.3174079358577728,0.11321907490491856,0.12144839763641335,0.27075920104980455,4.047425727904397e-10,0.3432788848876953,5.302407316776225e-06
CC(C)C(C)C,0.03455176995583334,16,Uncertain,0.0127402152866124,0.03170698136091221,0.05385399609804142,0.010222592391073593,0.014538226649165042,0.000508495548274146,0.09443295001983643,0.025336982682347187,0.026308270171284565,0.015568025410175212,0.0019400250166653477,0.0021184291690585777,0.2527056217193604,0.0,0.010847494937479385,1.2833047513538531e-08
CCC=C,0.05874337627750201,16,Uncertain,0.012382611632346996,0.0221374500542878,0.04541579633951176,0.007555954158306011,0.00865078903734684,0.00030452304054040535,0.08019545674324025,0.016447769477963448,0.02336083911359299,0.012169420719146617,0.0012367471354082227,0.0015070532681420445,0.6987173080444335,0.0,0.00981087703257777,1.4246431874198606e-06
Clc1ccc(Cl)c(c1)c2cc(Cl)c(Cl)c(Cl)c2Cl,0.09154355330087316,16,Uncertain,0.3178121745586394,0.019313080236315616,0.2417549341917038,0.04985300078988064,0.014370585791766644,0.015356456860899814,0.20034722983837117,0.048501476645469555,0.08146667480468739,0.315201312303543,0.061012495309114456,0.09318673610687245,0.0,9.581224702515101e-14,0.006520695053040759,3.2357017065720584e-10
Nc1cc[nH]c(=O)n1 ,0.1425265963024685,15,Uncertain,0.29785630106925964,0.040133606642484554,0.16249334812164307,0.051136620342731365,0.03541431203484524,0.008140823803841957,0.18289664387702942,0.051800016313791164,0.06777834147214878,0.31051376461982727,0.038906261324882396,0.06787414103746403,0.94256671667099,0.02159603126347065,6.585541996173561e-07,0.0013179536908863865
FC(F)(Cl)C(F)(Cl)Cl,0.04658031365942606,16,Uncertain,0.018541490659117588,0.009430031292140373,0.12733055651187875,0.006806030403822549,0.003239262383430974,0.0016504537779835626,0.1049373522400856,0.014410840347409248,0.018455253913998604,0.012795239686965831,0.002486004028469213,0.0036749441642314196,0.3463563919067383,5.828670879282072e-14,0.07517088949680317,2.7773768351835315e-07
CCC#N,0.07731201521281628,15,Uncertain,0.01656128466129303,0.02182316221296776,0.051920924335718044,0.008214938454329745,0.008524499833583832,0.0003846478939522058,0.08351833373308182,0.01583065278828144,0.024622958153486252,0.013968439772724994,0.001446494017727562,0.0019431115360929452,0.9861851990222931,1.954467876430499e-07,0.0020474011544138193,3.8832648208142473e-10
ClC(Cl)C(c1ccc(Cl)cc1)c2ccccc2Cl ,0.07481682543410517,16,Uncertain,0.15749070048332203,0.029716283082962036,0.16574752330780018,0.03591613471508015,0.020737743005156406,0.007520085200667159,0.16635911166667916,0.04529273137450196,0.05559299886226643,0.15450383722782124,0.025209024548530357,0.037842463701963425,0.0,2.43594126914104e-06,0.29513755440711953,5.79420543544984e-07
COc1ccccc1N(=O)=O,0.07923128013299555,16,Uncertain,0.12621815502643585,0.0263386070728302,0.10763359069824197,0.02336663007736195,0.017156755551695824,0.0024244978558272123,0.12909214198589325,0.02708258293569077,0.04089006781578064,0.10969110578298558,0.010639810934662819,0.019157130271196143,0.6134096622467041,6.012304311298067e-06,0.014456750825047382,0.00013698074326384813
CC34CCC1C(CC=C2CC(O)CCC12C)C3CCC4=O,0.0762829823739195,16,Uncertain,0.05895274505019177,0.15496456623077381,0.13593919575214386,0.05789727345108975,0.14477631449699402,0.007987442426383384,0.20895008742809273,0.143591210246086,0.06546550244092941,0.09732711315155018,0.02400110661983479,0.022662000730633625,0.09227838516235354,0.0014606349868697688,0.004270621109753847,3.5186990317015443e-06
CC12CC2(C)C(=O)N(C1=O)c3cc(Cl)cc(Cl)c3,0.13605718435792358,15,Uncertain,0.1730183959007262,0.07233450561761834,0.19528038799762726,0.06508978456258763,0.06472783535718896,0.014157012104987987,0.2205420434474944,0.09834568202495564,0.07954902201890945,0.21278510987758614,0.04716886579990376,0.05854476615786541,0.0,0.866104006767273,0.008362641558050998,0.0009048905340022229
c1cc2ccc3ccc4ccc5cccc6c(c1)c2c3c4c56,0.1786779076450455,15,Uncertain,0.4401360750198364,0.05740483477711655,0.2063228040933608,0.08316713571548462,0.058497238904237636,0.016448771581053623,0.23731908202171326,0.08123411238193501,0.09979935735464074,0.485177606344223,0.08137055486440636,0.13071686029434204,0.0,1.5154155708074768e-10,0.8796098828315734,0.001642205985262768
CCC(C)c1cc(cc(N(=O)=O)c1O)N(=O)=O ,0.055414284541961845,16,Uncertain,0.10229954868555058,0.030136693269014247,0.111866995692253,0.023845206946134345,0.019551331177353748,0.0026146923191844307,0.13528048992156982,0.030876418575644382,0.040918365120887645,0.09533651173114754,0.0105845145881176,0.017467973753809818,0.2623652458190918,1.03768161352491e-06,0.0034769605845211826,6.5668054958223365e-06
c1c(OC)c(OC)C2C(=O)OCC2c1,0.0756507977815715,16,Uncertain,0.04388071596622456,0.06624385714530945,0.09812845289707184,0.02667548507452,0.04451606050133705,0.0024688842240719877,0.14376306533813454,0.05524047464132298,0.04386639222502697,0.049195170402526855,0.008007052354514377,0.009655548259615787,0.6179815769195557,0.0007681234856136143,1.4548727449437138e-06,2.04501975531457e-05
OCC(O)CO,0.07023440707691,15,Uncertain,0.011568788439035416,0.02356804348528385,0.05535164847969998,0.007507517002522834,0.009601304307579772,0.000403108773753047,0.08572272211313237,0.018258115276694187,0.021884819492697605,0.011279067024588363,0.001309647224843391,0.0017004699911922216,0.8736482858657837,0.0015963491750879966,0.00035037053748965263,2.560411758167902e-07
COc1ccccc1O ,0.10214813962302277,15,Uncertain,0.149616539478302,0.03348052129149415,0.11044000834226597,0.030435454100370407,0.024064714089035766,0.003130942815914639,0.14049242436885823,0.03550733998417843,0.04975273087620724,0.14437022805213917,0.014982703141868003,0.025152448564767838,0.8529356837272644,0.01851539872586716,0.00139821460470535,9.488180512562394e-05
CCOP(=S)(OCC)Oc1nc(Cl)c(Cl)cc1Cl ,0.03411241853654205,16,Uncertain,0.06981562077999104,0.009530953131616005,0.1204146295785904,0.011868082918226608,0.004375372547656187,0.0017194460378957555,0.11283767223358143,0.01601414568722237,0.02996111102402199,0.05158260464668263,0.0061782533302902065,0.010703621432184951,0.0,1.989823861237028e-09,0.10078484565019596,1.233559669344686e-05
Cc1c2ccccc2cc3ccccc13,0.08889284621680382,16,Uncertain,0.29436859488487244,0.053479425609111564,0.15660683810710896,0.059722766280174255,0.04943849146366097,0.009102527052163967,0.192630335688591,0.06363262236118294,0.07498319447040536,0.3201029002666471,0.04299475252628315,0.06991901993751526,0.0,3.389839164924524e-08,0.011781594716012367,0.023522442206740157
Cc1cc(=O)n(c2ccccc2)n1C,0.09817976045699417,16,Uncertain,0.18903630971908558,0.04223714396357514,0.12332278490066517,0.03951488062739361,0.033804304897784965,0.004707023501395957,0.155409574508667,0.04527909681200981,0.05629990994930256,0.19447208940982796,0.02172815240919579,0.035757526755332836,0.5701379776000975,1.5703302835845534e-07,0.05910681188106515,6.242334347916767e-05
CCCCOC,0.059726774546743334,15,Uncertain,0.008253853768110164,0.016263619065284618,0.03868766501545895,0.005072444211691618,0.005634638015180826,0.00017821315850596875,0.06815965473651886,0.012216684408485778,0.01818016543984402,0.007909762673079745,0.0007294999668373547,0.0008986442117020488,0.7671323537826538,0.0,0.006246346980333217,6.484731420641765e-05
Cc2cnc1cncnc1n2,0.12310205551002579,15,Uncertain,0.2534858286380768,0.042875729501247406,0.14414648711681366,0.04784952849149704,0.0366528145968914,0.006593559402972349,0.172452911734581,0.050588756799697765,0.06510930508375157,0.26431605219841003,0.03176874667406082,0.053079500794410595,0.7994606733322144,0.00043977759196422994,0.0004326019261498004,0.0003806142776737742
CCNc1nc(Cl)nc(NCC)n1 ,0.049386691091837,16,Uncertain,0.06641441583633423,0.023463888093829044,0.0917990133166312,0.01840367354452599,0.01304240897297837,0.001653658808209002,0.11701496690511703,0.025976838544011005,0.03870990499854077,0.06200213357806206,0.007117367349565029,0.010346685536205547,0.3141395568847656,6.255017979128752e-07,5.095754022477195e-05,5.0962058594450355e-05
CN(C)C(=O)C,0.07735006690143606,15,Uncertain,0.017566004768013843,0.025188606232404598,0.06093296408653237,0.009232263080775627,0.010412990115582832,0.000527996220625826,0.09141621738672234,0.018861278891563416,0.025579232722520828,0.015206334181129821,0.0017308120150117956,0.0023890037555246435,0.9585398942232132,2.263744747210694e-12,1.2439746569725685e-05,5.032994522480294e-06
CSc1nc(nc(n1)N(C)C)N(C)C,0.037200220838914735,16,Uncertain,0.04350494593381882,0.01796298660337925,0.073138028383255,0.011852583847939746,0.008506920188665168,0.0008809920982455477,0.09378430247306824,0.017532410100102425,0.02846527472138405,0.03460953012108803,0.0035017533227800213,0.005405410658568033,0.2560327529907227,3.0805979349679546e-06,1.7886010027723387e-05,4.67537165604881e-06
C=C,0.07254572355596262,15,Uncertain,0.014413945376873016,0.017333289608359226,0.043987907469272614,0.006409903522580751,0.0059653944335875675,0.00024118105648085475,0.07457941025495518,0.012069127522408851,0.022960493341088184,0.011101465672254451,0.0009618332260288298,0.0013706920435652137,0.9452078461647033,6.17284001691587e-14,0.0035995689686385557,0.0005295182345433913
CC(C)(C)CCO,0.10821822110094839,14,Uncertain,0.01401581149548281,0.031850870698690414,0.05666249245405175,0.010420866310596355,0.015064588747918606,0.0005533351795745656,0.09511049836873997,0.02534552663564682,0.025926504284143448,0.016263486817479023,0.002026686444878356,0.002337150741368421,0.7215167284011841,2.5129898162390418e-11,0.7136549353599548,0.0007420556503348053
O=C1NC(=O)NC(=O)C1(CC)CC=C,0.07937995352988482,16,Uncertain,0.05656753107905377,0.0745870992541312,0.11636631190776825,0.03353602439165104,0.05283846706151962,0.0038482423406094313,0.16293229162693024,0.06607189774513245,0.05066819116473176,0.0657999962568282,0.011822804808616638,0.014209611341357231,0.5588689327239991,0.0010094668250529848,0.0009520761086604379,3.1184211479740043e-07
Oc1ccc(Cl)c(Cl)c1Cl,0.11231697860886769,16,Uncertain,0.29794102907180786,0.020708892494439968,0.22556237876415242,0.04742513969540585,0.015507772564888,0.013489557430148014,0.19269822537898995,0.0472249872982502,0.07548551261424996,0.2973206043243408,0.05316171795129765,0.08384636044502236,0.426682710647583,9.444288906479414e-08,1.667449760134332e-05,1.2081668998575879e-10
COc1ccccc1,0.08824637437160154,15,Uncertain,0.12640148401260354,0.03208477795124043,0.09856290370225895,0.0266334619373082,0.022044839337468036,0.002448453800752648,0.13049086928367604,0.032068192958831565,0.04538445919752121,0.11999606341123581,0.011695295572280773,0.019598044455051422,0.7284962177276612,1.676177271292545e-05,0.0017445655539629623,0.014275599271059036
c1ccc(Cl)cc1C(c2ccc(Cl)cc2)(O)C(=O)OC(C)C,0.0656825803394894,16,Uncertain,0.12222740799188603,0.036386873573064804,0.13802771270275094,0.03339328989386536,0.025599397718906403,0.004933468531816976,0.15881091356277466,0.04518763348460175,0.0533074028789996,0.1280861794948578,0.018391132354736217,0.02734221704304196,0.18112239837646482,0.05382639169692982,0.02150038443505764,0.0027784816920756183
CC13CCC(=O)C=C1CCC4C2CCC(C(=O)CO)C2(CC(O)C34)C=O ,0.07578469953406064,16,Uncertain,0.05260194092988957,0.1149572879076004,0.1254766881465912,0.04400976002216317,0.09516850113868702,0.005543491803109646,0.18611600995063782,0.10323976725339878,0.05677570030093182,0.07552586495876301,0.016472849994897842,0.017139025032520183,0.3011868476867676,0.018239405006170162,0.00010148570436285809,5.667084792548849e-07
COc2ccc(Oc1ccc(NC(=O)N(C)C)cc1)cc2,0.07299597613381925,16,Uncertain,0.12604910135269165,0.0359155647456646,0.11594952642917622,0.029731195420026557,0.024747071787714847,0.0032500550150870167,0.14596973359584797,0.03745271638035763,0.05010765418410301,0.12078509479761124,0.013972626999020354,0.02258174680173375,0.2875069618225098,3.5775242395175155e-06,0.07403592765331257,0.07987706363201141
CCc1ccc(C)cc1,0.052726995613301034,16,Uncertain,0.07353509962558735,0.04250607267022122,0.07746502012014378,0.02384999208152283,0.027802731841802375,0.0017680582823229596,0.11633479595184326,0.034276627004146354,0.03934458643198002,0.07543690502643585,0.007619672920554765,0.011041201651096233,0.22640328407287602,5.85874249736662e-06,0.0819171592593192,0.004324864130466954
CC(C)SC(C)C,0.05526422366710892,16,Uncertain,0.010023135691880958,0.016589581966400035,0.05395914614200581,0.006285656709223764,0.006108413450419792,0.0003747499140444033,0.07889234274625756,0.015293802134692558,0.019691621884703636,0.009598753415048011,0.0011895187199113533,0.0014496874064205967,0.6562669277191162,0.0,0.004336469341069349,0.00416777143254865
O=N(=O)c1cccc(c1)N(=O)=O,0.08182522076174346,16,Uncertain,0.19108660519123055,0.026910839602350967,0.1429463028907776,0.029818974435329437,0.01926690526306618,0.004303048830479161,0.15275198221206665,0.03133431077003457,0.04679112136363983,0.1678226739168166,0.017867278307676204,0.034325238317251205,0.44221382141113286,1.277746406458391e-07,0.0017584833549334489,5.818546469527064e-06
CCOP(=S)(OCC)SCSP(=S)(OCC)OCC,0.025641360913373032,16,Uncertain,0.01017563510686137,0.0038366850931196295,0.05754916742444016,0.002131914719939232,0.0009317978983743869,0.00016322921146638691,0.05906493961811066,0.004469641484320053,0.009645001031458156,0.005132392980158218,0.00044664787128556593,0.0008564237505196415,0.04064264297485354,4.218847493575595e-15,0.21521544456481922,2.1088423807213985e-07
CCC1(C(C)C)C(=O)NC(=O)NC1=O ,0.07527933461119748,16,Uncertain,0.052653558552264945,0.07465778291225422,0.11414363980293263,0.0328955203294754,0.052898067981004604,0.003706783987581619,0.16187292337417603,0.06696954369544983,0.04977693408727646,0.06377714127302159,0.011569785885512829,0.013490190729498752,0.5043595314025879,2.0945779397152364e-05,0.0016770019428804517,2.0438453152138436e-09
CC(=O)OCC(=O)C3(O)CCC4C2CCC1=CC(=O)CCC1(C)C2C(=O)CC34C ,0.07805128440533118,16,Uncertain,0.056558676064014435,0.11611402034759521,0.13105902075767495,0.045406706631183624,0.09590686857700337,0.006071255542337783,0.18960021436214436,0.10375633090734482,0.05802639201283444,0.0789877325296402,0.01743597537279118,0.018561631441116222,0.28643026351928713,0.04488558694720257,1.9159142539137974e-05,7.163305895119265e-07
Cc1ncc(N(=O)=O)n1CCO,0.08452569171713539,15,Uncertain,0.07099683582782745,0.02812962234020222,0.09114246815443017,0.018412545323371776,0.016629952937364356,0.0016574212349950157,0.11579564213752735,0.025717688724398613,0.034289900213479774,0.06370975822210301,0.006466099992394447,0.010590766556560771,0.8666766166687012,0.0009384730947201714,0.0005644350312650204,0.0006928410148248076
Nc1ccc(Cl)cc1,0.12172772555932163,16,Uncertain,0.29209718108177185,0.03251853585243225,0.18076993525028218,0.05135347321629524,0.026970988139510044,0.009973038919270039,0.188447207212448,0.05247105658054341,0.07363271713256825,0.3042096197605132,0.04477871581912041,0.07250045984983444,0.602850866317749,0.0018096253043039523,0.012070625089108833,0.0011895634233950458
CCCC(C)(C)CO,0.06217257789913625,16,Uncertain,0.013152750208973774,0.029778536409139633,0.05378451570868481,0.009656298905611038,0.013610344380140194,0.00048385540139861405,0.09174006432294846,0.02349437028169621,0.025038715451955573,0.015103420242666976,0.0018147630617022514,0.002093081595376023,0.5851451396942139,7.41473549226157e-12,0.12950105965137482,0.00036433106288302763
c1ccoc1,0.12617515490703374,15,Uncertain,0.24611879885196686,0.03521077334880818,0.13322643935680378,0.04118363186717022,0.029727227985858806,0.005372967571020015,0.1602134108543396,0.043174363672733196,0.05808410048484802,0.26096102595329285,0.027203589677810558,0.048597462475299835,0.8809854388237,0.04655756801366795,1.9541361950814462e-07,0.0021854841616003595
COCCCNc1nc(NC(C)C)nc(SC)n1,0.0486107928067212,16,Uncertain,0.032680071890354045,0.020328355953097232,0.0695510134100914,0.011380615644156822,0.009564986452460178,0.0008026938303371534,0.09436107426881779,0.019178956747055054,0.027617625892162212,0.028672441840171814,0.003098386572673806,0.004429848864674346,0.45482673645019533,0.0006479123258029684,0.00024744376423757597,0.0003845210012514144
CN(C)C(=O)NC1CC2CC1C3CCCC23,0.07430211248531163,16,Uncertain,0.037850335240363964,0.08336519449949265,0.10275147110223759,0.03057354874908924,0.05948415026068676,0.0030785638373344026,0.15821975469589222,0.07303610444068898,0.046915624290704616,0.05140803009271622,0.009689711034297832,0.010288203135132568,0.0,6.500416871446646e-10,0.5221150517463684,5.805598993902095e-05
CC(C)(C)c1ccccc1,0.08359961275100865,16,Uncertain,0.09784915298223484,0.05902609974145878,0.11325200647115696,0.03702568635344505,0.04579543694853783,0.004156462848186382,0.15822575986385345,0.057200588285923004,0.05244044214487065,0.1193934977054596,0.01636897586286057,0.02231590449810017,0.15360269546508787,3.259199488070408e-08,0.393919974565506,0.007021087687462346
CC(=O)CCC1C(=O)N(N(C1=O)c2ccccc2)c3ccccc3,0.07921541814812362,16,Uncertain,0.13544486463069894,0.061149921268224605,0.13568513095378854,0.04413489997386921,0.04922291263937939,0.00593017553910602,0.17619983851909615,0.06320574134588242,0.06086827814578999,0.15154606103897084,0.022586004808545,0.03219043090939522,0.31444549560546886,0.00016769453941378742,0.008584681898355373,0.006084558553993591
CC(=O)OCC(=O)C3(O)CCC4C2CCC1=CC(=O)C=CC1(C)C2C(O)CC34C ,0.0799630968954488,16,Uncertain,0.05880908668041218,0.11653747409582116,0.13418643176555622,0.04646068811416615,0.09673238545656204,0.006361138075590023,0.19218356907367706,0.10498643666505802,0.059019841253757366,0.08173039555549622,0.018175432458519825,0.019448747858405002,0.34348835945129397,0.000987029867246636,0.0002974709786940366,5.0629769248189405e-06
CCCOC,0.06884383075948777,15,Uncertain,0.007804095279425161,0.014879150316118972,0.03721211478114117,0.004617650061845557,0.0049589271657167755,0.00015613435243722051,0.065333031117916,0.011089486069977172,0.017303097993135452,0.00721510313451279,0.0006408678018485769,0.0008044845308176063,0.927917194366455,0.0,0.0014578454429281518,0.0001121097375289537
CC(C)OC(=O)C,0.07902438812937557,15,Uncertain,0.0159621201455592,0.02521412819623936,0.059217412024736404,0.009001842699944751,0.010596751235425361,0.0005019063246436417,0.09044890850782383,0.019237473607063182,0.02482679858803738,0.014704203233122826,0.0016956969629972063,0.002257318701594957,0.990713070333004,9.811771395362712e-10,5.006521405448439e-06,7.572007234557532e-06
Brc1ccccc1,0.14139776135582563,16,Uncertain,0.3083382546901702,0.011594803072512039,0.3027988076210022,0.05025194212794304,0.0070245820097624145,0.026781514286994823,0.22128047049045563,0.050542913377285004,0.09968907386064518,0.3072919249534606,0.10337020456790924,0.10932613909244515,0.5055173873901367,2.109774932534947e-08,0.15781748294830322,0.0007386601064354181
CCOC(=O)c1ccc(O)cc1,0.09969478426075282,16,Uncertain,0.11010537296533585,0.03577548265457142,0.11363638937473275,0.027954207733273395,0.023997623473405838,0.003039297414943354,0.14348556101322163,0.036839738488197216,0.04799934849143017,0.10673802345991124,0.012600702233612426,0.019967377185821422,0.6303802013397216,0.28256526589393594,3.1583491363562644e-05,3.729585671408131e-07
O=C1N(COC(=O)CCC)C(=O)C(N1)(c2ccccc2)c3ccccc3,0.0723436348761878,16,Uncertain,0.1171741634607314,0.05928046628832795,0.13320203125476815,0.04009824618697155,0.04536379128694523,0.005320094525813945,0.17235413193702676,0.05986226350069035,0.05809674039483059,0.12833495438098896,0.019291523844003566,0.02737886458635319,0.28041048049926753,0.007901063188910373,0.0034161070361732326,1.3235647202236578e-05
CCC(=O)OC3CCC4C2CCC1=CC(=O)CCC1(C)C2CCC34C ,0.05566242086151079,16,Uncertain,0.04929331690073002,0.11356120556592941,0.11891963332891464,0.04263382405042637,0.09314509481191624,0.005048101767897606,0.18192121386528004,0.10165835171937943,0.05580739676952362,0.07266309112310398,0.015569275245070346,0.015776488929986843,0.0,0.018971579149365425,0.005629884544759767,2.760118889000296e-07
c1cc2ccc3ccc4ccc5ccc6ccc1c7c2c3c4c5c67,0.18255696182599793,15,Uncertain,0.46785831451415993,0.05898514017462719,0.2170976996421814,0.08865277469158162,0.06109887734055497,0.018366992473602184,0.2469944655895232,0.08565953373908974,0.10554589331150044,0.5172255039215088,0.09123554080724694,0.14516030251979817,0.0,7.48578976583758e-11,0.8165524005889893,0.00047794982674520536
O=c1[nH]cnc2[nH]ncc12 ,0.14912988808409855,15,Uncertain,0.37039509415626526,0.040817633271217235,0.18346059322357156,0.06045926734805096,0.03828504309058178,0.010554369539022446,0.20152737200260162,0.058084089308977016,0.07866320013999917,0.39371559023857094,0.053981587290763855,0.09321478754281975,0.7970286846160889,8.195733244065195e-05,0.00037137241452001035,0.005437567830085643
ClC=C,0.07345198133636643,15,Uncertain,0.020776765421032795,0.007818680256605037,0.10156600177288044,0.006026571616530418,0.002115607727319002,0.0009934724075717494,0.0918927937746048,0.011208687908947357,0.022746868431568035,0.010923671536147372,0.0019074524752793476,0.0028221087995915495,0.8896325945854187,6.287481646438664e-11,0.00012143996718805283,0.004678984638303407
CN(C)C(=O)C(c1ccccc1)c2ccccc2 ,0.06289921315442362,16,Uncertain,0.12270300835370995,0.04898136109113682,0.11811145395040501,0.035046949982643016,0.03635547310113896,0.004124574363231548,0.1542663872241974,0.04773833602666844,0.05196908116340615,0.1287848949432372,0.016163965687155613,0.024798788130283245,0.20597171783447266,3.0243612854974344e-05,0.011301041580736637,4.01334255002439e-05
BrC(Br)(Br)Br,0.06056047007677255,16,Uncertain,0.008418126963078754,0.00012309677549637854,0.3495712876319884,0.0015824673464519545,8.435806194029283e-06,0.04369417577981938,0.09867061674594857,0.004314630292356014,0.012902181595563778,0.002784074516966828,0.007793264463543781,0.0033998906146733843,0.4356822490692138,1.8628428733791225e-05,4.394527422846295e-06,6.709091060486116e-10
CCN2c1cc(N(C)C)cc(C)c1NC(=O)c3cccnc23 ,0.05616996209914752,16,Uncertain,0.11770045012235641,0.04607451707124699,0.11053021997213364,0.03334802761673916,0.03337361663579941,0.0035088129807262503,0.14712201058864582,0.04469972103834141,0.05108021572232235,0.12002239376306523,0.014708638191223034,0.02195446379482735,0.1469264030456543,2.2258664102992043e-05,0.006226683501153962,0.001420960878022015
O=C1NC(=O)c2ccccc12 ,0.10723855229669711,16,Uncertain,0.2556925415992737,0.07020858675241459,0.1834869384765624,0.06663624197244644,0.06455107033252694,0.012442585080862045,0.21380797028541565,0.08108967542648304,0.0790245532989502,0.2769707143306732,0.04676692932844162,0.07092680037021615,0.27776913642883305,1.2139619798290369e-07,0.016252769157290348,0.00019020251056645066
OC(c1ccc(Cl)cc1)(c2cncnc2)c3ccccc3Cl,0.10222809542756285,16,Uncertain,0.25513267517089844,0.04331021010875702,0.1753961592912674,0.05396428331732739,0.03734192997217156,0.010242572985589393,0.19067561626434326,0.06042777746915795,0.07035619765520085,0.2809436321258544,0.04228168353438355,0.06673502177000046,0.27762842178344715,0.01478919107466925,0.055895064026117214,0.0005290902918203555
COC(=O)c1ccccc1,0.07518677908085031,16,Uncertain,0.11271753907203663,0.034326300024986156,0.10921501368284225,0.026491811498999374,0.02267911285161961,0.0027914061211048447,0.13784825801849365,0.03383369743824005,0.04577376320958115,0.10309366881847382,0.011434734798967838,0.019008459523319976,0.5327325820922851,1.0352351864639786e-06,0.007391775492578634,0.0036493074148892246
Cn1ccc(=O)[nH]c1=O,0.11306685363236244,15,Uncertain,0.18592040240764596,0.0358208492398262,0.12330806255340554,0.03536711633205403,0.02744849771261204,0.004197829868644365,0.14813463389873505,0.039255291223526,0.05253849923610676,0.18252108991146077,0.019495604559778945,0.033418525010347144,0.8530290365219116,1.7548544519740972e-06,0.06859000772237756,2.2457064915215597e-05
CCCCC1C(=O)N(N(C1=O)c2ccc(O)cc2)c3ccccc3 ,0.07473150651494498,16,Uncertain,0.14356690645217873,0.058121826499700435,0.13603812456130981,0.044578853994607814,0.04721376672387123,0.0059235538356006145,0.17674866318702676,0.06249096989631642,0.06202686205506325,0.16315454244613636,0.023915862664580234,0.033906713128089794,0.2253450393676758,0.007344233337789552,0.004480484873056412,0.0008477012161164366
Clc1ccc(Cl)c(c1)c2cccc(Cl)c2Cl ,0.1478717647188902,15,Uncertain,0.32985618710517883,0.02421020157635201,0.22212296724319436,0.05364396050572384,0.01917147636413563,0.013981866650283226,0.2018037885427474,0.052420586347579845,0.08291319757699955,0.337609201669693,0.06007341295480717,0.09326723963022221,0.0,3.821831739969639e-12,0.8748734593391418,6.899923619130277e-07
CCC2NC(=O)c1cc(c(Cl)cc1N2)S(N)(=O)=O,0.05219481793756124,16,Uncertain,0.08168429881334305,0.019421447068452835,0.11378614604473103,0.017871467396616825,0.01108137425035216,0.002334198448807001,0.12325596809387196,0.024418508633971214,0.03349441662430763,0.06705947965383519,0.008290459401905426,0.013611445203423389,0.29509925842285156,0.002104999730363377,0.006522803101688623,0.015080816112458595
CN(C)C(=O)Nc1ccc(Cl)c(Cl)c1,0.056866189372464106,16,Uncertain,0.11338812857866276,0.025752998888492362,0.13658159971237183,0.026971787214278953,0.015852514654397853,0.003987601026892551,0.1473998874425888,0.03469661250710476,0.05028882995247841,0.10403360426425923,0.014665814116596954,0.022613784298300632,0.20334348678588865,7.92695775686525e-09,0.008177381940186024,0.0021049906499681637
C1CC=CC1,0.0976526178932491,16,Uncertain,0.03613826632499684,0.08745656907558441,0.09236726909875859,0.03158394247293461,0.06327848136424996,0.00272670667618502,0.155039981007576,0.07659986615180958,0.04877454414963722,0.05224307999014843,0.009417303837835567,0.009311426430940628,0.5370177268981934,2.4156170752576145e-07,0.3601398169994354,0.00034666425199236794
C1(=O)NC(=O)NC(=O)C1(O)C2(O)C(=O)NC(=O)NC2(=O),0.12805064421093637,15,Uncertain,0.11542956531047821,0.12210995703935623,0.18610095977783203,0.06500203907489754,0.10964138805866241,0.013125183992087841,0.22755190730094899,0.12155708670616139,0.07334309071302403,0.1431610733270644,0.034060608595609554,0.04117816686630238,0.7964174747467041,0.00013106968253850937,7.35799176254659e-07,3.841377216318165e-10
CCCCCCCCC,0.015092023190106753,16,Uncertain,0.009454553015529998,0.02170802280306805,0.04172125831246365,0.006811304483562597,0.00847555324435223,0.00025633539189584553,0.07722770422697056,0.016724813729524612,0.0214426927268504,0.01057667564600695,0.0010856062872334205,0.001218115328810998,0.0,0.0,0.02476654201745976,3.1938279789756052e-06
Oc1ccccc1Cl,0.1340851572457338,15,Uncertain,0.3051221966743468,0.03228916972875584,0.1844465285539626,0.05262909084558476,0.02721068076789357,0.010439553298056015,0.19081601500511158,0.05337804928421963,0.07480400055646874,0.322969228029251,0.04758494719862916,0.0778430700302124,0.7448837518692016,0.015095124952494987,0.005849991459399351,1.1176781526955892e-06
c1cccc2c3c(C)cc4ccccc4c3ccc12,0.09732582650690835,16,Uncertain,0.3166418373584746,0.05404284223914135,0.16431127488613118,0.06328922510147084,0.050695423036813625,0.01005906146019675,0.19980905950069416,0.0662940740585326,0.07912942022085179,0.34442436695098855,0.04796293005347241,0.07774559408426285,0.0,2.8510919847235527e-08,0.05211246013641335,0.030695626512169838
CCOc1ccccc1,0.08094057909830919,16,Uncertain,0.0973333790898322,0.033545538783073425,0.09332958608865716,0.024823687970638164,0.022302323952317238,0.0021707520354538046,0.12867899239063263,0.03305661678314198,0.04366395622491814,0.09820719808340062,0.010071252472698577,0.015717895701527373,0.6589113950729371,3.365441969549465e-08,0.011322909034788609,0.021913748234510422
CCOC(=O)C=Cc1ccccc1,0.0626785361673682,16,Uncertain,0.08128163963556279,0.038596175611019023,0.10335584729909875,0.02473250962793816,0.024458808824419753,0.0025114710442719623,0.13609462976455677,0.03586103022098541,0.043659135699272045,0.0779196247458458,0.009407788515090831,0.01447541918605555,0.38303136825561523,0.0069879149086772285,0.018955260515213013,0.001527954824268818
Cc1[nH]c(=O)n(c(=O)c1Cl)C(C)(C)C,0.07391370954783974,16,Uncertain,0.10253257304429997,0.04145774245262135,0.11870740354061116,0.031519439071416855,0.029380545020103455,0.0038952676113693796,0.14714859426021554,0.04518260434269905,0.04854651540517796,0.11140402406454075,0.014898916706442833,0.021573510020971187,0.44533863067626955,2.258104177599307e-05,0.0210093855857848,1.6199211358980392e-06
Clc1ccccc1C2=NCC(=O)Nc3ccc(cc23)N(=O)=O,0.09553427953769636,16,Uncertain,0.22060506045818318,0.0493018701672554,0.17173759639263142,0.05174041539430596,0.041504256427288055,0.00916308630257845,0.19337223470211018,0.0618622787296772,0.06904411315917958,0.2304440140724182,0.0358576364815234,0.055643096566200256,0.1525758743286133,3.192103031324223e-05,0.1848228722810744,0.0008421461097896099
Cc1ccc(cc1)S(=O)(=O)N,0.11581091924094827,15,Uncertain,0.07493861019611336,0.010317307896911987,0.08849817514419545,0.010467548854648956,0.005081786774098762,0.0011227455688640475,0.09259331971406914,0.012374821119010448,0.022132804617285617,0.05020506680011738,0.004238935653120168,0.008534722030162811,0.5616103172302246,0.9029802083969116,2.4790748284431174e-05,0.007853547111153603
CC(OC(=O)Nc1cccc(Cl)c1)C#C,0.06747372824684125,16,Uncertain,0.10206250846385945,0.03410023823380459,0.1292799115180968,0.028134290128946193,0.021840997040271648,0.003807013388723024,0.14944659173488595,0.038313113152980804,0.04906129091978062,0.09488195180892944,0.013307035900652409,0.020586412400007248,0.33627347946166997,0.0013225085567681871,0.05622359365224816,0.0009387155878356479
CCCCCC(C)C,0.016224611886453667,16,Uncertain,0.010423772968351841,0.024432774633168952,0.045097205787897,0.007742532528936752,0.010060297325253376,0.00031698879320163353,0.08213213086128224,0.019028833135962375,0.022838497534394153,0.011978700757026561,0.001303480239585042,0.0014519549440592527,0.0,0.0,0.02278580330312241,8.173710170922277e-07
CC1(C)C(C=C(Cl)C(F)(F)F)C1C(=O)OC(C#N)c2cccc(Oc3ccccc3)c2,0.08458349281863765,16,Uncertain,0.10095385462045658,0.05122883245348919,0.13933216035366036,0.03504854440689076,0.03754374384880055,0.005275572650134452,0.1678999811410904,0.05439302325248696,0.0515589602291584,0.10769041627645481,0.017007619142532238,0.02453651651740063,0.0,0.01216547004878521,0.5471163392066956,0.001584850950166361
CCCC1C(=O)N3N(C1=O)c2cc(C)ccc2N=C3N(C)C ,0.04222914548893182,16,Uncertain,0.0752221718430518,0.05721581354737282,0.10690951347351063,0.0314912274479866,0.039943985641002655,0.0032392467837779604,0.14927244186401356,0.0519188828766346,0.049207143485546,0.08183923363685597,0.011820523999631405,0.015597197227180004,0.0,2.0085915821255185e-05,0.0019139795331284404,5.488054739544168e-05
CN2C(=O)CN=C(c1ccccc1)c3cc(Cl)ccc23,0.09589078243382113,16,Uncertain,0.19931931793689717,0.055756498128175624,0.16117006540298462,0.05352228134870518,0.04738240689039219,0.008798646740615146,0.1919119507074356,0.06784385442733765,0.07111405581235886,0.21712653338909138,0.03479538485407818,0.05063781142234802,0.16947927474975588,2.9838238333468325e-05,0.20010159909725178,0.0052629997953772545
CCC(O)C(C)C,0.06804337176027955,15,Uncertain,0.01233305688947417,0.02897917479276635,0.0532379187643528,0.009296615608036407,0.012860207818448433,0.00046219778596423566,0.09105809777975082,0.02289462275803078,0.024851607158779987,0.014231317676603572,0.0017137066461143657,0.0019596691709009573,0.814046037197113,1.2212453270876722e-15,0.0007549724541604519,1.4745663975190837e-05
CCOP(=S)(OCC)Oc1ccc(cc1)S(C)=O ,0.08309759628528532,15,Uncertain,0.04103357717394818,0.008352641016244777,0.08504460006952286,0.00730413757264603,0.0033310200087726116,0.0007309642969629548,0.08909402787685383,0.010890768840909004,0.020420702174305805,0.026796892285346763,0.0025856695137915775,0.004777869675308355,0.10784549713134761,2.5373748258061823e-07,0.9024769067764282,0.018876012414693832
CC1(C)C2CCC1(C)C(O)C2,0.09753410396006701,16,Uncertain,0.05569873377680756,0.16245554387569416,0.13782666623592355,0.05881855264306057,0.15463551878929116,0.008305622264742851,0.21224839985370614,0.15221747756004322,0.06518488377332676,0.09699770063161839,0.02476656623184681,0.022739117965101974,0.29274425506591795,0.001280979486182221,0.11462555080652215,9.440128678761539e-08
CC12CCC3C(CCC4=CC(=O)CCC34C)C2CCC1O,0.07593619547178596,16,Uncertain,0.05991934612393357,0.1546717882156372,0.13667967915534962,0.05816219002008416,0.14453542232513417,0.008083026856184006,0.209354668855667,0.1433625817298888,0.06564515829086304,0.09826151281595219,0.024233510717749374,0.023002220317721145,0.08604030609130864,0.0013768899952991687,0.0016479274490848184,2.898588718380779e-06
CCCCCCC,0.01347742170970706,16,Uncertain,0.009045636281371006,0.020511524751782417,0.040153924375772365,0.00641123205423344,0.007820221595466026,0.00023136254458222538,0.0749322921037674,0.01571822352707375,0.02080254629254341,0.00998680293560017,0.000995519571006187,0.0011219304287806153,0.0,0.0,0.007907343097031005,1.8779630295284733e-07
Oc1cccc2ccccc12,0.12685576994554132,16,Uncertain,0.35075825452804565,0.050138384103775024,0.17446845769882202,0.0650210604071616,0.048020675778388755,0.010997536592185386,0.20539338886737823,0.06583937257528305,0.08125975728034962,0.3832974135875702,0.05387606844305981,0.08993264287710179,0.4399255275726318,0.0025269417092204094,0.007707245182245748,0.0005295919254422188
C/C1CCCCC1\C,0.05846968192830448,16,Uncertain,0.02760219946503617,0.07820578664541245,0.08280200511217095,0.02634766884148121,0.05438467487692822,0.0020472968462853514,0.14344465732574463,0.06915312260389317,0.04295923933386803,0.04250631853938103,0.007387612015008815,0.007051515858620405,0.2542693614959717,6.852462684037164e-05,0.0972849130630492,1.4203179965477375e-08
COc2cc1c(N)nc(nc1c(OC)c2OC)N3CCN(CC3)C(=O)OCC(C)(C)O ,0.0684560533212788,16,Uncertain,0.06126609072089184,0.04075108841061581,0.09446600824594475,0.022755276411771552,0.025574415922164806,0.0020279274322092533,0.12982091307640053,0.036951396614313015,0.040963273495435604,0.06157062202692021,0.007770134136080631,0.010949058458209038,0.5472845077514649,0.012922423891723045,0.00012556568253785372,9.81508637778461e-05
C1Cc2c3c1cccc3cc4c2ccc5ccccc54,0.1107960721291782,16,Uncertain,0.31657975912094094,0.06695056706666935,0.17761112749576558,0.07333648949861515,0.06553281098604202,0.01283495407551516,0.21709510684013367,0.08189818263053883,0.0862172171473502,0.3597581088542938,0.057587184011935966,0.08742509037256241,0.0,7.711641103469447e-09,0.014083338901400344,0.15582720935344674
CC(=O)C3(C)CCC4C2C=C(C)C1=CC(=O)CCC1(C)C2CCC34C,0.06947922204898295,16,Uncertain,0.061611559242010006,0.13949492573738076,0.13444051146507263,0.05425846576690663,0.12495185434818257,0.007362028118222841,0.2019742876291274,0.12611684203147877,0.06370098888874043,0.09358806908130646,0.021934686228632816,0.021922679618000762,0.0,0.022388625890016445,0.037908315658569225,1.3713080079469364e-05
CCCCCC(=O)C,0.055437182689081425,16,Uncertain,0.0129173258319496,0.02492535114288319,0.05050307139754284,0.0083762602880596,0.010319050401449203,0.00038740326999675556,0.08570186793804158,0.019023943692445644,0.024030670523643383,0.013301516883075237,0.0014705730136481687,0.0017775023588909589,0.5833121299743652,0.0,0.050945684313774,2.571995537437033e-06
COP(=O)(NC(C)=O)SC ,0.070524109700248,15,Uncertain,0.013171504251658805,0.004991111811250448,0.06440164893865585,0.0028075904119757578,0.0012774968054144464,0.00025383639149356707,0.06359134614467621,0.005377456080168375,0.011649221181869396,0.0062215737998484455,0.0006000393768772483,0.0011789349373430014,0.9521793961524964,3.789746294557972e-12,0.0006735706701873623,1.102824626286747e-05
CCCCSP(=O)(SCCCC)SCCCC,0.014173522282362579,16,Uncertain,0.010028796270489582,0.00690569821745135,0.05400475487112977,0.0033945103641598307,0.00196825130842615,0.00021660228958342298,0.06673762947320916,0.007545785512774961,0.01348200812935818,0.006863544695079216,0.0006815659580752254,0.0010375425918025538,0.0,2.220446049250313e-16,0.050117261707782634,0.003792405128479004
c1cC2C(=O)NC(=O)C2cc1,0.11250837417396434,16,Uncertain,0.09412822127342224,0.15860751271247864,0.16957449913024902,0.07031884789466836,0.14905086159706094,0.012550446204841026,0.23123632371425618,0.14566969871520974,0.07627063989639282,0.1301356554031372,0.0332343354821204,0.035856444388628006,0.49339046478271487,1.020938088913681e-05,2.8281260711082723e-07,9.954339475370944e-05
NS(=O)(=O)c2cc1c(NC(NS1(=O)=O)C(Cl)Cl)cc2Cl ,0.048395015810092354,16,Uncertain,0.06529994308948495,0.008848384954035171,0.1210031732916832,0.010646570473909156,0.004060511011630186,0.0018366838339716196,0.10602499544620503,0.014333372935652622,0.023472748696804047,0.04362824931740761,0.005404179450124391,0.009846842847764381,0.3229180335998535,0.0009456733241676174,0.03435448184609402,0.001696408842690178
CC=C(C)C,0.06422459896963623,15,Uncertain,0.01651197113096703,0.028306437656283157,0.05469260737299897,0.010159293189644814,0.012320028617977985,0.0004990042652933679,0.09203432500362374,0.021391136571764835,0.027384286746382602,0.0166302677243948,0.001882099313661345,0.0023136644158512354,0.7143149137496948,0.0,0.02915075793862343,2.7898170174012193e-06
Cc1ccc(C)c(C)c1,0.0642477961016737,16,Uncertain,0.0962843969464302,0.05008203163742997,0.08699440211057663,0.02961517497897137,0.03586249053478241,0.002535240724682808,0.12657265365123738,0.04083196446299542,0.04366783425211895,0.10070879757404316,0.0104283532127738,0.015467087738215812,0.3827141284942627,3.6278095194575144e-06,0.005727916490286367,0.00046863700845256595
Oc1cc(Cl)c(Cl)cc1Cl,0.10719063380797975,16,Uncertain,0.3097054362297058,0.020604588091373444,0.23017150163650502,0.04901667684316624,0.015570027753710636,0.01391729339957215,0.1955735683441162,0.04800989106297482,0.0783514380455016,0.3099507987499236,0.056433137506246345,0.08830685168504704,0.2986464500427246,5.488779493134643e-07,0.0007919272175057612,5.44165335014668e-09
c1ccc2c(c1)cnc3ccccc23 ,0.11246210900635412,16,Uncertain,0.37690985202789307,0.05150722712278355,0.1821661740541458,0.06944089382886875,0.050223227590322383,0.012193344533443451,0.21355694532394398,0.06922274827957142,0.08604937046766281,0.4126884043216704,0.06048616021871556,0.10011175274848916,0.09274320602416997,1.725448214529024e-06,0.0028665727004407726,0.019226139411330223
CCCC(C)(O)CC,0.07476121713261599,15,Uncertain,0.012768763117491977,0.02898353338241555,0.05220137909054745,0.009351169690489547,0.01310045551508665,0.00045379245420895664,0.09014207124710083,0.022752262651920208,0.024634314700961002,0.01471870206296444,0.0017309259856117531,0.0019898940809069954,0.8359476804733277,2.6645352591003757e-15,0.0874044969677924,3.2701027663506466e-08
CCCCCCCC,0.014301020975917497,16,Uncertain,0.009273439645767212,0.021176284179091454,0.04102830961346615,0.006633301265537628,0.008182365447282569,0.0002450945321470499,0.07621526718139637,0.01627679355442524,0.02116025611758221,0.010314459912478813,0.0010452319402245447,0.0011750602861866355,0.0,0.0,0.016089547425508388,9.245135856872366e-07
c1ccc2cc3ccccc3cc2c1,0.10900614998451524,16,Uncertain,0.37716910243034363,0.05338191241025925,0.18219940364360798,0.07084359973669041,0.052332423627376445,0.012447085231542365,0.2155461311340332,0.0710608959197998,0.08717430382966984,0.41475996375083923,0.061427973210811615,0.10102929919958104,0.0,7.437035876023401e-09,0.006492902524769195,0.03823339566588402
NNc1ccccc1,0.10311215738965976,15,Uncertain,0.16527141630649567,0.03948555886745442,0.120431788265705,0.03471536189317703,0.02968667447566975,0.004046068061143049,0.15188759565353382,0.04064894467592217,0.05240841954946496,0.15631672739982605,0.017572829499840625,0.029918376356363185,0.7533807754516602,0.049259349703788646,8.592962694820017e-05,0.00467870244756341
CCC=O,0.07551864983017115,15,Uncertain,0.01225441601127375,0.019760048016905563,0.04745477810502041,0.00676013482734561,0.007334891241043806,0.0002941920538431786,0.07819618284702301,0.014567559584975243,0.021836671978235245,0.01088449452072382,0.00110090838279564,0.0014409926952794194,0.9797486081719399,2.0407766143648587e-08,0.006661370396613964,3.128041953459615e-06
C1CCCCCCC1,0.05787681661894072,16,Uncertain,0.02508851699531056,0.07242574542760838,0.07784587144851685,0.024035481736063846,0.04829145222902276,0.0017355261370537445,0.1379602998495102,0.06438799202442158,0.04152423143386841,0.0384407341480254,0.006412353832274564,0.006062000989913829,0.3191133975982666,1.1873094507564019e-07,0.06270301342010476,2.329902144992957e-06
O=C1NC(=O)NC(=O)C1(CC=C)CC=C,0.07976986813820863,16,Uncertain,0.05934526398777962,0.07780477404594421,0.12129019945859898,0.03514520451426495,0.05555235967040062,0.004240531474351772,0.16752347350120544,0.06852279603481282,0.05228055268526055,0.06839241087436654,0.01256750151514996,0.015299339778721222,0.5364150047302246,0.00130476104095556,0.000626761291641631,6.95560765962e-06
ClC(Cl)Cl,0.06903421124938507,15,Uncertain,0.009999653324484825,0.0024665396194903932,0.12470072507858254,0.0022866344079374157,0.0004573895712381981,0.0008395906188524149,0.07335269451141335,0.005211466457694547,0.010914164595305809,0.003882824210450053,0.000862160581163951,0.0013350800145416342,0.8585257649421691,0.00031896075233794896,0.009387793950736412,5.9373537624196615e-06
Sc1nccc(=O)[nH]1 ,0.18636253016207263,14,Uncertain,0.3049577474594116,0.02837504632771004,0.18496713042259194,0.048360675573349,0.023176126182079204,0.009546407498419174,0.1851009428501128,0.04736388102173805,0.07096531987190235,0.31066641211509705,0.04398195445537556,0.07430495321750641,0.7749611854553222,4.730015268350485e-10,0.8750500679016113,2.2631767933489755e-05
Clc1ccc(CN(C2CCCC2)C(=O)Nc3ccccc3)cc1,0.11067150917951943,15,Uncertain,0.1256941556930542,0.052430346608161815,0.1345856636762618,0.04028095304965962,0.04073926806449879,0.005596877541393042,0.16886243224143982,0.0583154261112212,0.05748212337493874,0.14079104363918304,0.021016335114836582,0.02960197627544403,0.07559862136840823,0.015597277320921421,0.7733498811721802,0.030801765620708355
CC1=CCCCC1,0.09108215333994056,16,Uncertain,0.03404148668050755,0.07955290377140045,0.08771050721406914,0.02876080386340596,0.055677220225333945,0.002341231796890386,0.14752638339996316,0.06863324344158162,0.046038750559091346,0.04804455116391182,0.008238499052822368,0.008297785185277351,0.4242054939270019,5.576576427301916e-07,0.4182042181491852,4.0817350964061916e-05
CCCCC(CC)C=O,0.0367667751843797,16,Uncertain,0.012670396827161201,0.025794414803385624,0.05134158954024304,0.00854690745472897,0.010833573527634033,0.0004066767287439488,0.0872489884495734,0.019928295165300147,0.024162134155630954,0.013451341539621242,0.00153150234837085,0.0018181102350354195,0.29969854354858394,1.5543122344752192e-15,0.03083553723990895,3.9138615193223814e-07
COc2c1occc1c(OC)c3c(=O)cc(C)oc23 ,0.07668708089164077,16,Uncertain,0.14415974915027596,0.03330705314874638,0.10931050777435303,0.029666783288121223,0.0234963297843932,0.002987604122608789,0.13781778514385223,0.03469076007604577,0.04912460222840298,0.13538451492786396,0.014196828007697948,0.023499542847275623,0.47708015441894536,1.7568924022270949e-06,0.012264803983271011,4.518471996561857e-06
O=C1NC(=O)NC(=O)C1(CC)CCC(C)C,0.061448048149984946,16,Uncertain,0.04311468079686165,0.06542710959911335,0.10191603749990463,0.027580948546528816,0.043498381972312816,0.0027426821179685756,0.1490798443555832,0.0576123371720314,0.0451783388853072,0.05193864926695824,0.008844911120831744,0.010261312127113231,0.372777271270752,3.951331564167049e-07,0.0031957244500515625,1.4608528431381274e-07
c1ccc2c3c(ccc2c1)c4cccc5cccc3c45,0.1418695773493793,16,Uncertain,0.41105732321739175,0.055742371827363746,0.19519071280956257,0.07755497843027104,0.05579818412661541,0.014577002264559158,0.2273312360048294,0.07669540494680405,0.09396365284919717,0.45198655128479004,0.07182130962610245,0.11649733781814564,0.0,5.138174330454603e-10,0.41416066884994507,0.007536503020673768
CCC(CC)C=O,0.05322454929803884,16,Uncertain,0.013233003206550964,0.025687115266919025,0.052467428147792816,0.008627410046756157,0.010791042819618957,0.0004203060234430067,0.08773314207792282,0.019760427996516228,0.024318384006619453,0.013675263151526451,0.0015590946422887608,0.0018878725823013864,0.573802900314331,6.8833827526759706e-15,0.017629383131861576,1.535416593867467e-08
CCCOCCC,0.05524891122167896,16,Uncertain,0.008825307711958774,0.018641835078596958,0.04073821380734444,0.005818762816488632,0.006831076927482971,0.000216535190702416,0.07260338217020024,0.014184123836457618,0.0195719376206398,0.009031992405653,0.0008804899407549582,0.001050502061843761,0.6705803394317628,0.0,8.005535346455872e-05,0.01492802519351244
CCCCCCCCCCCCCCO,0.022378466281224897,16,Uncertain,0.010234787128865608,0.023544033989310154,0.045390088111161964,0.007445638068020233,0.009515628218650818,0.00030888221226621493,0.08128117769956578,0.018305925652384647,0.022348010912537353,0.011455126106739044,0.0012404987355694175,0.0014072131598368287,0.0,0.0,0.12267495691776265,0.0029034935869276524
Oc1c(Cl)ccc(Cl)c1Cl,0.11059834926961767,16,Uncertain,0.3079156279563904,0.02060667797923077,0.22841657698154438,0.0486779399216174,0.015513407066464424,0.013775739818811417,0.19509439170360565,0.047969378530979045,0.07800593972206105,0.3084273040294646,0.05585840716958035,0.08745415508747101,0.3616924285888672,6.1815703702450264e-06,0.00015943023026920855,1.9571557707820375e-09
NC(=O)N,0.08296739426293827,15,Uncertain,0.039565131068229564,0.03124305047094822,0.10813613981008519,0.014914967119693645,0.014806168153882027,0.0017130087362602353,0.12555480003356922,0.02529681660234917,0.03355652093887318,0.028101954609155655,0.004103322047740221,0.006812433712184429,0.8929505109786987,0.0007234341464935623,4.908031669970114e-08,6.985325651243102e-10
CCCC#C,0.11184383991081276,15,Uncertain,0.01580189913511265,0.024895086884498374,0.05158102512359597,0.009002953767776378,0.010285563766956218,0.00041747628711164,0.08681202679872502,0.01842658221721638,0.025599675253033638,0.014981376007199176,0.0016157460631801568,0.0020251807291059576,0.5664949417114258,3.062370979023399e-08,0.9615618586540222,1.5550334353520157e-08
Brc1cccc(Br)c1,0.18281447019455963,15,Uncertain,0.3344239890575408,0.004909296054393053,0.4384326934814452,0.05007249861955643,0.0023992350324988365,0.06380990147590615,0.25447869300842285,0.048832137137651443,0.12634001672267903,0.31050747632980347,0.19680537283420563,0.1597742736339568,0.19411430358886717,5.329351893124112e-07,0.740067183971405,6.391922943294048e-05
CCCCCCCCCCCCCCCCCCO,0.02379901466701987,16,Uncertain,0.010398517362773418,0.024131249636411556,0.045865576714277156,0.007640535011887439,0.009853488765656837,0.00032029015710555164,0.08221402764320362,0.018800839781760947,0.022654330357909203,0.011750567704439052,0.0012856448302044354,0.0014503916027024388,0.0,0.0,0.14038898050785065,0.004029794596135616
CC(=O)Nc1ccccc1,0.08845718353415069,16,Uncertain,0.11968139559030522,0.040216147899627575,0.11389826238155365,0.03059900179505337,0.02814497984945763,0.0033713148441163465,0.14638280868530262,0.039758939296007045,0.049538176506757625,0.11623796820640564,0.013677271082997211,0.02203981764614582,0.6649553775787354,4.714987156262396e-08,0.0011674250708891831,0.0256460029631852
c1cc(O)c(O)c2OCC3(O)CC4=CC(=O)C(O)=CC4=C3c21,0.11803980258552316,16,Uncertain,0.1834825724363326,0.11098147928714741,0.18758676946163155,0.07701964676380135,0.10826918482780434,0.014957424253225216,0.23271064460277535,0.11876593530178059,0.08344810456037521,0.22861598432064034,0.04885976016521443,0.062057387083768845,0.4306310176849365,0.0009625876555218182,0.0002879711391867712,3.7182422829573625e-07
c1nccc(C(=O)NN)c1,0.1190904080366635,15,Uncertain,0.1398906260728836,0.038400545716285595,0.12953349947929382,0.03186435624957085,0.02698070928454377,0.00407095719128836,0.1542053371667862,0.03940070420503594,0.050827082246541755,0.12663386762142181,0.015602334402501361,0.02644173614680756,0.8654054045677185,0.25594353675842285,0.00010877024760702625,0.00013706122990697622
OC1C=CC2C1C3(Cl)C(=C(Cl)C2(Cl)C3(Cl)Cl)Cl ,0.06259876179887547,16,Uncertain,0.07501262426376343,0.07054585963487625,0.20110367238521554,0.04830022528767586,0.05387936905026425,0.013856243342160957,0.21245966851711262,0.10600587725639343,0.062190111726522446,0.09526112675666798,0.029048599302768596,0.030460361391305812,0.0029515266418455033,1.1938343959627673e-05,4.384187832329189e-06,0.0004886006936429821
CC(C)CCOC=O,0.06889661904147631,16,Uncertain,0.014966565184294955,0.024783799424767383,0.058707714080810436,0.008767320774495602,0.010246116667985805,0.0004912998410872005,0.09061811864376057,0.01924477145075776,0.0246102176606654,0.014049298129975574,0.0016556154005228363,0.002145573031157255,0.6704877138137817,2.682288169353342e-09,0.16157080233097054,9.755462997418363e-07
CC(=O)c1ccccc1,0.09036571874622715,16,Uncertain,0.1393381506204604,0.0460958369076252,0.1209140419960022,0.0361022613942622,0.03455699235200882,0.004288075491786003,0.15537236630916573,0.04605013132095315,0.05385491997003544,0.14159102737903584,0.017388155683874973,0.02753872424364079,0.6180101633071899,5.30623674421804e-06,0.0015610777772961937,0.0031842689495531484
c2ccc1nc(ccc1c2)c4ccc3ccccc3n4 ,0.11232614189911484,16,Uncertain,0.39270007610321045,0.05195585638284683,0.18840435147285461,0.07205422967672337,0.05115731433033943,0.013045406900346168,0.2187085896730422,0.07123604416847218,0.088930644094944,0.4309048056602478,0.06499414145946503,0.10713457316160202,0.03761930465698238,5.0030371312459465e-06,0.0033852076157926403,0.004982721991837025
CCOP(=O)(OCC)OCC,0.10224849611417197,15,Uncertain,0.010964880697428958,0.008188806474208832,0.05402170121669758,0.0036844033747910343,0.0025021699257193886,0.00022687661112275048,0.06869175285100915,0.008071032352745422,0.013609743677079567,0.007456923369318247,0.0007036015740593538,0.0011489058379081651,0.8801849246025085,8.403627020925342e-07,0.5765193700790404,4.820412069506119e-09
CC2(C)C1CCC(C)(C1)C2=O,0.10757382397343374,16,Uncertain,0.06095389649271965,0.15407109260559082,0.13796499371528625,0.058635588735342026,0.14451761543750763,0.008257726207375415,0.21003443002700806,0.14368565380573262,0.06568646430969216,0.10119691491127003,0.02490302361547936,0.023608168587088363,0.0,0.48342883586883545,0.10423677414655685,5.1094550812536e-09
COc2cnc1cncnc1n2,0.10473751325152979,16,Uncertain,0.21781936287879944,0.03371091932058323,0.13706274330615975,0.0386686772108078,0.026315057650208362,0.00486524263396837,0.16195657849311818,0.041088320314883964,0.060066040605306625,0.2149912118911742,0.024553801864385605,0.041791167110204586,0.6702120542526245,0.0017379372147842131,0.0002919349644797675,0.0006691623129879698
ClC2=C(Cl)C3(Cl)C1C=CCC1C2(Cl)C3(Cl)Cl ,0.062471720046094165,16,Uncertain,0.0755489245057106,0.06811529397964455,0.20232243835926034,0.048011928796767966,0.0515778474509716,0.014137547463178635,0.21207323670387257,0.1051640510559082,0.06202528253197659,0.09559402614831924,0.029405871406197437,0.030722388997673766,0.0,7.700269293309248e-07,0.00030510665965255424,0.004542806651443243
CC(C)N(=O)=O,0.07488836187279466,15,Uncertain,0.021580776199698448,0.025419972836971172,0.0692964270710944,0.010273932479321846,0.011546378023922443,0.0007241204148158431,0.09634814411401738,0.02005365677177895,0.02482135221362103,0.01957510784268357,0.002270894590765238,0.0032719362061469637,0.875049638748169,8.881784197001252e-16,0.017981451004743354,1.446963882045793e-09
c1ccc2c(c1)[nH]c3ccccc32,0.11186091535840881,16,Uncertain,0.37371107935905434,0.052087120711803436,0.18138858675956726,0.06950387358665455,0.050790198147296794,0.012183887884020805,0.21333129703998566,0.06964997947216023,0.08587784320116043,0.4098941385746002,0.060102175921201595,0.09926471859216679,0.039749431610107466,5.817037163069472e-08,0.010740947909652965,0.06149930879473675
OCC(O)C(O)CO,0.07243668091437894,15,Uncertain,0.013170281425118446,0.027678053826093563,0.061716120690107235,0.008883486501872428,0.012057091109454632,0.0005389202851802111,0.09339530766010284,0.021673964336514362,0.023806456476449744,0.013323635794222244,0.0016695677768437944,0.0021539696026592337,0.8762913227081299,0.0026194918900728226,9.014453098643571e-06,2.1009414297168405e-07
CCCOC(=O)c1ccc(N)cc1,0.08422482877311943,16,Uncertain,0.090167336165905,0.03665163367986657,0.10536689311265945,0.025716429576277622,0.02382618188858021,0.002605436136945971,0.13794609904289246,0.03603663668036461,0.04510389268398285,0.08880520612001397,0.010520366951823235,0.016123944893479236,0.42183904647827153,0.30682772397994973,4.6001259761396796e-05,1.4431719137064647e-05
CNC(=O)C=C(C)OP(=O)(OC)OC,0.06745924757856991,15,Uncertain,0.017807411029934772,0.01062934473156918,0.06730464100837696,0.005232113413512596,0.003547254018485435,0.0003981152840424329,0.07926996052265156,0.009888123720884212,0.01711488887667645,0.010910076089203247,0.0011273996206000447,0.0019693421199915573,0.8458573937416076,1.0015654972050925e-11,0.008291885256767162,1.1812799627364257e-08
O=C1CCC(=O)N1,0.11529673012065572,15,Uncertain,0.06335128098726261,0.1021345779299736,0.13110360503196694,0.04313961789011944,0.08047316223382939,0.005736769177019374,0.18329709768295277,0.09049944579601277,0.05757211893796921,0.07835236936807621,0.016202181577682384,0.01858687587082375,0.9741653710603714,0.0001331935345660895,1.1263169952258067e-08,3.5886957849839973e-09
CCC(C)C(C)C,0.031570866584616775,16,Uncertain,0.012007828801870235,0.029071690514683612,0.05066132918000221,0.009328779764473438,0.01290829572826624,0.00043324709986325427,0.08999351412057854,0.02300221100449562,0.025059333071112633,0.014338713139295356,0.0017016598721966147,0.0018752384930847965,0.19012784957885742,0.0,0.04462410882115364,6.61639347754317e-08
CCCCc1c(C)nc(NCC)nc1OS(=O)(=O)N(C)C ,0.03407603440860864,16,Uncertain,0.0323389396071434,0.015662165358662605,0.06868835538625695,0.009160955436527618,0.006953777279704809,0.0006690340815109774,0.08909820765256882,0.014976095408201218,0.022411048412322776,0.025637311860919,0.0025014360435305916,0.003956693224608787,0.2486175537109374,3.4227852552248805e-08,0.004544501192867645,4.416541230511939e-07
CCN2c1ncccc1N(C)C(=S)c3cccnc23 ,0.07715449620845893,16,Uncertain,0.1530379205942154,0.043421681970357784,0.12953349947929382,0.03857367858290661,0.03297358378767956,0.0049797059036790214,0.16052278876304626,0.048714105039834754,0.056965213268995174,0.1569964736700058,0.02087968587875355,0.03147794306278218,0.3222817420959472,0.00034294716897420585,0.011988055892288574,0.02178291417658318
O2c1ccccc1N(CC)C(=O)c3ccccc23 ,0.083016683401729,16,Uncertain,0.20033055543899514,0.051500242203474045,0.14343732595443726,0.04838059842586495,0.043263714760541805,0.006694044917821773,0.17971926927566517,0.05844219774007775,0.06610586494207382,0.21696896851062764,0.029552135616540798,0.04540820792317379,0.1243406295776367,7.283271406777203e-05,0.10745497792959202,0.00659536849707365
C1CCOCC1,0.1420704612498868,14,Uncertain,0.02436660975217797,0.06524785608053196,0.07873886078596104,0.02173810452222824,0.04170785844325997,0.0016062000067903481,0.1333225518465042,0.0575743205845356,0.03901641070842743,0.034606985747813956,0.005633772816509008,0.005610997788607963,0.9663926392793656,5.138791614456295e-10,0.7975637316703796,4.79451216506277e-07
CCCCCC#C,0.055053450049262334,16,Uncertain,0.014481985010206588,0.025893067941069603,0.05130096524953842,0.009031478315591812,0.010859993286430836,0.00042006283183582127,0.0876416489481926,0.01953788474202145,0.025384409353137016,0.014662307687103637,0.0016246774466708302,0.0019628459122029707,0.2473681449890136,1.1879386363489175e-13,0.37068527936935425,4.4970570911573304e-07
c1cc2ccc(OC)c(CC=C(C)(C))c2oc1=O ,0.06048119492729701,16,Uncertain,0.11498963832855225,0.0390503592789172,0.11103370785713185,0.03045430965721596,0.027305580675601848,0.003146768081933149,0.1451645642518996,0.04001496732234944,0.050506070256233215,0.11641781777143456,0.013800904154777416,0.021082160994410404,0.10680732727050779,1.1788022675318643e-05,0.14560964703559853,0.0023035078775136553
c1cc(C)cc2c1c3cc4cccc5CCc(c45)c3cc2,0.09538411482751538,16,Uncertain,0.2661316692829132,0.06646170467138279,0.16067546606063843,0.06523244827985764,0.06211189553141583,0.010283563286066055,0.2017749696969986,0.07564055919647195,0.07877792418003082,0.2997775375843048,0.045143451541662216,0.06761912256479263,0.0,4.9330619589227354e-08,0.023652954027056583,0.10286252200603485
CCOC(=O)c1ccccc1,0.07783564838573503,16,Uncertain,0.09217878431081761,0.034939341247081646,0.10279797762632359,0.024817071855068207,0.022523883730173,0.0024597288575022302,0.134663164615631,0.03402947634458542,0.04402843862771977,0.08868881314992905,0.010037426836788654,0.01581163518130757,0.48302326202392576,0.1510510891675948,0.0038992108311504126,0.0004210697661618523
ClCC(C)C,0.05381933972857943,16,Uncertain,0.01009643543511618,0.014752479270100372,0.057062380015849956,0.006025483366101758,0.005115382838994154,0.00040558239561494513,0.07983013987541177,0.014764676801860221,0.019894484430551418,0.009235716424882412,0.0012130651157348238,0.0014517003437504172,0.5804841995239258,1.1102230246251565e-16,0.05968719348311424,0.001090516336262226
CC34CCC1C(CCc2cc(O)ccc12)C3CCC4(O)C#C ,0.0766374833645386,16,Uncertain,0.1082623228430748,0.12357552349567402,0.15204812586307526,0.06443518400192261,0.11759021133184422,0.010076045989990234,0.2128121554851532,0.1222422868013382,0.07144858688116063,0.1552910655736922,0.03318800404667843,0.03699183464050282,0.017758655548095748,0.0003868277999572456,5.4846379498485476e-05,3.8057150959502906e-05
CCCCCCCCCCCC(=O)OC,0.02818104979979752,16,Uncertain,0.012036696076393016,0.023071985691785812,0.048976220190525055,0.007677009794860967,0.009284767322242149,0.00034583261003695576,0.08274930715560902,0.017651183530688175,0.02279582805931557,0.012195355258882046,0.0013204499846324325,0.0016055512242018066,0.02771215438842778,1.7397194795876203e-13,0.1834561973810196,1.8258127965964377e-05
CCCSCCC,0.04988416712494647,16,Uncertain,0.008030946366488823,0.013023948296904453,0.04452317953109741,0.00471901148557663,0.004245019052177557,0.00022981896472618057,0.06890514492988575,0.01167281437665224,0.01730469986796357,0.007388457190245168,0.0007866687956266105,0.0009726007119752467,0.586160945892334,0.0,0.029828444123268016,0.0003549744142218314
c1ccc2cc3cc4ccccc4cc3cc2c1,0.11571480949386914,16,Uncertain,0.4008404314517974,0.05497102439403523,0.1913999617099762,0.07546887546777725,0.05474364757537842,0.013869097456336021,0.22399058938026417,0.07489282637834538,0.09193068742752064,0.441569685935974,0.06861766427755345,0.11181867122650135,0.0,1.0948771667074197e-08,0.008662153035402187,0.03866162523627281
CCCCCBr,0.039000205639604164,16,Uncertain,0.010491275228559749,0.006175942253321409,0.08869548141956318,0.005437247455119976,0.0015792211052030325,0.0009682655218056224,0.08775534480810165,0.013723732903599628,0.022836538031697162,0.008926685899495967,0.002342628315091022,0.0019545145332812153,0.3340510368347168,0.0,0.026119470596313366,0.012945905327796825
CCCC/C=C/C,0.02898197284857809,16,Uncertain,0.011842845007777214,0.0232318677008152,0.04583243653178204,0.0077476901933549724,0.00930747203528881,0.00031805844628240987,0.08152534812688816,0.01758877560496319,0.02338268049061276,0.012334914878010639,0.0012904705945402384,0.0015249786665662013,0.20411529541015638,0.0,0.023657644167542347,1.108772266888991e-05
Cc1ncc(N(=O)=O)n1CCO ,0.08452569171713539,15,Uncertain,0.07099683582782745,0.02812962234020222,0.09114246815443017,0.018412545323371776,0.016629952937364356,0.0016574212349950157,0.11579564213752735,0.025717688724398613,0.034289900213479774,0.06370975822210301,0.006466099992394447,0.010590766556560771,0.8666766166687012,0.0009384730947201714,0.0005644350312650204,0.0006928410148248076
CCCCCC1CCCC1,0.028641371547796945,16,Uncertain,0.017644036561250576,0.04581617936491955,0.06200698763132084,0.014961622655391582,0.02511463686823845,0.0008492869092150412,0.11074769496917725,0.03822286799550034,0.03208422288298596,0.023827305063605198,0.0033019876573233686,0.0033792536705732346,0.0,8.026912468039882e-14,0.0802609771490096,4.488538615987636e-05
Clc1ccc(Cl)c(c1)c2c(Cl)c(Cl)cc(Cl)c2Cl ,0.1119287762980882,16,Uncertain,0.3241247832775116,0.019676920026540645,0.24116428196430206,0.050798870623111614,0.014810738153755554,0.01532572228461504,0.20116186141967762,0.049124415963887946,0.08269623667001724,0.3237806558609009,0.06229808926582314,0.09521819651126862,0.0,1.6830981053317373e-13,0.3106796443462372,4.4015937561425744e-09
O=C1NC(=O)NC(=O)C1(CC)C(C)C,0.075279333402979,16,Uncertain,0.052653558552264945,0.07465776801109303,0.11414363980293263,0.0328955203294754,0.05289806053042401,0.0037067856173962355,0.16187289357185364,0.06696952879428864,0.04977693408727646,0.06377714127302159,0.011569785885512829,0.013490190729498752,0.5043595790863038,2.0945819414919242e-05,0.001677000313065835,2.043841318410955e-09
CC(Cl)(Cl)Cl,0.07593425204194486,16,Uncertain,0.014790339395403751,0.006615497171878815,0.11989744007587422,0.005348801612854004,0.0019193603657186031,0.001356416498310753,0.09321516752243042,0.011927195824682602,0.01717129535973061,0.009070988744497188,0.001996849663555622,0.002692870795726554,0.663063645362854,1.5511164574988356e-09,0.0017424806719643637,0.26413968205451965
CON(C)C(=O)Nc1ccc(Cl)cc1,0.11962404194218827,15,Uncertain,0.08938483893871296,0.026158971711993217,0.115612432360649,0.02203141152858723,0.015266464091837406,0.0026075250934808336,0.13380654156208016,0.029779933393001445,0.04349409043788899,0.07778436690568924,0.009713267907500156,0.015479379333555587,0.47963571548461914,0.0001782058534445241,0.8359562158584595,0.01709531061351277
O=C2NC(=O)C1(CCCCC1)C(=O)N2,0.09391693660756628,16,Uncertain,0.07469904422759999,0.1153251826763152,0.14454948902130116,0.051933515816926845,0.09823228418827035,0.0076850769110021755,0.20081523060798645,0.10953696072101582,0.06388884782791115,0.10101006925106037,0.022336570546030776,0.02446771413087845,0.48810853958129885,4.152208202867769e-05,4.0631053707329556e-05,3.0707772680216294e-07
CN(C)C(=O)OC1=CC(=O)CC(C)(C)C1 ,0.08934215856207421,16,Uncertain,0.0404951237142086,0.062295660376548545,0.09882130473852135,0.025382006540894397,0.04008347541093815,0.0024404628202318035,0.14355435967445362,0.05290599167346943,0.042840827256441005,0.04588464647531498,0.007614416070282348,0.009132305160164833,0.4851356506347656,2.574188613380102e-07,0.3728877305984496,3.184296417657606e-07
Cc1ccc(Br)cc1,0.14578960777126318,15,Uncertain,0.2007296234369278,0.014314330182969348,0.22548431158065774,0.03966717422008503,0.008181371726095565,0.014254000969231018,0.18519751727581024,0.04421098902821541,0.07936354726552963,0.19343221187591542,0.05354436486959435,0.05670183151960362,0.37567758560180664,1.9774511201831046e-06,0.8400322794914246,0.00184060784522444
CCOCC,0.07358360763677776,15,Uncertain,0.007879016920923965,0.015452283434569836,0.03756440803408623,0.0047960299998519584,0.005240543745458015,0.00016350511577911675,0.06634465605020523,0.011590686626732238,0.017657717689871566,0.007492090109735616,0.0006735921488142393,0.0008347779512404285,0.9847800508141518,5.218048215738236e-15,0.016864361241459846,4.002305558969965e-06
CC(C)NC(=O)N1CC(=O)N(C1=O)c2cc(Cl)cc(Cl)c2,0.07663458882780097,16,Uncertain,0.10691409558057785,0.043012216687202454,0.14722254872322083,0.03549588471651055,0.029883809387683757,0.005581734236329572,0.16899974644184101,0.052817579358816036,0.0569058135151862,0.10996864736080159,0.01877085492014885,0.02586057223379601,0.23051667213439941,0.002403591526672244,0.19140620529651642,0.0003934491251128547
CCCCN(CC)c1c(cc(cc1N(=O)=O)C(F)(F)F)N(=O)=O,0.027880839605933627,16,Uncertain,0.05468768998980522,0.026448292657732853,0.09239094704389561,0.016176262870430835,0.014802973717450985,0.0015055474359542131,0.11633312702178944,0.02460574544966221,0.0318695604801178,0.04972083121538162,0.005440562963485607,0.008665291592478641,0.0,1.0023609720022364e-09,0.00301695056259621,0.00042964969179581924
Cc1cc(C)c(O)c(C)c1,0.08017059982048517,16,Uncertain,0.11150419712066639,0.049637965857982635,0.09455811232328404,0.03215958923101425,0.036756880581378826,0.0029719651211052023,0.13298361003398884,0.0428604893386364,0.046317800879478455,0.11722858995199203,0.01247289218008496,0.01879609003663063,0.5814291477203369,0.00011148785415571183,0.002751509426161647,0.00018926947086583823
c1ccccc1,0.12404179740825365,15,Uncertain,0.2574797570705414,0.045723721385002025,0.1368691623210906,0.049187805503606574,0.040824953466653824,0.006646128837019205,0.17391900718212117,0.053067676723003165,0.06467672437429417,0.2826341688632964,0.03236823156476021,0.055173248052597046,0.7824576616287231,2.1450958787028185e-09,0.00024376178043883368,0.0033967476338148117
Clc1ccc(I)cc1,0.13419707787327403,16,Uncertain,0.33536559343338,0.003725012531504035,0.4037087559700012,0.039646968245506176,0.0016942546935752034,0.04163860902190197,0.2326284795999526,0.03773615509271622,0.11051423847675323,0.29671362042427063,0.16002775728702545,0.13446542620658863,0.260722255706787,3.961386774165021e-12,0.08856606483459473,5.4443866304154653e-08
COc1ccc(NC(=O)N(C)C)cc1Cl,0.05723933686280125,16,Uncertain,0.07753930240869522,0.026677003130316623,0.10262314230203617,0.02045883424580075,0.015273560769855754,0.0020802454091608524,0.1251773089170456,0.028148116543889046,0.04087929055094697,0.06800857186317444,0.008048579096794017,0.012570300139486568,0.36825146675109866,3.3056194297387265e-06,0.016131848096847423,0.00395851396024216
CC(C)N(C(=O)CCl)c1ccccc1 ,0.05357696387800378,16,Uncertain,0.06085960939526536,0.029426701366901176,0.1001180037856102,0.019533650949597248,0.01678438112139702,0.0021083152387290083,0.1256183236837386,0.030424294993281253,0.03803822398185719,0.05653821304440476,0.007326508406549581,0.01072953827679135,0.3475268363952637,0.0016277682734652243,0.010505720973014832,6.533216219395399e-05
C=Cc1ccccc1,0.09674826079499317,16,Uncertain,0.16831669211387623,0.04799049347639084,0.12189286202192295,0.040262371301651,0.03782006725668896,0.004742756485939026,0.1592431664466858,0.048318807035684364,0.05730814114212979,0.17301072180271138,0.020593389868736156,0.033031918108463176,0.3968114376068115,0.0002696564770301446,0.016621934249997028,0.22173775732517242
COCOC,0.08063519381035454,15,Uncertain,0.00735508184879996,0.011977038346230762,0.03731274232268322,0.0036985769402233526,0.0036226320080458008,0.00012888896162621677,0.060393307358026393,0.008699760772287846,0.015204469673335441,0.0057377428747712456,0.00048234694986604154,0.0006750073516740285,0.9023547351360321,2.311406888111378e-06,0.23251625895500183,2.2000601802574238e-06
Cc1ccccc1C,0.08348917675491799,16,Uncertain,0.1327321082353592,0.049896754324435966,0.10206305980682362,0.03539133071899403,0.03837290033698082,0.0035627540200947605,0.14168167114257801,0.04553169757127762,0.05004175007343281,0.1413356214761734,0.015283741056918987,0.023502187803387642,0.5466610431671143,2.7657526970870094e-06,0.008380569517612346,0.0013868730748072267
CCC(C)O,0.07216508415749939,15,Uncertain,0.010647989809512981,0.023671213537454605,0.04762844741344441,0.007523825857788213,0.009672406129539013,0.0003319417592138052,0.08229435235261895,0.01841033622622479,0.022270599380135425,0.011563052423298248,0.0012705889530477688,0.001493617775849776,0.911300653219223,0.0,0.006562309339642414,1.2342996846825827e-08
Oc1ccc(O)cc1,0.14811405370728753,15,Uncertain,0.3240954279899596,0.04530196636915196,0.16980916261672963,0.05847070738673199,0.041955314576625824,0.009623382240533829,0.19544409215450287,0.059593316167593,0.07532627135515202,0.351541668176651,0.04688962548971165,0.07963039726018906,0.8993321061134338,0.012810665182769188,7.271513027262699e-07,2.908556240299731e-08
CC34CCC1C(CCc2cc(O)ccc12)C3CC(O)C4O ,0.08815997674837481,16,Uncertain,0.09642299264669396,0.11744239926338185,0.14408953487873055,0.05935492739081383,0.10988832265138626,0.008702305145561584,0.20510940253734578,0.11649482697248437,0.0679016187787056,0.1409890055656432,0.02930069901049115,0.032275039702653774,0.2820671081542968,0.0004408691311253987,4.604558853316121e-05,3.453055614954792e-05
C1c2ccccc2c3cc4ccccc4cc13,0.11460889670873417,16,Uncertain,0.3433504104614258,0.06253273785114277,0.17928588390350342,0.07284362614154805,0.06148378923535336,0.012953469529747852,0.21549358963966359,0.07777394354343403,0.08558610826730717,0.3821929097175598,0.05903194099664677,0.09364459663629521,0.0,4.450438684244773e-09,0.0025375057011841617,0.18503183126449585
O=C1CNC(=O)N1 ,0.11745210472762324,15,Uncertain,0.0771442875266074,0.097555011510849,0.14629526436328877,0.04524974152445782,0.07641689479351044,0.006874407175928243,0.19052810966968514,0.08786705881357182,0.05978797748684883,0.08718030154705037,0.01822064444422722,0.022521153092384227,0.9634316742420197,0.000159662842634134,1.1534825716807973e-06,3.3312633718196594e-07
c1(O)cc(O)ccc1CCCCCC,0.06303007272176721,16,Uncertain,0.07312386482954025,0.037534061819314846,0.09195012599229802,0.024266134947538154,0.024410031735896953,0.002091165166348219,0.13067705929279316,0.036675117909908184,0.04325436055660237,0.08020398765802383,0.009235528297722229,0.012983635999262222,0.42585029602050783,1.1279709724476561e-05,0.01602620817720879,0.00018830543558578938
C=CCS(=O)SCC=C,0.06213964615387786,15,Uncertain,0.01486728899180878,0.008340663276612648,0.07264971733093262,0.004791555926203617,0.0024953940883277737,0.000464648735942208,0.07861966639757134,0.009591576643288025,0.01699247770011425,0.009123393334448227,0.0011376563925296068,0.0017899158410725757,0.7185930728912353,8.373272066819482e-06,0.008258256129920372,0.04651068150997162
CCOP(=S)(OCC)Oc2ccc1oc(=O)c(Cl)c(C)c1c2,0.05300804352784983,16,Uncertain,0.08874384313821782,0.01717902533710003,0.11260955035686482,0.01672031357884396,0.00946222897618998,0.0020131415221840143,0.12339086085557915,0.02229752019047715,0.03476663678884495,0.07305862009525277,0.008002030663192161,0.013871271163224952,0.0,3.2032443186835735e-07,0.32538172602653503,0.0006316074286586426
Cc1c(C)c2c3ccccc3ccc2c4ccccc14,0.08873645393251728,16,Uncertain,0.28223180770874023,0.0543525144457816,0.1550891250371932,0.05916347354650475,0.04984859749674775,0.008892067708075047,0.19196391105651833,0.06404334306716897,0.07475910335779179,0.30805519223213174,0.04168272390961636,0.06671351939439762,0.0,2.739270321683307e-08,0.04223434254527081,0.020753514021635056
CCCCC(=O)OC3(C(C)CC4C2CCC1=CC(=O)C=CC1(C)C2(F)C(O)CC34C)C(=O)CO,0.06130769828196059,16,Uncertain,0.04809727892279625,0.09594658017158497,0.11672797054052342,0.037282899022102245,0.07374851405620564,0.004337346181273349,0.17247071862220764,0.08492691069841385,0.05216511711478222,0.0653228387236594,0.01315548550337542,0.014174584299325832,0.1695755004882813,0.0016695957165210329,0.03132137283682823,4.5961348860146245e-07
O=c2[nH]c(=O)c1[nH]c(=O)[nH]c1[nH]2 ,0.13603446838276062,16,Uncertain,0.36850467324256875,0.04102339223027218,0.19145059585571278,0.060952380299567954,0.037999216467141994,0.011223169974982627,0.20503170788288094,0.05892989784479141,0.07946927845478036,0.38779348134994507,0.05514795333147038,0.09495962411165215,0.5815392017364502,3.952841609589086e-08,0.0018420772394164286,0.0006848045741205677
Oc1c(Cl)cc(Cl)c(Cl)c1Cl,0.09601615253583708,16,Uncertain,0.2940249741077422,0.017626499757170566,0.2401241362094878,0.04554361104965199,0.012690331786870845,0.014464944601058849,0.192057266831398,0.04491012915968884,0.07546926289796818,0.28696200251579285,0.05470313876867283,0.08515157550573338,0.17252779006958008,8.485863567386787e-09,2.768822241705493e-06,4.471645276282743e-12
Clc1cccc(Cl)c1,0.1455323028415153,15,Uncertain,0.2835825979709624,0.021974412724375614,0.2008352130651474,0.045828253030776755,0.016566988080739753,0.010961766354739555,0.18463167548179626,0.04586048424243916,0.0734109729528426,0.2859472632408142,0.04646690934896458,0.07350032031536102,0.22626466751098628,1.5617507287402077e-12,0.8126848936080933,4.2753464413181064e-07
Clc1ccc(cc1)C(c2ccc(Cl)cc2)C(Cl)(Cl)Cl,0.08156234403655241,16,Uncertain,0.14724017679691304,0.025389332324266434,0.17293381690979004,0.03269396349787701,0.016790127381682174,0.007540270686149375,0.16480408608913422,0.041571587324142456,0.05258330702781655,0.14024260640144337,0.023655593395233043,0.03539616987109184,0.0,1.7133579888195527e-08,0.4441550374031066,1.412342612638895e-06
CC(C)COC=O,0.06587781694892522,15,Uncertain,0.015833131968974956,0.02502206154167641,0.061180070042609946,0.008996016345917957,0.010375192388891952,0.0005314761074257657,0.09231189638376214,0.01945376396179177,0.02501816116273403,0.014504461549222358,0.0017365459352729484,0.002295785816386231,0.7455801963806152,0.0006956386496311806,0.030510636046528816,3.690136196610183e-08
c1ccccc1SC,0.07661515578238313,16,Uncertain,0.10983846336603165,0.017916293814778217,0.1045975312590598,0.019426343962550052,0.010547137819230445,0.0023343462962656103,0.11673549562692642,0.023150000721216202,0.03788188472390164,0.09128462523221959,0.009642096236348041,0.016474485397338756,0.610033369064331,0.00020153001241840496,0.013869201764464156,0.04190968722105015
CCN2c1nc(C)cc(C(F)(F)F)c1NC(=O)c3cccnc23 ,0.0675635739606249,16,Uncertain,0.11524789035320282,0.0453866608440876,0.12118244916200616,0.03269994258880604,0.03312624618411064,0.004009346477687248,0.1514355093240738,0.0449363775551318,0.048580046743154415,0.11650825291872025,0.014990794472396152,0.02312076464295376,0.24672327041625974,1.3935817833043984e-06,0.08134392648935296,0.0017243116162716232
CCCCCC,0.01984574713859521,16,Uncertain,0.008750545792281628,0.01965719647705544,0.03901643678545941,0.006126629654317983,0.007362073287367821,0.0002142426528733976,0.07325391471385945,0.015002953819930442,0.02033488079905499,0.009565993212163448,0.0009328927844761692,0.0010548074496907756,0.11353759765625004,0.0,0.002721766708418616,2.242432373122938e-08
COC(=O)c1cccnc1 ,0.08963150143581505,15,Uncertain,0.11534139513969421,0.03263046219944943,0.11095604300498962,0.02610710822045803,0.021438587456941605,0.002782440511509554,0.1372937709093094,0.03282750770449616,0.04551504552364338,0.10450154542922963,0.011529656127095222,0.019354330375790374,0.7652951002120971,3.211259172530845e-05,0.0012532921973613664,0.007245625369250552
NS(=O)(=O)c3cc2c(NC(Cc1ccccc1)NS2(=O)=O)cc3C(F)(F)F,0.04809577076684938,16,Uncertain,0.08157207071781136,0.01852378062903881,0.113070048391819,0.016352571547031403,0.010578241199254768,0.002204953460022807,0.12000202387571324,0.022258106619119644,0.029471250250935443,0.06541449576616276,0.007420429494231828,0.013188867829740047,0.21445417404174794,0.00014548639592248946,0.02615191787481297,0.02872391417622555
Clc1ccc(cc1Cl)c2cc(Cl)c(Cl)c(Cl)c2Cl ,0.09204647459315879,16,Uncertain,0.318032830953598,0.01998777501285065,0.24231202900409676,0.05032747238874424,0.01496240124106396,0.01567390002310265,0.20133879780769337,0.04927583783864964,0.08106430619955063,0.31637340784072854,0.06117412447929382,0.0940328910946846,0.0,1.2456702336294256e-13,0.008187819272279628,3.3407965283061003e-10
CC1(OC(=O)N(C1=O)c2cc(Cl)cc(Cl)c2)C=C,0.12953609212454462,15,Uncertain,0.1571485847234726,0.05274276062846184,0.17767666280269623,0.049954041838645824,0.0420503243803978,0.009714821353554615,0.19583576917648293,0.07059194147586823,0.06930302828550317,0.17194065451621998,0.032843876630067825,0.04463111236691464,0.14133367538452146,0.0008312787394969545,0.855805516242981,0.000173425447428599
CCNc1nc(Cl)nc(NC(C)(C)C#N)n1,0.05328243184221141,16,Uncertain,0.07392331212758996,0.0335119143128394,0.11032500863075234,0.02414761297404755,0.02056574821472157,0.002712419955059775,0.13666966557502747,0.03589271381497383,0.04386128112673737,0.07341574132442463,0.0100261466577648,0.014272787608206161,0.27179703712463377,2.9539796742028557e-07,0.0013728667981921516,2.4357832444366068e-05
c1ccc2c(c1)c3ccccc3c4ccccc24,0.11464840193928286,16,Uncertain,0.3794798254966736,0.053891319781541824,0.18319824337959278,0.07157789170742024,0.05287807434797276,0.012691618874668964,0.21651874482631683,0.0718296468257904,0.08774457871913899,0.416354775428772,0.06226406991481781,0.10206945240497578,0.0,5.095761590467873e-09,0.0524909272789954,0.07138525694608677
CC=C(C(=CC)c1ccc(O)cc1)c2ccc(O)cc2,0.07227618955012072,16,Uncertain,0.1614912897348404,0.04670420661568642,0.12927937507629383,0.040543783456087,0.0363711342215538,0.004965207539498806,0.16498348116874684,0.05002496391534805,0.059607550501823425,0.16995704174041737,0.021767539903521427,0.033551137894392014,0.2338506698608398,0.0008179235737769686,0.002460072049870976,4.365554923424497e-05
CCCCC(CC)COC(=O)c1ccccc1C(=O)OCC(CC)CCCC,0.02684585746877169,16,Uncertain,0.03146853297948815,0.031523890793323406,0.07306808978319157,0.01457790657877922,0.01642240025103081,0.0010094119934364043,0.10924291610717762,0.027131151407956966,0.03226254880428303,0.032587740570306556,0.0038419270422308527,0.005109078250825405,0.0,7.054178041698833e-08,0.05127791687846184,1.0137518074770924e-05
CCc1ccccn1,0.09284291907615616,15,Uncertain,0.10230167210102081,0.03843187913298596,0.09256557375192642,0.02734588272869576,0.026731615886091964,0.002402215963229426,0.12987904250621773,0.036333676427602546,0.044457290321588405,0.10664086788892746,0.01108716707676638,0.01687694154679764,0.8030166268348693,7.248999463627115e-05,0.004771573934703954,0.04257218912243843
COP(=O)(OC)OC(Br)C(Cl)(Cl)Br,0.052497188417758786,16,Uncertain,0.013787839561700821,0.0017540747066957518,0.15258029103279103,0.003009574953466654,0.00032512543839402497,0.001593175926245638,0.08278120309114434,0.00618631113320578,0.014322498813271411,0.006284145172685163,0.0019409958040339514,0.002317588310688623,0.5375967979431152,5.915493375141523e-07,0.015471999533474445,2.8017138902214356e-06
c1ccc(cc1)c2ccccc2,0.11212038097397693,16,Uncertain,0.32307857275009133,0.049813538789749034,0.16145525872707356,0.06069263070821762,0.04696362465620041,0.009548790752887615,0.1964605450630188,0.06261806190013885,0.07667764276266076,0.3542187213897704,0.04683810845017422,0.07852942496538162,0.3070445537567139,3.76549325054043e-09,0.0018093890976159654,0.018177228048443572
Clc1cc(Cl)c(c(Cl)c1)c2c(Cl)cc(Cl)cc2Cl ,0.13863694353586534,15,Uncertain,0.3220556974411011,0.01932419091463078,0.24029207229614236,0.050267234444618225,0.014492382295429596,0.01502219960093476,0.1997191607952118,0.048425789922475815,0.082402504980564,0.3202439248561858,0.06140605732798554,0.09379059076309204,0.0,1.3100631690576847e-14,0.7507492899894714,9.459891758822891e-10
CN(C)c1nc(nc(n1)N(C)C)N(C)C,0.03937801496404996,16,Uncertain,0.04382657632231701,0.027164582163095363,0.07076213508844365,0.014688760973513015,0.014205199666321167,0.0009362647542727753,0.10231664776802063,0.022804727777838596,0.03224531188607205,0.03964712098240841,0.0039719101041554294,0.005841520614922047,0.2515329837799072,2.8086111214520315e-10,0.0001044692617142573,2.8000936680427913e-08
CC(C)CC(C)(C)O,0.10358885435585358,15,Uncertain,0.014555675908923038,0.03413116559386242,0.05855334550142277,0.011171980760991351,0.016551828011870162,0.0006164310616439961,0.09846484661102284,0.027251575142145046,0.02688019536435604,0.01743387244641781,0.002235857071354763,0.002543125068768748,0.8487379908561706,1.5431285138589601e-09,0.49829375743865967,2.131291942930602e-08
O=C2NC(=O)C1(CCCCCC1)C(=O)N2 ,0.09055955808459004,16,Uncertain,0.06952709704637516,0.11184220016002644,0.13880874216556538,0.04935199394822121,0.09374914318323124,0.0069604720920324326,0.19593386352062225,0.10576899349689484,0.062089886516332626,0.09481329470872857,0.02056082896888245,0.02230497449636437,0.476842212677002,4.049847848364152e-05,0.0003583421348594129,3.857598187551048e-07
OCC1OC(O)(CO)C(O)C1O,0.09143828433060672,15,Uncertain,0.030415354296565056,0.06751093268394459,0.09453427046537377,0.023711804300546646,0.04572510719299294,0.0022004020866005503,0.1410682201385498,0.05814949423074722,0.03924708068370797,0.039233744144439586,0.0067920563742518425,0.00767440628260363,0.8853012084960937,0.02144842967391003,1.63156932408981e-10,3.8076223063399084e-08
Cc1cc(C)cc(O)c1,0.09262944769861853,15,Uncertain,0.12895591557025898,0.047425825148820766,0.1001676321029662,0.03373950347304344,0.035691525787114986,0.003297479124739655,0.13719229400157917,0.04287177324295044,0.04854436591267586,0.13388141989707947,0.014174161478876957,0.02201114036142815,0.728137469291687,0.0026784040965137645,0.0031973421573637806,0.00010491153079783544
ClCC#CCOC(=O)Nc1cccc(Cl)c1,0.08190535954017822,16,Uncertain,0.08566653728485096,0.024787861853837745,0.12727987766265858,0.021712323650717624,0.013946273364126571,0.003145860508084186,0.13686852157115914,0.029920749366283417,0.04285423085093476,0.07097111642360676,0.010026575066149235,0.015842940658330806,0.2116993427276611,0.476676970720291,0.039005253463983425,8.131747017614543e-05
CC(=O)Nc1ccc(Cl)cc1,0.10018165783359,16,Uncertain,0.13687463104724884,0.031023604795336612,0.1359589099884032,0.03166501969099045,0.020900782197713852,0.0044254036620258175,0.15404894948005654,0.03911929577589024,0.05434884876012802,0.13011078536510456,0.01755346357822396,0.027531275525689014,0.46911387443542485,8.197252299169122e-08,0.33014869689941406,0.020082902163267025
Clc1ccc(Cl)c(c1)c2c(Cl)c(Cl)c(Cl)c(Cl)c2Cl,0.08897160506992785,16,Uncertain,0.3078004419803618,0.017730413004755752,0.24589616060256936,0.04770677536725976,0.01288692094385624,0.015466876327991375,0.19740782678127278,0.046582330018281826,0.0793817564845084,0.3021075129508972,0.05949687957763661,0.0907580256462096,0.0,2.5202062658991053e-14,0.00032376142917200923,4.047651103178396e-12
CCC(C)(C)C,0.06194352707337875,16,Uncertain,0.014223773032426834,0.03374810889363278,0.054880764335393795,0.011041599325835594,0.01639176532626141,0.0005588927306233726,0.09605123847722996,0.026905030012130626,0.026873698458075412,0.017432011663913616,0.002170947613194363,0.002400326542556175,0.22233958244323726,0.0,0.4660699665546416,8.727764907234814e-06
CNc1ccccc1,0.08906294075429733,15,Uncertain,0.12799420952796914,0.03585800528526295,0.09986586123704899,0.029125893488526233,0.025428123772144207,0.0027088341303167507,0.13564904034137726,0.0356764681637286,0.04785781353712082,0.12698499858379364,0.012926582247018814,0.02089274488389481,0.7017954826354981,4.650979462894611e-06,0.018864210695028194,0.0033741325605659567
C=CCC=C,0.10027161641138224,15,Uncertain,0.01896805688738823,0.030845209956169017,0.06053756549954403,0.011287551373243221,0.013753394596278556,0.000619928294326999,0.0983341336250304,0.023112550377845653,0.029309265315532573,0.01843571662902821,0.0021809253375976168,0.0027821091935037456,0.5767035484313965,3.0510038939723927e-12,0.7164032459259032,0.00107266113627702
CC(=O)OCC(=O)C1(O)CCC2C3CCC4=CC(=O)CCC4(C)C3C(O)CC21C,0.08038192049315561,16,Uncertain,0.05338306352496136,0.11373928189277638,0.12798894941806782,0.043783895671367645,0.09326397627592076,0.005698198918252961,0.1866926997900008,0.10182072222232796,0.05667102336883545,0.07544513791799545,0.016500137746333965,0.017435332760214806,0.38036565780639653,0.013284597545861976,3.698952423292212e-05,1.0635069429554278e-06
Cc1cc(cc(N(=O)=O)c1O)N(=O)=O,0.08122262364787208,16,Uncertain,0.16199909150600422,0.029650941491127014,0.1290774345397948,0.02856190875172604,0.02085556276142575,0.003717042738571652,0.143943190574646,0.03165730834007263,0.04440506547689416,0.14281082153320301,0.015061052516102569,0.02777258865535237,0.5197786808013916,2.8945116810064064e-06,0.00026480134692963286,3.5928210309066344e-06
OC3N=C(c1ccccc1Cl)c2cc(Cl)ccc2NC3=O,0.0963706731403362,16,Uncertain,0.23327384889125824,0.05274650827050198,0.18968111276626587,0.06015699356794335,0.04576967656612385,0.012271868996322044,0.20800085365772236,0.07422560453414895,0.07864355295896519,0.25741562247276306,0.04667185992002476,0.06722524762153625,0.13684978485107424,0.0030096708796918392,0.07549314200878143,0.000495422282255964
Oc1cccc(Cl)c1,0.13145857214284426,15,Uncertain,0.2989092767238616,0.03104676678776741,0.18258723616600014,0.05096021667122841,0.0257919281721114,0.009996090084314235,0.1879860758781432,0.05151928961276997,0.07362759113311756,0.3127405643463135,0.0455799363553524,0.0746518224477768,0.7405339002609252,0.004430266097187774,0.012971246615052223,4.946933586325031e-06
Clc1cccc(Br)c1,0.1386432280827186,16,Uncertain,0.3156495988368988,0.009738577529788017,0.3278979957103728,0.04857274517416943,0.005726334173232206,0.028757737949490436,0.221144899725914,0.04748975113034237,0.10016749799251534,0.3052331209182738,0.1060868501663208,0.11524322628974903,0.23788604736328123,1.4897408862069028e-09,0.348691463470459,5.801402949145995e-06
NS(=O)(=O)c2cc1c(N=CNS1(=O)=O)cc2Cl ,0.052696227220440005,16,Uncertain,0.0970318391919136,0.007962618954479583,0.1234191060066222,0.011545326560735591,0.0038665859028695904,0.0018779534148052335,0.10719362646341324,0.012989098206162453,0.02467096969485283,0.06154918298125256,0.0064743636175990105,0.013197547756135353,0.35577421188354497,0.002074211835861206,0.013326507993042358,0.00018648506375029683
O=C1NC(=O)NC(=O)C1(C)CC,0.09688080040666178,16,Uncertain,0.06801490485668182,0.09007892012596119,0.1322810798883438,0.04154500365257263,0.06969097256660461,0.005567170679569244,0.18059857189655304,0.0827280431985854,0.05654597282409657,0.08307064324617386,0.016500504687428363,0.019326254725456238,0.6737823247909546,1.919401802297216e-05,0.030343037098646053,2.082509382717035e-07
OCCOc1ccccc1,0.10979419278010016,15,Uncertain,0.08245687186717976,0.03359817340970017,0.09348171949386574,0.022939054295420647,0.021604936569929012,0.0020466307178137466,0.12711471319198597,0.032466378062963375,0.04142902046442021,0.08217494189739216,0.008767682127654441,0.013644115999341011,0.7639174461364746,0.010413443669676559,0.001309915562160202,0.419342041015625
C(c1ccccc1)c2ccccc2,0.08632425181037884,16,Uncertain,0.21408046782016743,0.05607425421476364,0.13185235857963562,0.04933277517557144,0.04928136244416215,0.006573300343006849,0.1698952317237854,0.0579819530248642,0.06171503663063038,0.2361544668674468,0.028584038838744052,0.046153709292411804,0.252225112915039,3.208600901416503e-06,0.01013865228742361,0.01114210020750761
CCCCCC(O)CC,0.05058507513858777,16,Uncertain,0.010599596425890812,0.0241671074181794,0.04661050811409939,0.007655226159840822,0.00992463156580925,0.0003281142562625572,0.08247847110033024,0.01878838427364815,0.02256456948816765,0.01181563828140475,0.0012943838955834508,0.0014854728942735873,0.5610735893249512,0.0,0.010501117445528396,7.43915734346956e-05
CCN(Cc1c(F)cccc1Cl)c2c(cc(cc2N(=O)=O)C(F)(F)F)N(=O)=O,0.04681551055434056,16,Uncertain,0.11128510534763314,0.03080468624830235,0.12413005530834176,0.025848804041743167,0.02045844867825497,0.0033717339392750345,0.14137427508831024,0.033500995486974605,0.04248957708477963,0.10340737551450718,0.012421218678355217,0.020730599761009216,0.0,3.814677995706006e-07,0.07911014556884766,0.00011476665531517938
CC(C)Nc1nc(Cl)nc(NC(C)C)n1,0.049395289929250845,16,Uncertain,0.06134460121393204,0.02920447289943684,0.09711175411939621,0.020641298964619637,0.017049571499228366,0.0019892570562659584,0.1257382035255432,0.03171712905168522,0.040601875633001216,0.06217813119292237,0.007988596335053444,0.010989424772560374,0.2837657928466797,2.000087988562882e-07,2.1426067178254016e-06,2.187142172260792e-06
CCCC(C)CO,0.059638743236246156,15,Uncertain,0.010560013353824615,0.023590730503201374,0.046849913895130046,0.0074947597458957516,0.009603062644600757,0.00032318956800725385,0.08194033056497563,0.01832798309624184,0.02228681929409504,0.01153577398508776,0.0012600646587087594,0.0014651853125542402,0.7134024620056152,0.0,0.005401147995144018,0.0001784551568562165
CCCCC(C)(C)O,0.08698317472674305,15,Uncertain,0.013258163817226776,0.03058606944978215,0.05449239909648884,0.00991080142557621,0.014103109017014392,0.0005052027408963822,0.09304668754339196,0.024187995120882766,0.0253769401460886,0.015479210764169582,0.0018827288877217851,0.0021539165172723695,0.829326617717743,1.3666845433135677e-13,0.27742084860801675,1.0477548073595244e-07
CCc1ccccc1,0.07027355560579196,16,Uncertain,0.10144991427659977,0.041021037846803554,0.09166986495256424,0.02831018902361382,0.028893478214740642,0.002463447395712026,0.1316109001636504,0.03811914473772038,0.04542919248342503,0.10767167806625366,0.011334628798067348,0.016976568847894558,0.39521389007568364,3.3499864571240323e-07,0.04680655896663666,0.037406060844659805
O=C1NC(=O)NC(=O)C1(CC)CC=C(C)C,0.06995309422819951,16,Uncertain,0.050319883972406165,0.07027745246887196,0.10978516191244125,0.030707938596606255,0.04806164652109135,0.0033060295972972,0.1564215123653412,0.06154453009366978,0.04831621050834645,0.05883331224322297,0.010286704637110233,0.012254596687853225,0.45677070617675786,0.00014664106129202992,0.002216651337221154,5.294716629578033e-07
ClC1C=CC2C1C3(Cl)C(=C(Cl)C2(Cl)C3(Cl)Cl)Cl,0.0609228006875923,16,Uncertain,0.07463008165359475,0.06121358647942543,0.20862603187561024,0.04580700024962425,0.04491227120161034,0.014262352138757595,0.21032780408859242,0.09983666241168965,0.06093481183052063,0.09160640090703964,0.02882101945579041,0.030287573114037403,0.0,1.912342668219935e-06,5.096827953821048e-05,0.0034463349729776382
CCC(C)C1(CC(Br)=C)C(=O)NC(=O)NC1=O ,0.07221291508203641,16,Uncertain,0.05759481340646744,0.04317709058523156,0.158174768090248,0.031198445707559364,0.025371301919221767,0.00659298663958896,0.17449045181274403,0.06195472180843342,0.05489363893866517,0.06253473460674286,0.017139600589871407,0.017307603731751442,0.44193820953369145,0.00036234871367923915,0.0026618654374032102,1.4059791283216327e-05
CC1(C)C(C(=O)OC(C#N)c2cccc(Oc3ccccc3)c2)C1(C)C,0.12461294975946643,15,Uncertain,0.13255293667316415,0.07079502940177895,0.14446711540222157,0.04806745424866654,0.05992196500301361,0.007068070583045372,0.18520487844944,0.07277385890483834,0.06203913316130616,0.15656733512878396,0.025348592549562454,0.035100333392619976,0.0,0.2566651701927184,0.7361669540405272,0.0010683690197763607
COC(C)(C)CCCC(C)CC=CC(C)=CC(=O)OC(C)C,0.04556668048173285,16,Uncertain,0.018204027786850818,0.03278100863099076,0.06450180709362019,0.011671994812786357,0.015540060587227233,0.0007121789385563515,0.10118896514177322,0.025729687884449848,0.028150854632258415,0.018999600782990456,0.002428104169666545,0.003004353493451961,0.2615407943725586,1.3374190643844486e-11,0.1446005254983902,1.2923868780490011e-05
CCOC(=O)CC,0.08047704053179174,15,Uncertain,0.012931175529956818,0.020240254700183757,0.04952169954776764,0.007034962996840366,0.007752512115985044,0.0003216149925717726,0.07953996956348397,0.015114067122340202,0.021860845386981853,0.011515753343701252,0.0011876127682626247,0.0015700700459999606,0.8773771405220032,0.1816137135028838,5.125635289005004e-05,1.681532690867016e-11
CSc1nc(NC(C)C)nc(NC(C)C)n1,0.04679029718228659,16,Uncertain,0.04056743532419205,0.022764643654227257,0.07707610726356495,0.013761108741164207,0.011531487107276805,0.0010922765359282494,0.10228022933006276,0.02232811413705338,0.030610209330916405,0.036776017397642025,0.004211021587252617,0.0059755584225058556,0.3796563625335694,7.104803444235586e-06,4.873263605986722e-06,2.205484179285122e-06
CC(C#C)N(C)C(=O)Nc1ccc(Cl)cc1,0.09124751316182927,16,Uncertain,0.09208767861127842,0.0347868911921978,0.12231609225273121,0.02717642858624436,0.02200009860098362,0.003398426342755445,0.14645922183990456,0.0381864234805106,0.04833466187119484,0.08753368258476235,0.01218509580939997,0.018265414983034023,0.2993392467498779,1.4948831449146383e-05,0.5040785670280457,0.0037973318248986088
Cc1cc2ccccc2cc1C,0.06943950092745857,16,Uncertain,0.20229747891426086,0.05214754119515397,0.12818214297294594,0.04680008813738823,0.04408166557550419,0.005833721254020818,0.16707743704319,0.0546155422925948,0.062348004430532455,0.21768687665462483,0.026312170550226943,0.04144759848713864,0.04391336441040039,6.23181449554977e-07,0.01182865723967541,0.006459102500229963
Clc1ccc(cc1)c2cc(Cl)ccc2Cl ,0.13905922451986236,16,Uncertain,0.34132081270217873,0.02717677317559697,0.2157626450061798,0.05637567117810238,0.022274430841207393,0.013630204834043758,0.20486040413379658,0.054920483380555996,0.08481355756521225,0.3544802069663999,0.061108749359846004,0.09537060558795918,0.0,1.6493806320738713e-11,0.6928473711013794,5.676468845194904e-06
Clc1ccc(c(Cl)c1)c2cc(Cl)c(Cl)c(Cl)c2Cl ,0.09131843016718687,16,Uncertain,0.31653159856796265,0.019545082002877967,0.24114657938480355,0.049821216613054164,0.014576111920177826,0.015351117588579655,0.20006059110164642,0.04859684035181977,0.0809447392821312,0.31413379311561584,0.060558047145604976,0.09284345805644978,0.0,9.85878045867139e-14,0.0069857072085142136,3.356533939680162e-10
NC(N)=NC#N ,0.09523476672488576,15,Uncertain,0.05907859280705441,0.03479670733213425,0.1251095086336136,0.01910973526537396,0.017430379986763,0.0025616055354473755,0.1395687013864516,0.02864961139857758,0.03920131176710118,0.04040709510445584,0.006125214509665855,0.010440068319439777,0.9985864225775004,0.0026880535297093555,3.2585880944679957e-06,8.567893061695031e-10
ClC(Cl)(Cl)N(=O)=O,0.06459203865977656,15,Uncertain,0.026185253635048755,0.007031955756247044,0.1316249817609786,0.006482751108705775,0.0023048596922308207,0.0016294940141959868,0.09879698604345322,0.011074114590883255,0.017940513789653556,0.01549971755594004,0.002610808005556353,0.004342663101851829,0.7079324007034302,1.795296178386252e-08,1.610002618690487e-05,8.191008982194603e-10
Clc1cccc(Cl)c1c2ccccc2 ,0.10518484878454065,16,Uncertain,0.3251899182796478,0.03311049938201904,0.19234772026538838,0.056407734751701244,0.028327176347374805,0.011715228669345157,0.19850146770477284,0.05656597390770901,0.07979327440261841,0.3454780876636504,0.05356883630156495,0.08594906330108643,0.0,2.12860840065332e-11,0.21599340438842773,9.195166057907045e-06
COc1ccc(C=O)cc1,0.07627577846069458,16,Uncertain,0.11218031495809544,0.03331018984317757,0.1038159653544426,0.025566760450601356,0.02175888791680325,0.0025101485662162304,0.1312499940395354,0.0317389890551566,0.04427937045693375,0.09894307702779759,0.010597871616482624,0.01772417128086079,0.5337225914001464,0.00023062486434344276,0.03507784754037835,0.017705651000141986
CC(=O)Nc1ccc(cc1)N(=O)=O,0.07649189721484494,16,Uncertain,0.12679046392440774,0.03266007453203201,0.1231786236166954,0.027558155357837566,0.021927425637841225,0.0033214956056325518,0.1452130377292632,0.03379538282752015,0.04610154032707203,0.11401613056659676,0.01309529412537802,0.022527484223246352,0.5097586154937744,2.7532178137334995e-07,0.00043050182284776195,0.003495854325592407
CCCCCCC(=O)OCC,0.04281135810366767,16,Uncertain,0.012305477634072193,0.022567421197891235,0.049442484974861034,0.007590245455503353,0.009001809172332176,0.00034666756982904,0.08244729787111282,0.01719408854842175,0.022679753601551056,0.01214035227894783,0.0013065815437584005,0.0016193481860682368,0.39759283065795903,1.840154624233037e-07,0.04874718189239502,5.058517160705378e-09
CC(=O)Nc1ccc(O)cc1,0.1004649301709718,15,Uncertain,0.14188936352729775,0.04067172482609738,0.1261245310306548,0.03424587473273255,0.029540130868554004,0.004142459947615751,0.15594327449798584,0.042793091386556625,0.053983736783265956,0.13917329907417275,0.017135558649897353,0.027724677696823963,0.7932295799255371,0.0006174898007883511,1.1317281860101502e-05,0.00021277270570863038
c2ccc1[nH]ncc1c2 ,0.13721325198105197,16,Uncertain,0.3520887196063994,0.04587218165397644,0.1728244423866272,0.061870090663432964,0.04340698570013035,0.010276701301336177,0.20086106657981861,0.0613931007683276,0.07896415889263142,0.3807185590267179,0.05170351266860962,0.08766447007656075,0.6265033483505249,1.852447348937858e-05,0.0002360109647270292,0.021010158583521843
CC5(C)OC4CC3C2CCC1=CC(=O)C=CC1(C)C2(F)C(O)CC3(C)C4(O5)C(=O)CO ,0.08056989390342148,16,Uncertain,0.06066383048892021,0.127041295170784,0.13616344332694996,0.05019199848175038,0.11093398928642262,0.006931815762072802,0.1972840428352356,0.11578480154275883,0.060700275003909954,0.08847510814666737,0.020204314962029457,0.020987676456570625,0.27948341369628904,0.0005898923263883971,0.013679960742592812,2.4442254016321385e-06
Nc2nc1[nH]cnc1c(=O)[nH]2 ,0.14362842291318706,15,Uncertain,0.35186031460762024,0.04209904745221116,0.18117633461952198,0.059192921966314205,0.03886174038052537,0.01031195931136597,0.19903895258903503,0.05786556378006924,0.07666287571191777,0.36860090494155884,0.050639644265174755,0.08716537058353424,0.7486068964004516,0.024869730696082004,2.9091982014506357e-06,0.001099600107408949
COC(=O)C,0.07087558806601124,15,Uncertain,0.01576229929924,0.018544374033808597,0.05559166148304917,0.0068767727352677666,0.006830142345279455,0.0003569909604266286,0.08021915704011895,0.013492745347321033,0.021846672520041355,0.01171876024454821,0.0011826155241577707,0.0017830687575042248,0.8997709035873414,7.670825086236732e-10,8.437240950343039e-08,3.3160038583446294e-05
CC34CCC1C(CCC2CC(=O)CCC12C)C3CCC4O ,0.07562660121340473,16,Uncertain,0.05413571372628201,0.15057039260864236,0.13123460114002217,0.05484379082918156,0.13884779810905434,0.007280743680894153,0.20445628464221943,0.13988812267780304,0.06328989565372456,0.0910598412156104,0.022160543128847965,0.020668134093284607,0.12289590835571274,0.0006842048605901763,0.008007801137864368,1.8435547417539055e-06
CCCC(O)C=C,0.07309965754859553,15,Uncertain,0.014266896061599255,0.029019607231020816,0.05649752542376496,0.009688391350209602,0.01278777327388525,0.0005122599541208528,0.09329121559858322,0.022406155243515746,0.025813205167650954,0.015164697542786376,0.0018109093653038144,0.0021979163866490126,0.8510861992835999,1.6915902012470951e-10,0.034934282302856445,0.00011748642282327637
OC(C1=CC2C5C(C1C2=C(c3ccccc3)c4ccccn4)C(=O)NC5=O)(c6ccccc6)c7ccccn7 ,0.08813650720549043,16,Uncertain,0.19872701168060303,0.08423728495836236,0.16710840165615082,0.06547936797142018,0.07997405529022195,0.011252524331212044,0.20975539088249207,0.09095542132854462,0.07470148801803578,0.24168698489665985,0.04150984808802605,0.05804733559489239,0.07591772079467773,0.00936137419193983,0.0003915796987712383,0.0010783259058370076
CCCCOCCCC,0.04004506546043551,16,Uncertain,0.00929970107972622,0.02014017663896084,0.042345039546489605,0.0063238488510249935,0.007628502324223407,0.00024440325796604156,0.07544647157192219,0.015434730798005947,0.020448602735996246,0.009787098504602798,0.00098850845824916,0.0011613080278037868,0.42147665023803715,0.0,0.005366402678191551,0.004629602655768172
CCCCCCCCCCCCO,0.02144019584011394,16,Uncertain,0.010116746649145969,0.023123851045966037,0.04504565522074677,0.007306351326406002,0.009276054799556621,0.00030080304713897554,0.08060588687658299,0.01795244775712479,0.022126752883195766,0.011243910528719425,0.0012085114140062414,0.001376475440338254,0.0,0.0,0.11107491701841343,0.002284769434481748
CCN2c1nc(N(C)(CCO))ccc1NC(=O)c3cccnc23 ,0.06709601434195059,16,Uncertain,0.11104369908571243,0.043265823274850845,0.11425434798002243,0.031959276646375656,0.030670171603560448,0.0034591611474752426,0.14978444576263417,0.04397294297814358,0.05123903974890698,0.11423061043024063,0.01446515694260575,0.021433906629681365,0.31608357429504397,0.0005957782850599669,0.006285178940743208,0.020793115720152855
CCCC(C)(C)O,0.10289771086034703,15,Uncertain,0.013477653264999168,0.03075200319290161,0.054897207766771206,0.009987988509237544,0.01427468005567778,0.000513560720719175,0.09329979121685017,0.024298930540680774,0.02539834566414345,0.01566552184522141,0.0019067036919293567,0.0021952756214885794,0.9634266853332519,1.0710876630071198e-11,0.3962689638137816,6.25171878709807e-08
Nc1nc(=O)[nH]cc1F,0.1361714637154317,15,Uncertain,0.3187389075756072,0.03972799330949783,0.1752427965402602,0.05387859046459176,0.03548870235681523,0.00924019794911135,0.19022324681282043,0.05393121764063824,0.0709293633699416,0.3335476219654082,0.04408423975110043,0.07674532383680344,0.743134593963623,0.03365593776106823,2.8207134050717286e-07,0.0001744040782796219
CCCCOc1ccc(C(=O)OCC)c(c1)N(CC)CC ,0.03215056920396353,16,Uncertain,0.0340147241950034,0.028026234358549007,0.06843985617160775,0.013691476546227821,0.014265194535255432,0.0008649664814581737,0.10243805497884739,0.023667166009545215,0.031147900968790054,0.03300579264759995,0.0035383536014703676,0.004885938949882762,0.15431928634643555,1.9704601072589867e-05,0.0020681857131420456,1.6271158528979868e-05
CCCCCC(C)(C)O,0.0749180846781308,15,Uncertain,0.013029132038354763,0.030241496860980766,0.05387749150395382,0.009778269566595443,0.01383726205676783,0.0004918932099825524,0.09246101975440957,0.02390907146036625,0.02526332437992085,0.015236254781484604,0.001844264566898235,0.0021008446346968412,0.7000091791152954,8.43769498715119e-15,0.21660967171192158,1.792084560747753e-07
Cc1c(C)c(C)c(C)c(C)c1C,0.05513391948164773,16,Uncertain,0.07802395522594441,0.05146919190883614,0.08176957815885544,0.027495693415403144,0.03597751632332802,0.002207447076216229,0.12243106216192245,0.0405631624162196,0.0413488894701004,0.08332128077745415,0.008889565244317055,0.012542337179183849,0.2955460548400879,3.867307896143757e-07,7.634966459590942e-05,0.0004802411131094031
CC(C)c1ccc(C)cc1O,0.06820839156555386,16,Uncertain,0.08585870265960682,0.04818775877356518,0.09424030780792214,0.02926003374159325,0.033738791942596436,0.002660835161805042,0.13426473736763,0.042781975120306015,0.045346152037382015,0.0935557633638382,0.010996164754032978,0.015542685985564964,0.40683183670043943,5.81408130528871e-06,0.04797380045056343,8.890510071069002e-05
c2cnc1ncncc1n2,0.1505505460936546,15,Uncertain,0.3667812943458556,0.04114827513694763,0.17786914110183694,0.05987218767404545,0.03862757608294476,0.010147886350750812,0.19929386675357796,0.05765388533473004,0.07806776463985443,0.3915508687496184,0.05252658203244198,0.09079013019800186,0.8413690328598022,0.0010603346163405858,0.00017554216901771724,0.0018743694527073584
CCOP(=S)(OCC)Oc1ccc(cc1)N(=O)=O,0.048290987821860795,16,Uncertain,0.06125929579138745,0.012883131392300018,0.0969209372997284,0.01097133010625817,0.006152488291263358,0.0011326124658808112,0.10627394169569004,0.015303055755794048,0.026061981916427612,0.04488520324230183,0.004311541561037191,0.008021817542612442,0.09815816879272465,4.092761685114965e-10,0.27996063232421853,0.0003596665628720075
C,0.0591393948682274,15,Uncertain,0.002291095443069824,0.0031785438768564545,0.011791255325078853,0.0008380114450118326,0.0005047997110522173,8.302511560032144e-06,0.028264936059713253,0.0019339268328619763,0.007799666840582975,0.0015233831945805631,5.64682632102631e-05,7.618957170052454e-05,0.8879637360572815,0.0,2.7590529860788138e-09,2.5091040356528538e-14
c2ccc1NCCc1c2 ,0.10310726926731334,16,Uncertain,0.15157899260520924,0.07155057042837143,0.12948714196681954,0.05044306442141522,0.062179192900657654,0.00647595478221763,0.17673294246196747,0.07140389084815957,0.06310895830392815,0.17825351655483246,0.02608916349709023,0.03595367819070805,0.5003389835357666,1.2724504783179214e-09,0.00016615005733910948,0.12595410645008076
O=N(=O)c1cccc2ccccc12,0.09133771391522805,16,Uncertain,0.2717335820198058,0.0384969599545002,0.15959158539772023,0.046460215002298244,0.032496120780706406,0.00731739494949557,0.1810818463563918,0.047777358442544826,0.06405110657215096,0.2722550332546234,0.03336619958281495,0.059277739375829586,0.18080654144287112,3.831500521300768e-07,0.06553254276514042,0.001158813596703001
CCC(C)C(=O)C,0.07086149078736803,15,Uncertain,0.015558497048914433,0.030352773144840972,0.05841223523020744,0.010413093492388614,0.01367952674627304,0.0005677510052918278,0.09554974734783162,0.02351594716310501,0.026810597628355026,0.016519047319888958,0.0020172002259639665,0.0024383380077778183,0.7905772209167481,0.0,0.047371059656142966,8.176641586032929e-07
Nc1nc(O)nc2nc[nH]c12 ,0.14792204488375818,15,Uncertain,0.36584213376045227,0.04256869480013836,0.186262547969818,0.06137244775891304,0.03969105705618836,0.010980923660099395,0.2034917175769806,0.05945666879415501,0.07902037352323521,0.3850930631160736,0.054227638989686744,0.09297152608633041,0.7769811391830445,0.0087589705362916,1.7621577086401885e-08,3.3797707146732137e-05
OC(CC(c1ccccc1)c3c(O)c2ccccc2oc3=O)c4ccc(cc4)c5ccc(Br)cc5 ,0.09049720353723378,16,Uncertain,0.2509608864784241,0.042802173644304164,0.18251457810401894,0.05610077083110798,0.035712357610463985,0.011325931176543236,0.1994185596704482,0.06413210928440083,0.07684677094221104,0.2753218114376068,0.047722548246383556,0.06816332787275303,0.12148752212524416,0.0023204877506940447,0.012869758531451225,0.00025566288968537076
CN(=O)=O,0.08069492480400105,15,Uncertain,0.023182615637779236,0.013462297618389019,0.06160287931561459,0.006286275573074818,0.004969864618032949,0.0003976327134296298,0.0752374678850174,0.010035112500190624,0.019051529467105754,0.01451832428574562,0.0012203038204460226,0.002298893406986968,0.8926279902458191,9.396279665452312e-07,0.16622667014598846,2.42994513399708e-12
CC(C)N(C(C)C)C(=O)SCC(Cl)=C(Cl)Cl,0.035100308899109166,16,Uncertain,0.01945805363357056,0.014278843067586422,0.0956633910536766,0.008467608131468185,0.0051041156984863445,0.0011989985359831534,0.1002269759774208,0.017263570800423622,0.023642856627702602,0.014318539761006832,0.002498817862942815,0.003323143580928445,0.25201449394226083,0.001729676965623983,0.002334694378077762,8.116236858768389e-05
C=CCCC=C,0.06234883798388174,16,Uncertain,0.016969412565231212,0.030049983412027248,0.05776384100317944,0.01070477906614542,0.013260901905596256,0.0005618980503639959,0.09579001367092121,0.022745518013834842,0.0281905848532914,0.017170175909996033,0.0020300711039451524,0.0025010500103234135,0.43596229553222654,0.0,0.2611163556575774,0.0027645269874482237
c2ccc1[nH]ccc1c2,0.1324077629196591,16,Uncertain,0.3416770398616791,0.048434969037771225,0.1686624139547348,0.06229681521654118,0.04597664996981621,0.010182284750044235,0.2001463770866394,0.06299968808889378,0.07867106050252903,0.37212592363357544,0.05039668455719937,0.08489502966403961,0.5497884750366211,1.0864420829648225e-07,0.0021661000791936003,0.04010458663105965
CC34CCC1C(CCC2=CC(=O)CCC12C)C3CCC4=O,0.07378434626006929,16,Uncertain,0.06497002393007256,0.1587660014629364,0.14118070900440194,0.06112714484333981,0.14990711212158203,0.008817363530397415,0.21366579830646504,0.14689034223556496,0.0677533894777298,0.10470615327358246,0.026142233982682228,0.02508355863392342,0.0,0.009219087660312653,0.002317955018952378,2.66667916548613e-06
CCCCC=C,0.03586382955465971,16,Uncertain,0.012038716115057357,0.024035392329096572,0.04695787280797936,0.00799921527504921,0.009731749072670826,0.0003382359573149696,0.0831332579255104,0.018248990178108215,0.02376272715628136,0.012647472321987041,0.0013515838654709622,0.0015912809176370502,0.28051595687866215,0.0,0.05145866051316261,1.0161560567212291e-05
Cc1cccc(C)c1NC(=O)c2cc(c(Cl)cc2O)S(N)(=O)=O,0.0760324431517801,16,Uncertain,0.12565243244171143,0.021492201834916957,0.12096138298511505,0.022249870002269634,0.01349226664751757,0.003052347106858977,0.12913833558559396,0.026105782017111556,0.037714019417762645,0.10399464517831802,0.011493025347590446,0.020666191354393848,0.28281364440917967,0.2966881990432738,0.0008561936556360505,0.00014855340123176575
CCC1CCCCC1,0.03892014265662819,16,Uncertain,0.021771248430013657,0.05811554566025723,0.06918359547853459,0.019301528111099975,0.03572778403759003,0.00121745083015401,0.12345235049724557,0.04981395602226235,0.036608334630727546,0.03122764267027356,0.004706609062850364,0.004651345312595145,0.1295864105224609,6.469691449240145e-11,0.03735802695155144,4.542237377336278e-07
CCCCCCCC(=O)C,0.04321034454196699,16,Uncertain,0.012517180293798447,0.025226026773452648,0.049928314983844646,0.008384537883102783,0.010495197027921566,0.00038322346517805084,0.08572237193584442,0.019362537190317997,0.023992491886019596,0.013225859962403552,0.0014704713830724359,0.0017457769718020044,0.3198688983917236,0.0,0.119022898375988,1.9726147002074867e-05
COC(=O)Nc2nc1ccc(cc1[nH]2)C(=O)c3ccccc3,0.06858994122849246,16,Uncertain,0.18671280145645142,0.042322494089603424,0.1440657526254654,0.040288370102643745,0.032563138753175624,0.005671848542988189,0.169683277606964,0.0468866303563118,0.05968976020812977,0.18105146288871765,0.023390449583530426,0.038932915776968,0.12209863662719722,0.0004708768974521771,0.0017972164787352085,0.0018134276615453526
CC(C)OC(=O)Nc1cccc(Cl)c1,0.06618934191574219,16,Uncertain,0.0907745137810706,0.03003089129924763,0.118489108979702,0.024937301874160545,0.01864219643175602,0.00304555776529003,0.1406230330467224,0.03473023325204838,0.0459897555410862,0.0866248607635498,0.011433043517172226,0.017326293513178825,0.41973967552185054,0.008157449774443992,0.0076885526068507515,0.0007970029837449655
CCN2c1nc(Cl)ccc1N(C)C(=O)c3cccnc23 ,0.09087632141590793,16,Uncertain,0.16213373839855183,0.041806228458881156,0.13737908005714394,0.039909802377223746,0.03174087777733803,0.00546734919771541,0.1648547202348708,0.049502935260534175,0.05954903736710537,0.16592809557914723,0.022988738492131233,0.03446652367711056,0.141578483581543,6.934240082046017e-05,0.3960888683795928,0.0005573214148170136
CNC(=O)Oc1cccc2ccccc12,0.0771267967240444,16,Uncertain,0.16199785470962524,0.03960107639431942,0.13139772415161122,0.036015693098306656,0.02929406426846981,0.004578485153615364,0.16097907721996296,0.04322804510593403,0.056420572102069855,0.1573609560728072,0.019326629117131233,0.03190659359097481,0.2154532432556152,5.3923617571172144e-08,0.13256625831127167,0.013902421109378227
C#C,0.11944040061498515,15,Uncertain,0.05008578300476063,0.027827292680740245,0.09047761559486378,0.014573263004421966,0.011890014633536228,0.0012524845078586422,0.11580973863601685,0.02056388370692719,0.03752358257770516,0.030543936416506545,0.003598988289013394,0.0061773015186189495,0.8922557473182678,0.2872464060783386,0.02028394117951382,0.3009364306926726
Cc1cncc(C)c1,0.09271930651299265,15,Uncertain,0.11318761110305786,0.046555161476135254,0.09249456226825703,0.03085399977862824,0.03388528153300285,0.0027908477932213627,0.1300625056028366,0.040148109197616355,0.04554117098450661,0.11692664027214039,0.011913325637578853,0.018344201147556194,0.7723258018493653,1.4791986359341536e-05,0.025549639016389847,0.0029152545612304293
C1C=CCC=C1,0.1020018727110567,16,Uncertain,0.05208658427000046,0.11011449992656697,0.11412059515714645,0.04271293058991421,0.08711667358875264,0.004700778052210808,0.17999087274074543,0.09608633816242196,0.05861559882760037,0.07309323549270619,0.014624608680605777,0.01506366953253735,0.5972142219543457,2.4853031845850637e-06,0.18537579476833344,0.0011110763298346482
CCOC(=O)N(C)C(=O)CSP(=S)(OCC)OCC,0.045779754598203104,16,Uncertain,0.015170526690781005,0.009773246012627967,0.06424120813608158,0.0047572022303937755,0.003175438614562043,0.00034413655521337017,0.07651064544916142,0.00947150681167841,0.01629967987537384,0.009810523129999638,0.001014556735754013,0.0016805531922725603,0.3583471298217773,3.729830132215284e-05,0.16184242069721222,1.3170383672544972e-09
CC(O)c1ccccc1,0.09104189401932661,15,Uncertain,0.09871895611286163,0.04811709001660336,0.10613634437322594,0.03157801181077935,0.03509068116545655,0.003292193403467425,0.14497363567352284,0.045641571283340454,0.048022083938121574,0.1084577590227126,0.013277797028422245,0.019564175978302845,0.7485338449478149,0.0001311155647272244,0.0028656707145271465,0.0022693732753396034
CC(Cl)CCl,0.0850425305740096,15,Uncertain,0.00905008614063263,0.00848738010972716,0.07114532589912403,0.0043543181382118545,0.0023885611444709465,0.0005069387261753544,0.07496932893991459,0.010763794183730968,0.016263933852314838,0.006308195646852255,0.0010087377158923827,0.001316502457484603,0.7242773532867431,2.857714065385153e-13,0.004237626679241546,0.42560240626335144
CCCC=C(CC)C=O,0.06386980951778201,16,Uncertain,0.016026565805077442,0.0260061603039502,0.05559873580932595,0.009381460025906452,0.011078830808400997,0.00048086789320223033,0.09038617461919785,0.019906846806406753,0.025774840265512355,0.015510515309870243,0.0017689885571597896,0.0022253545466810465,0.2853730201721192,3.123168390573028e-12,0.4623974859714508,1.1053871276089922e-06
CCOP(=S)(OCC)SCCSCC,0.028425622237591715,16,Uncertain,0.009069783613085636,0.005092639010399358,0.05472252890467644,0.00260290503501881,0.0013094119494779788,0.00018681629444472492,0.06102015823125817,0.0057761650532484055,0.01127716340124596,0.005334649700671434,0.0005150691140441976,0.0008658607257530093,0.22312259674072277,2.886579864025407e-15,0.07374773919582356,0.00016646883159410208
CC(=O)OC3(C)CCC4C2CCC1=CC(=O)CCC1(C)C2CCC34C ,0.06335604707257965,16,Uncertain,0.055276840925216564,0.126237854361534,0.12822416424751282,0.04810969159007061,0.10846301168203343,0.006211815867573023,0.1926094889640808,0.11398761719465245,0.059459075331687816,0.08247999846935261,0.018608875572681427,0.018831156194210052,0.04511032104492185,0.0006996791926211499,0.009373524226248153,1.3638296877616085e-05
Clc1ccc(cc1)c2c(Cl)cccc2Cl ,0.10617778102727568,16,Uncertain,0.3357554078102112,0.027797333896160015,0.21184997260570526,0.05594913661479939,0.0228850096464156,0.013325201347470172,0.20286810398101807,0.054996125400066154,0.08326144516468037,0.3507393002510071,0.059429317712783813,0.09328922629356384,0.0,1.3397061238151764e-12,0.18669795989990234,9.558112878949032e-07
Fc1cccc(F)c1C(=O)NC(=O)Nc2ccc(Cl)cc2,0.09335908327048503,16,Uncertain,0.20605097711086262,0.03818164393305756,0.163880094885826,0.042407695204019435,0.029390404000878223,0.007289704866707214,0.17671865224838235,0.04816456511616696,0.06198419630527474,0.1996707171201706,0.028176937252282985,0.04701016098260857,0.1312870979309082,2.5993890631070826e-06,0.3135216236114502,8.262370101874694e-06
Oc1cc(Cl)ccc1Oc2ccc(Cl)cc2Cl,0.10305945225776432,16,Uncertain,0.33379438519477844,0.028306292369961628,0.2104226052761078,0.05526969954371441,0.023463711142539756,0.012859055772423633,0.2012185603380202,0.05425205826759316,0.08130649477243423,0.3473705053329468,0.05754820629954316,0.09175664931535721,0.1147400856018066,1.2371376215014607e-05,0.03662408888339974,6.466637387347873e-06
c1(C(=O)OCCCCCC(C)(C))c(C(=O)OCCCCCC(C)(C))cccc1,0.03218011448749395,16,Uncertain,0.03178488090634335,0.03207991644740105,0.07381451874971379,0.014869174920022377,0.016840567812323348,0.0010387043002991758,0.1101652979850768,0.027683639898896217,0.03259926661849022,0.0330994315445422,0.003944832831620948,0.005224997177719959,0.0,8.090555780881914e-08,0.13172002136707306,1.6500334822922014e-05
CC12CC(O)C3C(CCC4=CC(=O)CCC34C)C2CCC1C(=O)CO,0.07532093151174232,16,Uncertain,0.05177317187190045,0.12170065194368362,0.1247643083333968,0.04563251137733437,0.102925606071949,0.005719213280826807,0.18838416039943684,0.1095566377043724,0.05761519446969021,0.07733976095914841,0.017176516354084015,0.01737188920378685,0.24006710052490243,0.044498607516288646,0.0006090036476962268,5.705293801838707e-07
Cc1cc(C)cc(C)c1,0.06026731279840753,16,Uncertain,0.08678130805492401,0.0488324910402298,0.08245984464883804,0.027675623074173816,0.034136876463889965,0.002227463759481796,0.12225273251533497,0.03894757106900204,0.041968125849962234,0.09093149751424778,0.009182548150419967,0.013495136983692646,0.32365641593933103,5.196999154577497e-06,0.04104473441839196,0.0006794382934458554
CCCCCCCCOC(=O)c1ccccc1C(=O)OCCCCCCCC ,0.030042385677723778,16,Uncertain,0.029751313850283623,0.02957187220454205,0.06998763978481282,0.01361599192023255,0.014971197582781204,0.0008967662579377755,0.10562517493963242,0.02532966062426556,0.031214894726872444,0.030414696782827155,0.0034777831751852117,0.004630957264452951,0.0,5.955427440085259e-08,0.12117662280797936,1.3539367500925437e-05
CCCCCCCCCCCCCCCO,0.022782964580983278,16,Uncertain,0.010283123701810837,0.02371687814593304,0.04553074389696121,0.007502974476665147,0.009614718146621959,0.00031222600955505,0.08155707269906975,0.018451487645506748,0.022438516840338596,0.011542065069079177,0.0012537325965239488,0.001419896143488364,0.0,0.0,0.1277036815881728,0.003200316336005815
Clc1cccc(Cl)c1c2c(Cl)cccc2Cl ,0.10685795210246408,16,Uncertain,0.3272193670272826,0.024339733645319828,0.21903392672538735,0.05343799293041218,0.019365949556231388,0.013659995049238205,0.20017533004283905,0.05241231992840756,0.08230955898761738,0.33738526701927185,0.05930754542350758,0.09205831587314606,0.0,9.192646643896296e-14,0.22902190685272217,2.4577950341608812e-08
O=C1NC(=O)NC(=O)C1(C)C,0.11390269120120751,15,Uncertain,0.08826112002134323,0.11609501391649246,0.1593959629535674,0.055525358766317146,0.09956444799900044,0.009347061626613029,0.2083880603313446,0.1100092902779578,0.06629589200019814,0.11200947314500798,0.0255039520561694,0.029486941173672565,0.7373671054840087,4.468460974749178e-05,0.005148553755134233,1.4110274548784218e-07
CC(C)I,0.07343414511265102,16,Uncertain,0.021345101296901592,0.0006767961313015602,0.2915401756763458,0.006357163656502851,9.948636579792947e-05,0.016239698976278194,0.14392618834972382,0.014764565043151157,0.04432123899459817,0.01526741962879885,0.02703106589615345,0.01007814984768618,0.5826872825622559,0.0,3.566839950508438e-05,0.0005763209774157785
O=N(=O)c1ccccc1N(=O)=O,0.08613726235400387,16,Uncertain,0.18648533523082722,0.026653166860342026,0.13971339166164376,0.02910688892006863,0.018990037962794193,0.00412928918376565,0.15014432370662678,0.03072635270655144,0.04575160890817642,0.16363412141799927,0.017125021666288154,0.033018209040164836,0.5306733131408692,7.99800616846369e-08,0.0020380239002405487,7.033377642073901e-06
CC(C)C(=O)C,0.07750766029405431,15,Uncertain,0.017326988279819378,0.03346705436706543,0.06379877030849435,0.011683637276291847,0.015621841885149368,0.0007040008204055592,0.10152318328619003,0.02610347419977177,0.028568217530846374,0.01844857633113861,0.0023827527184038244,0.0029002476949243627,0.9009782910346985,0.0,0.016614476218819618,1.0527528502279893e-06
CCCCCCCCCCCCCCCC,0.019380685513169668,16,Uncertain,0.010116641409695037,0.02367517538368702,0.044237870723009,0.007472636178135761,0.009586488828063011,0.0002998972195199512,0.08087381720542897,0.01839129813015461,0.02246085926890362,0.011547734960913547,0.0012395904632284127,0.0013816081918776035,0.0,0.0,0.0785626396536826,0.00024471059441555365
CC12CCC(CC1)C(C)(C)O2,0.11211665865818247,16,Uncertain,0.04436194151639916,0.12359132617712021,0.11595672369003285,0.04387424141168583,0.10624796897172917,0.005047169979661592,0.1832803636789322,0.11317281424999215,0.05523555725812901,0.07277872413396824,0.015990519896149635,0.015186063013970852,0.52407808303833,0.01706908084452141,0.3579959571361542,3.534143200312201e-09
Cc2cccc3sc1nncn1c23 ,0.09712680681550401,16,Uncertain,0.28236204385757446,0.034918785095214844,0.16907693445682526,0.050556562840938346,0.029441593214869388,0.008741303347051033,0.18246778845787037,0.05170213058590878,0.07123178988695145,0.29693877696990967,0.04112546890974045,0.0668962150812148,0.24160089492797854,0.0012475242838262401,0.024634037166833767,0.0010870599653569624
CCCCCCC(=O)C,0.04827690404150637,16,Uncertain,0.01269348245114077,0.025091957300901413,0.050182972103357204,0.008380859158933052,0.0104165468364954,0.0003850757493636392,0.08571325242519356,0.019211327657103427,0.024009451270103455,0.013259431347250827,0.00147051631938655,0.0017598067643119775,0.43695483207702634,0.0,0.08289297670125961,7.976502274686936e-06
CCCCCCCCC(=O)OC,0.03463884391891644,16,Uncertain,0.012300637550652027,0.02229321002960205,0.049302920699119346,0.0075022014789282165,0.008853288367390633,0.0003407453477848321,0.08200195431709278,0.016945399343967438,0.022541826590895653,0.0120188407599926,0.0012854880187660456,0.0016008657403290272,0.21811637878417967,1.1063372440389685e-12,0.09911498427391041,2.7613989459496224e-06
Fc1ccc(F)cc1,0.11775730942560236,16,Uncertain,0.2997278869152068,0.03970484435558297,0.16527362167835213,0.05172119289636601,0.03507050499320019,0.008376224897801765,0.18574480712413777,0.05318399146199215,0.06958552449941624,0.3179415762424468,0.04046626389026642,0.06982607394456863,0.5436601638793944,1.5516476992161188e-11,0.0017592903459443532,0.0020749836694448076
O=C1N(C2CCC(=O)NC2=O)C(=O)c3ccccc13,0.09569931434329526,16,Uncertain,0.149516761302948,0.09242378920316674,0.1649932861328124,0.06103396788239457,0.08299254626035679,0.010325822979211807,0.20904816687107086,0.09577668458223343,0.07241825759410836,0.17794522643089283,0.03420896455645561,0.04464301839470863,0.3354723930358887,0.00037399810389604493,1.410638196830405e-05,2.039780611085007e-06
CCCN(CCC)c1c(cc(cc1N(=O)=O)C(F)(F)F)N(=O)=O,0.028029565711939514,16,Uncertain,0.0545358881354332,0.026372885331511386,0.09213301539421082,0.016122885048389435,0.014747291803359763,0.0014963858993721768,0.11613568663597096,0.02453114464879025,0.0318128578364848,0.04959261044859875,0.005416214931756147,0.00862462446093537,0.0,3.270075694672414e-07,0.006630662828683853,0.0003205709799658507
CCO,0.06523730087401373,15,Uncertain,0.007270422298460977,0.013849842362105846,0.03570904955267895,0.004266778472810762,0.004477003123611212,0.0001389616372762248,0.06316043436527241,0.010301550850271957,0.016729535534977802,0.006661835592239984,0.0005740375490858041,0.0007259579724632204,0.8734325528144836,0.0,0.006498487200587766,3.646578932148259e-07
O=C2NC(=O)C1(CCCC1)C(=O)N2,0.09797650940595584,16,Uncertain,0.08112633973360062,0.1194704994559288,0.15144501626491547,0.05507564917206764,0.10365764796733834,0.008614978753030189,0.20658150315284718,0.11404168605804443,0.06602719426155079,0.10863625258207321,0.0245744977146386,0.027221446856856235,0.5011082172393799,3.968997043557465e-05,3.2952987112366827e-06,2.3601387511007488e-07
c1c(NC(=O)OC(C)C(=O)NCC)cccc1,0.06875465832016504,16,Uncertain,0.06125233322381962,0.03568746522068955,0.0975346565246582,0.020859539508819358,0.021181371062994003,0.0020056304056196295,0.12918627262115456,0.03262071311473835,0.03951426967978455,0.05841721966862656,0.007174087688326836,0.010835325345396773,0.5719643592834471,6.328715244308114e-05,0.011766331270336994,1.167135178548051e-05
CC(C)=CC3C(C(=O)OCc2cccc(Oc1ccccc1)c2)C3(C)C ,0.08724054454796705,16,Uncertain,0.10609588027000416,0.0574088655412196,0.12048473209142685,0.037615612149238364,0.04451109096407879,0.004417897667735815,0.162049502134323,0.05696205794811238,0.05427553132176377,0.12124957144260395,0.017096159979701042,0.023924946784973034,0.0,0.0004657687386495635,0.5737313628196716,0.015559732913970836
CN(C)C(=O)NC1CCCCCCC1,0.06771383612152543,16,Uncertain,0.026412414386868366,0.054074909538030624,0.07983472198247898,0.019405972212553024,0.03198638558387734,0.0014708226080981657,0.12735183537006356,0.045695066452026145,0.037053871899843216,0.03233937919139862,0.004957127850502618,0.005535715259611607,0.48576817512512205,2.851150426863569e-09,0.13153250515460957,2.4724781724216882e-06
ClC1(C2(Cl)C3(Cl)C4(Cl)C5(Cl)C1(Cl)C3(Cl)Cl)C5(Cl)C(Cl)(Cl)C24Cl,0.059042617956423564,16,Uncertain,0.07439598441123962,0.051180094480514415,0.21362681686878204,0.04263053089380264,0.03803624212741841,0.01465627085417498,0.20465071499347687,0.09431863576173782,0.055631421506404766,0.09530208259820916,0.029094787314533965,0.031026020646095165,0.0,3.8490432530124963e-07,5.531444912776351e-05,7.658549293410033e-05
CCCCCCCCBr,0.02138897812765199,16,Uncertain,0.010669839568436035,0.010046074166893848,0.07222457975149144,0.006290451623499171,0.0030395390931515776,0.0007007244857958339,0.08711649477481842,0.015760965645313152,0.02316642738878716,0.01010028738528479,0.0020056620705871664,0.00183764484245319,0.012513732910156228,0.0,0.05508103594183922,0.0316701903939246
CCCCNC(=O)n1c(NC(=O)OC)nc2ccccc12,0.04799014660968046,16,Uncertain,0.07459572702646244,0.03260397911071755,0.10059015452861786,0.02171506732702244,0.019552217796444782,0.002096405252814182,0.13044546544551838,0.031308233737945446,0.04144558683037736,0.06902536004781723,0.008138752542436012,0.012590878643095382,0.2216246604919434,4.2974443204002455e-05,0.0020610024221240364,5.88010834690067e-06
CN(C)c2c(C)n(C)n(c1ccccc1)c2=O ,0.07384437296479762,16,Uncertain,0.12252264469861984,0.03779928386211384,0.10409945249557484,0.029708731919527054,0.02679830230772484,0.002914667362347245,0.13782455027103424,0.03763005509972561,0.047980252653360145,0.12226957082748402,0.013155841268599033,0.020760556682944187,0.45325832366943364,3.096389633583385e-08,0.024754416197538154,3.328715683892369e-05
CCC(O)CC,0.07360901884326257,15,Uncertain,0.01046299748122681,0.023286718875169643,0.04621043056249596,0.0073719085194170475,0.009454580023884551,0.0003139258187727645,0.08110766857862461,0.01802525483071804,0.02206761762499798,0.011409585364162811,0.0012303737457840525,0.0014374403981489703,0.9444750607013702,1.1102230246251565e-16,0.0008590411162001654,3.169785122736357e-05
Cc1ccc(cc1)N(=O)=O,0.07616698716147988,16,Uncertain,0.1544198989868164,0.03429655358195305,0.1191682294011116,0.03034576028585423,0.024681963026523368,0.0035992246121168137,0.14287160336971283,0.03483128547668435,0.04629497230052937,0.14375701546669006,0.015031971968710423,0.02633436955511559,0.43381919860839846,1.3751753613178153e-05,0.009024424478411563,0.00018157171143684536
CC(C)CCCO,0.0633937162685469,16,Uncertain,0.01072786934673775,0.02421475388109684,0.047758296132087596,0.0077132838778195545,0.00995230209082365,0.0003396719112059854,0.08315056562423706,0.01890149153769005,0.02263096347451199,0.011823628097772376,0.0013128056889397666,0.001519008888863027,0.6960647821426391,0.0,0.07781171798706044,0.0003783196152652435
CC34CCC1C(CCC2=CC(=O)CCC12O)C3CCC4(O)C#C,0.0898874017861796,16,Uncertain,0.0702967271208762,0.16102781891822804,0.14859245717525482,0.0637543573975562,0.15349891781806946,0.009814480319618957,0.21911412477493286,0.149925336241722,0.06945635378360737,0.11153054982423782,0.02828451618552197,0.027696359902620205,0.220175552368164,0.0050259786657987915,4.423101927386597e-06,4.749807374082593e-07
CC(C)OC(=O)C(O)(c1ccc(Br)cc1)c2ccc(Br)cc2 ,0.07953953873948183,16,Uncertain,0.1341569423675536,0.01997721940278996,0.20252123475074757,0.034940093755722046,0.011685376055538654,0.010096948593854793,0.18232662975788094,0.04630848020315159,0.06761923432350136,0.135503590106964,0.03447279334068276,0.03866541013121605,0.2277817726135254,0.10066588968038537,0.019077423959970363,0.0068335807882248245
Nc2cnn(c1ccccc1)c(=O)c2Cl,0.14075024423327698,16,Uncertain,0.3332617878913877,0.03829003870487202,0.1837765723466872,0.057549312710762024,0.034247417002916225,0.010801319032907375,0.19751448929309845,0.05751017481088616,0.07696658372879017,0.3558633625507355,0.051091987639665604,0.08533245325088501,0.45504598617553715,0.3144070506095886,0.0003266611020079635,1.8710881704464555e-05
CCC(C)(C)O,0.09666718722333896,15,Uncertain,0.014325862750411034,0.03275901451706875,0.05766851454973221,0.010709857568144576,0.015688277781009563,0.0005816305638289831,0.09654450416564941,0.02601938135921944,0.02622481435537316,0.016787605360150226,0.0021102039609104395,0.002438303083181159,0.9202582001686096,6.706857291760571e-13,0.324558824300766,1.0886981316460265e-09
Cc1ccc(O)cc1,0.12638576334418292,15,Uncertain,0.18863169848918904,0.046913016587495804,0.1220981255173682,0.04187309369444836,0.03825137391686417,0.004974909592419752,0.15695463120937336,0.04852514341473557,0.05756438896059979,0.19877228140830983,0.022503577172755973,0.03639142960309982,0.8285675883293152,0.22997105121612538,0.00015757865912746638,2.232573569926899e-05
CCOC=O,0.07351867656138325,15,Uncertain,0.01415834482759215,0.01768285594880581,0.05412224307656277,0.006521014496683963,0.0063288467936215564,0.0003368612960912287,0.07963222265243519,0.013258672319352627,0.021408349275588767,0.010860240086912998,0.0011220822343601666,0.0016250490443779908,0.9410581111907959,3.4839002793773943e-09,0.008183647878468037,2.803765823955473e-07
CN(C)c1ccccc1,0.07630546087870699,16,Uncertain,0.10290979593992222,0.03620392829179764,0.09685466438531865,0.02670155093073845,0.02451536804437615,0.002411987865343579,0.13315656781196583,0.03528501093387604,0.045697439461946376,0.10329268127679825,0.010918197222054005,0.01701366715133179,0.5669685363769531,3.0463718214690516e-09,0.010987319983541854,0.007970655336976051
C1CCC2CCCCC2C1,0.0799112042304965,16,Uncertain,0.03379489108920075,0.10040212422609318,0.09489839524030685,0.03413338586688042,0.07807445526123036,0.0030940554570405565,0.16218255460262276,0.09139887243509282,0.04928040876984585,0.05554116517305363,0.010778567753732204,0.009976133704185375,0.0,1.8378361232862517e-07,0.554948329925537,7.574439950985834e-05
CCCCS,0.05052501161844692,16,Uncertain,0.00809083506464936,0.012559559196233638,0.04584968090057362,0.004738278221338765,0.004017905332147964,0.00024266599211841822,0.06948237866163243,0.011611447669565567,0.017510661855340004,0.007274264469742553,0.0008108484325930476,0.000981929013505356,0.5906143188476562,0.0,0.034111157059669384,0.0005042551783843718
c1ccc2c(c1)c3cccc4ccc5cccc2c5c43,0.14069688242359518,16,Uncertain,0.4108244478702544,0.05571882426738717,0.19508062303066243,0.07750013470649697,0.05577222630381584,0.01456080377101876,0.22721414268016804,0.07664647698402405,0.09389187395572662,0.4516980946063994,0.07173142582178105,0.11638130247592926,0.0,5.904546851454029e-10,0.39513397216796853,0.008995769545435794
ClC(=C(Cl)Cl)Cl,0.03903624132832483,16,Uncertain,0.024446876719594002,0.003527156077325233,0.18514655530452717,0.004910580813884624,0.0007900266791691646,0.0028897123411295578,0.09927380830049504,0.008321701548993365,0.01764325238764275,0.009556719101965427,0.002649374771863222,0.004113253206014633,0.2613103866577149,0.0,4.573428782350675e-07,0.0
CCC(=O)CC,0.06646782519027238,15,Uncertain,0.012794767506420612,0.02295045368373383,0.04829153046011925,0.00781500432640303,0.009228880517184623,0.0003424067108426243,0.08212336152791955,0.01726195402443398,0.02320721186697483,0.012565590441226848,0.0013337992131710052,0.001643732306547352,0.8235687136650085,3.144262628040906e-12,0.0003577371826394282,5.96085882875741e-08
C=CC#N,0.09094554346290795,15,Uncertain,0.044996824115514644,0.03427736461162556,0.0941706895828246,0.01663396321237076,0.01632169634103764,0.0015275342157109462,0.12174297124147404,0.02587546221911896,0.0373648703098296,0.03272530436515797,0.004344306420534849,0.006851457525044569,0.9135434627532959,0.0933152064681052,0.0114150010049342,2.258101994812023e-05
CC1CC2C3CC(F)C4=CC(=O)C=CC4(C)C3(F)C(O)CC2(C)C1(O)C(=O)CO,0.08921754085566524,16,Uncertain,0.06265359371900536,0.13014645874500264,0.14042340219020844,0.05188172683119763,0.11425084620714177,0.007454904727637546,0.20159806311130524,0.1195068433880806,0.06223209202289581,0.09172196686267842,0.021390845999121555,0.02220514602959145,0.39296236038208,0.004847522359341161,0.00420287437736977,2.00673798644857e-06
CCCCC(=O)C,0.06632738253017004,15,Uncertain,0.013167200610041618,0.024587916210293548,0.050723493099212646,0.008327689953148254,0.01012702379375685,0.000386644882382825,0.0854356586933136,0.018679969012737163,0.02399241179227818,0.013294637203216442,0.001459740218706429,0.0017878516810013734,0.7392138481140137,0.0,0.07005063444375981,3.400774858164368e-06
CCNc1nc(NC(C)(C)C)nc(OC)n1,0.05508912378268596,16,Uncertain,0.04566284269094456,0.03129290789365757,0.07600839436054219,0.016751209273934253,0.017577165737748035,0.001177625497802981,0.10960054397582997,0.02713259495794762,0.033976320177316555,0.04497813060879696,0.004913956858217605,0.006942598149180412,0.4647364616394043,7.815118578946567e-07,0.0006724304985253893,2.0166912690910976e-06
CCCCC(C)CC,0.015653377775884776,16,Uncertain,0.010280499234795348,0.02389407157897938,0.04439366981387116,0.007560420315712579,0.009759829379617946,0.00030392807093437835,0.0811047926545142,0.01855482719838597,0.022550629451870807,0.01173257827758778,0.0012597765307872377,0.0014075551880522452,0.006564426422119185,0.0,0.011086893267929443,1.4702899875373987e-07
BrCCBr,0.06188108178365448,16,Uncertain,0.0033639422617851578,0.00015340623212978244,0.21891626715660084,0.0008863714174366377,7.72998646425549e-06,0.012234912253916153,0.0671418085694312,0.0031058078166096292,0.009226209484040626,0.0009543526684864245,0.0022223643027246,0.0009359866962768137,0.6709481239318847,1.4898949629582603e-08,1.0795384142170406e-08,6.635103577679047e-11
CNC(=O)Oc1ccccc1C(C)C,0.052989949205883194,16,Uncertain,0.06609878689050663,0.036951489746570365,0.09344930201768864,0.022056037560105213,0.022562189027667046,0.0019882386550306164,0.12747508287429798,0.03342258185148217,0.04038448259234417,0.064363494515419,0.007651485502719768,0.011325190775096416,0.2629834651947023,4.1296200237184166e-08,0.057103484869003185,2.3833925297367387e-05
O=C1NCCN1c2ncc(s2)N(=O)=O,0.09551653283338046,15,Uncertain,0.12549367547035195,0.03879438340663899,0.1495329290628432,0.03427281975746144,0.02762778289616097,0.005494778975844161,0.16551078855991364,0.04732973501086224,0.052607178688049205,0.123560830950737,0.018932702019810566,0.028512358665466198,0.7065392971038819,1.9759358110604808e-05,0.003482787637040019,0.0005527177709153674
C1c2ccccc2c3ccc4ccccc4c13,0.11224261708278652,16,Uncertain,0.3468492329120636,0.06213864684104897,0.1803067624568938,0.07314720004796982,0.06123467907309521,0.01307213120162476,0.21633659303188324,0.07783245295286156,0.086085245013237,0.3867461383342742,0.05982753261923779,0.09503739327192295,0.0,9.641123455139677e-09,0.004698960110545047,0.13256889581680276
COc1ccccc1Cl,0.11487702802838759,16,Uncertain,0.14138133823871601,0.025066567584872246,0.11958540230989434,0.027653388679027446,0.016534725204110035,0.003358970396220573,0.13809715211391438,0.03216306120157242,0.04950426518917084,0.13176241517066933,0.015080637298524158,0.024564787745475547,0.5373077869415284,8.262688311333477e-07,0.5755687952041626,0.00040232890751201733
COP(=S)(OC)Oc1cc(Cl)c(Br)cc1Cl,0.08193320898753245,15,Uncertain,0.09062515199184396,0.0054498049430548035,0.1707065999507904,0.01215628907084465,0.0021944832988082252,0.0031708553433418274,0.1248975172638892,0.01500263437628735,0.03506095707416523,0.06019127741456021,0.010437360033392795,0.01614200696349144,0.0,6.974854027674837e-11,0.7645638585090636,0.0003325474972369902
ClC(Cl)CC(=O)NC2=C(Cl)C(=O)c1ccccc1C2=O,0.06120300401410071,16,Uncertain,0.10575150698423386,0.03965051099658001,0.15797670185565937,0.033052124083042034,0.025963272899389156,0.006263684015720972,0.16910682618618,0.04949193075299263,0.05310640111565579,0.09846612811088562,0.017847446724772453,0.0254929568618536,0.10297269821166988,0.09166598320007324,0.0024375333450733505,2.3588818294228986e-06
ClC(Cl)C(c1ccc(Cl)cc1)c2ccc(Cl)cc2 ,0.08116149584944657,16,Uncertain,0.15697939693927765,0.028860040009021648,0.16713184118270863,0.03563306853175163,0.019937261939048545,0.0075286636129020534,0.16612926125526417,0.04470156505703915,0.055897098034620174,0.15275612473487843,0.0252395812422036,0.03761009499430634,0.0,3.04501838854776e-07,0.4001776874065398,1.9441497443040134e-06
COC(=O)C=C,0.07499581061012967,15,Uncertain,0.02279628999531258,0.02316460385918595,0.06789928674697854,0.00942117441445578,0.00952512491494395,0.0006088956142773494,0.09358683228492715,0.017222527414560207,0.026036666706204414,0.016960732638835796,0.0018966189818455659,0.0029240555595605455,0.9071254014968873,5.290384308409557e-08,0.0006196086178531512,0.0001450976124033332
CN(C)C(=O)Nc2ccc(Oc1ccc(Cl)cc1)cc2,0.08010725050430942,16,Uncertain,0.16655133664608002,0.035105105489492416,0.14194554090499856,0.03657675161957741,0.02559896185994137,0.005176424048841,0.1643914431333542,0.04367877542972565,0.05868682265281655,0.16543111205101002,0.021774914115667232,0.03479148820042599,0.1842762947082519,3.693196504173102e-07,0.13112011551856984,0.06661055237054825
N(=Nc1ccccc1)c2ccccc2,0.10041033485977088,16,Uncertain,0.289430797100067,0.046894896775483974,0.15647828578948964,0.054406598210334556,0.042216982692479976,0.008380958810448647,0.18726606667041756,0.05717041715979565,0.0701352134346962,0.3099476397037506,0.03947444260120381,0.066836416721344,0.23700017929077144,0.00016091653378680348,0.036646708846092224,0.004118837416172028
CC(C)c1ccc(C)cc1,0.04672667203200733,16,Uncertain,0.07047145068645455,0.04873550683259964,0.08531342446804036,0.02639528177678585,0.032821178436279186,0.002184478798880951,0.12652936577796914,0.0405399091541766,0.04198836162686337,0.07687783241271962,0.008829837664961815,0.012201489880681038,0.10386896133422852,9.538005940612493e-08,0.06972263753414143,0.0011469407472758375
Oc1c(Cl)cccc1Cl,0.12086436505886636,16,Uncertain,0.309013396501541,0.024896129965781943,0.208998903632164,0.05066049098968506,0.01968793198466301,0.012297973968088627,0.1936587393283844,0.05046779289841641,0.07724609971046437,0.3175818920135498,0.052831094712018745,0.0840843766927718,0.5312887668609619,0.000383933715056628,0.0007323013851417981,1.658317216879368e-08
OCC2OC(OC1(CO)OC(CO)C(O)C1O)C(O)C(O)C2O ,0.09681768345142495,15,Uncertain,0.032981131225824245,0.07656916975975014,0.10088410973548878,0.02693779207766045,0.05437231063842762,0.0026896039489655577,0.1501399427652358,0.06705860048532486,0.042236316949128994,0.044331345707178005,0.0081559158861636,0.008956700563430564,0.9264203131198883,0.007349538151174562,3.1352476170809496e-10,1.4389563318673027e-07
OC1C(O)C(O)C(O)C(O)C1O,0.1104316019245741,15,Uncertain,0.04473980143666256,0.11870830506086338,0.12829603254795063,0.04245997220277775,0.10011658072471596,0.005618454422801622,0.1871054023504256,0.1098664104938506,0.05441068857908238,0.06907534599304177,0.015783969312906154,0.01596396230161179,0.8742255210876465,0.0005351303843780242,7.740474927686591e-13,5.3893696616569287e-08
Cn2c(=O)n(C)c1ncn(CC(O)CO)c1c2=O,0.08234603452947331,15,Uncertain,0.081380434334278,0.03623648732900597,0.09450361132621765,0.023441188037395366,0.02358165010809876,0.0021411962807178497,0.12479900568723656,0.03336952999234177,0.04004111140966404,0.07956312596797943,0.008726843632757553,0.013459237292408832,0.7154919147491455,0.03996657580137242,0.00011408270802348852,0.0007205578149296343
OCC(NC(=O)C(Cl)Cl)C(O)c1ccc(cc1)N(=O)=O,0.09390143991577127,16,Uncertain,0.05761694163084019,0.0275423601269722,0.11310198903083801,0.01822063513100136,0.015206808224320412,0.0023872887250036,0.128434956073761,0.02903616614639737,0.03504842892289162,0.05057789012789715,0.007033131550997385,0.01078023947775364,0.5794492244720459,0.4277398586273192,0.0002141531876985736,3.2967196602839977e-05
CCC(O)(CC)CC,0.06505265563001794,15,Uncertain,0.012317321263253578,0.027432432398200035,0.04993196204304684,0.008838476613163837,0.012195933610200771,0.0004065654356961712,0.08718378096818924,0.021396243944764026,0.023905454203486443,0.01400766335427761,0.0015927684726192437,0.001841361285187193,0.7684393644332885,3.6626257582383914e-13,0.011340084485709556,1.3077568837616127e-05
CC45CCC2C(CCC3CC1SC1CC23C)C4CCC5O,0.06730417288099481,16,Uncertain,0.051766183227300644,0.14046064019203186,0.13501955568790414,0.05293044447898865,0.12791237235069264,0.007575969677418359,0.20338392257690419,0.13826200366020203,0.061508867889642604,0.08743100613355614,0.022061144933104404,0.020434662699699402,0.0,9.828330803429708e-05,0.028018053621053585,3.6556593840941787e-06
Brc1ccccc1Br,0.14344124000275607,16,Uncertain,0.29448965191841125,0.005851613357663044,0.402352899312973,0.04571791738271702,0.002912224503234029,0.04952247813344002,0.23610666394233704,0.046913232654333004,0.10940123349428155,0.2758413553237914,0.14703017473220825,0.12904654443263996,0.3261786937713623,4.988067416888953e-07,0.2236373871564864,5.727112147724256e-05
Oc1c(Cl)cc(Cl)cc1Cl,0.1040582891523277,16,Uncertain,0.30603474378585793,0.02018583193421364,0.22795090079307534,0.048163510859012604,0.015166692435741425,0.01349546853452921,0.19354671239852905,0.04712988808751095,0.07763798534870137,0.30467185378074646,0.05501992627978325,0.08619823306798924,0.2695286273956299,2.7372664135327796e-06,0.00019951292779296637,1.5417164211939394e-09
CCCN(CCC)c1c(cc(cc1N(=O)=O)S(N)(=O)=O)N(=O)=O,0.033800413404287535,16,Uncertain,0.052902501076459774,0.013502992689609417,0.08373388648033142,0.0105802472680806,0.006511252839118242,0.0009462778107262038,0.09674037992954243,0.014415180310606845,0.024190593510865943,0.03959471359848965,0.0036561989691108465,0.006534690503031015,0.16626634597778323,0.02085902728140343,0.0003301595279480152,4.216669549350627e-05
C2c1ccccc1N(CCF)C(=O)c3ccccc23 ,0.07035908526490851,16,Uncertain,0.1599838137626648,0.05532550439238537,0.135482057929039,0.04397161304950703,0.044773947447538154,0.005904776509851217,0.17259186506271362,0.05801646411418904,0.060517579317092784,0.1717466562986374,0.02367386966943741,0.035742074251174816,0.11643285751342769,3.8931106246309355e-05,0.004799236077815183,0.036744117736816406
CC(C)C(=O)C(C)C,0.04759120717933422,16,Uncertain,0.016751082614064217,0.03488256409764279,0.06301449984312035,0.012020492926239745,0.016703372821211815,0.0007169327582231544,0.10249136388301838,0.027663419023155944,0.02869892306625843,0.01893137954175461,0.002496297238394618,0.002914406359195598,0.4341061592102051,1.2766007806419566e-08,6.840520654805005e-05,3.514306845531223e-09
O=C1NC(=O)NC(=O)C1(C(C)C)CC=C(C)C,0.06695530564649443,16,Uncertain,0.04930915683507897,0.07232990115880966,0.11122703552246083,0.031242495402693637,0.0497426651418208,0.0034273623023182154,0.15845689177513123,0.06357257813215245,0.048659417778253444,0.058914534747600444,0.01052028778940417,0.012388633564114349,0.39823212623596194,9.567396773491055e-06,0.0032520792447030544,1.5731663438600663e-07
c1c(O)C2C(=O)C3cc(O)ccC3OC2cc1(OC),0.10661433483031707,16,Uncertain,0.074177086353302,0.122873656451702,0.14356061816215504,0.052658889442682155,0.10557712614536285,0.007624665740877168,0.20034262537956216,0.110173501074314,0.064247727394104,0.09765302389860142,0.021745847538113372,0.02405391074717045,0.6810341835021972,6.158812902867794e-05,3.590192864066921e-05,9.005397259898018e-06
Cn1cnc2n(C)c(=O)n(C)c(=O)c12,0.08465255550200751,16,Uncertain,0.13072478771209695,0.035301063209772,0.10006581991910923,0.028067070990800747,0.024865642189979442,0.0026811209972945615,0.128010094165802,0.03352297842502583,0.04408184438943863,0.12200106680393197,0.012108792550861835,0.020127613097429164,0.6724024772644044,3.6777030345547246e-06,0.00047668287879776283,1.5573434097859717e-07
CC(=O)SC4CC1=CC(=O)CCC1(C)C5CCC2(C)C(CCC23CCC(=O)O3)C45,0.06430760706073207,16,Uncertain,0.05791622772812843,0.1152222603559494,0.1373336613178252,0.047615472227334754,0.09683891385793686,0.006941021420061366,0.1946692317724228,0.11092613637447335,0.05945703759789456,0.08273109793663025,0.019589532166719437,0.020097630098461994,0.07510480880737302,0.0041793836280702434,0.0002762090880421564,2.3088594389264472e-05
Cc1ccc(O)cc1C,0.10221636499541081,15,Uncertain,0.15447556972503662,0.048824939876794815,0.11275368183851242,0.03841346129775036,0.0385167896747588,0.004242949187755363,0.14947198331356037,0.04749393090605725,0.053502388298511394,0.1632995754480362,0.01842866279184796,0.02876913361251343,0.7628000497817993,0.014125972054898628,0.0003029007348229751,3.98513839172665e-05
O(c1ccccc1)c2ccccc2,0.11294525427774141,16,Uncertain,0.3070539832115172,0.04690071567893017,0.15746116638183583,0.05677167326211918,0.04342617467045784,0.008718134835362434,0.18982820212841023,0.05890827998518944,0.07276462763547875,0.3359009027481078,0.0428130067884922,0.07250860333442677,0.3653575420379639,2.8292138267715927e-06,0.02125682309269905,0.02745140343904484
Clc1cc(Cl)c(cc1Cl)c2cc(Cl)c(Cl)cc2Cl ,0.11441902662189307,16,Uncertain,0.329314649105072,0.01982020027935505,0.24581159651279438,0.051734309643507004,0.014932363294064777,0.015963517129421234,0.2038402259349822,0.04988192394375801,0.08403547853231419,0.3283420205116272,0.0643610805273056,0.0980619117617606,0.0,1.0125233984581428e-13,0.32460513710975647,1.1664469390382237e-08
NC(=O)c1cccnc1 ,0.13664504956186638,15,Uncertain,0.18201780319213856,0.04493884742259957,0.14577950537204742,0.04079243168234825,0.03488706052303303,0.006032445002347231,0.16959568858146656,0.048029929399490245,0.05804905667901017,0.17681585252285004,0.02312486432492722,0.039041634649038204,0.8828979015350342,0.3321927785873412,3.5036275221500546e-05,0.0020899572409688316
Sc1ccccc1,0.13799632753890712,16,Uncertain,0.2741958200931548,0.031919263303279766,0.16597959399223317,0.04826991632580735,0.026381388306617626,0.008647277951240429,0.179692044854164,0.04985475912690163,0.06954111903905857,0.2910040318965912,0.03970556706190098,0.0652424469590186,0.6320070266723632,2.0239365738916604e-13,0.3254343271255493,6.665791443083435e-05
CNC(=O)Oc1cc(C)cc(C)c1,0.05731334308832877,16,Uncertain,0.06807349622249603,0.03686795011162736,0.08567005395889282,0.020934002473950164,0.02217489480972279,0.0017573084915055714,0.11723969131708145,0.030200110748410225,0.037483055144548416,0.06176469475030877,0.006574462633579747,0.010222820565104374,0.3964025497436523,1.7516741763756727e-06,0.021465757861733437,0.00018088890647049993
ClC1CC2C(C1Cl)C3(Cl)C(=C(Cl)C2(Cl)C3(Cl)Cl)Cl,0.055405692144994086,16,Uncertain,0.06422445923089981,0.055041342973708995,0.19806835055351235,0.04020754247903824,0.038736794143914954,0.01207339484244585,0.1991898864507674,0.09118790179491043,0.055870793759822845,0.07856233417987823,0.02420254051685322,0.025419937446713448,0.0,1.009697712106572e-06,4.7232671931851655e-05,0.0036575535777956247
CSSC,0.07553774879063858,15,Uncertain,0.0034004151821136475,0.0010222176788373671,0.04053521156311024,0.0005194330587982021,0.00011563143925741315,4.927780537400395e-05,0.03192952275276184,0.0012655805330722414,0.004984692204743624,0.000943767256103345,7.974213076522574e-05,0.00015855117817409337,0.9099419593811036,7.723821582317214e-13,1.0910731589319766e-06,0.21365688741207123
NC(=O)c1ccccc1,0.13095373288815598,16,Uncertain,0.17775572836399056,0.04751794412732124,0.14329764246940602,0.04144678637385357,0.03710997849702824,0.006054121535271406,0.17033296823501587,0.04964115098118782,0.058402199298143165,0.17421957850456216,0.02290700376033783,0.0382709614932536,0.6573895931243896,0.466447353363037,0.0005856932839377604,0.003881022799759992
Clc1ccccc1Br,0.1531515156930236,16,Uncertain,0.3044898211956024,0.010359646752476581,0.3174367249011991,0.047883104532956966,0.006153061520308145,0.027612004429101833,0.2183152437210082,0.047930408269166835,0.09650609642267216,0.2975049912929534,0.0998140051960944,0.11031335592269875,0.35239496231079104,3.3329063953146942e-09,0.5137032270431519,7.594245289510582e-06
COC(=O)c1ccccc1OC2OC(COC3OCC(O)C(O)C3O)C(O)C(O)C2O,0.09743370173342777,15,Uncertain,0.05852382257580735,0.07347800582647324,0.11751002073287964,0.033702652901411057,0.055271483957767376,0.003981529735028633,0.1628466695547104,0.06850644201040257,0.049141738563776016,0.07318364828824975,0.012718677520751842,0.01542602851986885,0.8306195497512817,0.004013320896774419,4.3491127144079655e-08,1.5593408534186892e-05
CCCCC(O)CC,0.05932915853090879,15,Uncertain,0.010525608435272948,0.023815833032130973,0.046363379806280025,0.007540704682469146,0.009731361642479786,0.00032159721013136355,0.08191522955894459,0.018485724925994762,0.022370602935552375,0.011651027016341575,0.0012679982464760542,0.0014626303454859935,0.7096168041229248,0.0,0.004118778742849827,7.925579120637849e-05
CCN2c1nc(C)cc(C)c1NC(=O)c3cccnc23 ,0.0752391100013482,16,Uncertain,0.14023810625076283,0.05038279667496681,0.11694026738405217,0.03800532221794117,0.03870031237602223,0.004319599363952764,0.1533811092376708,0.04920746386051156,0.054006386548280605,0.14519496262073495,0.017979182302951813,0.027161845937371254,0.36175060272216797,0.0002846055140252046,0.0055201854556797825,0.000753011554479377
Oc1cc(Cl)cc(Cl)c1,0.11595550739048455,16,Uncertain,0.2979101836681366,0.02350586652755715,0.20548312366008736,0.04813092201948166,0.018234431743621826,0.011449805460870155,0.18874183297157276,0.04760589450597763,0.07498161494731903,0.3002382516860962,0.049088604748249054,0.07836946099996556,0.5092432022094726,4.8422691179439425e-05,0.0022563007660210133,1.9964214459378127e-07
Cc1cccc2c1ccc3ccccc32,0.09092331794733116,16,Uncertain,0.2941839098930358,0.05354565382003784,0.15733230113983143,0.05998065322637536,0.049365893006324546,0.009144081734120846,0.19346627593040466,0.06394667923450459,0.07576757669448841,0.32041317224502563,0.04323672875761986,0.06994654238224018,0.0,7.92652272707528e-08,0.027575019747018814,0.03686852008104324
CCCCC(CC)CO,0.0439723102434072,16,Uncertain,0.010416032746434212,0.023315029218792804,0.0458666905760764,0.007395965512841829,0.009452632628381252,0.0003107048396485679,0.0811108648777008,0.01807526312768437,0.022147318348288425,0.011428490281105042,0.0012332818005234003,0.0014250569511203848,0.4392612457275391,0.0,0.031841278076171764,0.0002771091822068028
CC(C)N(C(C)C)C(=O)SCC(=CCl)Cl,0.04063774394271596,16,Uncertain,0.01806236058473576,0.01567787490785122,0.08673120290040959,0.008426285348832607,0.00572251249104716,0.0010080254869534455,0.09753918647766102,0.017584163695573807,0.02363351173698902,0.013827436603605636,0.0022735244128851972,0.0029946339782326303,0.3531905174255371,0.0009083481854758046,0.0026017106138167545,2.260823384858668e-05
Cc1ccccc1,0.09462710091504216,16,Uncertain,0.15857307612895966,0.047594718635082245,0.10740054398775101,0.03759675845503796,0.037663273513317,0.003966569900512584,0.14607110619544983,0.04549605771899223,0.05258019268512726,0.16771097481250763,0.01774347387254216,0.02841223031282425,0.6393304109573364,7.165424449340208e-07,0.019983500242233165,0.003910010680556186
Clc1cccc(n1)C(Cl)(Cl)Cl,0.10793547133316092,15,Uncertain,0.11193618923425663,0.01685701124370076,0.17378972470760345,0.023395488038658985,0.009557981044054031,0.006223455071449169,0.1487855166196822,0.030630163848400005,0.04215192049741745,0.09637732803821564,0.01654720865190018,0.025433355942368396,0.12474832534790037,5.948558978730034e-08,0.9005271196365356,6.693922841805033e-06
C1CCC=CCC1,0.10390049939223733,16,Uncertain,0.032494474202394374,0.0827215164899826,0.08781389892101277,0.029152730479836353,0.058432839810848236,0.0023861301597205564,0.14977473020553578,0.07275060564279534,0.046522077172994614,0.04775448143482197,0.008411698043346405,0.008208386600017437,0.4777737140655518,2.0099393793771014e-07,0.5580974221229552,0.00011308393004583195
CN(C)C(=S)SSC(=S)N(C)C ,0.052141559338321715,16,Uncertain,0.019441742449998856,0.010165806859731563,0.09002862870693196,0.006428447552025207,0.0032578546088187776,0.0008296396117656313,0.09010357409715641,0.012363362126052158,0.020766178146004566,0.012321057729423046,0.0018002379219977938,0.002733039902523049,0.5635115623474121,4.104938611249054e-12,0.00048574269749224186,2.807465170917567e-05
COC1=CC(=O)CC(C)C13Oc2c(Cl)c(OC)cc(OC)c2C3=O,0.05958425295048066,16,Uncertain,0.07739382982254017,0.04933386296033837,0.11066100746393204,0.02978687360882737,0.033824119716882595,0.0032088474836200476,0.146016165614128,0.048293251544237026,0.04805888235569,0.08071984350681305,0.011823498643934616,0.015862099826335796,0.19996633529663088,0.0982484072446822,8.8965825852938e-05,6.205629324540496e-05
CCCCCCCCCCO,0.028396435040485724,16,Uncertain,0.009957979433238395,0.022562816739082225,0.044580090790987015,0.00712059112265695,0.0089589999988674,0.0002901258994824074,0.07969367504119862,0.017481304705142753,0.021828535944223404,0.01096211466938235,0.0011662178440018378,0.0013356372946872197,0.12984361648559573,0.0,0.09691357612609863,0.0016476785531266414
CCC(C)(C)CC,0.05097570995103515,16,Uncertain,0.013369696214795002,0.03139173611998536,0.05243050307035435,0.010202854871749767,0.014739086851477623,0.0004902862710878253,0.09260111302137364,0.024851514026522636,0.025885572656988987,0.016098849475383648,0.0019376061391084276,0.002150836633518227,0.16290121078491193,0.0,0.3665564656257627,4.0274535422213376e-06
CNC(=O)C(C)SCCSP(=O)(OC)(OC),0.060509994758411775,15,Uncertain,0.012097515165805817,0.0076251509599386535,0.06336139142513264,0.0037849273066965505,0.0022272898349909864,0.0003156189050057545,0.07021709531545617,0.007975858636200428,0.014006310142576583,0.007258025463670381,0.0007909445557742201,0.00132883572950937,0.7730326414108276,3.666190240281253e-09,0.003960006404667982,0.0001783012121450156
Oc1cc(Cl)c(Cl)c(Cl)c1Cl,0.1002945336842517,16,Uncertain,0.2870166599750519,0.017389701679348835,0.23875266313552834,0.04454658180475224,0.012409140355885029,0.014287938363850006,0.19041301310062397,0.04423575475811936,0.07391263544559457,0.2789549231529236,0.05302255228161801,0.08263830840587594,0.2671324729919433,5.6845639306857265e-11,1.9343966073392949e-07,4.057865155004947e-13
CCCC=O,0.07521636288857547,15,Uncertain,0.01203269138932217,0.02114330232143402,0.04793844744563103,0.007116640917956829,0.008093394339084625,0.00031335517996922135,0.08015578240156163,0.015807246789336205,0.022265475243330002,0.011336036957800166,0.0011810819851234555,0.0014946266310288392,0.8559260487556457,6.956977216532323e-10,0.11865485459566094,2.82056862488389e-06
CC4CC3C2CCC1=CC(=O)C=CC1(C)C2(F)C(O)CC3(C)C4(O)C(=O)COC(C)=O ,0.07890169640432979,16,Uncertain,0.059502746909856574,0.1169448047876358,0.13497984409332253,0.04682049900293339,0.09757938981056202,0.006453656125813612,0.192745879292488,0.10563051700592041,0.05915505439043045,0.08297061175107945,0.01845324970781803,0.019759627059101947,0.3167729377746582,0.0031889218371360384,0.0014660527231169507,3.3501974030514248e-06
CCCC,0.04052894171163197,16,Uncertain,0.007923712953925022,0.017440540716052055,0.036073237657547,0.005383827723562606,0.006188467610627413,0.0001730712247081101,0.06885684281587601,0.013175354339182155,0.01908889040350903,0.00843625422567118,0.0007759768632239483,0.0008837399655019507,0.46338472366333006,0.0,0.0006784176221116267,9.601283323945609e-09
COc1ccccc1O,0.10214813962302277,15,Uncertain,0.149616539478302,0.03348052129149415,0.11044000834226597,0.030435454100370407,0.024064714089035766,0.003130942815914639,0.14049242436885823,0.03550733998417843,0.04975273087620724,0.14437022805213917,0.014982703141868003,0.025152448564767838,0.8529356837272644,0.01851539872586716,0.00139821460470535,9.488180512562394e-05
CC1CC2C3CCC(O)(C(=O)C)C3(C)CC(O)C2(F)C4(C)C=CC(=O)C=C14,0.09063899690118968,16,Uncertain,0.06649604439735401,0.1412726491689682,0.14305421710014343,0.05669969320297241,0.12824770808219899,0.008288739249110222,0.20816849172115326,0.1302327662706374,0.065415859222412,0.10035167634487141,0.024040769785642624,0.024405308067798615,0.2889221668243408,1.0926073628070299e-05,0.06461504101753224,1.8938902712761774e-06
ClC(Cl)C(Cl)(Cl)Cl,0.052013248863671833,16,Uncertain,0.011965480633080006,0.004268033429980167,0.12728501856327035,0.0038552579935640097,0.0010716448305173598,0.0013878330355510116,0.0840241014957428,0.00855113286525,0.01310039311647404,0.006299283821135648,0.0014770478010176502,0.00210328190587461,0.48113021850585935,1.0408120942884125e-05,0.08568170666694641,1.1390335430405685e-06
CCOC(=O)c1ccccc1C(=O)OCC,0.07815906839873954,16,Uncertain,0.060188788920640834,0.03076626919209935,0.0901283025741576,0.01864193193614483,0.017469294369220623,0.001608995720744022,0.12022399157285679,0.02799645625054825,0.03734370693564404,0.05501518025994301,0.006201811134815216,0.009510274045169242,0.3458312034606934,0.4291160702705382,0.0005022279801778495,5.897564392398635e-07
CC(C)CO,0.0756840207174718,15,Uncertain,0.0108406450599432,0.024105820804834144,0.04861725866794575,0.007681412622332351,0.009900870732962974,0.00034689705353219136,0.08339763432741165,0.018795512616634147,0.022528843954205402,0.011754635721444973,0.0013107865815982223,0.0015426711179316044,0.9674391865730286,1.1102230246251565e-16,0.002605794696137198,7.636094960616902e-05
CC(C)Cc1ccccc1,0.09350507857268386,15,Uncertain,0.07305774837732304,0.04338119551539421,0.08895646035671223,0.02583029307425022,0.02931694872677315,0.0021999620366840444,0.1306871324777602,0.03965358808636665,0.04313731566071499,0.0820448026061058,0.009415694512426853,0.01313854567706585,0.18015165328979488,6.396650764628475e-09,0.7220060229301452,0.013103887438773998
ICI,0.0666660749533472,16,Uncertain,0.001471334253437817,4.685240583057748e-06,0.3335355520248412,0.00020769496040884405,7.228615572785202e-08,0.07269146293401696,0.05828997492790222,0.0009816852398215614,0.006235628388821968,0.00024924302124396114,0.0037101213820277534,0.000598475628066808,0.5886812686920166,5.551115123125783e-16,2.7421009907158123e-10,0.0
CCCC(O)CCC,0.0611649515836688,15,Uncertain,0.010337119922041782,0.023186810314655193,0.04552502557635296,0.007330091204494238,0.0093772541731596,0.0003063871117774397,0.08073818683624256,0.01793937012553204,0.022038830444216617,0.011358880437910446,0.0012179898330939576,0.0014090804615988217,0.7429355144500732,0.0,0.004747923929244169,0.0001907605183077976
CCCCCOC(=O)C,0.05872686476280314,16,Uncertain,0.013615165837108978,0.02320366911590077,0.05321587249636639,0.007996503263711818,0.00933847203850735,0.0003969421377404414,0.08526208996772766,0.017641860991716163,0.023413995280861855,0.012900263071059959,0.0014174983371048056,0.0018251370638607822,0.6890391826629638,3.300804074513053e-11,0.0003547669621184468,8.416945092903916e-06
Oc1c(Cl)c(Cl)cc(Cl)c1Cl,0.09445180479341017,16,Uncertain,0.2979193329811096,0.017904020845890045,0.2401341199874878,0.04614008963108063,0.012971092946827412,0.014539968222379573,0.19294261932373047,0.045382991433143616,0.07616195082664479,0.29178908467292786,0.05550815537571896,0.08650717884302117,0.13329505920410156,3.1624250595996273e-07,3.289596861577593e-05,1.8937762469306563e-10
CCCc1ccccc1,0.060244868658672325,16,Uncertain,0.07976564019918442,0.03936246037483204,0.08592749387025822,0.02487105503678322,0.026250150054693222,0.0020255609415470444,0.12624813616275776,0.035996969789266364,0.042426448315382004,0.08598103374242783,0.009126040153205173,0.013207622803747654,0.2570416450500488,2.451738811970472e-10,0.08512330055236794,0.050564341247081646
FC(F)(Cl)C(F)(F)Cl,0.04739435217133977,16,Uncertain,0.019740222021937148,0.01210083533078421,0.12078924477100361,0.007682795636355766,0.004541832022368797,0.0015512069221583769,0.10838165134191502,0.016274867579340824,0.019800417125224956,0.01459417399019003,0.002614030148833768,0.0039391713216899715,0.3535346031188965,6.772360450213455e-15,0.07276438176631916,2.0164441139058908e-07
CC=CC=O,0.07598021334660152,15,Uncertain,0.021706487983464973,0.025881126523017772,0.0658651739358902,0.010284089483320602,0.01084859576076258,0.0006330542382784188,0.09665332734584797,0.01948934607207764,0.028086094185709842,0.017817461863160022,0.0020664434414355837,0.0029397436883300543,0.9037272214889527,3.1530333899354446e-14,0.009678764268755802,6.4832665884750895e-06
CN(C)C(=O)N(C)C ,0.06801444587301804,15,Uncertain,0.01692025177180756,0.022826893255114444,0.0586428865790366,0.008509339764714241,0.009156104177236446,0.0004666110617107533,0.08814162015914895,0.01717444509267796,0.024400044232606777,0.014300789684057236,0.001567105296999216,0.0021789586171505615,0.8184787154197692,0.0,0.005467133596539386,2.3525971926119382e-07
Cc1cc(C)c(C)cc1C,0.05864859902942492,16,Uncertain,0.08820952475070942,0.050982873886823654,0.08568223565816857,0.028958072885870823,0.036246392875909805,0.002436098875477799,0.12611374258995034,0.04136022925376881,0.043045494705438614,0.09388937801122665,0.009919476695358642,0.014344389550387748,0.3149290084838867,3.1308682082453743e-06,0.0018659874331206083,0.00039154794649221003
CC(=O)OC3(CCC4C2CCC1=CC(=O)CCC1C2CCC34C)C#C,0.05856936073234913,16,Uncertain,0.0578278712928294,0.11959009617567062,0.1285715103149414,0.04705413058400143,0.10067901760339715,0.006090829614549764,0.19047582149505604,0.10750693827867497,0.05921034514904022,0.08266148716211297,0.018192075192928203,0.018946953117847443,0.0,0.00014785595703870058,0.0001389573881169781,1.5882391380728222e-05
CCOP(=S)(OCC)N2C(=O)c1ccccc1C2=O,0.037634192551395676,16,Uncertain,0.07238735258579243,0.02157655172049977,0.11041974276304245,0.016999186947941558,0.011922950856387615,0.0020069798920302473,0.1262473464012146,0.025174496695399173,0.03410752862691857,0.05997125431895245,0.007159374188631551,0.011887653730809578,0.04457178115844729,1.913467162495408e-09,0.05771221965551354,2.6593672828312265e-06
c1ccccc1NC(=O)c2c(O)cccc2,0.1060771874508645,16,Uncertain,0.24970458447933175,0.048881664872169384,0.15632827579975117,0.05125315114855755,0.04230106621980656,0.008027057163417228,0.18374338746070862,0.0564371459186076,0.06670526415109623,0.2609758973121642,0.03433479368686665,0.05769325047731377,0.463054656982422,0.0010086195543408394,0.01653529517352581,0.00025088881375257
CCN(CC)C(=S)SCC(Cl)=C,0.0463351095957477,16,Uncertain,0.016530737280845642,0.013418678194284439,0.07889952510595322,0.007223379798233398,0.004655409604310767,0.0007729037315583609,0.08989235013723362,0.014922649599611648,0.02189733274281025,0.012171565555035957,0.0018252647714688264,0.002483152551576384,0.47266607284545903,0.0010392519179730497,0.002706151222810038,0.0002573284727985792
ClCC,0.06947231288486355,15,Uncertain,0.006477588787674793,0.006213513668626436,0.04842086508870125,0.0028337023686616503,0.0014908186858517691,0.00019321903528179973,0.05943094938993443,0.006969579961150774,0.013590485788881557,0.004331863950937764,0.000505763222463429,0.0006720274104735635,0.8378313422203064,0.0,0.001411041826940962,0.12118424475193024
CC(=O)Nc1cc(NS(=O)(=O)C(F)(F)F)c(C)cc1C,0.0366562538516802,16,Uncertain,0.05018213018774975,0.017743440344929584,0.09340203553438176,0.012507177889346965,0.008775598369538562,0.0013388177612796426,0.10595840215682983,0.01849386654794205,0.025839000940322765,0.039229847490787395,0.0042908042669296265,0.007352164946496376,0.1974292755126953,0.00013645805302076042,0.0038168623577802263,4.179266852588626e-06
O=C(C=CC=Cc2ccc1OCOc1c2)N3CCCCC3,0.05721045978207248,16,Uncertain,0.07655952125787724,0.06428631395101536,0.11513570696115483,0.034232158213853836,0.04659785330295563,0.003897203132509963,0.15767763555049874,0.05845496803522099,0.05076341331005074,0.08492590487003315,0.013163944706320652,0.017345214262604602,0.18642644882202153,0.001211864990182221,0.0038528807926921926,0.0008363243541680276
CC/C=C\C,0.04974373748166267,16,Uncertain,0.012027377262711414,0.02144288644194603,0.04418332129716862,0.00730392150580883,0.008312183432281017,0.000285096321022027,0.07858125120401382,0.015936791896819957,0.02291240356862545,0.011832878924906254,0.0011789180571212254,0.0014342780923469745,0.5583574771881105,0.0,0.012098741717636363,1.2272796084289439e-05
CNC(=O)ON=C(CSC)C(C)(C)C ,0.04513242840578463,16,Uncertain,0.018715767189860233,0.02109101414680481,0.07161663472652424,0.008991559036075958,0.008642209693789371,0.0007149816956369959,0.09414993971586216,0.018551506102085003,0.02419794350862503,0.015403286553919204,0.0020219371654092155,0.002806900767609366,0.4294522762298584,1.9462058844510466e-05,0.005743209738284238,2.2616336536884774e-07
O=C2NC(=O)C1(CCCCCCC1)C(=O)N2,0.08783580419018436,16,Uncertain,0.06528628617525101,0.10887597501277924,0.13395941257476807,0.04719610512256622,0.0899866372346878,0.006382532883435377,0.19174978137016274,0.10257272422313679,0.060556113719939964,0.08968906104564656,0.01912214048206795,0.02056833915412415,0.4669841766357422,3.7793161027366295e-05,0.0024053172674030066,4.7098021127567335e-07
c1(C(C)(C)C)cc(C(C)(C)C)cc(OC(=O)NC)c1,0.06357306904805242,16,Uncertain,0.051650721579790004,0.04941801354289044,0.09523949772119522,0.024169806391000637,0.03148398548364617,0.0022688403259961687,0.1344144493341446,0.04265143722295761,0.04088275507092465,0.05678806081414223,0.007878514938056358,0.01046418398618676,0.0,2.979854230034107e-08,0.4698345363140106,2.4272245354950428e-05
Oc2cc(O)c1C(=O)CC(Oc1c2)c3ccc(O)c(O)c3,0.13421851659443368,16,Uncertain,0.2584719359874724,0.07097957283258416,0.17815780639648415,0.068035788834095,0.0676639974117278,0.01232554204761982,0.21076948940753915,0.08323334902524937,0.0785382091999054,0.2958739101886748,0.049183689057826774,0.07309252768754937,0.6900933265686036,0.010993183590471634,8.377265476156026e-05,1.6462037422115827e-07
O=C(c1ccccc1)c2ccccc2,0.09653987942879207,16,Uncertain,0.2635032534599304,0.05112221837043762,0.15600736439228036,0.05419228225946415,0.04561008885502804,0.008434083312749752,0.18694919347763062,0.059132296591997036,0.069088876247406,0.2812029719352722,0.03709603473544121,0.06189072877168644,0.17662172317504887,3.482953252387233e-05,0.09155914932489384,0.0021929764188826084
CCCCCCCCCCCCCCCCCCCC,0.02086968797630096,16,Uncertain,0.010294223204254993,0.02420886792242516,0.044908631592988746,0.0076527982018888,0.009894868358969577,0.00031224804115481675,0.08183772116899479,0.018845776095986144,0.022730305790900962,0.01181145105510939,0.0012825987068936229,0.0014270819956435643,0.0,0.0,0.09796977043151844,0.0007386650540863737
N(Nc1ccccc1)c2ccccc2 ,0.1055720192103762,16,Uncertain,0.2642944753170011,0.047706659883260616,0.14916455745697021,0.051589831709861644,0.042147599160671234,0.007630412001162545,0.18091170489788033,0.055523477494716644,0.06678563356399514,0.27985087037086487,0.034813325852155574,0.05883362889289845,0.4291168212890625,0.00075740471947916,0.005860573146492243,0.014165331609547027
CCC(CC)CO,0.061350021052567094,15,Uncertain,0.010338610038161167,0.022716466337442176,0.04563434049487103,0.007213300094008446,0.009141539223492035,0.0003015252877958119,0.08020664751529683,0.017563214525580406,0.021819304674863815,0.011162602342664973,0.001192269497551024,0.0013946114340795956,0.7328754425048828,0.0,0.019974654540419357,6.580832996405661e-05
Oc1ccncc1,0.16585865937324787,15,Uncertain,0.3033928275108335,0.04125769808888424,0.1579565554857254,0.052476584911346436,0.03726882115006436,0.008027869276702404,0.18384087085723855,0.053381863981485145,0.06950937211513497,0.3259058892726898,0.040061883628368156,0.06940344721078862,0.8881749272346496,0.423016995191574,1.7192958694067784e-05,4.575109778670594e-05
Cl\C=C/Cl,0.061506371605139436,15,Uncertain,0.017630299553274997,0.003955420106649177,0.1329355388879776,0.00408244365826238,0.0008346012909895562,0.001431579003110417,0.08595500141382195,0.00758026773110021,0.01678797788917996,0.006812029518187046,0.0016004469944164157,0.0024281423538922153,0.7020656824111938,0.0,2.5148701752186753e-06,0.0
CC1CCCC1,0.05338991148570827,16,Uncertain,0.02608719840645779,0.07354507595300663,0.07929045706987381,0.024659911170601845,0.049750830978155025,0.0018185926601289593,0.13892510533332825,0.06479949504137017,0.04164714366197575,0.03970699757337559,0.006679236423224211,0.006391160190105438,0.2611344337463378,7.038457169983303e-06,0.039795875549316406,3.1556904644958195e-08
CC(C)CC(C)O,0.08140598963526664,15,Uncertain,0.01203384343534697,0.027795422822237015,0.05188481509685494,0.008941330015659221,0.012190732173621655,0.0004316551203371599,0.08902709931135155,0.021918894723057636,0.024286741390824207,0.013725182972848415,0.001620832597836852,0.0018610568949951611,0.8304944396018982,4.440892098500626e-16,0.20628295838832844,8.29619068554166e-07
O2c1ccc(N)cc1N(C)C(=O)c3cc(C)ccc23 ,0.08741752031564823,16,Uncertain,0.20392826199531544,0.054856471717357635,0.1417575478553772,0.04939095675945282,0.04638539999723423,0.006804836448282003,0.17649607360363007,0.058876428753137366,0.06506361812353123,0.21441774070262898,0.028924020007252582,0.04485757276415825,0.20362606048583987,0.09431643038988102,0.00039025238947942853,0.008588653057813644
CC(C)(C)CO,0.09023939518108308,15,Uncertain,0.014730006456375011,0.03346291184425343,0.058908917009830364,0.010984985157847404,0.016190117225050815,0.0006108195520936333,0.09770922362804402,0.026685211807489173,0.02655012346804142,0.01717165298759915,0.0021912504453212023,0.0025445036590098224,0.8097076296806336,1.288062012605451e-08,0.3263569176197052,2.6039475415018387e-05
CC(C)(C)C(=O)C(Oc1ccc(Cl)cc1)n2cncn2,0.11072632461728052,16,Uncertain,0.11909154057502735,0.04290477931499481,0.13396623730659485,0.035025201737880596,0.03132476657629002,0.004912304691970237,0.15977630019187916,0.04871286079287518,0.05300085991620995,0.12795887887477864,0.018289092928171047,0.026965873315930144,0.3087764739990234,0.6511250138282776,0.009134772233664767,0.00065623759292055
Cc1cc(no1)C(=O)NNCc2ccccc2,0.08062464436516156,16,Uncertain,0.11129196733236302,0.0425402745604514,0.10773726552724816,0.029587378725409397,0.029731027781963237,0.0031769282650202513,0.1381172388792038,0.03885475918650616,0.04557008296251275,0.10670582950115204,0.012245272286236175,0.019697191193699837,0.5349882125854493,0.06293959915637959,0.004642650485038646,0.002168631413951405
CC=C,0.07084097539455306,15,Uncertain,0.013290331698953994,0.0200754813849926,0.04461240023374535,0.00712708383798577,0.007482984568923601,0.00027738200151361525,0.07758859544992436,0.01452009007334698,0.023258795961737633,0.011862261220812576,0.0011262943735346198,0.0014603795716537915,0.9100137054920197,0.0,0.0007583685219285652,1.4519217756969738e-06
Oc1ccc(Cl)cc1Cc2cc(Cl)ccc2O,0.12317088965958185,16,Uncertain,0.2707098722457886,0.039338067173957825,0.17785562574863423,0.05346699059009541,0.03331355005502701,0.010371934622525947,0.18875299394130707,0.0579564943909644,0.07187405973672856,0.2880520522594452,0.043554671108722576,0.06914104521274556,0.377778148651123,0.0014787443215026341,0.2870712876319884,1.8696862753131427e-05
CCOC(=O)Nc2cccc(OC(=O)Nc1ccccc1)c2 ,0.06701401690515912,16,Uncertain,0.12290562689304341,0.03783057630062103,0.12196306884288777,0.02985720895230759,0.025970922783017047,0.003625735407694952,0.1484336107969284,0.03825637325644482,0.0485570654273032,0.11433468759059906,0.013891201466321834,0.022940492257475853,0.32554597854614253,0.0017154711531474076,0.014329491183161625,0.0020667596254495546
O=C1c2ccccc2C(=O)c3ccccc13,0.09971724733294585,16,Uncertain,0.3209341168403623,0.06211807578802098,0.18387745320796967,0.07003842294216134,0.05934809148311604,0.012811345048248546,0.21473315358161926,0.07637416571378697,0.08324451744556416,0.34877902269363403,0.05500826239585854,0.08739754557609536,0.0,9.43621714100118e-09,0.020797237753867992,1.4537420611304697e-05
CCCCCCC(C)O,0.04902808620855688,16,Uncertain,0.01073219534009684,0.024600692093372234,0.04738175868988015,0.007815536111593246,0.010171282105147839,0.00034089351538557633,0.083410084247589,0.019194168969988823,0.022810211405158043,0.012012132443487644,0.0013335621915756546,0.0015270509757100426,0.5098701477050781,0.0,0.03324835002422322,1.3135186236468144e-06
CC1=C(C(=O)Nc2ccccc2)S(=O)(=O)CCO1,0.08963897743924457,16,Uncertain,0.08837971836328495,0.031463675200938956,0.12633562088012673,0.024588031694293022,0.019769508391618618,0.0034743810538202524,0.14470405876636505,0.03679835796356201,0.04079167917370785,0.08156311511993397,0.011375615373253822,0.017663493752479442,0.6910515069961548,5.342732765711844e-05,0.11617984622716904,3.160274354740977e-05
CCCCc1ccccc1,0.07447954439034923,16,Uncertain,0.06639127433299996,0.038427259773015754,0.0819602608680724,0.02268259786069382,0.02463490515947342,0.001759297912940161,0.12254949659109104,0.034671388566493766,0.040382709354162216,0.07246220111846924,0.00778342457488157,0.010957717895507812,0.1693943023681641,5.5993432113154995e-11,0.4385860860347748,0.05902978777885415
O=C1NC(=O)C(=O)N1 ,0.12307204481751632,15,Uncertain,0.12437880039215077,0.09150825440883614,0.18377548456191994,0.05491117388010025,0.073435477912426,0.010750269517302402,0.21367263793945301,0.09117283672094345,0.06950006633996964,0.12872548401355743,0.027854364365339168,0.03735145553946484,0.8619403719902039,3.890955113661221e-09,0.00017600948922336102,2.6118415874520906e-08
COP(=S)(OC)Oc1ccc(Sc2ccc(OP(=S)(OC)OC)cc2)cc1,0.0830310468809545,15,Uncertain,0.07092125713825226,0.009393458254635223,0.10635573416948296,0.010094950906932243,0.00425271363928903,0.0012304839910938226,0.1047714129090308,0.013244662433862575,0.025663597509264835,0.0471263788640498,0.004608095157891401,0.00907047651708115,0.0,3.4583447217073626e-13,0.915854275226593,0.005909253377467172
NS(=O)(=O)c1cc(ccc1Cl)C2(O)NC(=O)c3ccccc23,0.0825119591638212,16,Uncertain,0.1663897782564162,0.029508545994758606,0.15547622740268696,0.032750505954026954,0.02110137604176976,0.0059089637361465774,0.16166286170482613,0.03991202265024185,0.048845939338207245,0.15238644182682015,0.021292945370077976,0.03566233441233624,0.2546903610229492,0.1910559982061386,0.002758388640359044,0.0007886560633777462
CC(C)COC(=O)C,0.06663407813531291,15,Uncertain,0.015989158302545436,0.026953890919685253,0.06032274290919304,0.009505341760813968,0.011578806675970443,0.0005438885418698192,0.09310568124055862,0.020740922540426254,0.025576209649443626,0.015348037704825401,0.0018273094901813947,0.002372301183640846,0.7822389602661133,1.500043964597353e-07,3.4391374356346205e-05,7.457600986526813e-06
CC(C)C(C)(C)C,0.05105791289621771,16,Uncertain,0.01696958765387524,0.04356946423649777,0.06578645110130299,0.014399840496480354,0.02321941964328278,0.0008962120627984405,0.1106916144490242,0.035686880350112804,0.030900996178388374,0.022176546975970157,0.0031850256491452456,0.003432918805629015,0.1459342002868652,0.0,0.3000740110874176,3.437362693148316e-06
Clc1ccc(c(Cl)c1Cl)c2c(Cl)cc(Cl)c(Cl)c2Cl ,0.09096468903737412,16,Uncertain,0.31197619438171387,0.018265197053551563,0.24714533984661102,0.04861192405223835,0.013374953530728817,0.015808913856744544,0.19904813170433044,0.04748787358403206,0.08013903349637985,0.3075315058231354,0.06066199019551255,0.09279821813106515,0.0,2.7533531010703882e-14,0.0125857489183544,2.3560264850175372e-11
N#Cc1ccccc1C#N,0.11722108944343923,16,Uncertain,0.2642030119895934,0.04557038098573685,0.16762131452560425,0.050127409398555645,0.0370187908411026,0.008378850296139606,0.187828630208969,0.05178864672780015,0.06895438581705082,0.24673688411712646,0.033833585679530986,0.05889153853058804,0.13758497238159184,9.03795012163755e-08,0.5005645751953124,0.016434364020824432
Cc1cccc(c1)N(=O)=O,0.07754842993256253,16,Uncertain,0.1497693806886672,0.034041982144117244,0.11644145101308823,0.029599973931908607,0.024357568472623825,0.003446039743721374,0.14042888581752755,0.03419288992881764,0.04525598511099804,0.13903175294399261,0.0143326660618186,0.025178397074341552,0.4734673500061035,9.174293154501356e-06,0.011060453951358573,0.00016092773876152933
FC(F)(F)C(Cl)Br ,0.08969821391301233,16,Uncertain,0.019648093730211147,0.00482679996639479,0.1874084770679474,0.006747957319021225,0.0012819766998289905,0.0035844058729708195,0.11668749153614044,0.014718979597091564,0.024099541828036197,0.012698427774011978,0.004865823779255041,0.005066235549747833,0.559386157989502,1.0368672587190986e-10,0.47415098547935486,6.831499632653504e-08
CNC(=O)ON=C(SC)C(=O)N(C)C,0.05652785307268463,16,Uncertain,0.020210638642310985,0.015455280430614837,0.0716981068253516,0.007402057293802389,0.005647652782499568,0.0005985161405988038,0.08712545037269581,0.013587345369159953,0.022211061790585407,0.013541444204747566,0.0016285229939966284,0.00253740046173323,0.6422899246215821,1.7026035026290742e-09,0.0005093913059680544,2.854224703696673e-06
CCSCCSP(=S)(OC)OC,0.027628393917439,16,Uncertain,0.008613944053649791,0.003525312989949958,0.05569402500987042,0.001954777166247146,0.000798279361333587,0.00015607808018103242,0.055627543479203956,0.004209783393889555,0.009453723207116016,0.004214596003293769,0.0003899842267856002,0.0007258492987601839,0.24215078353881836,0.0,0.05442240089178085,0.00011722197814378887
CCC(C)C,0.03669694907323566,16,Uncertain,0.010293226689100154,0.02397678606212117,0.04448625445365906,0.007600527722388395,0.009813781827688217,0.0003060626913792275,0.08126526325941086,0.018642274662852176,0.022631477564573177,0.011781432665884384,0.0012682091910392046,0.0014156873803583547,0.3427724838256836,0.0,0.010897701606154442,1.5569478151178373e-08
COP(=O)(OC)OC(=CCl)c1cc(Cl)c(Cl)cc1Cl,0.03538983115159904,16,Uncertain,0.07527733594179142,0.010436304844915756,0.1360044628381728,0.013047761283814796,0.0046899402514100075,0.0023710960522294044,0.11898934841156006,0.01734336093068123,0.03159945085644722,0.051120996475219616,0.0070312474854290485,0.01224858034402121,0.00523796081542971,1.5265384263329906e-06,0.08083707094192505,8.544141110178316e-07
